"hs_symbol","gene_id","SYMBOL","CpG","rank"
"ELP4","AMEX60DD004908","Elp4","cg01140958",2
"ELP4","AMEX60DD037838","Elp4.1","cg01140958",2
"ADAM22","AMEX60DD022134","Adam22","cg09985959",4
"AUTS2","AMEX60DD027966","Auts2","cg14250129",5
"AUTS2","AMEX60DD054212","Auts2.1","cg14250129",5
"AUTS2","AMEX60DD054215","Auts2.3","cg14250129",5
"AUTS2","AMEX60DD054214","Auts2.2","cg14250129",5
"NFIA","AMEX60DD033675","Nfia.1","cg26051591",7
"NFIA","AMEX60DD019413","Nfia","cg26051591",7
"AUTS2","AMEX60DD027966","Auts2","cg14728312",8
"AUTS2","AMEX60DD054212","Auts2.1","cg14728312",8
"AUTS2","AMEX60DD054215","Auts2.3","cg14728312",8
"AUTS2","AMEX60DD054214","Auts2.2","cg14728312",8
"ROBO2","AMEX60DD047487","Robo2.2","cg14460924",9
"ROBO2","AMEX60DD022933","Robo2","cg14460924",9
"ROBO2","AMEX60DD047486","Robo2.1","cg14460924",9
"ROBO2","AMEX60DD054014","Robo2.3","cg14460924",9
"VSTM2A","AMEX60DD038591","Vstm2a","cg08768944",10
"MEIS1","AMEX60DD035598","Meis1.1","cg00096766",11
"MEIS1","AMEX60DD024424","Meis1","cg00096766",11
"HOXD3","AMEX60DD029486","Hoxd3","cg25258174",12
"SATB1","AMEX60DD022782","Satb1","cg26529854",14
"NKX6-1","AMEX60DD043873","Nkx6-1","cg23783364",17
"ZEB2","AMEX60DD029760","Zeb2","cg07182240",19
"ZEB2","AMEX60DD055909","Zeb2.1","cg07182240",19
"LMO4","AMEX60DD019060","Lmo4","cg09531328",20
"LMO4","AMEX60DD051000","Lmo4.1","cg09531328",20
"ROBO2","AMEX60DD047487","Robo2.2","cg06797643",22
"ROBO2","AMEX60DD022933","Robo2","cg06797643",22
"ROBO2","AMEX60DD047486","Robo2.1","cg06797643",22
"ROBO2","AMEX60DD054014","Robo2.3","cg06797643",22
"ZNF423","AMEX60DD016569","Znf423","cg08774648",24
"BOC","AMEX60DD046905","Boc","cg22413784",25
"POU3F2","AMEX60DD033861","Pou3f2","cg19894585",27
"AUTS2","AMEX60DD027966","Auts2","cg02762470",29
"AUTS2","AMEX60DD054212","Auts2.1","cg02762470",29
"AUTS2","AMEX60DD054215","Auts2.3","cg02762470",29
"AUTS2","AMEX60DD054214","Auts2.2","cg02762470",29
"RPS6KC1","AMEX60DD036076","Rps6kc1","cg07724495",30
"WSB1","AMEX60DD054078","Wsb1","cg15054687",32
"UBE2K","AMEX60DD045656","Ube2k","cg26140919",35
"ESRRG","AMEX60DD025330","Esrrg","cg21231503",36
"ESRRG","AMEX60DD036107","Esrrg.1","cg21231503",36
"ASTN2","AMEX60DD050809","Astn2","cg23497109",37
"CAMTA1","AMEX60DD051563","Camta1.1","cg12480296",38
"CAMTA1","AMEX60DD051565","Camta1.2","cg12480296",38
"CAMTA1","AMEX60DD012626","Camta1","cg12480296",38
"CTNND2","AMEX60DD038790","Ctnnd2","cg11568013",39
"GSX1","AMEX60DD049288","Gsx1","cg20705103",40
"CUX2","AMEX60DD000678","Cux2","cg04434607",41
"KAT6B","AMEX60DD052165","Kat6b.1","cg10982864",42
"KAT6B","AMEX60DD002878","Kat6b","cg10982864",42
"DERL2","AMEX60DD054059","Derl2.1","cg03370924",43
"DERL2","AMEX60DD000338","Derl2","cg03370924",43
"PLAG1","AMEX60DD039739","Plag1","cg08863388",44
"TEF","AMEX60DD029172","Tef","cg27456541",45
"PAX2","AMEX60DD051628","Pax2","cg15928284",46
"SLC35D3","AMEX60DD034845","Slc35d3","cg14907557",47
"SLC35D3","AMEX60DD034846","Slc35d3.1","cg14907557",47
"FGFR1","AMEX60DD002586","Fgfr1","cg15215577",48
"CA8","AMEX60DD039785","Ca8","cg06718658",50
"AUTS2","AMEX60DD027966","Auts2","cg08397726",51
"AUTS2","AMEX60DD054212","Auts2.1","cg08397726",51
"AUTS2","AMEX60DD054215","Auts2.3","cg08397726",51
"AUTS2","AMEX60DD054214","Auts2.2","cg08397726",51
"ILF3","AMEX60DD012671","Ilf3","cg06412451",52
"ILF3","AMEX60DD051502","Ilf3.3","cg06412451",52
"ILF3","AMEX60DD051501","Ilf3.2","cg06412451",52
"ILF3","AMEX60DD032042","Ilf3.1","cg06412451",52
"ILF3","AMEX60DD052329","Ilf3.4","cg06412451",52
"ILF3","AMEX60DD052331","Ilf3.6","cg06412451",52
"ILF3","AMEX60DD052330","Ilf3.5","cg06412451",52
"DGKB","AMEX60DD022429","Dgkb","cg00616272",53
"DGKB","AMEX60DD022431","Dgkb.1","cg00616272",53
"DGKB","AMEX60DD022433","Dgkb.2","cg00616272",53
"RANBP17","AMEX60DD030418","Ranbp17.1","cg04677464",54
"RANBP17","AMEX60DD030416","Ranbp17","cg04677464",54
"RANBP17","AMEX60DD030420","Ranbp17.2","cg04677464",54
"MCTP1","AMEX60DD042590","Mctp1.1","cg00510450",55
"MCTP1","AMEX60DD042591","Mctp1.2","cg00510450",55
"MCTP1","AMEX60DD042588","Mctp1","cg00510450",55
"MAPRE3","AMEX60DD032608","Mapre3","cg23410163",57
"AUTS2","AMEX60DD027966","Auts2","cg26163447",59
"AUTS2","AMEX60DD054212","Auts2.1","cg26163447",59
"AUTS2","AMEX60DD054215","Auts2.3","cg26163447",59
"AUTS2","AMEX60DD054214","Auts2.2","cg26163447",59
"ZBTB18","AMEX60DD011065","Zbtb18","cg08496735",61
"ZBTB18","AMEX60DD035280","Zbtb18.1","cg08496735",61
"ERI3","AMEX60DD019855","Eri3","cg17977572",62
"LIN52","AMEX60DD011477","Lin52","cg27311928",63
"BCL11B","AMEX60DD011386","Bcl11b","cg17425313",64
"SDCCAG8","AMEX60DD035270","Sdccag8","cg20218251",66
"SDCCAG8","AMEX60DD035273","Sdccag8.1","cg20218251",66
"VTI1A","AMEX60DD053147","Vti1a.1","cg17357006",67
"VTI1A","AMEX60DD053146","Vti1a","cg17357006",67
"RBBP5","AMEX60DD009058","Rbbp5","cg10217408",68
"CADPS","AMEX60DD023807","Cadps.2","cg12910788",70
"CADPS","AMEX60DD007419","Cadps","cg12910788",70
"CADPS","AMEX60DD023805","Cadps.1","cg12910788",70
"CNTLN","AMEX60DD043394","Cntln","cg26989810",71
"URI1","AMEX60DD016694","Uri1.1","cg11755934",73
"URI1","AMEX60DD016693","Uri1","cg11755934",73
"MRM1","AMEX60DD054128","Mrm1","cg02434126",75
"HMBOX1","AMEX60DD032789","Hmbox1","cg25214099",76
"ARGLU1","AMEX60DD047711","Arglu1","cg25539759",77
"PAX2","AMEX60DD051628","Pax2","cg03601723",78
"AMZ1","AMEX60DD021167","Amz1.1","cg14305407",79
"AMZ1","AMEX60DD021166","Amz1","cg14305407",79
"KHDRBS2","AMEX60DD033518","Khdrbs2","cg10725603",81
"HOXD3","AMEX60DD029486","Hoxd3","cg01171212",83
"RANBP17","AMEX60DD030418","Ranbp17.1","cg17527148",85
"RANBP17","AMEX60DD030416","Ranbp17","cg17527148",85
"RANBP17","AMEX60DD030420","Ranbp17.2","cg17527148",85
"PSAT1","AMEX60DD043300","Psat1","cg19115985",86
"BCL11A","AMEX60DD035398","Bcl11a.1","cg22377555",87
"BCL11A","AMEX60DD024771","Bcl11a","cg22377555",87
"LEF1","AMEX60DD044502","Lef1","cg18913399",88
"CNTLN","AMEX60DD043394","Cntln","cg25229850",89
"ADAM10","AMEX60DD004094","Adam10","cg25893293",91
"ADAM10","AMEX60DD014637","Adam10.1","cg25893293",91
"TCF4","AMEX60DD041795","Tcf4","cg10402101",96
"PPP1R1B","AMEX60DD010300","Ppp1r1b","cg03665107",97
"ESRRG","AMEX60DD025330","Esrrg","cg22763089",99
"ESRRG","AMEX60DD036107","Esrrg.1","cg22763089",99
"GATC","AMEX60DD000505","Gatc","cg02473887",101
"FOXP4","AMEX60DD009181","Foxp4","cg02745872",102
"FAM168A","AMEX60DD049777","Fam168a","cg20211561",103
"LRMDA","AMEX60DD052208","Lrmda.2","cg06645733",107
"LRMDA","AMEX60DD052207","Lrmda.1","cg06645733",107
"LRMDA","AMEX60DD052205","Lrmda","cg06645733",107
"CASZ1","AMEX60DD051153","Casz1","cg20141509",108
"CASZ1","AMEX60DD053420","Casz1.1","cg20141509",108
"NRXN3","AMEX60DD011291","Nrxn3","cg05339574",109
"PMFBP1","AMEX60DD016989","Pmfbp1","cg14649051",110
"NRXN2","AMEX60DD025259","Nrxn2","cg09825499",111
"NRXN2","AMEX60DD025260","Nrxn2.1","cg09825499",111
"MRPS9","AMEX60DD048051","Mrps9","cg08629536",113
"PBX1","AMEX60DD031588","Pbx1.1","cg02136812",115
"PBX1","AMEX60DD018398","Pbx1","cg02136812",115
"PBX1","AMEX60DD050515","Pbx1.3","cg02136812",115
"PBX1","AMEX60DD050512","Pbx1.2","cg02136812",115
"ZIC3","AMEX60DD037412","Zic3","cg22201504",116
"CAMKMT","AMEX60DD035946","Camkmt","cg05132365",117
"KDM3B","AMEX60DD027927","Kdm3b","cg20670041",118
"PDZD4","AMEX60DD025583","Pdzd4.1","cg17715469",119
"PDZD4","AMEX60DD009062","Pdzd4","cg17715469",119
"DRGX","AMEX60DD052422","Drgx","cg13320676",120
"PDGFRA","AMEX60DD045542","Pdgfra","cg09723068",122
"CDK12","AMEX60DD010293","Cdk12","cg23597056",123
"SCN5A","AMEX60DD021356","Scn5a","cg07374022",125
"AP3B1","AMEX60DD042316","Ap3b1","cg06649032",126
"CTNNB1","AMEX60DD022018","Ctnnb1","cg03532626",127
"RUFY3","AMEX60DD043666","Rufy3","cg01980251",128
"RUFY3","AMEX60DD043667","Rufy3.1","cg01980251",128
"OXR1","AMEX60DD040280","Oxr1","cg19549330",129
"OXR1","AMEX60DD040282","Oxr1.1","cg19549330",129
"BCL11A","AMEX60DD035398","Bcl11a.1","cg07270839",130
"BCL11A","AMEX60DD024771","Bcl11a","cg07270839",130
"ASIC2","AMEX60DD009696","Asic2.3","cg09102690",134
"ASIC2","AMEX60DD009688","Asic2.2","cg09102690",134
"ASIC2","AMEX60DD009683","Asic2.1","cg09102690",134
"ASIC2","AMEX60DD009682","Asic2","cg09102690",134
"MAB21L2","AMEX60DD045037","Mab21l2","cg13163842",135
"CELF4","AMEX60DD003871","Celf4","cg15022739",136
"CELF4","AMEX60DD041624","Celf4.1","cg15022739",136
"CELF4","AMEX60DD041626","Celf4.2","cg15022739",136
"AUTS2","AMEX60DD027966","Auts2","cg27020803",137
"AUTS2","AMEX60DD054212","Auts2.1","cg27020803",137
"AUTS2","AMEX60DD054215","Auts2.3","cg27020803",137
"AUTS2","AMEX60DD054214","Auts2.2","cg27020803",137
"LRBA","AMEX60DD045036","Lrba","cg09783341",139
"EXT1","AMEX60DD040379","Ext1.3","cg14984405",140
"EXT1","AMEX60DD032576","Ext1","cg14984405",140
"EXT1","AMEX60DD032577","Ext1.1","cg14984405",140
"EXT1","AMEX60DD032581","Ext1.2","cg14984405",140
"RANBP17","AMEX60DD030418","Ranbp17.1","cg08192897",141
"RANBP17","AMEX60DD030416","Ranbp17","cg08192897",141
"RANBP17","AMEX60DD030420","Ranbp17.2","cg08192897",141
"ZNF521","AMEX60DD039549","Znf521","cg08752411",143
"ZBTB44","AMEX60DD015291","Zbtb44","cg14920842",144
"ZBTB44","AMEX60DD053562","Zbtb44.2","cg14920842",144
"ZBTB44","AMEX60DD053566","Zbtb44.3","cg14920842",144
"ZBTB44","AMEX60DD015299","Zbtb44.1","cg14920842",144
"PROX1","AMEX60DD025278","Prox1","cg09360996",145
"PROX1","AMEX60DD036083","Prox1.1","cg09360996",145
"RNF11","AMEX60DD019649","Rnf11","cg25700772",146
"RNF11","AMEX60DD031916","Rnf11.1","cg25700772",146
"KMT2D","AMEX60DD029974","Kmt2d","cg20925142",147
"KMT2D","AMEX60DD029975","Kmt2d.1","cg20925142",147
"MAPKAP1","AMEX60DD050518","Mapkap1","cg21826256",148
"HOXC4","AMEX60DD029500","Hoxc4.1","cg03705387",149
"HOXC4","AMEX60DD029499","Hoxc4","cg03705387",149
"FAM222A","AMEX60DD000795","Fam222a","cg01292679",150
"ZFHX4","AMEX60DD039942","Zfhx4","cg25969031",151
"RNF220","AMEX60DD032083","Rnf220.1","cg11641322",153
"RNF220","AMEX60DD019858","Rnf220","cg11641322",153
"MAPKAP1","AMEX60DD050518","Mapkap1","cg26263695",154
"UNCX","AMEX60DD021249","Uncx","cg09709213",156
"DIAPH3","AMEX60DD048907","Diaph3","cg11166718",157
"DIAPH3","AMEX60DD048908","Diaph3.1","cg11166718",157
"DIAPH3","AMEX60DD048909","Diaph3.2","cg11166718",157
"TLX3","AMEX60DD030421","Tlx3","cg00072485",158
"GRIA4","AMEX60DD049465","Gria4","cg06096603",159
"GRIA4","AMEX60DD049466","Gria4.1","cg06096603",159
"NLGN2","AMEX60DD012742","Nlgn2","cg12723445",161
"LCOR","AMEX60DD052868","Lcor","cg21583601",163
"FOXP1","AMEX60DD023939","Foxp1","cg06915569",164
"XPO1","AMEX60DD035363","Xpo1","cg20367539",165
"XPO1","AMEX60DD035364","Xpo1.1","cg20367539",165
"ZNF521","AMEX60DD039549","Znf521","cg25383609",166
"PAX6","AMEX60DD004905","Pax6","cg17880536",167
"PAX6","AMEX60DD007993","Pax6.1","cg17880536",167
"NAPB","AMEX60DD035701","Napb","cg26135564",169
"DOT1L","AMEX60DD014463","Dot1l","cg10587356",170
"KLHL24","AMEX60DD002705","Klhl24","cg02628016",171
"TM9SF1","AMEX60DD009542","Tm9sf1","cg17384251",172
"ADGRL3","AMEX60DD043519","Adgrl3","cg07274932",173
"USH2A","AMEX60DD036103","Ush2a","cg18866778",174
"AUTS2","AMEX60DD027966","Auts2","cg22782498",176
"AUTS2","AMEX60DD054212","Auts2.1","cg22782498",176
"AUTS2","AMEX60DD054215","Auts2.3","cg22782498",176
"AUTS2","AMEX60DD054214","Auts2.2","cg22782498",176
"PCBP3","AMEX60DD038909","Pcbp3","cg13325740",177
"DLG2","AMEX60DD049665","Dlg2.2","cg02793322",178
"DLG2","AMEX60DD049664","Dlg2.1","cg02793322",178
"DLG2","AMEX60DD049667","Dlg2.3","cg02793322",178
"DLG2","AMEX60DD049663","Dlg2","cg02793322",178
"ZNF521","AMEX60DD039549","Znf521","cg21797039",179
"ARID2","AMEX60DD008295","Arid2","cg26225511",180
"PCNX3","AMEX60DD025064","Pcnx3","cg23904344",181
"PCNX3","AMEX60DD025065","Pcnx3.1","cg23904344",181
"R3HDM1","AMEX60DD055961","R3hdm1","cg01243312",185
"CSMD3","AMEX60DD040348","Csmd3","cg09129254",186
"PAXBP1","AMEX60DD047311","Paxbp1","cg11417778",187
"TP63","AMEX60DD003187","Tp63","cg25739551",188
"PELO","AMEX60DD028025","Pelo","cg00038872",189
"FIGN","AMEX60DD029644","Fign","cg13376897",190
"FIGN","AMEX60DD055759","Fign.1","cg13376897",190
"KIAA0825","AMEX60DD042587","Kiaa0825","cg25126076",191
"ZBTB7B","AMEX60DD014889","Zbtb7b","cg06438433",192
"CAMTA1","AMEX60DD051563","Camta1.1","cg15496558",193
"CAMTA1","AMEX60DD051565","Camta1.2","cg15496558",193
"CAMTA1","AMEX60DD012626","Camta1","cg15496558",193
"NIPBL","AMEX60DD041916","Nipbl","cg23728569",194
"NIPBL","AMEX60DD041917","Nipbl.1","cg23728569",194
"IQSEC1","AMEX60DD024042","Iqsec1","cg10919728",195
"BNC2","AMEX60DD043399","Bnc2","cg17782734",198
"ARL4C","AMEX60DD055493","Arl4c.1","cg21930209",201
"ARL4C","AMEX60DD055492","Arl4c","cg21930209",201
"ZNF423","AMEX60DD016569","Znf423","cg00067701",202
"ADGRB3","AMEX60DD033553","Adgrb3.1","cg26992565",203
"ADGRB3","AMEX60DD033552","Adgrb3","cg26992565",203
"TCF4","AMEX60DD041795","Tcf4","cg17470778",204
"ZNF407","AMEX60DD039213","Znf407","cg09624428",206
"GATM","AMEX60DD003590","Gatm","cg10760299",207
"FIGN","AMEX60DD029644","Fign","cg19195912",209
"FIGN","AMEX60DD055759","Fign.1","cg19195912",209
"ADGRL2","AMEX60DD018914","Adgrl2","cg18428461",210
"FEZF2","AMEX60DD023808","Fezf2","cg20188742",211
"PAX6","AMEX60DD004905","Pax6","cg20014398",212
"PAX6","AMEX60DD007993","Pax6.1","cg20014398",212
"ZNF326","AMEX60DD019092","Znf326","cg09347295",213
"ZNF326","AMEX60DD019094","Znf326.1","cg09347295",213
"ZNF326","AMEX60DD019096","Znf326.2","cg09347295",213
"ZNF326","AMEX60DD043894","Znf326.3","cg09347295",213
"SAT1","AMEX60DD012758","Sat1","cg26105485",214
"SAT1","AMEX60DD048380","Sat1.1","cg26105485",214
"TMEM260","AMEX60DD011137","Tmem260","cg09200783",217
"CDH8","AMEX60DD015311","Cdh8","cg10528602",218
"CHIC2","AMEX60DD045545","Chic2","cg17299060",219
"GPD2","AMEX60DD055827","Gpd2","cg13181002",220
"BCL11B","AMEX60DD011386","Bcl11b","cg03242214",221
"PPP2R5B","AMEX60DD025265","Ppp2r5b","cg21506362",222
"GALNT16","AMEX60DD012106","Galnt16","cg21317790",223
"CNTLN","AMEX60DD043394","Cntln","cg06619863",224
"EIF5","AMEX60DD011091","Eif5","cg01914744",225
"EIF5","AMEX60DD018799","Eif5.1","cg01914744",225
"RIMS2","AMEX60DD040262","Rims2.2","cg07731972",226
"RIMS2","AMEX60DD040259","Rims2","cg07731972",226
"RIMS2","AMEX60DD040260","Rims2.1","cg07731972",226
"GRIK2","AMEX60DD051344","Grik2.1","cg13609514",227
"GRIK2","AMEX60DD034010","Grik2","cg13609514",227
"SLITRK1","AMEX60DD048732","Slitrk1","cg18059870",229
"CHIC2","AMEX60DD045545","Chic2","cg13746386",230
"NHSL1","AMEX60DD035514","Nhsl1","cg05958024",232
"TBX3","AMEX60DD001056","Tbx3","cg02779499",233
"NRXN1","AMEX60DD035865","Nrxn1","cg26709901",234
"NRXN1","AMEX60DD035873","Nrxn1.2","cg26709901",234
"NRXN1","AMEX60DD035868","Nrxn1.1","cg26709901",234
"INO80D","AMEX60DD055045","Ino80d","cg13416912",236
"CASZ1","AMEX60DD051153","Casz1","cg04952455",238
"CASZ1","AMEX60DD053420","Casz1.1","cg04952455",238
"AMBRA1","AMEX60DD005276","Ambra1","cg25970241",243
"AMBRA1","AMEX60DD005277","Ambra1.1","cg25970241",243
"AMBRA1","AMEX60DD005278","Ambra1.2","cg25970241",243
"ZNF703","AMEX60DD002465","Znf703","cg07037105",244
"ZEB2","AMEX60DD029760","Zeb2","cg15486257",245
"ZEB2","AMEX60DD055909","Zeb2.1","cg15486257",245
"PBX3","AMEX60DD050513","Pbx3.1","cg05992953",246
"PBX3","AMEX60DD050511","Pbx3","cg05992953",246
"ELP4","AMEX60DD004908","Elp4","cg10113893",247
"ELP4","AMEX60DD037838","Elp4.1","cg10113893",247
"QKI","AMEX60DD034890","Qki","cg10410822",248
"CLK4","AMEX60DD029025","Clk4","cg24463619",249
"MCU","AMEX60DD051677","Mcu","cg04987336",250
"INSRR","AMEX60DD015703","Insrr","cg11023965",251
"TTC29","AMEX60DD045006","Ttc29","cg24830181",252
"PAX2","AMEX60DD051628","Pax2","cg00902275",253
"ILF3","AMEX60DD012671","Ilf3","cg14212421",254
"ILF3","AMEX60DD051502","Ilf3.3","cg14212421",254
"ILF3","AMEX60DD051501","Ilf3.2","cg14212421",254
"ILF3","AMEX60DD032042","Ilf3.1","cg14212421",254
"ILF3","AMEX60DD052329","Ilf3.4","cg14212421",254
"ILF3","AMEX60DD052331","Ilf3.6","cg14212421",254
"ILF3","AMEX60DD052330","Ilf3.5","cg14212421",254
"SHISA9","AMEX60DD030480","Shisa9.1","cg01705052",255
"SHISA9","AMEX60DD025802","Shisa9","cg01705052",255
"TRIP12","AMEX60DD002012","Trip12","cg00211337",256
"TRIP12","AMEX60DD002013","Trip12.1","cg00211337",256
"PAX2","AMEX60DD051628","Pax2","cg16391501",257
"CYP7B1","AMEX60DD039816","Cyp7b1","cg03929725",258
"CNOT6L","AMEX60DD043727","Cnot6l","cg12958327",260
"TSHZ3","AMEX60DD016709","Tshz3","cg17742083",261
"VRK2","AMEX60DD035418","Vrk2","cg19561086",264
"CELF2","AMEX60DD008170","Celf2","cg27070923",265
"PTPRS","AMEX60DD014215","Ptprs","cg25058672",266
"BTRC","AMEX60DD052902","Btrc","cg21303286",267
"BTRC","AMEX60DD052906","Btrc.1","cg21303286",267
"MRM1","AMEX60DD054128","Mrm1","cg24089067",268
"CASK","AMEX60DD047623","Cask","cg14767257",269
"ACTN4","AMEX60DD024266","Actn4","cg12676910",271
"ZNF462","AMEX60DD044428","Znf462","cg15224507",273
"KIZ","AMEX60DD049686","Kiz.5","cg23577036",274
"KIZ","AMEX60DD035478","Kiz.2","cg23577036",274
"KIZ","AMEX60DD009146","Kiz","cg23577036",274
"KIZ","AMEX60DD033645","Kiz.1","cg23577036",274
"KIZ","AMEX60DD053786","Kiz.6","cg23577036",274
"KIZ","AMEX60DD037961","Kiz.4","cg23577036",274
"KIZ","AMEX60DD037717","Kiz.3","cg23577036",274
"NRXN3","AMEX60DD011291","Nrxn3","cg04517300",275
"SHOX2","AMEX60DD001828","Shox2","cg25647160",277
"PCDH17","AMEX60DD048933","Pcdh17","cg25644033",278
"CEP170","AMEX60DD035267","Cep170","cg25362948",279
"BCAR3","AMEX60DD032196","Bcar3.2","cg05925239",280
"BCAR3","AMEX60DD019166","Bcar3","cg05925239",280
"BCAR3","AMEX60DD019169","Bcar3.1","cg05925239",280
"NR2C2","AMEX60DD023485","Nr2c2","cg05278305",281
"CELF2","AMEX60DD008170","Celf2","cg18728108",282
"MFN1","AMEX60DD001620","Mfn1","cg11868140",283
"MFN1","AMEX60DD001623","Mfn1.1","cg11868140",283
"PAX7","AMEX60DD052322","Pax7","cg00487538",284
"PEX14","AMEX60DD051154","Pex14","cg22985336",285
"ZFHX3","AMEX60DD016992","Zfhx3","cg18099500",287
"GPD2","AMEX60DD055827","Gpd2","cg15298624",288
"HAT1","AMEX60DD055667","Hat1","cg02103833",289
"PLD5","AMEX60DD035257","Pld5","cg07257404",290
"PROX1","AMEX60DD025278","Prox1","cg19090360",291
"PROX1","AMEX60DD036083","Prox1.1","cg19090360",291
"ESRRG","AMEX60DD025330","Esrrg","cg13984281",293
"ESRRG","AMEX60DD036107","Esrrg.1","cg13984281",293
"TFRC","AMEX60DD003147","Tfrc","cg13802429",294
"LMO3","AMEX60DD006666","Lmo3","cg15722093",295
"SNX17","AMEX60DD032561","Snx17","cg15292174",296
"TRIP12","AMEX60DD002012","Trip12","cg21137565",297
"TRIP12","AMEX60DD002013","Trip12.1","cg21137565",297
"ZNF536","AMEX60DD016701","Znf536.2","cg14918356",298
"ZNF536","AMEX60DD016699","Znf536.1","cg14918356",298
"ZNF536","AMEX60DD008513","Znf536","cg14918356",298
"MAP4K4","AMEX60DD037294","Map4k4","cg16282799",299
"MAP4K4","AMEX60DD047861","Map4k4.2","cg16282799",299
"MAP4K4","AMEX60DD047860","Map4k4.1","cg16282799",299
"MAP4K4","AMEX60DD047862","Map4k4.3","cg16282799",299
"BTRC","AMEX60DD052902","Btrc","cg11692953",300
"BTRC","AMEX60DD052906","Btrc.1","cg11692953",300
"SOCS3","AMEX60DD017278","Socs3","cg12564910",302
"SOCS3","AMEX60DD031441","Socs3.1","cg12564910",302
"KCNH8","AMEX60DD055337","Kcnh8","cg14255803",303
"OLFM1","AMEX60DD050715","Olfm1","cg13484553",305
"HDX","AMEX60DD037627","Hdx","cg05985706",306
"NRXN3","AMEX60DD011291","Nrxn3","cg04899689",309
"FOXP1","AMEX60DD023939","Foxp1","cg14287475",310
"CHD9","AMEX60DD017728","Chd9","cg14155777",311
"CHD9","AMEX60DD017729","Chd9.1","cg14155777",311
"DENND1A","AMEX60DD050557","Dennd1a","cg01750916",312
"HIBADH","AMEX60DD021960","Hibadh","cg01823853",313
"TAOK1","AMEX60DD054817","Taok1","cg18018509",314
"EBF3","AMEX60DD046404","Ebf3","cg14748273",315
"EBF3","AMEX60DD052723","Ebf3.1","cg14748273",315
"UTP11","AMEX60DD005832","Utp11","cg06645865",317
"PAX2","AMEX60DD051628","Pax2","cg05108018",318
"SOX5","AMEX60DD006750","Sox5","cg10378662",319
"ELAVL2","AMEX60DD044481","Elavl2","cg16121787",320
"OLFM1","AMEX60DD050715","Olfm1","cg12505751",323
"MYCN","AMEX60DD033177","Mycn","cg05121253",324
"CAMKMT","AMEX60DD035946","Camkmt","cg25637862",326
"DAZAP1","AMEX60DD013501","Dazap1","cg26495571",327
"NR4A2","AMEX60DD055832","Nr4a2","cg27242082",328
"CSDE1","AMEX60DD008836","Csde1","cg10418984",329
"PROX1","AMEX60DD025278","Prox1","cg22506418",330
"PROX1","AMEX60DD036083","Prox1.1","cg22506418",330
"SETD5","AMEX60DD023214","Setd5","cg26019380",331
"GPAT3","AMEX60DD043859","Gpat3","cg15920677",332
"RBBP6","AMEX60DD020900","Rbbp6","cg16525315",333
"RSBN1","AMEX60DD008865","Rsbn1","cg14419939",336
"CNTLN","AMEX60DD043394","Cntln","cg06454786",337
"HIBADH","AMEX60DD021960","Hibadh","cg19961913",339
"CASZ1","AMEX60DD051153","Casz1","cg24488067",340
"CASZ1","AMEX60DD053420","Casz1.1","cg24488067",340
"DIAPH3","AMEX60DD048907","Diaph3","cg12201163",342
"DIAPH3","AMEX60DD048908","Diaph3.1","cg12201163",342
"DIAPH3","AMEX60DD048909","Diaph3.2","cg12201163",342
"NPAS3","AMEX60DD024711","Npas3.2","cg18410307",344
"NPAS3","AMEX60DD012207","Npas3","cg18410307",344
"NPAS3","AMEX60DD012209","Npas3.1","cg18410307",344
"FGF8","AMEX60DD052891","Fgf8","cg01065776",345
"TCF7L2","AMEX60DD053152","Tcf7l2","cg00678608",346
"BNC2","AMEX60DD043399","Bnc2","cg17320921",347
"VRK2","AMEX60DD035418","Vrk2","cg27263887",348
"ARID1B","AMEX60DD034958","Arid1b","cg26899365",349
"POU2F1","AMEX60DD047046","Pou2f1","cg24734899",351
"ARIH1","AMEX60DD003876","Arih1","cg26714337",352
"ATAD2B","AMEX60DD004950","Atad2b","cg01608205",353
"ATAD2B","AMEX60DD033043","Atad2b.1","cg01608205",353
"TENM3","AMEX60DD045345","Tenm3.1","cg17749256",354
"TENM3","AMEX60DD045344","Tenm3","cg17749256",354
"ATP6V1C1","AMEX60DD040243","Atp6v1c1","cg02503114",355
"PROX1","AMEX60DD025278","Prox1","cg21753180",357
"PROX1","AMEX60DD036083","Prox1.1","cg21753180",357
"TFAP2A","AMEX60DD038319","Tfap2a","cg24206172",358
"HOXC4","AMEX60DD029500","Hoxc4.1","cg17797814",359
"HOXC4","AMEX60DD029499","Hoxc4","cg17797814",359
"TSHZ3","AMEX60DD016709","Tshz3","cg25338102",360
"AGAP1","AMEX60DD055479","Agap1.1","cg11007962",361
"AGAP1","AMEX60DD055475","Agap1","cg11007962",361
"AUTS2","AMEX60DD027966","Auts2","cg15007115",362
"AUTS2","AMEX60DD054212","Auts2.1","cg15007115",362
"AUTS2","AMEX60DD054215","Auts2.3","cg15007115",362
"AUTS2","AMEX60DD054214","Auts2.2","cg15007115",362
"BCL11B","AMEX60DD011386","Bcl11b","cg06630761",363
"TNRC6C","AMEX60DD030755","Tnrc6c","cg14962578",364
"PSMD14","AMEX60DD055782","Psmd14","cg15237969",365
"CSNK1A1","AMEX60DD027743","Csnk1a1","cg21623089",367
"BNC2","AMEX60DD043399","Bnc2","cg17096964",371
"ETV6","AMEX60DD006976","Etv6","cg02071692",372
"NRXN3","AMEX60DD011291","Nrxn3","cg09985350",373
"BTRC","AMEX60DD052902","Btrc","cg16913798",374
"BTRC","AMEX60DD052906","Btrc.1","cg16913798",374
"ZNF521","AMEX60DD039549","Znf521","cg19825690",375
"FAF1","AMEX60DD019654","Faf1","cg26558476",376
"YTHDC1","AMEX60DD043986","Ythdc1","cg13341941",378
"SUPT3H","AMEX60DD032918","Supt3h","cg01946401.2",379
"OGT","AMEX60DD036783","Ogt","cg00486031",380
"TRPM3","AMEX60DD003641","Trpm3","cg00577233",381
"TRPM3","AMEX60DD043161","Trpm3.1","cg00577233",381
"MYT1L","AMEX60DD033354","Myt1l.1","cg06509306",382
"MYT1L","AMEX60DD033350","Myt1l","cg06509306",382
"VPS13B","AMEX60DD040188","Vps13b","cg05737603",383
"PTPRA","AMEX60DD046196","Ptpra","cg08783087",384
"MAPKAP1","AMEX60DD050518","Mapkap1","cg16602826",385
"AMMECR1L","AMEX60DD002733","Ammecr1l","cg18647021",388
"BCL11A","AMEX60DD035398","Bcl11a.1","cg05303585",389
"BCL11A","AMEX60DD024771","Bcl11a","cg05303585",389
"TCF3","AMEX60DD014386","Tcf3","cg22197358",391
"SKAP1","AMEX60DD010192","Skap1","cg01759834",392
"TMEM63B","AMEX60DD036444","Tmem63b","cg07150184",393
"TMEM260","AMEX60DD011137","Tmem260","cg04891054",394
"PITX2","AMEX60DD044294","Pitx2","cg26352755",395
"ZEB2","AMEX60DD029760","Zeb2","cg00029755",397
"ZEB2","AMEX60DD055909","Zeb2.1","cg00029755",397
"LMO1","AMEX60DD004749","Lmo1","cg11922708",400
"POLG","AMEX60DD004160","Polg","cg17659328",401
"POLG","AMEX60DD004162","Polg.1","cg17659328",401
"GTDC1","AMEX60DD031782","Gtdc1","cg14944561",402
"SRSF11","AMEX60DD019282","Srsf11","cg19411464",403
"GSE1","AMEX60DD017244","Gse1","cg24001739",406
"GSE1","AMEX60DD017249","Gse1.1","cg24001739",406
"ZNF423","AMEX60DD016569","Znf423","cg22438797",407
"URI1","AMEX60DD016694","Uri1.1","cg14977462",408
"URI1","AMEX60DD016693","Uri1","cg14977462",408
"GRK2","AMEX60DD007296","Grk2","cg03804622",410
"ELAVL4","AMEX60DD019659","Elavl4","cg06623258",412
"ARF6","AMEX60DD011821","Arf6","cg06665099",413
"ARF6","AMEX60DD024281","Arf6.1","cg06665099",413
"ST8SIA4","AMEX60DD042660","St8sia4","cg12086362",414
"ST8SIA4","AMEX60DD042663","St8sia4.2","cg12086362",414
"ST8SIA4","AMEX60DD042662","St8sia4.1","cg12086362",414
"DLG1","AMEX60DD001698","Dlg1.1","cg02106733",415
"DLG1","AMEX60DD001697","Dlg1","cg02106733",415
"RUNX2","AMEX60DD032921","Runx2","cg04126539",417
"RUNX2","AMEX60DD032922","Runx2.1","cg04126539",417
"LRBA","AMEX60DD045036","Lrba","cg18301725",419
"SMG7","AMEX60DD018594","Smg7","cg08642246",420
"POU4F2","AMEX60DD022852","Pou4f2","cg23306187",421
"POU4F2","AMEX60DD045005","Pou4f2.1","cg23306187",421
"ZNF536","AMEX60DD016701","Znf536.2","cg05600721",422
"ZNF536","AMEX60DD016699","Znf536.1","cg05600721",422
"ZNF536","AMEX60DD008513","Znf536","cg05600721",422
"MGMT","AMEX60DD030507","Mgmt","cg23272565",423
"SULF1","AMEX60DD039871","Sulf1","cg17609877",424
"ZFPM2","AMEX60DD040273","Zfpm2","cg04989360",425
"ZFPM2","AMEX60DD040274","Zfpm2.1","cg04989360",425
"SF1","AMEX60DD025246","Sf1","cg01503390",426
"LRMDA","AMEX60DD052208","Lrmda.2","cg06222302",427
"LRMDA","AMEX60DD052207","Lrmda.1","cg06222302",427
"LRMDA","AMEX60DD052205","Lrmda","cg06222302",427
"RBFOX1","AMEX60DD020250","Rbfox1","cg02057025",428
"ZIC3","AMEX60DD037412","Zic3","cg23650312",429
"PCLO","AMEX60DD006237","Pclo.1","cg03039203",430
"PCLO","AMEX60DD006236","Pclo","cg03039203",430
"EIF4G2","AMEX60DD045603","Eif4g2.1","cg15850080",431
"EIF4G2","AMEX60DD004812","Eif4g2","cg15850080",431
"SOX6","AMEX60DD004724","Sox6","cg17137627",432
"NRXN1","AMEX60DD035865","Nrxn1","cg11781618",434
"NRXN1","AMEX60DD035873","Nrxn1.2","cg11781618",434
"NRXN1","AMEX60DD035868","Nrxn1.1","cg11781618",434
"FBXW7","AMEX60DD050063","Fbxw7.2","cg25049678",435
"FBXW7","AMEX60DD045054","Fbxw7.1","cg25049678",435
"FBXW7","AMEX60DD026839","Fbxw7","cg25049678",435
"CCNL2","AMEX60DD051270","Ccnl2","cg07039889",436
"MYH7","AMEX60DD021093","Myh7","cg03334831",437
"MYH7","AMEX60DD021106","Myh7.3","cg03334831",437
"MYH7","AMEX60DD021099","Myh7.1","cg03334831",437
"MYH7","AMEX60DD021105","Myh7.2","cg03334831",437
"HOXD10","HoxD10","Hoxd10","cg26955784",438
"OGT","AMEX60DD036783","Ogt","cg22209761",441
"MAPKAP1","AMEX60DD050518","Mapkap1","cg23413592",442
"ZBTB44","AMEX60DD015291","Zbtb44","cg14399158",443
"ZBTB44","AMEX60DD053562","Zbtb44.2","cg14399158",443
"ZBTB44","AMEX60DD053566","Zbtb44.3","cg14399158",443
"ZBTB44","AMEX60DD015299","Zbtb44.1","cg14399158",443
"PKN2","AMEX60DD050297","Pkn2.2","cg19697564",444
"PKN2","AMEX60DD019076","Pkn2","cg19697564",444
"PKN2","AMEX60DD031720","Pkn2.1","cg19697564",444
"SATB2","AMEX60DD055319","Satb2","cg06177598",445
"LMO4","AMEX60DD019060","Lmo4","cg12810600",448
"LMO4","AMEX60DD051000","Lmo4.1","cg12810600",448
"PHOX2B","AMEX60DD045633","Phox2b","cg11481170",449
"PHOX2B","AMEX60DD045634","Phox2b.1","cg11481170",449
"MAPK14","AMEX60DD008807","Mapk14","cg26420826",450
"CNOT3","AMEX60DD017426","Cnot3","cg03225524",451
"IKZF1","AMEX60DD038240","Ikzf1","cg22661206",452
"DST","AMEX60DD033491","Dst","cg09430010",453
"DST","AMEX60DD033494","Dst.3","cg09430010",453
"DST","AMEX60DD040765","Dst.4","cg09430010",453
"DST","AMEX60DD033492","Dst.1","cg09430010",453
"DST","AMEX60DD033493","Dst.2","cg09430010",453
"ZFHX3","AMEX60DD016992","Zfhx3","cg15513100",454
"GRM3","AMEX60DD006244","Grm3","cg07733185",455
"STX6","AMEX60DD018656","Stx6","cg14627595",456
"STX6","AMEX60DD018657","Stx6.1","cg14627595",456
"FOXC1","AMEX60DD038386","Foxc1","cg14550429",457
"CAPZA2","AMEX60DD006321","Capza2","cg07405789",459
"WDR33","AMEX60DD002714","Wdr33","cg25424883",460
"RARG","AMEX60DD029578","Rarg","cg25820456",461
"SLC4A4","AMEX60DD043658","Slc4a4.1","cg00240849",464
"SLC4A4","AMEX60DD029045","Slc4a4","cg00240849",464
"DENND1A","AMEX60DD050557","Dennd1a","cg21909259",466
"FNDC1","AMEX60DD034289","Fndc1","cg11244870",467
"SIX3","AMEX60DD035943","Six3","cg18120675",470
"DENND1A","AMEX60DD050557","Dennd1a","cg26385432",471
"C2CD5","AMEX60DD006741","C2cd5","cg12675036",473
"C2CD5","AMEX60DD006743","C2cd5.1","cg12675036",473
"C2CD5","AMEX60DD006744","C2cd5.2","cg12675036",473
"SOX5","AMEX60DD006750","Sox5","cg20807423",474
"MVB12B","AMEX60DD050502","Mvb12b","cg13912499",476
"DDB1","AMEX60DD004626","Ddb1.2","cg20008438",478
"DDB1","AMEX60DD004624","Ddb1","cg20008438",478
"DDB1","AMEX60DD004625","Ddb1.1","cg20008438",478
"TCF4","AMEX60DD041795","Tcf4","cg08831341",479
"SMAD5","AMEX60DD028983","Smad5","cg07504030",480
"ESRRG","AMEX60DD025330","Esrrg","cg12421693",481
"ESRRG","AMEX60DD036107","Esrrg.1","cg12421693",481
"KCNH8","AMEX60DD055337","Kcnh8","cg27188233",482
"RNF220","AMEX60DD032083","Rnf220.1","cg06182411",483
"RNF220","AMEX60DD019858","Rnf220","cg06182411",483
"DACH1","AMEX60DD048850","Dach1","cg10991266",484
"WDPCP","AMEX60DD035641","Wdpcp","cg20059238",485
"PTBP3","AMEX60DD044153","Ptbp3","cg03843987",486
"HOXA2","HoxA2","Hoxa2","cg04481096",487
"SSTR2","AMEX60DD020738","Sstr2.1","cg23664745",488
"SSTR2","AMEX60DD020737","Sstr2","cg23664745",488
"SSTR2","AMEX60DD031255","Sstr2.2","cg23664745",488
"CAMKMT","AMEX60DD035946","Camkmt","cg12574219",489
"DACH1","AMEX60DD048850","Dach1","cg24570290",490
"TSHZ3","AMEX60DD016709","Tshz3","cg01631669",491
"LMO4","AMEX60DD019060","Lmo4","cg04110052",492
"LMO4","AMEX60DD051000","Lmo4.1","cg04110052",492
"ARHGEF10L","AMEX60DD051467","Arhgef10l","cg24546928",493
"HIF1AN","AMEX60DD051631","Hif1an","cg20733004",494
"HOXC4","AMEX60DD029500","Hoxc4.1","cg25860089",495
"HOXC4","AMEX60DD029499","Hoxc4","cg25860089",495
"CLASP1","AMEX60DD056118","Clasp1","cg00887670",496
"GRIA2","AMEX60DD045153","Gria2.1","cg03214411",499
"GRIA2","AMEX60DD045146","Gria2","cg03214411",499
"NAA30","AMEX60DD011126","Naa30","cg00811020",501
"TMEM63B","AMEX60DD036444","Tmem63b","cg14155184",502
"LHX9","AMEX60DD018728","Lhx9","cg08193095",503
"ATP5MC3","AMEX60DD002552","Atp5mc3","cg10736991",504
"ATP5MC3","AMEX60DD055619","Atp5mc3.1","cg10736991",504
"ZBTB20","AMEX60DD046990","Zbtb20","cg14412072",505
"CAMKMT","AMEX60DD035946","Camkmt","cg01918593",506
"CAVIN1","AMEX60DD010031","Cavin1","cg08691554",507
"CACNA1C","AMEX60DD006922","Cacna1c","cg16986738",508
"CACNA1C","AMEX60DD006923","Cacna1c.1","cg16986738",508
"CACNA1C","AMEX60DD006925","Cacna1c.2","cg16986738",508
"STAG1","AMEX60DD002399","Stag1","cg27388341",509
"STAG1","AMEX60DD002400","Stag1.1","cg27388341",509
"STAG1","AMEX60DD002401","Stag1.2","cg27388341",509
"INO80D","AMEX60DD055045","Ino80d","cg16981766",510
"PTF1A","AMEX60DD021900","Ptf1a","cg13996934",511
"BRINP1","AMEX60DD050793","Brinp1","cg15169047",512
"ANTXR2","AMEX60DD033198","Antxr2.1","cg14497036",513
"ANTXR2","AMEX60DD024951","Antxr2","cg14497036",513
"ZNF521","AMEX60DD039549","Znf521","cg15047244",514
"NFIB","AMEX60DD019415","Nfib","cg20408384",516
"NFIB","AMEX60DD043470","Nfib.1","cg20408384",516
"ST18","AMEX60DD039692","St18","cg15412281",519
"SOX5","AMEX60DD006750","Sox5","cg07919628",522
"SLC25A36","AMEX60DD002744","Slc25a36","cg03215611",523
"SLC25A36","AMEX60DD026781","Slc25a36.1","cg03215611",523
"CSNK1A1","AMEX60DD027743","Csnk1a1","cg12433048",525
"TEAD1","AMEX60DD017302","Tead1.1","cg04098553",526
"TEAD1","AMEX60DD004832","Tead1","cg04098553",526
"PHOX2B","AMEX60DD045633","Phox2b","cg04243635",529
"PHOX2B","AMEX60DD045634","Phox2b.1","cg04243635",529
"DAZAP1","AMEX60DD013501","Dazap1","cg02376954",530
"GRAMD1B","AMEX60DD053491","Gramd1b.1","cg24025580",531
"GRAMD1B","AMEX60DD053495","Gramd1b.2","cg24025580",531
"GRAMD1B","AMEX60DD053490","Gramd1b","cg24025580",531
"DSCAM","AMEX60DD047156","Dscam","cg22225812",532
"DSCAM","AMEX60DD047157","Dscam.1","cg22225812",532
"FLOT2","AMEX60DD054834","Flot2","cg19632501",535
"FLOT2","AMEX60DD054835","Flot2.1","cg19632501",535
"BCL11A","AMEX60DD035398","Bcl11a.1","cg26132310",536
"BCL11A","AMEX60DD024771","Bcl11a","cg26132310",536
"ZFHX3","AMEX60DD016992","Zfhx3","cg21801213",538
"NR2F2","AMEX60DD003483","Nr2f2","cg18628648",539
"MGST1","AMEX60DD006663","Mgst1","cg01711379",540
"UNCX","AMEX60DD021249","Uncx","cg21197193",541
"OSBPL9","AMEX60DD019640","Osbpl9","cg16299341",542
"NEK7","AMEX60DD018724","Nek7","cg13449577",543
"CDK8","AMEX60DD049307","Cdk8","cg10586028",544
"CFAP61","AMEX60DD035490","Cfap61","cg18486719",545
"KRAS","AMEX60DD006778","Kras","cg18840480",546
"ACHE","AMEX60DD013366","Ache","cg05066539",549
"NFIX","AMEX60DD031984","Nfix.1","cg02261822",550
"NFIX","AMEX60DD031983","Nfix","cg02261822",550
"DMD","AMEX60DD048448","Dmd","cg01319431",551
"DMD","AMEX60DD048456","Dmd.3","cg01319431",551
"DMD","AMEX60DD048452","Dmd.1","cg01319431",551
"DMD","AMEX60DD048454","Dmd.2","cg01319431",551
"EIF1B","AMEX60DD022045","Eif1b","cg04477970",552
"PRDM16","AMEX60DD051365","Prdm16","cg07275387",553
"SGMS1","AMEX60DD052534","Sgms1.1","cg09543858",554
"SGMS1","AMEX60DD028919","Sgms1","cg09543858",554
"GRM4","AMEX60DD008744","Grm4.1","cg10133742",555
"GRM4","AMEX60DD008743","Grm4","cg10133742",555
"ACACA","AMEX60DD054117","Acaca.1","cg09911517",556
"ACACA","AMEX60DD054118","Acaca.2","cg09911517",556
"ACACA","AMEX60DD054114","Acaca","cg09911517",556
"TBR1","AMEX60DD055781","Tbr1","cg05757789",557
"PLCB4","AMEX60DD035741","Plcb4","cg23939000",559
"TEAD1","AMEX60DD017302","Tead1.1","cg01434508",560
"TEAD1","AMEX60DD004832","Tead1","cg01434508",560
"UTRN","AMEX60DD034339","Utrn","cg23245556",561
"NEUROD6","AMEX60DD037990","Neurod6","cg13220278",562
"CNTLN","AMEX60DD043394","Cntln","cg19221572",563
"MAPKAP1","AMEX60DD050518","Mapkap1","cg01899622",564
"ZNF407","AMEX60DD039213","Znf407","cg25810458",565
"SSBP3","AMEX60DD019537","Ssbp3.1","cg10450703",566
"SSBP3","AMEX60DD014133","Ssbp3","cg10450703",566
"UBE2R2","AMEX60DD041598","Ube2r2","cg26422848",568
"MAGI1","AMEX60DD025486","Magi1.3","cg08933237",569
"MAGI1","AMEX60DD023768","Magi1.1","cg08933237",569
"MAGI1","AMEX60DD023770","Magi1.2","cg08933237",569
"MAGI1","AMEX60DD023767","Magi1","cg08933237",569
"SDCCAG8","AMEX60DD035270","Sdccag8","cg19163499",570
"SDCCAG8","AMEX60DD035273","Sdccag8.1","cg19163499",570
"ZNF521","AMEX60DD039549","Znf521","cg09227751",572
"BCL11A","AMEX60DD035398","Bcl11a.1","cg20928174",573
"BCL11A","AMEX60DD024771","Bcl11a","cg20928174",573
"UNCX","AMEX60DD021249","Uncx","cg07189644",574
"DLG3","AMEX60DD036891","Dlg3.2","cg17589528",575
"DLG3","AMEX60DD036882","Dlg3","cg17589528",575
"DLG3","AMEX60DD036887","Dlg3.1","cg17589528",575
"HNRNPM","AMEX60DD035271","Hnrnpm.2","cg12154271",576
"HNRNPM","AMEX60DD014678","Hnrnpm","cg12154271",576
"HNRNPM","AMEX60DD035272","Hnrnpm.3","cg12154271",576
"HNRNPM","AMEX60DD020364","Hnrnpm.1","cg12154271",576
"ASXL3","AMEX60DD039642","Asxl3","cg00389116",577
"PTPRD","AMEX60DD043348","Ptprd","cg02514296",579
"YPEL5","AMEX60DD036218","Ypel5","cg11215720",580
"NLGN3","AMEX60DD036828","Nlgn3.1","cg14397701",581
"NLGN3","AMEX60DD036826","Nlgn3","cg14397701",581
"PBX3","AMEX60DD050513","Pbx3.1","cg01280744",582
"PBX3","AMEX60DD050511","Pbx3","cg01280744",582
"LHX9","AMEX60DD018728","Lhx9","cg02730271",584
"TCF7L2","AMEX60DD053152","Tcf7l2","cg21738950",586
"PCDH9","AMEX60DD048868","Pcdh9","cg22069272",588
"PCDH9","AMEX60DD048871","Pcdh9.1","cg22069272",588
"CCNL2","AMEX60DD051270","Ccnl2","cg01648457",590
"PROX1","AMEX60DD025278","Prox1","cg25295401",592
"PROX1","AMEX60DD036083","Prox1.1","cg25295401",592
"PDSS2","AMEX60DD034071","Pdss2","cg24605458",593
"ZEB2","AMEX60DD029760","Zeb2","cg15053735",594
"ZEB2","AMEX60DD055909","Zeb2.1","cg15053735",594
"USP9X","AMEX60DD047637","Usp9x.2","cg12907232",595
"USP9X","AMEX60DD047635","Usp9x","cg12907232",595
"USP9X","AMEX60DD047636","Usp9x.1","cg12907232",595
"GRIK4","AMEX60DD053803","Grik4","cg12207173",597
"SIM1","AMEX60DD034017","Sim1","cg08712796",598
"FIGN","AMEX60DD029644","Fign","cg07224849",599
"FIGN","AMEX60DD055759","Fign.1","cg07224849",599
"CNTLN","AMEX60DD043394","Cntln","cg19258430",601
"CNKSR2","AMEX60DD048492","Cnksr2.1","cg23269439",603
"CNKSR2","AMEX60DD048493","Cnksr2.2","cg23269439",603
"CNKSR2","AMEX60DD048489","Cnksr2","cg23269439",603
"BCL11A","AMEX60DD035398","Bcl11a.1","cg01052727",605
"BCL11A","AMEX60DD024771","Bcl11a","cg01052727",605
"SULF1","AMEX60DD039871","Sulf1","cg05928030",606
"LRMDA","AMEX60DD052208","Lrmda.2","cg05787618",607
"LRMDA","AMEX60DD052207","Lrmda.1","cg05787618",607
"LRMDA","AMEX60DD052205","Lrmda","cg05787618",607
"WDR7","AMEX60DD041800","Wdr7","cg09731876",608
"BRD9","AMEX60DD039000","Brd9","cg00162326",610
"GRIK4","AMEX60DD053803","Grik4","cg05719620",611
"LRMDA","AMEX60DD052208","Lrmda.2","cg08339603",612
"LRMDA","AMEX60DD052207","Lrmda.1","cg08339603",612
"LRMDA","AMEX60DD052205","Lrmda","cg08339603",612
"GPATCH2","AMEX60DD036112","Gpatch2","cg25279235",614
"GPATCH2","AMEX60DD036113","Gpatch2.1","cg25279235",614
"PAX2","AMEX60DD051628","Pax2","cg17944695",616
"UBA3","AMEX60DD023910","Uba3","cg20407054",617
"MRPL46","AMEX60DD004190","Mrpl46","cg22346366",619
"FOXP1","AMEX60DD023939","Foxp1","cg10626997",620
"MAPKAP1","AMEX60DD050518","Mapkap1","cg04647605",621
"RFX3","AMEX60DD043102","Rfx3","cg03476420",622
"LTBP1","AMEX60DD035209","Ltbp1","cg04777174",623
"SORBS2","AMEX60DD045413","Sorbs2","cg17879286",624
"ACVR2A","AMEX60DD055885","Acvr2a","cg20237169",625
"YTHDF2","AMEX60DD039808","Ythdf2.1","cg19022322",626
"YTHDF2","AMEX60DD005533","Ythdf2","cg19022322",626
"HOXD3","AMEX60DD029486","Hoxd3","cg18308012",627
"PPP2R5A","AMEX60DD036058","Ppp2r5a","cg05187404",628
"AUTS2","AMEX60DD027966","Auts2","cg26154615",629
"AUTS2","AMEX60DD054212","Auts2.1","cg26154615",629
"AUTS2","AMEX60DD054215","Auts2.3","cg26154615",629
"AUTS2","AMEX60DD054214","Auts2.2","cg26154615",629
"ZSWIM6","AMEX60DD042202","Zswim6","cg09656189",630
"MGMT","AMEX60DD030507","Mgmt","cg16382039",631
"CREB5","AMEX60DD021965","Creb5","cg02052767",632
"CREB5","AMEX60DD021966","Creb5.1","cg02052767",632
"MAPKAP1","AMEX60DD050518","Mapkap1","cg05122695",633
"SALL3","AMEX60DD039092","Sall3","cg07843244",634
"PAX2","AMEX60DD051628","Pax2","cg01486146",635
"BTRC","AMEX60DD052902","Btrc","cg18036792",636
"BTRC","AMEX60DD052906","Btrc.1","cg18036792",636
"BEND4","AMEX60DD045625","Bend4","cg22745397",637
"EBF3","AMEX60DD046404","Ebf3","cg14118069",638
"EBF3","AMEX60DD052723","Ebf3.1","cg14118069",638
"CAMKMT","AMEX60DD035946","Camkmt","cg26986270",639
"RORA","AMEX60DD005359","Rora","cg02232023",640
"SPRED2","AMEX60DD035606","Spred2.1","cg20831889",642
"SPRED2","AMEX60DD024427","Spred2","cg20831889",642
"GTDC1","AMEX60DD031782","Gtdc1","cg21630674",643
"DNAH11","AMEX60DD021986","Dnah11","cg15085822",645
"DNAH11","AMEX60DD021989","Dnah11.1","cg15085822",645
"DNAH11","AMEX60DD055687","Dnah11.4","cg15085822",645
"DNAH11","AMEX60DD055690","Dnah11.5","cg15085822",645
"DNAH11","AMEX60DD021992","Dnah11.3","cg15085822",645
"DNAH11","AMEX60DD021991","Dnah11.2","cg15085822",645
"CHD7","AMEX60DD039791","Chd7","cg05275337",647
"LRP6","AMEX60DD006973","Lrp6","cg13618394",648
"FOXP1","AMEX60DD023939","Foxp1","cg12508577",649
"HMBOX1","AMEX60DD032789","Hmbox1","cg09909000",650
"BCL11A","AMEX60DD035398","Bcl11a.1","cg06659440",651
"BCL11A","AMEX60DD024771","Bcl11a","cg06659440",651
"EN1","AMEX60DD056025","En1","cg05454653",652
"PAPOLA","AMEX60DD011404","Papola","cg03119474",653
"ZFHX4","AMEX60DD039942","Zfhx4","cg04414191",654
"DCX","AMEX60DD037111","Dcx","cg23384838",655
"NRG1","AMEX60DD043761","Nrg1","cg26620916",658
"TNPO2","AMEX60DD031915","Tnpo2","cg13246416",659
"CNOT2","AMEX60DD006520","Cnot2","cg26074551",661
"RBM6","AMEX60DD024208","Rbm6","cg19490575",662
"FAM172A","AMEX60DD042583","Fam172a.2","cg24855432",664
"FAM172A","AMEX60DD042581","Fam172a","cg24855432",664
"FAM172A","AMEX60DD042582","Fam172a.1","cg24855432",664
"SOX5","AMEX60DD006750","Sox5","cg15881760",665
"FIGN","AMEX60DD029644","Fign","cg04712261",666
"FIGN","AMEX60DD055759","Fign.1","cg04712261",666
"DMD","AMEX60DD048448","Dmd","cg13611779",667
"DMD","AMEX60DD048456","Dmd.3","cg13611779",667
"DMD","AMEX60DD048452","Dmd.1","cg13611779",667
"DMD","AMEX60DD048454","Dmd.2","cg13611779",667
"ARPP21","AMEX60DD037959","Arpp21","cg00656055",670
"ZNF407","AMEX60DD039213","Znf407","cg09482204",671
"OSR2","AMEX60DD040185","Osr2","cg15131523",672
"BTRC","AMEX60DD052902","Btrc","cg14512347",673
"BTRC","AMEX60DD052906","Btrc.1","cg14512347",673
"SPTBN1","AMEX60DD024979","Sptbn1","cg21219688",674
"SPTBN1","AMEX60DD036506","Sptbn1.2","cg21219688",674
"SPTBN1","AMEX60DD035674","Sptbn1.1","cg21219688",674
"SS18","AMEX60DD039559","Ss18","cg22245041",675
"ADAMTS3","AMEX60DD044173","Adamts3","cg26672432",678
"FOXP1","AMEX60DD023939","Foxp1","cg25135002",681
"NR2F1","AMEX60DD042580","Nr2f1.1","cg06879344",682
"NR2F1","AMEX60DD015153","Nr2f1","cg06879344",682
"SATB1","AMEX60DD022782","Satb1","cg12926657",683
"ELAVL2","AMEX60DD044481","Elavl2","cg08717144",684
"TENM2","AMEX60DD030344","Tenm2","cg21121559",685
"ESRRG","AMEX60DD025330","Esrrg","cg21310266",686
"ESRRG","AMEX60DD036107","Esrrg.1","cg21310266",686
"ZNF536","AMEX60DD016701","Znf536.2","cg01618051",687
"ZNF536","AMEX60DD016699","Znf536.1","cg01618051",687
"ZNF536","AMEX60DD008513","Znf536","cg01618051",687
"PCCA","AMEX60DD048177","Pcca","cg08374054",688
"PBX1","AMEX60DD031588","Pbx1.1","cg22314954",689
"PBX1","AMEX60DD018398","Pbx1","cg22314954",689
"PBX1","AMEX60DD050515","Pbx1.3","cg22314954",689
"PBX1","AMEX60DD050512","Pbx1.2","cg22314954",689
"PTPRD","AMEX60DD043348","Ptprd","cg01836225",691
"GRIA2","AMEX60DD045153","Gria2.1","cg05097610",692
"GRIA2","AMEX60DD045146","Gria2","cg05097610",692
"DERL2","AMEX60DD054059","Derl2.1","cg20738648",694
"DERL2","AMEX60DD000338","Derl2","cg20738648",694
"FGFR1","AMEX60DD002586","Fgfr1","cg26059055",696
"FUT8","AMEX60DD012057","Fut8","cg12206270",697
"ZMYND8","AMEX60DD027593","Zmynd8","cg11702192",698
"ARRDC3","AMEX60DD042571","Arrdc3","cg04492620",699
"ZNF608","AMEX60DD015019","Znf608","cg01403803",700
"ZNF608","AMEX60DD042880","Znf608.1","cg01403803",700
"DRGX","AMEX60DD052422","Drgx","cg15666331",701
"NR2F2","AMEX60DD003483","Nr2f2","cg15221004",704
"LRBA","AMEX60DD045036","Lrba","cg09571697",706
"RIMS1","AMEX60DD033593","Rims1","cg10592669",707
"SPOCK2","AMEX60DD051666","Spock2","cg01990759",708
"HOXC4","AMEX60DD029500","Hoxc4.1","cg20435403",709
"HOXC4","AMEX60DD029499","Hoxc4","cg20435403",709
"RBFOX1","AMEX60DD020250","Rbfox1","cg00982312",710
"SNAP91","AMEX60DD033735","Snap91","cg07372260",711
"SNAP91","AMEX60DD033736","Snap91.1","cg07372260",711
"SNAP91","AMEX60DD033740","Snap91.2","cg07372260",711
"FGF13","AMEX60DD037407","Fgf13","cg21552156",714
"SRCAP","AMEX60DD027968","Srcap.1","cg08826468",717
"SRCAP","AMEX60DD027967","Srcap","cg08826468",717
"IKZF2","AMEX60DD055399","Ikzf2","cg16643400",718
"FAM172A","AMEX60DD042583","Fam172a.2","cg07982601",719
"FAM172A","AMEX60DD042581","Fam172a","cg07982601",719
"FAM172A","AMEX60DD042582","Fam172a.1","cg07982601",719
"FOXP1","AMEX60DD023939","Foxp1","cg15810562",720
"BAZ2B","AMEX60DD055801","Baz2b","cg15417124",721
"FIGN","AMEX60DD029644","Fign","cg19002093",723
"FIGN","AMEX60DD055759","Fign.1","cg19002093",723
"ZNF536","AMEX60DD016701","Znf536.2","cg07188186",726
"ZNF536","AMEX60DD016699","Znf536.1","cg07188186",726
"ZNF536","AMEX60DD008513","Znf536","cg07188186",726
"POU3F4","AMEX60DD037615","Pou3f4","cg15309974",727
"POU3F4","AMEX60DD048058","Pou3f4.1","cg15309974",727
"RUNX1T1","AMEX60DD040096","Runx1t1","cg02365170",730
"DCDC1","AMEX60DD004913","Dcdc1","cg21692907",734
"PAX9","AMEX60DD012252","Pax9","cg16670181",735
"ATG4C","AMEX60DD019389","Atg4c","cg20610965",736
"CELF2","AMEX60DD008170","Celf2","cg18491911",738
"P2RY1","AMEX60DD027640","P2ry1.2","cg13655781",739
"P2RY1","AMEX60DD027638","P2ry1.1","cg13655781",739
"P2RY1","AMEX60DD001889","P2ry1","cg13655781",739
"KCNS2","AMEX60DD040180","Kcns2","cg05825700",740
"ATP2B3","AMEX60DD025551","Atp2b3","cg05998656",741
"ATP2B3","AMEX60DD025578","Atp2b3.2","cg05998656",741
"ATP2B3","AMEX60DD025556","Atp2b3.1","cg05998656",741
"RNF220","AMEX60DD032083","Rnf220.1","cg09899974",742
"RNF220","AMEX60DD019858","Rnf220","cg09899974",742
"CKAP5","AMEX60DD005287","Ckap5","cg05938033",743
"CDH11","AMEX60DD015334","Cdh11","cg05872315",746
"STAMBPL1","AMEX60DD051127","Stambpl1.1","cg17461673",747
"STAMBPL1","AMEX60DD052518","Stambpl1.2","cg17461673",747
"STAMBPL1","AMEX60DD051126","Stambpl1","cg17461673",747
"DMBX1","AMEX60DD019768","Dmbx1","cg13347187",748
"SATB1","AMEX60DD022782","Satb1","cg16907016",749
"KIF5A","AMEX60DD029773","Kif5a","cg23034244",750
"CCDC178","AMEX60DD039638","Ccdc178.1","cg02311543",751
"CCDC178","AMEX60DD039634","Ccdc178","cg02311543",751
"GRIA2","AMEX60DD045153","Gria2.1","cg04769602",752
"GRIA2","AMEX60DD045146","Gria2","cg04769602",752
"ELAVL2","AMEX60DD044481","Elavl2","cg24587040",755
"ERG","AMEX60DD047184","Erg","cg17718742",757
"AGAP2","AMEX60DD029595","Agap2","cg24202924",758
"AGAP2","AMEX60DD029596","Agap2.1","cg24202924",758
"SPATA17","AMEX60DD036114","Spata17","cg27182356",763
"SLC8A1","AMEX60DD034456","Slc8a1.1","cg19501726",764
"SLC8A1","AMEX60DD025093","Slc8a1","cg19501726",764
"RAPGEF6","AMEX60DD028902","Rapgef6.1","cg24641397",766
"RAPGEF6","AMEX60DD028900","Rapgef6","cg24641397",766
"SLC7A2","AMEX60DD045461","Slc7a2","cg03706094",768
"DMTF1","AMEX60DD006248","Dmtf1","cg25139089",769
"NRP2","AMEX60DD055040","Nrp2","cg08887457",770
"AUTS2","AMEX60DD027966","Auts2","cg15779913",771
"AUTS2","AMEX60DD054212","Auts2.1","cg15779913",771
"AUTS2","AMEX60DD054215","Auts2.3","cg15779913",771
"AUTS2","AMEX60DD054214","Auts2.2","cg15779913",771
"RANBP17","AMEX60DD030418","Ranbp17.1","cg11327514",772
"RANBP17","AMEX60DD030416","Ranbp17","cg11327514",772
"RANBP17","AMEX60DD030420","Ranbp17.2","cg11327514",772
"ESRRG","AMEX60DD025330","Esrrg","cg20279791",775
"ESRRG","AMEX60DD036107","Esrrg.1","cg20279791",775
"SHOX2","AMEX60DD001828","Shox2","cg21815569",776
"UNCX","AMEX60DD021249","Uncx","cg01234044",777
"TENM3","AMEX60DD045345","Tenm3.1","cg14632261",778
"TENM3","AMEX60DD045344","Tenm3","cg14632261",778
"KCNA1","AMEX60DD006607","Kcna1","cg21299339",779
"SLIT1","AMEX60DD052864","Slit1","cg07511181",780
"ARID1B","AMEX60DD034958","Arid1b","cg14113480",781
"ZFHX3","AMEX60DD016992","Zfhx3","cg17443147",782
"ESRRB","AMEX60DD011170","Esrrb","cg04190578",783
"RNF220","AMEX60DD032083","Rnf220.1","cg01093365",784
"RNF220","AMEX60DD019858","Rnf220","cg01093365",784
"GRIA4","AMEX60DD049465","Gria4","cg16448185",785
"GRIA4","AMEX60DD049466","Gria4.1","cg16448185",785
"NAA25","AMEX60DD000700","Naa25","cg00331900",786
"RELCH","AMEX60DD038621","Relch","cg20556027",787
"KIF5A","AMEX60DD029773","Kif5a","cg02382880",788
"KIF5A","AMEX60DD029773","Kif5a","cg19968738",791
"EVX2","AMEX60DD010172","Evx2","cg25431896",792
"EVX2","AMEX60DD055613","Evx2.1","cg25431896",792
"POU6F2","AMEX60DD038088","Pou6f2","cg05955690",793
"PAX2","AMEX60DD051628","Pax2","cg27526225",794
"EPC2","AMEX60DD055879","Epc2.1","cg23352252",795
"EPC2","AMEX60DD055878","Epc2","cg23352252",795
"EPC2","AMEX60DD055881","Epc2.2","cg23352252",795
"HNRNPDL","AMEX60DD045027","Hnrnpdl.1","cg22310572",796
"HNRNPDL","AMEX60DD043557","Hnrnpdl","cg22310572",796
"EBF3","AMEX60DD046404","Ebf3","cg06678170",797
"EBF3","AMEX60DD052723","Ebf3.1","cg06678170",797
"CNOT6L","AMEX60DD043727","Cnot6l","cg13224508",798
"CAMK2D","AMEX60DD044699","Camk2d","cg27269484",799
"PRDM16","AMEX60DD051365","Prdm16","cg10245372",802
"MED13","AMEX60DD054643","Med13","cg13613666",803
"SIX3","AMEX60DD035943","Six3","cg16869898",804
"CLTA","AMEX60DD043928","Clta","cg01676132",806
"SOX5","AMEX60DD006750","Sox5","cg27478856",808
"PRKCB","AMEX60DD020891","Prkcb","cg08041259",810
"SYN2","AMEX60DD024009","Syn2","cg12134769",811
"FOXP1","AMEX60DD023939","Foxp1","cg18418719",812
"TFAP2A","AMEX60DD038319","Tfap2a","cg10238972",813
"RBM12B","AMEX60DD040111","Rbm12b","cg06233792",815
"MEIS1","AMEX60DD035598","Meis1.1","cg26979561",818
"MEIS1","AMEX60DD024424","Meis1","cg26979561",818
"CAMKMT","AMEX60DD035946","Camkmt","cg14973983",819
"NOG","AMEX60DD029370","Nog","cg26249364",820
"NOG","AMEX60DD031028","Nog.1","cg26249364",820
"OSBPL6","AMEX60DD055587","Osbpl6.1","cg21193029",821
"OSBPL6","AMEX60DD055584","Osbpl6","cg21193029",821
"DACH1","AMEX60DD048850","Dach1","cg14035490",822
"WWP2","AMEX60DD017004","Wwp2","cg10885769",825
"SLITRK3","AMEX60DD001788","Slitrk3","cg07094804",826
"SOX6","AMEX60DD004724","Sox6","cg24033437",827
"PTCH1","AMEX60DD043057","Ptch1","cg13077070",828
"CAND1","AMEX60DD023507","Cand1.1","cg24491983",829
"CAND1","AMEX60DD041956","Cand1.3","cg24491983",829
"CAND1","AMEX60DD023511","Cand1.2","cg24491983",829
"CAND1","AMEX60DD008203","Cand1","cg24491983",829
"MEIS2","AMEX60DD012146","Meis2","cg07439922",830
"LRMDA","AMEX60DD052208","Lrmda.2","cg12013003",831
"LRMDA","AMEX60DD052207","Lrmda.1","cg12013003",831
"LRMDA","AMEX60DD052205","Lrmda","cg12013003",831
"ZNF326","AMEX60DD019092","Znf326","cg09473919",832
"ZNF326","AMEX60DD019094","Znf326.1","cg09473919",832
"ZNF326","AMEX60DD019096","Znf326.2","cg09473919",832
"ZNF326","AMEX60DD043894","Znf326.3","cg09473919",832
"CASZ1","AMEX60DD051153","Casz1","cg07608115",833
"CASZ1","AMEX60DD053420","Casz1.1","cg07608115",833
"FOXP1","AMEX60DD023939","Foxp1","cg11884042",835
"MAFB","AMEX60DD009484","Mafb","cg14102676",836
"MAFB","AMEX60DD028613","Mafb.1","cg14102676",836
"MAFB","AMEX60DD009484","Mafb","cg09784334",837
"MAFB","AMEX60DD028613","Mafb.1","cg09784334",837
"LMO1","AMEX60DD004749","Lmo1","cg01267062",838
"THRA","AMEX60DD010338","Thra","cg01346827",839
"EIF1B","AMEX60DD022045","Eif1b","cg09609922",840
"SLC7A2","AMEX60DD045461","Slc7a2","cg27005625",842
"GRK2","AMEX60DD007296","Grk2","cg18897599",843
"ZBTB16","AMEX60DD053674","Zbtb16","cg17396081",844
"UNCX","AMEX60DD021249","Uncx","cg07362651",845
"ONECUT1","AMEX60DD014732","Onecut1","cg24265558",846
"CADPS","AMEX60DD023807","Cadps.2","cg16455903",847
"CADPS","AMEX60DD007419","Cadps","cg16455903",847
"CADPS","AMEX60DD023805","Cadps.1","cg16455903",847
"NPTN","AMEX60DD003889","Nptn","cg00383766",848
"MYH7","AMEX60DD021093","Myh7","cg11736686",849
"MYH7","AMEX60DD021106","Myh7.3","cg11736686",849
"MYH7","AMEX60DD021099","Myh7.1","cg11736686",849
"MYH7","AMEX60DD021105","Myh7.2","cg11736686",849
"RNF220","AMEX60DD032083","Rnf220.1","cg20779412",850
"RNF220","AMEX60DD019858","Rnf220","cg20779412",850
"ESRRG","AMEX60DD025330","Esrrg","cg00464610",851
"ESRRG","AMEX60DD036107","Esrrg.1","cg00464610",851
"GTPBP2","AMEX60DD036491","Gtpbp2","cg26156471",852
"PPP2R2A","AMEX60DD003005","Ppp2r2a","cg06398214",853
"LHFPL3","AMEX60DD008795","Lhfpl3.1","cg01019040",854
"LHFPL3","AMEX60DD021042","Lhfpl3.2","cg01019040",854
"LHFPL3","AMEX60DD006409","Lhfpl3","cg01019040",854
"NRXN3","AMEX60DD011291","Nrxn3","cg21920032",855
"BNC2","AMEX60DD043399","Bnc2","cg08562853",856
"SHOX2","AMEX60DD001828","Shox2","cg27573809",857
"RBFOX1","AMEX60DD020250","Rbfox1","cg00470955",859
"MEIS2","AMEX60DD012146","Meis2","cg05569793",860
"MARCHF3","AMEX60DD042908","Marchf3.1","cg06926372",861
"MARCHF3","AMEX60DD042907","Marchf3","cg06926372",861
"FUBP1","AMEX60DD018962","Fubp1","cg24268265",863
"EBF3","AMEX60DD046404","Ebf3","cg01009870",864
"EBF3","AMEX60DD052723","Ebf3.1","cg01009870",864
"SHOX2","AMEX60DD001828","Shox2","cg22342392",866
"CAMKMT","AMEX60DD035946","Camkmt","cg09415540",867
"PBX1","AMEX60DD031588","Pbx1.1","cg09871685",870
"PBX1","AMEX60DD018398","Pbx1","cg09871685",870
"PBX1","AMEX60DD050515","Pbx1.3","cg09871685",870
"PBX1","AMEX60DD050512","Pbx1.2","cg09871685",870
"ZMIZ1","AMEX60DD052230","Zmiz1","cg17324187",871
"SKAP1","AMEX60DD010192","Skap1","cg11722817",872
"ERI3","AMEX60DD019855","Eri3","cg02729610",873
"EIF5","AMEX60DD011091","Eif5","cg08909571",874
"EIF5","AMEX60DD018799","Eif5.1","cg08909571",874
"RBM10","AMEX60DD021141","Rbm10","cg26112867",875
"ELP4","AMEX60DD004908","Elp4","cg09751476",877
"ELP4","AMEX60DD037838","Elp4.1","cg09751476",877
"GALNT3","AMEX60DD055731","Galnt3","cg11577476",878
"FAM53A","AMEX60DD046053","Fam53a","cg11003079",879
"DDX3X","AMEX60DD047626","Ddx3x","cg22029056",880
"TFAP2B","AMEX60DD032871","Tfap2b","cg02344882",881
"PBX1","AMEX60DD031588","Pbx1.1","cg21007832",883
"PBX1","AMEX60DD018398","Pbx1","cg21007832",883
"PBX1","AMEX60DD050515","Pbx1.3","cg21007832",883
"PBX1","AMEX60DD050512","Pbx1.2","cg21007832",883
"ZFHX3","AMEX60DD016992","Zfhx3","cg13445226",884
"TBCA","AMEX60DD042319","Tbca","cg17731968",885
"GRIA2","AMEX60DD045153","Gria2.1","cg11997548",888
"GRIA2","AMEX60DD045146","Gria2","cg11997548",888
"KIF16B","AMEX60DD035827","Kif16b.1","cg02349046",889
"KIF16B","AMEX60DD035825","Kif16b","cg02349046",889
"DOCK7","AMEX60DD032007","Dock7.2","cg21639828",891
"DOCK7","AMEX60DD019395","Dock7","cg21639828",891
"DOCK7","AMEX60DD032008","Dock7.3","cg21639828",891
"DOCK7","AMEX60DD032006","Dock7.1","cg21639828",891
"FIGN","AMEX60DD029644","Fign","cg08845119",892
"FIGN","AMEX60DD055759","Fign.1","cg08845119",892
"POU4F2","AMEX60DD022852","Pou4f2","cg02056060",893
"POU4F2","AMEX60DD045005","Pou4f2.1","cg02056060",893
"BARHL2","AMEX60DD052670","Barhl2.1","cg04663705",894
"BARHL2","AMEX60DD019109","Barhl2","cg04663705",894
"NFIB","AMEX60DD019415","Nfib","cg00753997",895
"NFIB","AMEX60DD043470","Nfib.1","cg00753997",895
"NKX2-2","AMEX60DD035473","Nkx2-2","cg13656236",897
"NCOR1","AMEX60DD054768","Ncor1","cg18428441",898
"CACNA1D","AMEX60DD025474","Cacna1d.3","cg10695556",899
"CACNA1D","AMEX60DD023703","Cacna1d","cg10695556",899
"CACNA1D","AMEX60DD023704","Cacna1d.1","cg10695556",899
"CACNA1D","AMEX60DD025468","Cacna1d.2","cg10695556",899
"SOX5","AMEX60DD006750","Sox5","cg14375924",901
"BRINP3","AMEX60DD018490","Brinp3","cg24451994",902
"BRSK2","AMEX60DD004472","Brsk2","cg16274762",903
"BRSK2","AMEX60DD004473","Brsk2.1","cg16274762",903
"BRSK2","AMEX60DD017453","Brsk2.2","cg16274762",903
"IGF2BP3","AMEX60DD022076","Igf2bp3.2","cg22159540",904
"IGF2BP3","AMEX60DD022073","Igf2bp3","cg22159540",904
"IGF2BP3","AMEX60DD022074","Igf2bp3.1","cg22159540",904
"RAB3A","AMEX60DD014087","Rab3a","cg09998451",905
"RAB3A","AMEX60DD019635","Rab3a.1","cg09998451",905
"ETV6","AMEX60DD006976","Etv6","cg26518080",906
"MEIS2","AMEX60DD012146","Meis2","cg06437093",909
"PUF60","AMEX60DD040758","Puf60","cg08924415",912
"NFIX","AMEX60DD031984","Nfix.1","cg22559021",913
"NFIX","AMEX60DD031983","Nfix","cg22559021",913
"CNNM2","AMEX60DD052995","Cnnm2.1","cg25957641",914
"CNNM2","AMEX60DD052997","Cnnm2.3","cg25957641",914
"CNNM2","AMEX60DD052996","Cnnm2.2","cg25957641",914
"CNNM2","AMEX60DD052990","Cnnm2","cg25957641",914
"ZBTB16","AMEX60DD053674","Zbtb16","cg11164048",915
"LMO3","AMEX60DD006666","Lmo3","cg26596008",916
"ADAMTS6","AMEX60DD014515","Adamts6","cg18563768",918
"ADAMTS6","AMEX60DD014516","Adamts6.1","cg18563768",918
"ADAMTS6","AMEX60DD042234","Adamts6.3","cg18563768",918
"ADAMTS6","AMEX60DD042233","Adamts6.2","cg18563768",918
"ADAMTS6","AMEX60DD042235","Adamts6.4","cg18563768",918
"URI1","AMEX60DD016694","Uri1.1","cg26857113",920
"URI1","AMEX60DD016693","Uri1","cg26857113",920
"BCAR3","AMEX60DD032196","Bcar3.2","cg22163848",925
"BCAR3","AMEX60DD019166","Bcar3","cg22163848",925
"BCAR3","AMEX60DD019169","Bcar3.1","cg22163848",925
"CFAP61","AMEX60DD035490","Cfap61","cg23732608",926
"PAX2","AMEX60DD051628","Pax2","cg10372263",927
"KCTD15","AMEX60DD017650","Kctd15","cg23526975",929
"DCDC1","AMEX60DD004913","Dcdc1","cg01428630",930
"ZFPM2","AMEX60DD040273","Zfpm2","cg15119729",931
"ZFPM2","AMEX60DD040274","Zfpm2.1","cg15119729",931
"ST18","AMEX60DD039692","St18","cg18623536",932
"UNCX","AMEX60DD021249","Uncx","cg01668584",934
"MAP3K1","AMEX60DD042157","Map3k1","cg20589448",935
"OTP","AMEX60DD042321","Otp.1","cg18991419",936
"OTP","AMEX60DD042320","Otp","cg18991419",936
"TCF12","AMEX60DD003650","Tcf12","cg20532002",937
"ZNF536","AMEX60DD016701","Znf536.2","cg26144663",938
"ZNF536","AMEX60DD016699","Znf536.1","cg26144663",938
"ZNF536","AMEX60DD008513","Znf536","cg26144663",938
"SPOCK2","AMEX60DD051666","Spock2","cg17958658",939
"MAP2K5","AMEX60DD003408","Map2k5","cg12896068",940
"HOXC4","AMEX60DD029500","Hoxc4.1","cg01787584",941
"HOXC4","AMEX60DD029499","Hoxc4","cg01787584",941
"RPS6KC1","AMEX60DD036076","Rps6kc1","cg24274564",942
"RUNX2","AMEX60DD032921","Runx2","cg25200027",944
"RUNX2","AMEX60DD032922","Runx2.1","cg25200027",944
"BCL11B","AMEX60DD011386","Bcl11b","cg13080172",945
"PIK3C2A","AMEX60DD004710","Pik3c2a","cg23141081",947
"MVK","AMEX60DD000777","Mvk","cg11752557",948
"SCN8A","AMEX60DD029649","Scn8a","cg09566123",949
"DLX1","AMEX60DD055670","Dlx1","cg03436378",951
"TCF4","AMEX60DD041795","Tcf4","cg20244288",952
"MGST1","AMEX60DD006663","Mgst1","cg03826688",953
"UNCX","AMEX60DD021249","Uncx","cg09684469",955
"TMEM39B","AMEX60DD006057","Tmem39b","cg14918572",961
"RBM10","AMEX60DD021141","Rbm10","cg02798601",962
"ARID1A","AMEX60DD005639","Arid1a","cg01802683",963
"TSHZ1","AMEX60DD039220","Tshz1","cg27189050",964
"DGKI","AMEX60DD007020","Dgki.1","cg08570512",965
"DGKI","AMEX60DD005261","Dgki","cg08570512",965
"UTP11","AMEX60DD005832","Utp11","cg25751494",966
"BTRC","AMEX60DD052902","Btrc","cg11970204",967
"BTRC","AMEX60DD052906","Btrc.1","cg11970204",967
"OGT","AMEX60DD036783","Ogt","cg03885761",969
"SPAG9","AMEX60DD030993","Spag9.2","cg17398634",971
"SPAG9","AMEX60DD030992","Spag9.1","cg17398634",971
"SPAG9","AMEX60DD016533","Spag9","cg17398634",971
"SPAG9","AMEX60DD030994","Spag9.3","cg17398634",971
"ELP4","AMEX60DD004908","Elp4","cg26248706",974
"ELP4","AMEX60DD037838","Elp4.1","cg26248706",974
"ERI3","AMEX60DD019855","Eri3","cg19603931",975
"UNCX","AMEX60DD021249","Uncx","cg26374905",976
"MGMT","AMEX60DD030507","Mgmt","cg26178630",978
"CNOT9","AMEX60DD056281","Cnot9","cg12321152",979
"NEUROG3","AMEX60DD051868","Neurog3","cg19829166",980
"OLFM1","AMEX60DD050715","Olfm1","cg09568244",981
"ANKRD17","AMEX60DD044385","Ankrd17.1","cg00696623",983
"ANKRD17","AMEX60DD044384","Ankrd17","cg00696623",983
"TPM3","AMEX60DD015057","Tpm3","cg21180487",984
"TMEFF2","AMEX60DD055219","Tmeff2","cg09065756",985
"TSHZ2","AMEX60DD027389","Tshz2","cg19766752",986
"TCF12","AMEX60DD003650","Tcf12","cg21908704",987
"ACACA","AMEX60DD054117","Acaca.1","cg01567668",988
"ACACA","AMEX60DD054118","Acaca.2","cg01567668",988
"ACACA","AMEX60DD054114","Acaca","cg01567668",988
"ADGRL3","AMEX60DD043519","Adgrl3","cg07630183",989
"CETN3","AMEX60DD042558","Cetn3","cg20537035",990
"DRGX","AMEX60DD052422","Drgx","cg20970027",991
"ARF6","AMEX60DD011821","Arf6","cg04135292",992
"ARF6","AMEX60DD024281","Arf6.1","cg04135292",992
"GPATCH2L","AMEX60DD011168","Gpatch2l","cg15977208",993
"TTC29","AMEX60DD045006","Ttc29","cg25352707",994
"TFAP2A","AMEX60DD038319","Tfap2a","cg09782540",995
"CNOT1","AMEX60DD015516","Cnot1.1","cg04040539",996
"CNOT1","AMEX60DD015513","Cnot1","cg04040539",996
"PTCH1","AMEX60DD043057","Ptch1","cg19977128",997
"LRMDA","AMEX60DD052208","Lrmda.2","cg15033935",998
"LRMDA","AMEX60DD052207","Lrmda.1","cg15033935",998
"LRMDA","AMEX60DD052205","Lrmda","cg15033935",998
"VSTM2A","AMEX60DD038591","Vstm2a","cg16905958",1000
"CDCA7","AMEX60DD055685","Cdca7.1","cg05894516",1006
"CDCA7","AMEX60DD029549","Cdca7","cg05894516",1006
"TRIM9","AMEX60DD011833","Trim9","cg14392375",1008
"APBB1","AMEX60DD050100","Apbb1.1","cg11742933",1010
"APBB1","AMEX60DD050099","Apbb1","cg11742933",1010
"APBB1","AMEX60DD050102","Apbb1.3","cg11742933",1010
"APBB1","AMEX60DD050101","Apbb1.2","cg11742933",1010
"ERI3","AMEX60DD019855","Eri3","cg11221149",1011
"KCNU1","AMEX60DD002474","Kcnu1","cg27012235",1012
"SALL3","AMEX60DD039092","Sall3","cg13116110",1014
"WWP2","AMEX60DD017004","Wwp2","cg18492509",1016
"BCAR3","AMEX60DD032196","Bcar3.2","cg08539704",1018
"BCAR3","AMEX60DD019166","Bcar3","cg08539704",1018
"BCAR3","AMEX60DD019169","Bcar3.1","cg08539704",1018
"NRXN1","AMEX60DD035865","Nrxn1","cg22073028",1019
"NRXN1","AMEX60DD035873","Nrxn1.2","cg22073028",1019
"NRXN1","AMEX60DD035868","Nrxn1.1","cg22073028",1019
"TOP1","AMEX60DD017548","Top1","cg14818212",1021
"TOP1","AMEX60DD028602","Top1.1","cg14818212",1021
"TOP1","AMEX60DD040669","Top1.2","cg14818212",1021
"GLI3","AMEX60DD038107","Gli3","cg27038794",1022
"AGAP1","AMEX60DD055479","Agap1.1","cg12853958",1023
"AGAP1","AMEX60DD055475","Agap1","cg12853958",1023
"PTF1A","AMEX60DD021900","Ptf1a","cg13856487",1025
"ZNF407","AMEX60DD039213","Znf407","cg24770312",1026
"ZFHX4","AMEX60DD039942","Zfhx4","cg12724076",1027
"SYT1","AMEX60DD017440","Syt1","cg04567893",1030
"U2SURP","AMEX60DD002053","U2surp","cg23156157",1031
"U2SURP","AMEX60DD023210","U2surp.1","cg23156157",1031
"FAM172A","AMEX60DD042583","Fam172a.2","cg03032396",1032
"FAM172A","AMEX60DD042581","Fam172a","cg03032396",1032
"FAM172A","AMEX60DD042582","Fam172a.1","cg03032396",1032
"CNTLN","AMEX60DD043394","Cntln","cg08828602",1034
"ZNF536","AMEX60DD016701","Znf536.2","cg08356801",1035
"ZNF536","AMEX60DD016699","Znf536.1","cg08356801",1035
"ZNF536","AMEX60DD008513","Znf536","cg08356801",1035
"KCNMA1","AMEX60DD052212","Kcnma1","cg14107729",1036
"GABRG2","AMEX60DD030299","Gabrg2","cg01168718",1037
"GABRG2","AMEX60DD037833","Gabrg2.1","cg01168718",1037
"KIF5C","AMEX60DD055880","Kif5c.1","cg22000069",1038
"KIF5C","AMEX60DD055877","Kif5c","cg22000069",1038
"ZEB2","AMEX60DD029760","Zeb2","cg18705379",1039
"ZEB2","AMEX60DD055909","Zeb2.1","cg18705379",1039
"CTNNB1","AMEX60DD022018","Ctnnb1","cg00619575",1040
"STRBP","AMEX60DD050751","Strbp","cg26045379",1042
"UNCX","AMEX60DD021249","Uncx","cg12185545",1045
"SCAI","AMEX60DD050529","Scai","cg25741469",1046
"FIGN","AMEX60DD029644","Fign","cg02166926",1048
"FIGN","AMEX60DD055759","Fign.1","cg02166926",1048
"FAM76B","AMEX60DD049538","Fam76b","cg16972496",1049
"SATB1","AMEX60DD022782","Satb1","cg26035859",1050
"HOXC4","AMEX60DD029500","Hoxc4.1","cg01524853",1051
"HOXC4","AMEX60DD029499","Hoxc4","cg01524853",1051
"NRXN3","AMEX60DD011291","Nrxn3","cg19785357",1052
"SOX14","AMEX60DD002376","Sox14","cg26536257",1054
"HNRNPK","AMEX60DD043243","Hnrnpk.4","cg20452324",1055
"HNRNPK","AMEX60DD016981","Hnrnpk.1","cg20452324",1055
"HNRNPK","AMEX60DD016980","Hnrnpk","cg20452324",1055
"HNRNPK","AMEX60DD024399","Hnrnpk.3","cg20452324",1055
"HNRNPK","AMEX60DD016986","Hnrnpk.2","cg20452324",1055
"LMO1","AMEX60DD004749","Lmo1","cg11251514",1056
"MAPKAP1","AMEX60DD050518","Mapkap1","cg19494088",1057
"MOSMO","AMEX60DD021271","Mosmo","cg10052190",1058
"TBC1D5","AMEX60DD022787","Tbc1d5","cg10248578",1059
"LRBA","AMEX60DD045036","Lrba","cg07598624",1061
"TNRC6A","AMEX60DD020902","Tnrc6a","cg27573301",1064
"CALCOCO1","AMEX60DD029523","Calcoco1","cg08613037",1065
"PURA","AMEX60DD029051","Pura","cg01915599",1067
"TPM1","AMEX60DD004035","Tpm1","cg25069748",1069
"MRPS9","AMEX60DD048051","Mrps9","cg14366285",1070
"HIF1AN","AMEX60DD051631","Hif1an","cg00598724",1071
"FOXP1","AMEX60DD023939","Foxp1","cg00323590",1072
"SATB1","AMEX60DD022782","Satb1","cg14791398",1074
"PROX1","AMEX60DD025278","Prox1","cg03141679",1075
"PROX1","AMEX60DD036083","Prox1.1","cg03141679",1075
"FAM172A","AMEX60DD042583","Fam172a.2","cg01036197",1077
"FAM172A","AMEX60DD042581","Fam172a","cg01036197",1077
"FAM172A","AMEX60DD042582","Fam172a.1","cg01036197",1077
"CDK8","AMEX60DD049307","Cdk8","cg04561751",1078
"AUTS2","AMEX60DD027966","Auts2","cg25450666",1079
"AUTS2","AMEX60DD054212","Auts2.1","cg25450666",1079
"AUTS2","AMEX60DD054215","Auts2.3","cg25450666",1079
"AUTS2","AMEX60DD054214","Auts2.2","cg25450666",1079
"KCNN2","AMEX60DD042784","Kcnn2.1","cg26845448",1080
"KCNN2","AMEX60DD013885","Kcnn2","cg26845448",1080
"UBA3","AMEX60DD023910","Uba3","cg16620594",1081
"BRINP1","AMEX60DD050793","Brinp1","cg12559355",1082
"UNC5A","AMEX60DD027843","Unc5a","cg19186858",1083
"BCL11A","AMEX60DD035398","Bcl11a.1","cg07680280",1084
"BCL11A","AMEX60DD024771","Bcl11a","cg07680280",1084
"DHX15","AMEX60DD045767","Dhx15","cg11982879",1085
"DMRT1","AMEX60DD043122","Dmrt1","cg06328360",1086
"GPD2","AMEX60DD055827","Gpd2","cg05984294",1087
"SCUBE1","AMEX60DD006431","Scube1.1","cg07866089",1088
"SCUBE1","AMEX60DD006435","Scube1.2","cg07866089",1088
"SCUBE1","AMEX60DD003135","Scube1","cg07866089",1088
"AUTS2","AMEX60DD027966","Auts2","cg09578958",1089
"AUTS2","AMEX60DD054212","Auts2.1","cg09578958",1089
"AUTS2","AMEX60DD054215","Auts2.3","cg09578958",1089
"AUTS2","AMEX60DD054214","Auts2.2","cg09578958",1089
"DACH1","AMEX60DD048850","Dach1","cg16750853",1091
"XKR6","AMEX60DD032812","Xkr6","cg05296751",1092
"RAB6A","AMEX60DD049781","Rab6a","cg04316160",1093
"ZBTB20","AMEX60DD046990","Zbtb20","cg20217113",1095
"AP3B1","AMEX60DD042316","Ap3b1","cg01444080",1097
"CUX2","AMEX60DD000678","Cux2","cg27093665",1099
"OGA","AMEX60DD052889","Oga","cg18219506",1100
"GRIA2","AMEX60DD045153","Gria2.1","cg08495577",1103
"GRIA2","AMEX60DD045146","Gria2","cg08495577",1103
"VCP","AMEX60DD031718","Vcp","cg09045691",1104
"BRINP3","AMEX60DD018490","Brinp3","cg27395845",1105
"MBNL1","AMEX60DD001895","Mbnl1","cg02750490",1106
"SIDT1","AMEX60DD046963","Sidt1","cg25667790",1108
"MCTP1","AMEX60DD042590","Mctp1.1","cg13988953",1110
"MCTP1","AMEX60DD042591","Mctp1.2","cg13988953",1110
"MCTP1","AMEX60DD042588","Mctp1","cg13988953",1110
"TFAP2D","AMEX60DD032878","Tfap2d","cg14825374",1112
"ARL15","AMEX60DD042079","Arl15","cg08029162",1113
"HOXD3","AMEX60DD029486","Hoxd3","cg20829343",1114
"LHFPL3","AMEX60DD008795","Lhfpl3.1","cg20096325",1115
"LHFPL3","AMEX60DD021042","Lhfpl3.2","cg20096325",1115
"LHFPL3","AMEX60DD006409","Lhfpl3","cg20096325",1115
"ZNF326","AMEX60DD019092","Znf326","cg12233827",1116
"ZNF326","AMEX60DD019094","Znf326.1","cg12233827",1116
"ZNF326","AMEX60DD019096","Znf326.2","cg12233827",1116
"ZNF326","AMEX60DD043894","Znf326.3","cg12233827",1116
"ZNF407","AMEX60DD039213","Znf407","cg16590914",1118
"PAX2","AMEX60DD051628","Pax2","cg03795866",1120
"PLCB4","AMEX60DD035741","Plcb4","cg14299268",1121
"VAPA","AMEX60DD045364","Vapa.1","cg12143541",1122
"VAPA","AMEX60DD038204","Vapa","cg12143541",1122
"PAX2","AMEX60DD051628","Pax2","cg18519316",1125
"CXXC4","AMEX60DD044661","Cxxc4","cg18454322",1127
"AUTS2","AMEX60DD027966","Auts2","cg03592357",1129
"AUTS2","AMEX60DD054212","Auts2.1","cg03592357",1129
"AUTS2","AMEX60DD054215","Auts2.3","cg03592357",1129
"AUTS2","AMEX60DD054214","Auts2.2","cg03592357",1129
"TRIM2","AMEX60DD045068","Trim2","cg14763613",1130
"TRIM2","AMEX60DD045080","Trim2.2","cg14763613",1130
"TRIM2","AMEX60DD045069","Trim2.1","cg14763613",1130
"TRIM2","AMEX60DD050079","Trim2.3","cg14763613",1130
"TRIM2","AMEX60DD050082","Trim2.4","cg14763613",1130
"EN1","AMEX60DD056025","En1","cg21715653",1131
"VRK2","AMEX60DD035418","Vrk2","cg21588080",1132
"EBF3","AMEX60DD046404","Ebf3","cg21609270",1133
"EBF3","AMEX60DD052723","Ebf3.1","cg21609270",1133
"CHD7","AMEX60DD039791","Chd7","cg15672744",1134
"GATA3","AMEX60DD008149","Gata3","cg23001174",1135
"NIPBL","AMEX60DD041916","Nipbl","cg07381383",1137
"NIPBL","AMEX60DD041917","Nipbl.1","cg07381383",1137
"TSHZ2","AMEX60DD027389","Tshz2","cg01718371",1139
"SP8","AMEX60DD055700","Sp8","cg07024948",1140
"SP8","AMEX60DD055701","Sp8.1","cg07024948",1140
"ST18","AMEX60DD039692","St18","cg24859789",1143
"CUX2","AMEX60DD000678","Cux2","cg21528042",1144
"KCNMA1","AMEX60DD052212","Kcnma1","cg19245883",1145
"SOX5","AMEX60DD006750","Sox5","cg26653463",1146
"URI1","AMEX60DD016694","Uri1.1","cg23856718",1147
"URI1","AMEX60DD016693","Uri1","cg23856718",1147
"RAB6A","AMEX60DD049781","Rab6a","cg17913249",1148
"CLK4","AMEX60DD029025","Clk4","cg07091001",1149
"PAX2","AMEX60DD051628","Pax2","cg02441231",1150
"ARRDC3","AMEX60DD042571","Arrdc3","cg20527060",1151
"FIGN","AMEX60DD029644","Fign","cg10662112",1152
"FIGN","AMEX60DD055759","Fign.1","cg10662112",1152
"CSNK1A1","AMEX60DD027743","Csnk1a1","cg02058618",1154
"FOXP2","AMEX60DD006292","Foxp2","cg12836107",1155
"ZFHX3","AMEX60DD016992","Zfhx3","cg08165785",1156
"PCDH19","AMEX60DD037682","Pcdh19","cg15523513",1157
"R3HDM1","AMEX60DD055961","R3hdm1","cg12642535",1160
"NBEA","AMEX60DD049196","Nbea","cg11349601",1161
"NBEA","AMEX60DD049214","Nbea.2","cg11349601",1161
"NBEA","AMEX60DD049211","Nbea.1","cg11349601",1161
"CSNK1A1","AMEX60DD027743","Csnk1a1","cg07000689",1162
"OTOF","AMEX60DD032692","Otof.1","cg25380047",1163
"OTOF","AMEX60DD032693","Otof.2","cg25380047",1163
"OTOF","AMEX60DD032691","Otof","cg25380047",1163
"PBX1","AMEX60DD031588","Pbx1.1","cg14181386",1164
"PBX1","AMEX60DD018398","Pbx1","cg14181386",1164
"PBX1","AMEX60DD050515","Pbx1.3","cg14181386",1164
"PBX1","AMEX60DD050512","Pbx1.2","cg14181386",1164
"GPD2","AMEX60DD055827","Gpd2","cg22358587",1165
"DDX6","AMEX60DD053875","Ddx6.1","cg22958407",1166
"DDX6","AMEX60DD018160","Ddx6","cg22958407",1166
"PBX3","AMEX60DD050513","Pbx3.1","cg02714730",1168
"PBX3","AMEX60DD050511","Pbx3","cg02714730",1168
"EPHA5","AMEX60DD043966","Epha5","cg03295030",1169
"SORBS1","AMEX60DD051753","Sorbs1","cg21108662",1171
"SIX1","AMEX60DD024753","Six1.1","cg07933800",1172
"SIX1","AMEX60DD011856","Six1","cg07933800",1172
"CELSR2","AMEX60DD008588","Celsr2.1","cg13990083",1173
"CELSR2","AMEX60DD008587","Celsr2","cg13990083",1173
"AREL1","AMEX60DD011454","Arel1.1","cg00133606",1175
"AREL1","AMEX60DD011453","Arel1","cg00133606",1175
"AREL1","AMEX60DD011455","Arel1.2","cg00133606",1175
"AREL1","AMEX60DD011456","Arel1.3","cg00133606",1175
"PPIE","AMEX60DD006152","Ppie","cg24207957",1177
"ERBB4","AMEX60DD055396","Erbb4","cg05484434",1178
"TCF4","AMEX60DD041795","Tcf4","cg19826810",1179
"PPP6C","AMEX60DD050528","Ppp6c","cg12949849",1180
"PPP6C","AMEX60DD053928","Ppp6c.1","cg12949849",1180
"MBNL2","AMEX60DD048632","Mbnl2","cg15099692",1181
"GSK3B","AMEX60DD046950","Gsk3b","cg19719499",1182
"CAMKMT","AMEX60DD035946","Camkmt","cg07661299",1183
"BRD3","AMEX60DD050724","Brd3","cg17410614",1186
"SOX4","AMEX60DD038468","Sox4","cg23148651",1187
"CUX1","AMEX60DD054494","Cux1.1","cg02588333",1188
"CUX1","AMEX60DD054498","Cux1.4","cg02588333",1188
"CUX1","AMEX60DD054496","Cux1.3","cg02588333",1188
"CUX1","AMEX60DD054486","Cux1","cg02588333",1188
"CUX1","AMEX60DD054495","Cux1.2","cg02588333",1188
"ZNF407","AMEX60DD039213","Znf407","cg07893751",1189
"TCF4","AMEX60DD041795","Tcf4","cg22182330",1190
"MBNL2","AMEX60DD048632","Mbnl2","cg27152642",1194
"CNOT4","AMEX60DD007039","Cnot4","cg09841637",1195
"SREK1","AMEX60DD042257","Srek1","cg20432508",1196
"KAZALD1","AMEX60DD046379","Kazald1.2","cg03603629",1197
"KAZALD1","AMEX60DD002809","Kazald1","cg03603629",1197
"KAZALD1","AMEX60DD030415","Kazald1.1","cg03603629",1197
"KAZALD1","AMEX60DD052924","Kazald1.4","cg03603629",1197
"KAZALD1","AMEX60DD046684","Kazald1.3","cg03603629",1197
"EGLN1","AMEX60DD034548","Egln1","cg11168180",1198
"INPP4A","AMEX60DD047802","Inpp4a","cg23324815",1199
"ENOX1","AMEX60DD049098","Enox1.2","cg07815787",1201
"ENOX1","AMEX60DD037877","Enox1.1","cg07815787",1201
"ENOX1","AMEX60DD037876","Enox1","cg07815787",1201
"MICAL3","AMEX60DD006942","Mical3.1","cg26252870",1202
"MICAL3","AMEX60DD006940","Mical3","cg26252870",1202
"MICAL3","AMEX60DD008785","Mical3.2","cg26252870",1202
"PBX1","AMEX60DD031588","Pbx1.1","cg17572860",1203
"PBX1","AMEX60DD018398","Pbx1","cg17572860",1203
"PBX1","AMEX60DD050515","Pbx1.3","cg17572860",1203
"PBX1","AMEX60DD050512","Pbx1.2","cg17572860",1203
"MCTP1","AMEX60DD042590","Mctp1.1","cg18682631",1204
"MCTP1","AMEX60DD042591","Mctp1.2","cg18682631",1204
"MCTP1","AMEX60DD042588","Mctp1","cg18682631",1204
"HOXD3","AMEX60DD029486","Hoxd3","cg06941007",1205
"GATA3","AMEX60DD008149","Gata3","cg22300823",1206
"SAT1","AMEX60DD012758","Sat1","cg27192328",1207
"SAT1","AMEX60DD048380","Sat1.1","cg27192328",1207
"USH2A","AMEX60DD036103","Ush2a","cg14835946",1209
"PPARGC1A","AMEX60DD045773","Ppargc1a","cg09734589",1210
"ZFHX4","AMEX60DD039942","Zfhx4","cg15027745",1213
"KALRN","AMEX60DD056078","Kalrn","cg11815961",1214
"EBF3","AMEX60DD046404","Ebf3","cg11065917",1215
"EBF3","AMEX60DD052723","Ebf3.1","cg11065917",1215
"BRINP3","AMEX60DD018490","Brinp3","cg06020087",1216
"BNC2","AMEX60DD043399","Bnc2","cg04663744",1218
"ZCCHC7","AMEX60DD043992","Zcchc7","cg14726968",1219
"SMARCA2","AMEX60DD043116","Smarca2.3","cg26275174",1220
"SMARCA2","AMEX60DD043115","Smarca2.2","cg26275174",1220
"SMARCA2","AMEX60DD043112","Smarca2","cg26275174",1220
"SMARCA2","AMEX60DD043114","Smarca2.1","cg26275174",1220
"MSANTD2","AMEX60DD053995","Msantd2","cg01403858",1221
"NPAS3","AMEX60DD024711","Npas3.2","cg03265769",1222
"NPAS3","AMEX60DD012207","Npas3","cg03265769",1222
"NPAS3","AMEX60DD012209","Npas3.1","cg03265769",1222
"CCDC178","AMEX60DD039638","Ccdc178.1","cg00522668",1223
"CCDC178","AMEX60DD039634","Ccdc178","cg00522668",1223
"CPEB3","AMEX60DD052642","Cpeb3","cg05332877",1224
"RUFY3","AMEX60DD043666","Rufy3","cg08374320",1226
"RUFY3","AMEX60DD043667","Rufy3.1","cg08374320",1226
"FGF8","AMEX60DD052891","Fgf8","cg18055433",1227
"SOX6","AMEX60DD004724","Sox6","cg03586106",1228
"MEIS2","AMEX60DD012146","Meis2","cg11822715",1230
"FOXP1","AMEX60DD023939","Foxp1","cg21858607",1231
"TSHZ2","AMEX60DD027389","Tshz2","cg01204422",1232
"BNC2","AMEX60DD043399","Bnc2","cg04359093",1233
"TOX","AMEX60DD039777","Tox","cg12001273",1234
"PCDH7","AMEX60DD045723","Pcdh7.1","cg19604874",1235
"PCDH7","AMEX60DD045721","Pcdh7","cg19604874",1235
"SATB1","AMEX60DD022782","Satb1","cg06900751",1236
"POU4F2","AMEX60DD022852","Pou4f2","cg27188235",1238
"POU4F2","AMEX60DD045005","Pou4f2.1","cg27188235",1238
"RIMS2","AMEX60DD040262","Rims2.2","cg08268145",1239
"RIMS2","AMEX60DD040259","Rims2","cg08268145",1239
"RIMS2","AMEX60DD040260","Rims2.1","cg08268145",1239
"RORB","AMEX60DD014435","Rorb","cg16434122",1240
"RORB","AMEX60DD043202","Rorb.1","cg16434122",1240
"LMO4","AMEX60DD019060","Lmo4","cg19635296",1241
"LMO4","AMEX60DD051000","Lmo4.1","cg19635296",1241
"SIX3","AMEX60DD035943","Six3","cg16628256",1242
"RPS6KC1","AMEX60DD036076","Rps6kc1","cg20237992",1243
"RBFOX2","AMEX60DD030445","Rbfox2","cg10553388",1245
"ZBTB16","AMEX60DD053674","Zbtb16","cg10718624",1246
"BCL11A","AMEX60DD035398","Bcl11a.1","cg10147375",1247
"BCL11A","AMEX60DD024771","Bcl11a","cg10147375",1247
"MTOR","AMEX60DD051133","Mtor","cg17698820",1248
"MARCHF6","AMEX60DD019133","Marchf6","cg21808200",1250
"MARCHF6","AMEX60DD038784","Marchf6.1","cg21808200",1250
"PSMB2","AMEX60DD005941","Psmb2","cg23893180",1251
"BNC2","AMEX60DD043399","Bnc2","cg07739774",1252
"ELK3","AMEX60DD007825","Elk3","cg15652120",1253
"DCLK2","AMEX60DD045035","Dclk2","cg26370521",1254
"CNTLN","AMEX60DD043394","Cntln","cg05762489",1256
"RNF220","AMEX60DD032083","Rnf220.1","cg20476719",1257
"RNF220","AMEX60DD019858","Rnf220","cg20476719",1257
"MAFB","AMEX60DD009484","Mafb","cg12302541",1258
"MAFB","AMEX60DD028613","Mafb.1","cg12302541",1258
"MAPKAP1","AMEX60DD050518","Mapkap1","cg21924105",1259
"ELAVL4","AMEX60DD019659","Elavl4","cg14206377",1260
"EIF4G2","AMEX60DD045603","Eif4g2.1","cg06116160",1261
"EIF4G2","AMEX60DD004812","Eif4g2","cg06116160",1261
"CCDC178","AMEX60DD039638","Ccdc178.1","cg04785091",1263
"CCDC178","AMEX60DD039634","Ccdc178","cg04785091",1263
"OLA1","AMEX60DD055699","Ola1.1","cg04762682",1266
"OLA1","AMEX60DD055698","Ola1","cg04762682",1266
"ADGRB3","AMEX60DD033553","Adgrb3.1","cg11351443",1268
"ADGRB3","AMEX60DD033552","Adgrb3","cg11351443",1268
"TLE1","AMEX60DD043286","Tle1.2","cg22468877",1269
"TLE1","AMEX60DD043278","Tle1.1","cg22468877",1269
"TLE1","AMEX60DD013779","Tle1","cg22468877",1269
"MITF","AMEX60DD023930","Mitf.1","cg01316866",1271
"MITF","AMEX60DD023926","Mitf","cg01316866",1271
"UBA3","AMEX60DD023910","Uba3","cg13687200",1273
"BTRC","AMEX60DD052902","Btrc","cg12044283",1274
"BTRC","AMEX60DD052906","Btrc.1","cg12044283",1274
"KCNU1","AMEX60DD002474","Kcnu1","cg10136700",1275
"FOXP1","AMEX60DD023939","Foxp1","cg16385223",1276
"BNC2","AMEX60DD043399","Bnc2","cg06143578",1277
"RBM10","AMEX60DD021141","Rbm10","cg04441307",1280
"TCF7L2","AMEX60DD053152","Tcf7l2","cg13879297",1282
"MAZ","AMEX60DD028353","Maz","cg13016062",1283
"SLC8A3","AMEX60DD024420","Slc8a3.2","cg05044267",1284
"SLC8A3","AMEX60DD011892","Slc8a3","cg05044267",1284
"SLC8A3","AMEX60DD011893","Slc8a3.1","cg05044267",1284
"BTRC","AMEX60DD052902","Btrc","cg01429475",1286
"BTRC","AMEX60DD052906","Btrc.1","cg01429475",1286
"SHOX2","AMEX60DD001828","Shox2","cg21598510",1287
"ZNF423","AMEX60DD016569","Znf423","cg15346644",1288
"DSCAM","AMEX60DD047156","Dscam","cg19477942",1289
"DSCAM","AMEX60DD047157","Dscam.1","cg19477942",1289
"CHTOP","AMEX60DD015009","Chtop","cg00300233",1291
"GRIK2","AMEX60DD051344","Grik2.1","cg03787614",1292
"GRIK2","AMEX60DD034010","Grik2","cg03787614",1292
"CDH6","AMEX60DD038551","Cdh6","cg27379398",1293
"CDH6","AMEX60DD038551","Cdh6","cg18340611",1294
"CNOT4","AMEX60DD007039","Cnot4","cg21749099",1295
"AGFG1","AMEX60DD002140","Agfg1","cg11297878",1296
"AGFG1","AMEX60DD002141","Agfg1.1","cg11297878",1296
"NKX1-1","AMEX60DD046067","Nkx1-1","cg05613307",1297
"TRPS1","AMEX60DD040351","Trps1","cg19629739",1298
"FAM222B","AMEX60DD054839","Fam222b","cg19535301",1301
"FAM222B","AMEX60DD054840","Fam222b.1","cg19535301",1301
"ST18","AMEX60DD039692","St18","cg06723671",1302
"NHSL1","AMEX60DD035514","Nhsl1","cg04132830",1303
"MAX","AMEX60DD012060","Max","cg05776266",1304
"CLASP1","AMEX60DD056118","Clasp1","cg26328207",1308
"USP7","AMEX60DD021506","Usp7","cg06410870",1310
"USP7","AMEX60DD048265","Usp7.2","cg06410870",1310
"USP7","AMEX60DD021507","Usp7.1","cg06410870",1310
"USP7","AMEX60DD048266","Usp7.3","cg06410870",1310
"LMO4","AMEX60DD019060","Lmo4","cg25007534",1311
"LMO4","AMEX60DD051000","Lmo4.1","cg25007534",1311
"ZEB2","AMEX60DD029760","Zeb2","cg09571004",1313
"ZEB2","AMEX60DD055909","Zeb2.1","cg09571004",1313
"ZIC2","AMEX60DD048179","Zic2","cg15682828",1314
"NR2F1","AMEX60DD042580","Nr2f1.1","cg13050201",1316
"NR2F1","AMEX60DD015153","Nr2f1","cg13050201",1316
"ARID1B","AMEX60DD034958","Arid1b","cg07601545",1317
"CDK12","AMEX60DD010293","Cdk12","cg02471603",1318
"RASAL2","AMEX60DD018255","Rasal2","cg13853803",1319
"RASAL2","AMEX60DD031670","Rasal2.1","cg13853803",1319
"WBP1L","AMEX60DD052985","Wbp1l","cg03927796",1320
"SKAP1","AMEX60DD010192","Skap1","cg23350964",1321
"PHC2","AMEX60DD052044","Phc2","cg12338698",1322
"STXBP5L","AMEX60DD046929","Stxbp5l","cg17969607",1326
"STXBP5L","AMEX60DD046930","Stxbp5l.1","cg17969607",1326
"STXBP5L","AMEX60DD046931","Stxbp5l.2","cg17969607",1326
"GRIA4","AMEX60DD049465","Gria4","cg11326474",1327
"GRIA4","AMEX60DD049466","Gria4.1","cg11326474",1327
"RBFOX1","AMEX60DD020250","Rbfox1","cg26012912",1329
"ZNF536","AMEX60DD016701","Znf536.2","cg09070708",1330
"ZNF536","AMEX60DD016699","Znf536.1","cg09070708",1330
"ZNF536","AMEX60DD008513","Znf536","cg09070708",1330
"SOX5","AMEX60DD006750","Sox5","cg24788898",1332
"TAOK3","AMEX60DD001123","Taok3","cg13019008",1333
"PLEKHA5","AMEX60DD006691","Plekha5.1","cg05684493",1334
"PLEKHA5","AMEX60DD006690","Plekha5","cg05684493",1334
"ZFHX4","AMEX60DD039942","Zfhx4","cg12504100",1335
"LRPPRC","AMEX60DD035957","Lrpprc","cg07724970",1336
"GPHN","AMEX60DD012041","Gphn","cg09744081",1337
"DIAPH3","AMEX60DD048907","Diaph3","cg19044429",1339
"DIAPH3","AMEX60DD048908","Diaph3.1","cg19044429",1339
"DIAPH3","AMEX60DD048909","Diaph3.2","cg19044429",1339
"RANBP17","AMEX60DD030418","Ranbp17.1","cg12918088",1340
"RANBP17","AMEX60DD030416","Ranbp17","cg12918088",1340
"RANBP17","AMEX60DD030420","Ranbp17.2","cg12918088",1340
"TCF4","AMEX60DD041795","Tcf4","cg16698248",1341
"TRIP12","AMEX60DD002012","Trip12","cg19176697",1342
"TRIP12","AMEX60DD002013","Trip12.1","cg19176697",1342
"LRPPRC","AMEX60DD035957","Lrpprc","cg19327672",1343
"PRDM6","AMEX60DD042870","Prdm6","cg26485928",1344
"RBFOX1","AMEX60DD020250","Rbfox1","cg02788988",1347
"GPATCH2L","AMEX60DD011168","Gpatch2l","cg18804410",1348
"TEAD1","AMEX60DD017302","Tead1.1","cg14194584",1349
"TEAD1","AMEX60DD004832","Tead1","cg14194584",1349
"RGS9","AMEX60DD031173","Rgs9","cg23319205",1350
"AUTS2","AMEX60DD027966","Auts2","cg07866455",1351
"AUTS2","AMEX60DD054212","Auts2.1","cg07866455",1351
"AUTS2","AMEX60DD054215","Auts2.3","cg07866455",1351
"AUTS2","AMEX60DD054214","Auts2.2","cg07866455",1351
"EBF2","AMEX60DD002999","Ebf2","cg05217279",1353
"MECOM","AMEX60DD001756","Mecom","cg19788669",1354
"MACF1","AMEX60DD006142","Macf1","cg26947144",1355
"CASZ1","AMEX60DD051153","Casz1","cg09537576",1358
"CASZ1","AMEX60DD053420","Casz1.1","cg09537576",1358
"RASAL2","AMEX60DD018255","Rasal2","cg24957775",1359
"RASAL2","AMEX60DD031670","Rasal2.1","cg24957775",1359
"SUPT3H","AMEX60DD032918","Supt3h","cg01537460",1360
"ATP5F1A","AMEX60DD041683","Atp5f1a","cg03466012",1364
"MAPKAP1","AMEX60DD050518","Mapkap1","cg27371176",1367
"NRG1","AMEX60DD043761","Nrg1","cg19665414",1368
"EIF4G2","AMEX60DD045603","Eif4g2.1","cg11124915",1369
"EIF4G2","AMEX60DD004812","Eif4g2","cg11124915",1369
"PTBP2","AMEX60DD018769","Ptbp2","cg22589574",1370
"CLASP1","AMEX60DD056118","Clasp1","cg16745091",1371
"KCNA1","AMEX60DD006607","Kcna1","cg06385312",1372
"VRK1","AMEX60DD011400","Vrk1","cg06788975",1373
"CHSY3","AMEX60DD042938","Chsy3.1","cg24642372",1374
"CHSY3","AMEX60DD042937","Chsy3","cg24642372",1374
"MDGA1","AMEX60DD036390","Mdga1","cg23111024",1376
"FLOT2","AMEX60DD054834","Flot2","cg19814508",1377
"FLOT2","AMEX60DD054835","Flot2.1","cg19814508",1377
"RAPGEF2","AMEX60DD045172","Rapgef2","cg15634098",1379
"SATB1","AMEX60DD022782","Satb1","cg16807421",1381
"LIN52","AMEX60DD011477","Lin52","cg21498538",1383
"CNKSR2","AMEX60DD048492","Cnksr2.1","cg00300224",1384
"CNKSR2","AMEX60DD048493","Cnksr2.2","cg00300224",1384
"CNKSR2","AMEX60DD048489","Cnksr2","cg00300224",1384
"BCAS3","AMEX60DD054622","Bcas3","cg12262659",1393
"BCAS3","AMEX60DD054624","Bcas3.1","cg12262659",1393
"SIX2","AMEX60DD035940","Six2","cg03986120",1394
"LRMDA","AMEX60DD052208","Lrmda.2","cg16157644",1395
"LRMDA","AMEX60DD052207","Lrmda.1","cg16157644",1395
"LRMDA","AMEX60DD052205","Lrmda","cg16157644",1395
"FOXP1","AMEX60DD023939","Foxp1","cg25836410",1396
"DCDC1","AMEX60DD004913","Dcdc1","cg16670758",1398
"HTATIP2","AMEX60DD005003","Htatip2","cg10331358",1399
"SOX5","AMEX60DD006750","Sox5","cg15751632",1400
"SOX5","AMEX60DD006750","Sox5","cg26575318",1402
"AJAP1","AMEX60DD051419","Ajap1","cg01052352",1403
"IKZF2","AMEX60DD055399","Ikzf2","cg23976139",1404
"TBC1D5","AMEX60DD022787","Tbc1d5","cg02699795",1405
"MRPS23","AMEX60DD054095","Mrps23","cg26736720",1406
"EVX2","AMEX60DD010172","Evx2","cg02572224",1407
"EVX2","AMEX60DD055613","Evx2.1","cg02572224",1407
"SKOR1","AMEX60DD003411","Skor1","cg21607628",1408
"TLE1","AMEX60DD043286","Tle1.2","cg24557436",1409
"TLE1","AMEX60DD043278","Tle1.1","cg24557436",1409
"TLE1","AMEX60DD013779","Tle1","cg24557436",1409
"PBX1","AMEX60DD031588","Pbx1.1","cg15679520",1410
"PBX1","AMEX60DD018398","Pbx1","cg15679520",1410
"PBX1","AMEX60DD050515","Pbx1.3","cg15679520",1410
"PBX1","AMEX60DD050512","Pbx1.2","cg15679520",1410
"LMO1","AMEX60DD004749","Lmo1","cg24475906",1411
"RBM26","AMEX60DD048790","Rbm26","cg16947830",1412
"TSHZ2","AMEX60DD027389","Tshz2","cg18724036",1413
"KCNA3","AMEX60DD008703","Kcna3.1","cg03078535",1414
"KCNA3","AMEX60DD016324","Kcna3.2","cg03078535",1414
"KCNA3","AMEX60DD006606","Kcna3","cg03078535",1414
"FOXP2","AMEX60DD006292","Foxp2","cg24977387",1415
"ZFHX4","AMEX60DD039942","Zfhx4","cg27649360",1416
"AGAP1","AMEX60DD055479","Agap1.1","cg01399875",1417
"AGAP1","AMEX60DD055475","Agap1","cg01399875",1417
"PROX1","AMEX60DD025278","Prox1","cg03078414",1419
"PROX1","AMEX60DD036083","Prox1.1","cg03078414",1419
"STOX2","AMEX60DD045378","Stox2","cg03504115",1420
"SIM1","AMEX60DD034017","Sim1","cg04609744",1421
"MAPKAP1","AMEX60DD050518","Mapkap1","cg22158106",1423
"SPTBN1","AMEX60DD024979","Sptbn1","cg00533774",1424
"SPTBN1","AMEX60DD036506","Sptbn1.2","cg00533774",1424
"SPTBN1","AMEX60DD035674","Sptbn1.1","cg00533774",1424
"METTL3","AMEX60DD009445","Mettl3","cg01566077",1425
"FBXL4","AMEX60DD033855","Fbxl4","cg02791630",1426
"RBFOX1","AMEX60DD020250","Rbfox1","cg14946072",1428
"VRK2","AMEX60DD035418","Vrk2","cg05425369",1430
"ETV1","AMEX60DD022427","Etv1","cg13187690",1431
"LEF1","AMEX60DD044502","Lef1","cg10668448",1432
"TSHZ3","AMEX60DD016709","Tshz3","cg25048251",1433
"ZNF521","AMEX60DD039549","Znf521","cg15783852",1434
"ZBTB16","AMEX60DD053674","Zbtb16","cg17513136",1435
"ZNF521","AMEX60DD039549","Znf521","cg20345626",1436
"ZFHX3","AMEX60DD016992","Zfhx3","cg15023125",1437
"UNCX","AMEX60DD021249","Uncx","cg16547543",1438
"QKI","AMEX60DD034890","Qki","cg22149755",1439
"HOXA7","HoxA7","Hoxa7","cg07302069",1440
"BCL11A","AMEX60DD035398","Bcl11a.1","cg13948651",1441
"BCL11A","AMEX60DD024771","Bcl11a","cg13948651",1441
"FMNL2","AMEX60DD055848","Fmnl2","cg12932612",1442
"ZFHX4","AMEX60DD039942","Zfhx4","cg26626645",1443
"PBX1","AMEX60DD031588","Pbx1.1","cg24043916",1444
"PBX1","AMEX60DD018398","Pbx1","cg24043916",1444
"PBX1","AMEX60DD050515","Pbx1.3","cg24043916",1444
"PBX1","AMEX60DD050512","Pbx1.2","cg24043916",1444
"MKLN1","AMEX60DD048596","Mkln1.2","cg09596855",1445
"MKLN1","AMEX60DD008080","Mkln1","cg09596855",1445
"MKLN1","AMEX60DD008081","Mkln1.1","cg09596855",1445
"METAP1D","AMEX60DD055668","Metap1d","cg02993437",1449
"VSX2","AMEX60DD011474","Vsx2","cg23225221",1450
"UNCX","AMEX60DD021249","Uncx","cg06404927",1451
"UNC5C","AMEX60DD044041","Unc5c","cg25831669",1452
"SETBP1","AMEX60DD041668","Setbp1","cg12407846",1453
"SMO","AMEX60DD008017","Smo","cg07904962",1454
"GPD2","AMEX60DD055827","Gpd2","cg18508649",1456
"CHIC2","AMEX60DD045545","Chic2","cg12487068",1457
"SATB1","AMEX60DD022782","Satb1","cg13082148",1459
"SMURF2","AMEX60DD031106","Smurf2","cg20177885",1460
"NRG1","AMEX60DD043761","Nrg1","cg02416191",1463
"C1QL3","AMEX60DD022116","C1ql3","cg20152954",1464
"FOXP4","AMEX60DD009181","Foxp4","cg25238025",1466
"MECOM","AMEX60DD001756","Mecom","cg23626248",1467
"UTP11","AMEX60DD005832","Utp11","cg16317038",1468
"LRMDA","AMEX60DD052208","Lrmda.2","cg11470772",1469
"LRMDA","AMEX60DD052207","Lrmda.1","cg11470772",1469
"LRMDA","AMEX60DD052205","Lrmda","cg11470772",1469
"YPEL5","AMEX60DD036218","Ypel5","cg09670972",1470
"DACH1","AMEX60DD048850","Dach1","cg03373557",1471
"ZNF521","AMEX60DD039549","Znf521","cg01602213",1472
"PTPRD","AMEX60DD043348","Ptprd","cg19002453",1473
"PHF21A","AMEX60DD005256","Phf21a","cg21390528",1474
"BTRC","AMEX60DD052902","Btrc","cg02268652",1475
"BTRC","AMEX60DD052906","Btrc.1","cg02268652",1475
"VRK1","AMEX60DD011400","Vrk1","cg22864641",1476
"ZFHX4","AMEX60DD039942","Zfhx4","cg06222547",1477
"MID1","AMEX60DD048580","Mid1","cg16218119",1478
"TEAD1","AMEX60DD017302","Tead1.1","cg08749684",1480
"TEAD1","AMEX60DD004832","Tead1","cg08749684",1480
"TMEM170B","AMEX60DD038906","Tmem170b","cg13160963",1481
"MEIS1","AMEX60DD035598","Meis1.1","cg16076776",1482
"MEIS1","AMEX60DD024424","Meis1","cg16076776",1482
"CASZ1","AMEX60DD051153","Casz1","cg13475927",1483
"CASZ1","AMEX60DD053420","Casz1.1","cg13475927",1483
"AP4S1","AMEX60DD012193","Ap4s1","cg06771612",1484
"FIGN","AMEX60DD029644","Fign","cg17214349",1485
"FIGN","AMEX60DD055759","Fign.1","cg17214349",1485
"PAX2","AMEX60DD051628","Pax2","cg26845017",1486
"PPP2R5B","AMEX60DD025265","Ppp2r5b","cg03375386",1487
"ZNF536","AMEX60DD016701","Znf536.2","cg04837182",1488
"ZNF536","AMEX60DD016699","Znf536.1","cg04837182",1488
"ZNF536","AMEX60DD008513","Znf536","cg04837182",1488
"SCUBE1","AMEX60DD006431","Scube1.1","cg12099383",1489
"SCUBE1","AMEX60DD006435","Scube1.2","cg12099383",1489
"SCUBE1","AMEX60DD003135","Scube1","cg12099383",1489
"PTPRA","AMEX60DD046196","Ptpra","cg27109335",1491
"DENND1B","AMEX60DD032114","Dennd1b","cg04996684",1492
"NFAT5","AMEX60DD017014","Nfat5","cg22351690",1493
"AP3B1","AMEX60DD042316","Ap3b1","cg09689442",1494
"TNPO1","AMEX60DD042436","Tnpo1","cg18562542",1495
"TNPO1","AMEX60DD042439","Tnpo1.1","cg18562542",1495
"NDP","AMEX60DD047596","Ndp","cg20415069",1496
"ZNF827","AMEX60DD044992","Znf827","cg10543626",1499
"WWOX","AMEX60DD032382","Wwox.1","cg02808705",1500
"WWOX","AMEX60DD032381","Wwox","cg02808705",1500
"ZBTB7B","AMEX60DD014889","Zbtb7b","cg23238433",1501
"SOX6","AMEX60DD004724","Sox6","cg18680222",1503
"PURA","AMEX60DD029051","Pura","cg19835617",1505
"ZEB2","AMEX60DD029760","Zeb2","cg04709860",1506
"ZEB2","AMEX60DD055909","Zeb2.1","cg04709860",1506
"FEZF1","AMEX60DD007417","Fezf1","cg25768681",1507
"CACNA1C","AMEX60DD006922","Cacna1c","cg09216664",1510
"CACNA1C","AMEX60DD006923","Cacna1c.1","cg09216664",1510
"CACNA1C","AMEX60DD006925","Cacna1c.2","cg09216664",1510
"TFAP2A","AMEX60DD038319","Tfap2a","cg22776742",1511
"MBNL2","AMEX60DD048632","Mbnl2","cg10257214",1512
"ZNF536","AMEX60DD016701","Znf536.2","cg05991704",1513
"ZNF536","AMEX60DD016699","Znf536.1","cg05991704",1513
"ZNF536","AMEX60DD008513","Znf536","cg05991704",1513
"TSHZ2","AMEX60DD027389","Tshz2","cg17803853",1515
"TSHZ1","AMEX60DD039220","Tshz1","cg20318739",1516
"CELF4","AMEX60DD003871","Celf4","cg09049858",1518
"CELF4","AMEX60DD041624","Celf4.1","cg09049858",1518
"CELF4","AMEX60DD041626","Celf4.2","cg09049858",1518
"MAP4K4","AMEX60DD037294","Map4k4","cg19880080",1519
"MAP4K4","AMEX60DD047861","Map4k4.2","cg19880080",1519
"MAP4K4","AMEX60DD047860","Map4k4.1","cg19880080",1519
"MAP4K4","AMEX60DD047862","Map4k4.3","cg19880080",1519
"HOXD10","HoxD10","Hoxd10","cg23194298",1520
"DLX1","AMEX60DD055670","Dlx1","cg00587168",1521
"PTPRD","AMEX60DD043348","Ptprd","cg19261941",1522
"RBFOX1","AMEX60DD020250","Rbfox1","cg23266553",1523
"SCML4","AMEX60DD034066","Scml4","cg27659622",1524
"SCML4","AMEX60DD034068","Scml4.1","cg27659622",1524
"CDCA2","AMEX60DD002995","Cdca2","cg15439774",1525
"ACACA","AMEX60DD054117","Acaca.1","cg01548368",1526
"ACACA","AMEX60DD054118","Acaca.2","cg01548368",1526
"ACACA","AMEX60DD054114","Acaca","cg01548368",1526
"SDCCAG8","AMEX60DD035270","Sdccag8","cg23178698",1527
"SDCCAG8","AMEX60DD035273","Sdccag8.1","cg23178698",1527
"PCDH19","AMEX60DD037682","Pcdh19","cg08796800",1528
"NCK1","AMEX60DD002385","Nck1","cg20960038",1529
"BNC2","AMEX60DD043399","Bnc2","cg26753700",1530
"UNC79","AMEX60DD011217","Unc79","cg11563254",1531
"CAMKMT","AMEX60DD035946","Camkmt","cg08776208",1532
"RBFOX1","AMEX60DD020250","Rbfox1","cg11647274",1533
"FTO","AMEX60DD017737","Fto.1","cg17161441",1534
"FTO","AMEX60DD017735","Fto","cg17161441",1534
"FGF8","AMEX60DD052891","Fgf8","cg13388302",1535
"DACH1","AMEX60DD048850","Dach1","cg10190905",1538
"CREM","AMEX60DD021752","Crem.1","cg19891210",1539
"CREM","AMEX60DD021748","Crem","cg19891210",1539
"KDM3B","AMEX60DD027927","Kdm3b","cg22411965",1540
"EBF2","AMEX60DD002999","Ebf2","cg24357055",1542
"LRBA","AMEX60DD045036","Lrba","cg09024503",1543
"HECTD1","AMEX60DD012203","Hectd1.1","cg23133047",1544
"HECTD1","AMEX60DD012196","Hectd1","cg23133047",1544
"CAMK2B","AMEX60DD001307","Camk2b","cg16676647",1545
"UNCX","AMEX60DD021249","Uncx","cg07116727",1547
"NPNT","AMEX60DD044651","Npnt","cg14121771",1548
"BARHL2","AMEX60DD052670","Barhl2.1","cg20145008",1550
"BARHL2","AMEX60DD019109","Barhl2","cg20145008",1550
"FOXA1","AMEX60DD012261","Foxa1","cg03772350",1551
"TFAP2D","AMEX60DD032878","Tfap2d","cg11200278",1554
"FMNL2","AMEX60DD055848","Fmnl2","cg07291847",1555
"FOXP2","AMEX60DD006292","Foxp2","cg09216777",1556
"PBX3","AMEX60DD050513","Pbx3.1","cg03315583",1557
"PBX3","AMEX60DD050511","Pbx3","cg03315583",1557
"MRPS9","AMEX60DD048051","Mrps9","cg20888163",1560
"EXT1","AMEX60DD040379","Ext1.3","cg13802770",1561
"EXT1","AMEX60DD032576","Ext1","cg13802770",1561
"EXT1","AMEX60DD032577","Ext1.1","cg13802770",1561
"EXT1","AMEX60DD032581","Ext1.2","cg13802770",1561
"ZBTB44","AMEX60DD015291","Zbtb44","cg06786029",1562
"ZBTB44","AMEX60DD053562","Zbtb44.2","cg06786029",1562
"ZBTB44","AMEX60DD053566","Zbtb44.3","cg06786029",1562
"ZBTB44","AMEX60DD015299","Zbtb44.1","cg06786029",1562
"FAM120A","AMEX60DD023685","Fam120a","cg12999303",1563
"NRXN3","AMEX60DD011291","Nrxn3","cg16420308",1565
"SPRED1","AMEX60DD012140","Spred1","cg23164054",1566
"XKR6","AMEX60DD032812","Xkr6","cg03504911",1567
"DACH1","AMEX60DD048850","Dach1","cg17939749",1568
"UNCX","AMEX60DD021249","Uncx","cg10903496",1569
"ZNF407","AMEX60DD039213","Znf407","cg08880309",1570
"ZNF521","AMEX60DD039549","Znf521","cg12461019",1572
"IQSEC2","AMEX60DD025449","Iqsec2","cg19214235",1573
"IQSEC2","AMEX60DD025451","Iqsec2.1","cg19214235",1573
"GPATCH2","AMEX60DD036112","Gpatch2","cg24460327",1574
"GPATCH2","AMEX60DD036113","Gpatch2.1","cg24460327",1574
"HOXA11","HoxA11","Hoxa11","cg00608008",1575
"SATB1","AMEX60DD022782","Satb1","cg19960246",1577
"ZNF131","AMEX60DD041997","Znf131","cg27146044",1581
"ZDHHC14","AMEX60DD034953","Zdhhc14","cg03967706",1584
"ZDHHC14","AMEX60DD034954","Zdhhc14.1","cg03967706",1584
"FAM91A1","AMEX60DD040446","Fam91a1","cg02634400",1585
"PLP1","AMEX60DD037780","Plp1","cg02482206",1586
"PHC2","AMEX60DD052044","Phc2","cg22807090",1588
"ZFHX4","AMEX60DD039942","Zfhx4","cg03137308",1590
"NOL4","AMEX60DD039647","Nol4.4","cg21949818",1591
"NOL4","AMEX60DD039645","Nol4.3","cg21949818",1591
"NOL4","AMEX60DD004157","Nol4","cg21949818",1591
"NOL4","AMEX60DD007813","Nol4.2","cg21949818",1591
"NOL4","AMEX60DD004433","Nol4.1","cg21949818",1591
"FOXP2","AMEX60DD006292","Foxp2","cg26368124",1593
"RUNX2","AMEX60DD032921","Runx2","cg07290414",1594
"RUNX2","AMEX60DD032922","Runx2.1","cg07290414",1594
"ZNF521","AMEX60DD039549","Znf521","cg00057767",1595
"IL20RB","AMEX60DD002383","Il20rb","cg05260361",1596
"HPCAL1","AMEX60DD006110","Hpcal1","cg11416350",1597
"PPP4R3A","AMEX60DD011693","Ppp4r3a","cg27556260",1599
"LRP4","AMEX60DD005288","Lrp4","cg04958799",1600
"ZNF407","AMEX60DD039213","Znf407","cg17936504",1601
"KCNB1","AMEX60DD027563","Kcnb1.2","cg14736210",1602
"KCNB1","AMEX60DD027561","Kcnb1.1","cg14736210",1602
"KCNB1","AMEX60DD027560","Kcnb1","cg14736210",1602
"ZNF521","AMEX60DD039549","Znf521","cg23525713",1603
"FIGN","AMEX60DD029644","Fign","cg22531336",1604
"FIGN","AMEX60DD055759","Fign.1","cg22531336",1604
"RBM26","AMEX60DD048790","Rbm26","cg14365239",1605
"ZNF827","AMEX60DD044992","Znf827","cg11085831",1606
"BCAS3","AMEX60DD054622","Bcas3","cg04040316",1607
"BCAS3","AMEX60DD054624","Bcas3.1","cg04040316",1607
"NKX1-1","AMEX60DD046067","Nkx1-1","cg05879189",1609
"LMO4","AMEX60DD019060","Lmo4","cg08700971",1610
"LMO4","AMEX60DD051000","Lmo4.1","cg08700971",1610
"ZFPM2","AMEX60DD040273","Zfpm2","cg23486454",1611
"ZFPM2","AMEX60DD040274","Zfpm2.1","cg23486454",1611
"FMNL2","AMEX60DD055848","Fmnl2","cg23091488",1612
"HTATIP2","AMEX60DD005003","Htatip2","cg05111000",1613
"CHD4","AMEX60DD026866","Chd4","cg02298641",1614
"SCN8A","AMEX60DD029649","Scn8a","cg25636273",1615
"TLE1","AMEX60DD043286","Tle1.2","cg15962733",1616
"TLE1","AMEX60DD043278","Tle1.1","cg15962733",1616
"TLE1","AMEX60DD013779","Tle1","cg15962733",1616
"CDK8","AMEX60DD049307","Cdk8","cg07459029",1617
"UNCX","AMEX60DD021249","Uncx","cg14464509",1618
"SMG6","AMEX60DD054899","Smg6","cg09606114",1620
"SMG6","AMEX60DD054901","Smg6.1","cg09606114",1620
"SMG6","AMEX60DD054903","Smg6.2","cg09606114",1620
"ERI3","AMEX60DD019855","Eri3","cg05817746",1621
"ZNF536","AMEX60DD016701","Znf536.2","cg20677320",1622
"ZNF536","AMEX60DD016699","Znf536.1","cg20677320",1622
"ZNF536","AMEX60DD008513","Znf536","cg20677320",1622
"HDAC9","AMEX60DD022301","Hdac9","cg08153906",1623
"ZFHX3","AMEX60DD016992","Zfhx3","cg16218569",1624
"POU2F1","AMEX60DD047046","Pou2f1","cg08267336",1625
"MAN2A2","AMEX60DD003347","Man2a2","cg00891226",1627
"NOVA1","AMEX60DD012170","Nova1","cg14403641",1628
"NOVA1","AMEX60DD024841","Nova1.1","cg14403641",1628
"TRPS1","AMEX60DD040351","Trps1","cg15680017",1629
"FOXP2","AMEX60DD006292","Foxp2","cg25011187",1631
"CLTC","AMEX60DD000254","Cltc","cg12482375",1632
"CLTC","AMEX60DD054658","Cltc.2","cg12482375",1632
"CLTC","AMEX60DD003482","Cltc.1","cg12482375",1632
"ZEB2","AMEX60DD029760","Zeb2","cg14807945",1634
"ZEB2","AMEX60DD055909","Zeb2.1","cg14807945",1634
"STXBP5L","AMEX60DD046929","Stxbp5l","cg14812813",1636
"STXBP5L","AMEX60DD046930","Stxbp5l.1","cg14812813",1636
"STXBP5L","AMEX60DD046931","Stxbp5l.2","cg14812813",1636
"TCF12","AMEX60DD003650","Tcf12","cg03237342",1637
"RANBP17","AMEX60DD030418","Ranbp17.1","cg17109710",1638
"RANBP17","AMEX60DD030416","Ranbp17","cg17109710",1638
"RANBP17","AMEX60DD030420","Ranbp17.2","cg17109710",1638
"TRPM7","AMEX60DD003609","Trpm7.2","cg08768607",1639
"TRPM7","AMEX60DD003606","Trpm7","cg08768607",1639
"TRPM7","AMEX60DD003607","Trpm7.1","cg08768607",1639
"TRPM7","AMEX60DD003610","Trpm7.3","cg08768607",1639
"FGF13","AMEX60DD037407","Fgf13","cg19270384",1640
"CLCN6","AMEX60DD051101","Clcn6.1","cg01725297",1641
"CLCN6","AMEX60DD039664","Clcn6","cg01725297",1641
"DHX15","AMEX60DD045767","Dhx15","cg01655447",1643
"FIGN","AMEX60DD029644","Fign","cg22938044",1644
"FIGN","AMEX60DD055759","Fign.1","cg22938044",1644
"ARHGAP44","AMEX60DD030659","Arhgap44","cg06562912",1645
"ARHGAP44","AMEX60DD030663","Arhgap44.1","cg06562912",1645
"GUCY2D","AMEX60DD013113","Gucy2d","cg16670915",1647
"GUCY2D","AMEX60DD013114","Gucy2d.1","cg16670915",1647
"GUCY2D","AMEX60DD049734","Gucy2d.2","cg16670915",1647
"CDK14","AMEX60DD022202","Cdk14","cg10562683",1648
"ZFHX3","AMEX60DD016992","Zfhx3","cg17876210",1649
"EWSR1","AMEX60DD001000","Ewsr1","cg23633223",1650
"UBE2K","AMEX60DD045656","Ube2k","cg05661289",1651
"SREK1","AMEX60DD042257","Srek1","cg05371975",1652
"ROCK1","AMEX60DD039469","Rock1","cg11730244",1654
"ROCK1","AMEX60DD039470","Rock1.1","cg11730244",1654
"SLIT1","AMEX60DD052864","Slit1","cg19247998",1656
"NPSR1","AMEX60DD038035","Npsr1.2","cg26100255",1657
"NPSR1","AMEX60DD038034","Npsr1.1","cg26100255",1657
"NPSR1","AMEX60DD038033","Npsr1","cg26100255",1657
"NAA30","AMEX60DD011126","Naa30","cg26285771",1658
"PTBP3","AMEX60DD044153","Ptbp3","cg03883593",1660
"RANBP17","AMEX60DD030418","Ranbp17.1","cg14505098",1661
"RANBP17","AMEX60DD030416","Ranbp17","cg14505098",1661
"RANBP17","AMEX60DD030420","Ranbp17.2","cg14505098",1661
"HOXD3","AMEX60DD029486","Hoxd3","cg05496616",1662
"WNT11","AMEX60DD036922","Wnt11","cg25563382",1663
"WNT11","AMEX60DD049747","Wnt11.1","cg25563382",1663
"DLX1","AMEX60DD055670","Dlx1","cg19317509",1664
"ESRRG","AMEX60DD025330","Esrrg","cg02744008",1665
"ESRRG","AMEX60DD036107","Esrrg.1","cg02744008",1665
"ZEB2","AMEX60DD029760","Zeb2","cg04305771",1666
"ZEB2","AMEX60DD055909","Zeb2.1","cg04305771",1666
"CLPB","AMEX60DD049862","Clpb","cg13694139",1667
"CLPB","AMEX60DD049863","Clpb.1","cg13694139",1667
"MRM1","AMEX60DD054128","Mrm1","cg20867091",1668
"PBX3","AMEX60DD050513","Pbx3.1","cg23495507",1669
"PBX3","AMEX60DD050511","Pbx3","cg23495507",1669
"PSMD14","AMEX60DD055782","Psmd14","cg23174567",1670
"EBF3","AMEX60DD046404","Ebf3","cg25074583",1671
"EBF3","AMEX60DD052723","Ebf3.1","cg25074583",1671
"DACH1","AMEX60DD048850","Dach1","cg08159677",1672
"MAPKAP1","AMEX60DD050518","Mapkap1","cg08071891",1673
"PAXBP1","AMEX60DD047311","Paxbp1","cg04396213",1674
"SLC8A3","AMEX60DD024420","Slc8a3.2","cg19367422",1675
"SLC8A3","AMEX60DD011892","Slc8a3","cg19367422",1675
"SLC8A3","AMEX60DD011893","Slc8a3.1","cg19367422",1675
"GPR26","AMEX60DD053354","Gpr26.1","cg21514135",1676
"GPR26","AMEX60DD045964","Gpr26","cg21514135",1676
"CAPZA1","AMEX60DD003463","Capza1","cg16609170",1677
"CAPZA1","AMEX60DD008912","Capza1.1","cg16609170",1677
"TFAP2D","AMEX60DD032878","Tfap2d","cg06019378",1678
"ELAVL4","AMEX60DD019659","Elavl4","cg04584281",1680
"ESRRG","AMEX60DD025330","Esrrg","cg26917738",1681
"ESRRG","AMEX60DD036107","Esrrg.1","cg26917738",1681
"HHEX","AMEX60DD052633","Hhex","cg11266260",1682
"TCF7L2","AMEX60DD053152","Tcf7l2","cg18460092",1683
"SMTN","AMEX60DD000909","Smtn","cg24357559",1685
"SMTN","AMEX60DD007359","Smtn.1","cg24357559",1685
"DACH1","AMEX60DD048850","Dach1","cg02791995",1686
"ACTN1","AMEX60DD012100","Actn1","cg18406453",1687
"PSMB7","AMEX60DD010473","Psmb7","cg02645656",1688
"PSMB7","AMEX60DD024735","Psmb7.1","cg02645656",1688
"PSMB7","AMEX60DD050552","Psmb7.2","cg02645656",1688
"ZNF521","AMEX60DD039549","Znf521","cg04068658",1690
"OTP","AMEX60DD042321","Otp.1","cg05317739",1693
"OTP","AMEX60DD042320","Otp","cg05317739",1693
"PTPRD","AMEX60DD043348","Ptprd","cg27353147",1695
"ZEB2","AMEX60DD029760","Zeb2","cg20352525",1696
"ZEB2","AMEX60DD055909","Zeb2.1","cg20352525",1696
"CNOT1","AMEX60DD015516","Cnot1.1","cg19362725",1697
"CNOT1","AMEX60DD015513","Cnot1","cg19362725",1697
"GNB2","AMEX60DD012809","Gnb2","cg22037288",1698
"TBCA","AMEX60DD042319","Tbca","cg18288070",1700
"HIF1AN","AMEX60DD051631","Hif1an","cg00780852",1701
"STXBP5L","AMEX60DD046929","Stxbp5l","cg18224177",1702
"STXBP5L","AMEX60DD046930","Stxbp5l.1","cg18224177",1702
"STXBP5L","AMEX60DD046931","Stxbp5l.2","cg18224177",1702
"GSX1","AMEX60DD049288","Gsx1","cg21479851",1703
"GTDC1","AMEX60DD031782","Gtdc1","cg14420219",1704
"SCML4","AMEX60DD034066","Scml4","cg05603896",1708
"SCML4","AMEX60DD034068","Scml4.1","cg05603896",1708
"MAP4K4","AMEX60DD037294","Map4k4","cg17752622",1709
"MAP4K4","AMEX60DD047861","Map4k4.2","cg17752622",1709
"MAP4K4","AMEX60DD047860","Map4k4.1","cg17752622",1709
"MAP4K4","AMEX60DD047862","Map4k4.3","cg17752622",1709
"WDR33","AMEX60DD002714","Wdr33","cg24269597",1711
"ZNF536","AMEX60DD016701","Znf536.2","cg09192464",1712
"ZNF536","AMEX60DD016699","Znf536.1","cg09192464",1712
"ZNF536","AMEX60DD008513","Znf536","cg09192464",1712
"PBX3","AMEX60DD050513","Pbx3.1","cg26717518",1713
"PBX3","AMEX60DD050511","Pbx3","cg26717518",1713
"CALCOCO1","AMEX60DD029523","Calcoco1","cg00017737",1714
"GDAP1","AMEX60DD039929","Gdap1","cg20546778",1715
"FIGN","AMEX60DD029644","Fign","cg01879724",1717
"FIGN","AMEX60DD055759","Fign.1","cg01879724",1717
"LDB3","AMEX60DD051961","Ldb3","cg23754860",1718
"NIPBL","AMEX60DD041916","Nipbl","cg24611541",1719
"NIPBL","AMEX60DD041917","Nipbl.1","cg24611541",1719
"ITPR3","AMEX60DD008732","Itpr3","cg06700189",1720
"TAOK1","AMEX60DD054817","Taok1","cg12906630",1722
"FIGN","AMEX60DD029644","Fign","cg08249407",1723
"FIGN","AMEX60DD055759","Fign.1","cg08249407",1723
"FTO","AMEX60DD017737","Fto.1","cg00995852",1724
"FTO","AMEX60DD017735","Fto","cg00995852",1724
"PTBP2","AMEX60DD018769","Ptbp2","cg25769958",1726
"ZFHX3","AMEX60DD016992","Zfhx3","cg21391782",1727
"PAXBP1","AMEX60DD047311","Paxbp1","cg23564585",1729
"ACACA","AMEX60DD054117","Acaca.1","cg02032554",1730
"ACACA","AMEX60DD054118","Acaca.2","cg02032554",1730
"ACACA","AMEX60DD054114","Acaca","cg02032554",1730
"FGFR1","AMEX60DD002586","Fgfr1","cg12936791",1731
"ZNF407","AMEX60DD039213","Znf407","cg02806036",1732
"ADGRL2","AMEX60DD018914","Adgrl2","cg13779125",1733
"PKNOX2","AMEX60DD054026","Pknox2","cg17189003",1735
"SFRP1","AMEX60DD002950","Sfrp1","cg26212988",1736
"KLHL14","AMEX60DD039632","Klhl14","cg11707875",1737
"USP49","AMEX60DD009161","Usp49","cg20561901",1738
"ZBTB12","AMEX60DD010531","Zbtb12.1","cg07249939",1740
"ZBTB12","AMEX60DD010528","Zbtb12","cg07249939",1740
"MAPKAPK5","AMEX60DD000691","Mapkapk5","cg20280919",1741
"PBX1","AMEX60DD031588","Pbx1.1","cg08609368",1742
"PBX1","AMEX60DD018398","Pbx1","cg08609368",1742
"PBX1","AMEX60DD050515","Pbx1.3","cg08609368",1742
"PBX1","AMEX60DD050512","Pbx1.2","cg08609368",1742
"WAPL","AMEX60DD051954","Wapl","cg26326531",1743
"ZNF521","AMEX60DD039549","Znf521","cg14244296",1744
"MICALL2","AMEX60DD021238","Micall2","cg15701281",1745
"GRIA2","AMEX60DD045153","Gria2.1","cg00393155",1746
"GRIA2","AMEX60DD045146","Gria2","cg00393155",1746
"VTI1A","AMEX60DD053147","Vti1a.1","cg25365217",1747
"VTI1A","AMEX60DD053146","Vti1a","cg25365217",1747
"ARIH1","AMEX60DD003876","Arih1","cg08489213",1748
"HOXC4","AMEX60DD029500","Hoxc4.1","cg26927031",1749
"HOXC4","AMEX60DD029499","Hoxc4","cg26927031",1749
"MRM1","AMEX60DD054128","Mrm1","cg07399752",1750
"FGF8","AMEX60DD052891","Fgf8","cg10708287",1751
"GPATCH2","AMEX60DD036112","Gpatch2","cg17660794",1752
"GPATCH2","AMEX60DD036113","Gpatch2.1","cg17660794",1752
"TCF12","AMEX60DD003650","Tcf12","cg17076630",1753
"MEX3C","AMEX60DD041764","Mex3c","cg15061730",1755
"PPFIA2","AMEX60DD007654","Ppfia2.1","cg21329093",1756
"PPFIA2","AMEX60DD007650","Ppfia2","cg21329093",1756
"INSIG2","AMEX60DD056021","Insig2","cg06538073",1757
"TRPM7","AMEX60DD003609","Trpm7.2","cg23015208",1758
"TRPM7","AMEX60DD003606","Trpm7","cg23015208",1758
"TRPM7","AMEX60DD003607","Trpm7.1","cg23015208",1758
"TRPM7","AMEX60DD003610","Trpm7.3","cg23015208",1758
"RUNX2","AMEX60DD032921","Runx2","cg00875779",1759
"RUNX2","AMEX60DD032922","Runx2.1","cg00875779",1759
"FAM110B","AMEX60DD027147","Fam110b","cg22692462",1761
"FAM110B","AMEX60DD039759","Fam110b.1","cg22692462",1761
"SCN8A","AMEX60DD029649","Scn8a","cg21974358",1763
"PBX3","AMEX60DD050513","Pbx3.1","cg13671198",1765
"PBX3","AMEX60DD050511","Pbx3","cg13671198",1765
"HECW2","AMEX60DD055252","Hecw2","cg15675612",1766
"HECW2","AMEX60DD055253","Hecw2.1","cg15675612",1766
"ATG4C","AMEX60DD019389","Atg4c","cg18133238",1767
"IQSEC3","AMEX60DD006888","Iqsec3","cg02583104",1768
"SRSF11","AMEX60DD019282","Srsf11","cg25950972",1769
"FGF14","AMEX60DD048160","Fgf14.1","cg11999944",1770
"FGF14","AMEX60DD048159","Fgf14","cg11999944",1770
"FGF14","AMEX60DD048162","Fgf14.2","cg11999944",1770
"ZFHX4","AMEX60DD039942","Zfhx4","cg15180682",1772
"ZNF827","AMEX60DD044992","Znf827","cg26610667",1773
"EPHA8","AMEX60DD052078","Epha8","cg19697359",1775
"KMT2C","AMEX60DD021570","Kmt2c.1","cg12749148",1776
"KMT2C","AMEX60DD021569","Kmt2c","cg12749148",1776
"XRN2","AMEX60DD035476","Xrn2","cg23288914",1777
"DSCAM","AMEX60DD047156","Dscam","cg14398345",1778
"DSCAM","AMEX60DD047157","Dscam.1","cg14398345",1778
"DCDC1","AMEX60DD004913","Dcdc1","cg13510732",1779
"PBX2","AMEX60DD010482","Pbx2","cg08838510",1780
"ZNF407","AMEX60DD039213","Znf407","cg22964079",1781
"NOL4L","AMEX60DD027213","Nol4l","cg03927473",1783
"PPM1B","AMEX60DD035954","Ppm1b","cg20319604",1784
"SMG6","AMEX60DD054899","Smg6","cg15167046",1785
"SMG6","AMEX60DD054901","Smg6.1","cg15167046",1785
"SMG6","AMEX60DD054903","Smg6.2","cg15167046",1785
"TENM2","AMEX60DD030344","Tenm2","cg02102278",1786
"ETV1","AMEX60DD022427","Etv1","cg14072720",1788
"SOX5","AMEX60DD006750","Sox5","cg07582800",1789
"MRM1","AMEX60DD054128","Mrm1","cg06260064",1790
"NKX2-2","AMEX60DD035473","Nkx2-2","cg21988123",1791
"PURA","AMEX60DD029051","Pura","cg26589497",1793
"ZEB2","AMEX60DD029760","Zeb2","cg06063479",1794
"ZEB2","AMEX60DD055909","Zeb2.1","cg06063479",1794
"CXXC4","AMEX60DD044661","Cxxc4","cg19847683",1795
"DLX1","AMEX60DD055670","Dlx1","cg02090160",1796
"NR2F2","AMEX60DD003483","Nr2f2","cg10040836",1799
"ATR","AMEX60DD002042","Atr.1","cg26163178",1800
"ATR","AMEX60DD002041","Atr","cg26163178",1800
"LHFPL4","AMEX60DD023220","Lhfpl4","cg00860838",1801
"PRPF39","AMEX60DD011985","Prpf39","cg06681001",1802
"PRPF39","AMEX60DD025170","Prpf39.1","cg06681001",1802
"FZD2","AMEX60DD009877","Fzd2","cg00740694",1803
"FZD2","AMEX60DD009878","Fzd2.1","cg00740694",1803
"KLF7","AMEX60DD055067","Klf7","cg27071008",1805
"ACSF3","AMEX60DD017097","Acsf3.1","cg02820423",1806
"ACSF3","AMEX60DD017093","Acsf3","cg02820423",1806
"DLG2","AMEX60DD049665","Dlg2.2","cg07987507",1807
"DLG2","AMEX60DD049664","Dlg2.1","cg07987507",1807
"DLG2","AMEX60DD049667","Dlg2.3","cg07987507",1807
"DLG2","AMEX60DD049663","Dlg2","cg07987507",1807
"ZBTB44","AMEX60DD015291","Zbtb44","cg03046590",1808
"ZBTB44","AMEX60DD053562","Zbtb44.2","cg03046590",1808
"ZBTB44","AMEX60DD053566","Zbtb44.3","cg03046590",1808
"ZBTB44","AMEX60DD015299","Zbtb44.1","cg03046590",1808
"ITPR3","AMEX60DD008732","Itpr3","cg05928102",1809
"ITPR3","AMEX60DD008732","Itpr3","cg27038395",1811
"SRSF12","AMEX60DD033969","Srsf12","cg23250289",1812
"GPD2","AMEX60DD055827","Gpd2","cg11534866",1813
"TJP1","AMEX60DD003625","Tjp1","cg11272698",1814
"TJP1","AMEX60DD003626","Tjp1.1","cg11272698",1814
"ZEB2","AMEX60DD029760","Zeb2","cg00044472",1816
"ZEB2","AMEX60DD055909","Zeb2.1","cg00044472",1816
"GRIA4","AMEX60DD049465","Gria4","cg24901288",1817
"GRIA4","AMEX60DD049466","Gria4.1","cg24901288",1817
"FOXP2","AMEX60DD006292","Foxp2","cg13522984",1818
"CNOT1","AMEX60DD015516","Cnot1.1","cg07392883",1821
"CNOT1","AMEX60DD015513","Cnot1","cg07392883",1821
"MGST1","AMEX60DD006663","Mgst1","cg04196288",1822
"PKP4","AMEX60DD055808","Pkp4","cg16437032",1824
"PRUNE2","AMEX60DD043318","Prune2.1","cg16985572",1825
"PRUNE2","AMEX60DD043316","Prune2","cg16985572",1825
"PPP2R2B","AMEX60DD028780","Ppp2r2b","cg23357093",1826
"TTC39C","AMEX60DD039517","Ttc39c","cg10865095",1827
"URI1","AMEX60DD016694","Uri1.1","cg16138021",1828
"URI1","AMEX60DD016693","Uri1","cg16138021",1828
"CFAP61","AMEX60DD035490","Cfap61","cg01741653",1829
"TFAP2A","AMEX60DD038319","Tfap2a","cg02380426",1830
"HAT1","AMEX60DD055667","Hat1","cg18798831",1831
"RNF220","AMEX60DD032083","Rnf220.1","cg25579241",1836
"RNF220","AMEX60DD019858","Rnf220","cg25579241",1836
"ZNF407","AMEX60DD039213","Znf407","cg23492829",1837
"ZNF407","AMEX60DD039213","Znf407","cg01337054",1838
"HPCAL1","AMEX60DD006110","Hpcal1","cg06487902",1839
"MGST1","AMEX60DD006663","Mgst1","cg24064661",1840
"BTRC","AMEX60DD052902","Btrc","cg01327047",1841
"BTRC","AMEX60DD052906","Btrc.1","cg01327047",1841
"CCDC178","AMEX60DD039638","Ccdc178.1","cg03663497",1842
"CCDC178","AMEX60DD039634","Ccdc178","cg03663497",1842
"INPP4A","AMEX60DD047802","Inpp4a","cg08888591",1843
"HERC1","AMEX60DD004077","Herc1","cg04098618",1845
"HERC1","AMEX60DD041438","Herc1.1","cg04098618",1845
"DNAH1","AMEX60DD024070","Dnah1.2","cg16980159",1846
"DNAH1","AMEX60DD024067","Dnah1","cg16980159",1846
"DNAH1","AMEX60DD024069","Dnah1.1","cg16980159",1846
"DNAH1","AMEX60DD024072","Dnah1.3","cg16980159",1846
"DNAH1","AMEX60DD024073","Dnah1.4","cg16980159",1846
"PHYHIPL","AMEX60DD052486","Phyhipl.1","cg08746145",1847
"PHYHIPL","AMEX60DD017977","Phyhipl","cg08746145",1847
"FBXO33","AMEX60DD011574","Fbxo33","cg03249015",1848
"SALL1","AMEX60DD017690","Sall1","cg19710076",1851
"AEBP2","AMEX60DD006692","Aebp2","cg12162688",1852
"LRMDA","AMEX60DD052208","Lrmda.2","cg02145833",1853
"LRMDA","AMEX60DD052207","Lrmda.1","cg02145833",1853
"LRMDA","AMEX60DD052205","Lrmda","cg02145833",1853
"MAML3","AMEX60DD044551","Maml3.1","cg01182628",1854
"MAML3","AMEX60DD044550","Maml3","cg01182628",1854
"TWIST1","AMEX60DD022296","Twist1","cg20477718",1855
"CELF2","AMEX60DD008170","Celf2","cg11172629",1856
"ESRRG","AMEX60DD025330","Esrrg","cg20640572",1858
"ESRRG","AMEX60DD036107","Esrrg.1","cg20640572",1858
"NUP214","AMEX60DD050393","Nup214","cg11563967",1859
"NRXN3","AMEX60DD011291","Nrxn3","cg23575948",1861
"TBCA","AMEX60DD042319","Tbca","cg23268451",1864
"SS18","AMEX60DD039559","Ss18","cg08107449",1865
"NUP214","AMEX60DD050393","Nup214","cg08148707",1866
"LMO4","AMEX60DD019060","Lmo4","cg22409694",1867
"LMO4","AMEX60DD051000","Lmo4.1","cg22409694",1867
"IKZF1","AMEX60DD038240","Ikzf1","cg19695329",1868
"SOX6","AMEX60DD004724","Sox6","cg24375257",1873
"DCDC1","AMEX60DD004913","Dcdc1","cg26030946",1874
"DRGX","AMEX60DD052422","Drgx","cg09400505",1875
"PDCD6IP","AMEX60DD037944","Pdcd6ip","cg10566267",1877
"GMDS","AMEX60DD038392","Gmds.2","cg15584686",1878
"GMDS","AMEX60DD017289","Gmds","cg15584686",1878
"GMDS","AMEX60DD038390","Gmds.1","cg15584686",1878
"GPAT4","AMEX60DD002859","Gpat4","cg23108693",1879
"MEIS2","AMEX60DD012146","Meis2","cg07269838",1880
"RPS6KB2","AMEX60DD007316","Rps6kb2","cg08171318",1881
"MDFIC2","AMEX60DD023935","Mdfic2","cg02533142",1882
"SHOX2","AMEX60DD001828","Shox2","cg24378708",1884
"C1QL3","AMEX60DD022116","C1ql3","cg21476366",1885
"YTHDF2","AMEX60DD039808","Ythdf2.1","cg22404762",1886
"YTHDF2","AMEX60DD005533","Ythdf2","cg22404762",1886
"ZEB2","AMEX60DD029760","Zeb2","cg13096896",1887
"ZEB2","AMEX60DD055909","Zeb2.1","cg13096896",1887
"PBX1","AMEX60DD031588","Pbx1.1","cg10753260",1889
"PBX1","AMEX60DD018398","Pbx1","cg10753260",1889
"PBX1","AMEX60DD050515","Pbx1.3","cg10753260",1889
"PBX1","AMEX60DD050512","Pbx1.2","cg10753260",1889
"NFIX","AMEX60DD031984","Nfix.1","cg26767614",1890
"NFIX","AMEX60DD031983","Nfix","cg26767614",1890
"IRX6","AMEX60DD017761","Irx6","cg18299525",1891
"PAX2","AMEX60DD051628","Pax2","cg15997398",1893
"LRBA","AMEX60DD045036","Lrba","cg02941848",1895
"DCLK1","AMEX60DD049210","Dclk1","cg01669013",1896
"RANBP17","AMEX60DD030418","Ranbp17.1","cg23717232",1897
"RANBP17","AMEX60DD030416","Ranbp17","cg23717232",1897
"RANBP17","AMEX60DD030420","Ranbp17.2","cg23717232",1897
"SCN8A","AMEX60DD029649","Scn8a","cg05439340",1898
"DACH1","AMEX60DD048850","Dach1","cg09254458",1899
"CNNM2","AMEX60DD052995","Cnnm2.1","cg27533327",1900
"CNNM2","AMEX60DD052997","Cnnm2.3","cg27533327",1900
"CNNM2","AMEX60DD052996","Cnnm2.2","cg27533327",1900
"CNNM2","AMEX60DD052990","Cnnm2","cg27533327",1900
"ONECUT1","AMEX60DD014732","Onecut1","cg14398903",1902
"INTS6","AMEX60DD049114","Ints6","cg20658837",1903
"ARID1A","AMEX60DD005639","Arid1a","cg27384394",1904
"SOBP","AMEX60DD034069","Sobp","cg01158430",1905
"ADGRL3","AMEX60DD043519","Adgrl3","cg26987152",1906
"PURA","AMEX60DD029051","Pura","cg02205352",1907
"MGST1","AMEX60DD006663","Mgst1","cg24263294",1908
"NHSL1","AMEX60DD035514","Nhsl1","cg21461169",1909
"FZD3","AMEX60DD032782","Fzd3","cg08974440",1911
"EIF4G2","AMEX60DD045603","Eif4g2.1","cg17776527",1913
"EIF4G2","AMEX60DD004812","Eif4g2","cg17776527",1913
"SRSF7","AMEX60DD017800","Srsf7.2","cg11814784",1914
"SRSF7","AMEX60DD035054","Srsf7.4","cg11814784",1914
"SRSF7","AMEX60DD044820","Srsf7.5","cg11814784",1914
"SRSF7","AMEX60DD002680","Srsf7.1","cg11814784",1914
"SRSF7","AMEX60DD035051","Srsf7.3","cg11814784",1914
"SRSF7","AMEX60DD002679","Srsf7","cg11814784",1914
"RNF20","AMEX60DD007335","Rnf20","cg23628607",1915
"ZEB2","AMEX60DD029760","Zeb2","cg27406900",1916
"ZEB2","AMEX60DD055909","Zeb2.1","cg27406900",1916
"CAMK2G","AMEX60DD051834","Camk2g","cg14086518",1917
"TRIM33","AMEX60DD008850","Trim33","cg13165254",1918
"TBC1D19","AMEX60DD045736","Tbc1d19.1","cg19301717",1919
"TBC1D19","AMEX60DD045735","Tbc1d19","cg19301717",1919
"TLE1","AMEX60DD043286","Tle1.2","cg26156864",1920
"TLE1","AMEX60DD043278","Tle1.1","cg26156864",1920
"TLE1","AMEX60DD013779","Tle1","cg26156864",1920
"LRPPRC","AMEX60DD035957","Lrpprc","cg23384863",1923
"HNRNPD","AMEX60DD043555","Hnrnpd","cg26334230",1925
"SOX5","AMEX60DD006750","Sox5","cg16603464",1926
"FOXP1","AMEX60DD023939","Foxp1","cg14783875",1927
"RIOK1","AMEX60DD038313","Riok1","cg10471548",1928
"LRPPRC","AMEX60DD035957","Lrpprc","cg21900509",1929
"MPPED2","AMEX60DD004918","Mpped2","cg00811894",1930
"ADGRB3","AMEX60DD033553","Adgrb3.1","cg26480565",1932
"ADGRB3","AMEX60DD033552","Adgrb3","cg26480565",1932
"EN1","AMEX60DD056025","En1","cg15712135",1933
"PKHD1","AMEX60DD032853","Pkhd1.2","cg19719713",1934
"PKHD1","AMEX60DD032854","Pkhd1.3","cg19719713",1934
"PKHD1","AMEX60DD032851","Pkhd1","cg19719713",1934
"PKHD1","AMEX60DD032859","Pkhd1.4","cg19719713",1934
"PKHD1","AMEX60DD032860","Pkhd1.5","cg19719713",1934
"PKHD1","AMEX60DD032852","Pkhd1.1","cg19719713",1934
"PKHD1","AMEX60DD032873","Pkhd1.6","cg19719713",1934
"MAFB","AMEX60DD009484","Mafb","cg07536573",1935
"MAFB","AMEX60DD028613","Mafb.1","cg07536573",1935
"EDNRA","AMEX60DD045012","Ednra","cg02065365",1936
"TLX3","AMEX60DD030421","Tlx3","cg11700079",1938
"ZNF462","AMEX60DD044428","Znf462","cg01398352",1939
"YTHDC1","AMEX60DD043986","Ythdc1","cg26678260",1940
"MPPED2","AMEX60DD004918","Mpped2","cg04355384",1941
"MAP4K4","AMEX60DD037294","Map4k4","cg09374907",1942
"MAP4K4","AMEX60DD047861","Map4k4.2","cg09374907",1942
"MAP4K4","AMEX60DD047860","Map4k4.1","cg09374907",1942
"MAP4K4","AMEX60DD047862","Map4k4.3","cg09374907",1942
"PCDH1","AMEX60DD030199","Pcdh1","cg17363541",1943
"MBNL1","AMEX60DD001895","Mbnl1","cg01097137",1944
"ARID1B","AMEX60DD034958","Arid1b","cg23890805",1945
"OLA1","AMEX60DD055699","Ola1.1","cg21907062",1947
"OLA1","AMEX60DD055698","Ola1","cg21907062",1947
"CHIC2","AMEX60DD045545","Chic2","cg17254774",1949
"LUC7L3","AMEX60DD053889","Luc7l3.3","cg25529610",1952
"LUC7L3","AMEX60DD030989","Luc7l3.2","cg25529610",1952
"LUC7L3","AMEX60DD016041","Luc7l3","cg25529610",1952
"LUC7L3","AMEX60DD016042","Luc7l3.1","cg25529610",1952
"FAM172A","AMEX60DD042583","Fam172a.2","cg03649609",1953
"FAM172A","AMEX60DD042581","Fam172a","cg03649609",1953
"FAM172A","AMEX60DD042582","Fam172a.1","cg03649609",1953
"WNT11","AMEX60DD036922","Wnt11","cg03899760",1954
"WNT11","AMEX60DD049747","Wnt11.1","cg03899760",1954
"OGT","AMEX60DD036783","Ogt","cg08310277",1956
"SOX6","AMEX60DD004724","Sox6","cg27121936",1957
"ETV6","AMEX60DD006976","Etv6","cg04226713",1958
"EVX2","AMEX60DD010172","Evx2","cg20996079",1960
"EVX2","AMEX60DD055613","Evx2.1","cg20996079",1960
"PRKAA2","AMEX60DD019496","Prkaa2","cg23738088",1961
"PRKAA2","AMEX60DD019498","Prkaa2.1","cg23738088",1961
"KIAA1328","AMEX60DD041617","Kiaa1328.1","cg06501452",1962
"KIAA1328","AMEX60DD041613","Kiaa1328","cg06501452",1962
"TSHZ2","AMEX60DD027389","Tshz2","cg09473797",1963
"MAX","AMEX60DD012060","Max","cg00675053",1965
"QKI","AMEX60DD034890","Qki","cg22584556",1966
"EBF3","AMEX60DD046404","Ebf3","cg00147440",1968
"EBF3","AMEX60DD052723","Ebf3.1","cg00147440",1968
"ACACA","AMEX60DD054117","Acaca.1","cg18136650",1969
"ACACA","AMEX60DD054118","Acaca.2","cg18136650",1969
"ACACA","AMEX60DD054114","Acaca","cg18136650",1969
"TNRC6A","AMEX60DD020902","Tnrc6a","cg06779064",1971
"ADIPOR2","AMEX60DD021138","Adipor2.1","cg12813238",1972
"ADIPOR2","AMEX60DD021139","Adipor2.2","cg12813238",1972
"ADIPOR2","AMEX60DD023156","Adipor2.3","cg12813238",1972
"ADIPOR2","AMEX60DD006914","Adipor2","cg12813238",1972
"CCDC178","AMEX60DD039638","Ccdc178.1","cg11918226",1973
"CCDC178","AMEX60DD039634","Ccdc178","cg11918226",1973
"ZNF385D","AMEX60DD010063","Znf385d","cg06004041",1974
"ZNF385D","AMEX60DD022752","Znf385d.1","cg06004041",1974
"SMAD2","AMEX60DD041720","Smad2","cg17439607",1975
"CADPS","AMEX60DD023807","Cadps.2","cg07775532",1976
"CADPS","AMEX60DD007419","Cadps","cg07775532",1976
"CADPS","AMEX60DD023805","Cadps.1","cg07775532",1976
"LHFPL4","AMEX60DD023220","Lhfpl4","cg11084334",1977
"SKAP1","AMEX60DD010192","Skap1","cg06708132",1981
"CNOT2","AMEX60DD006520","Cnot2","cg24304767",1982
"USP34","AMEX60DD035368","Usp34.1","cg07010334",1984
"USP34","AMEX60DD035367","Usp34","cg07010334",1984
"ZNF407","AMEX60DD039213","Znf407","cg07837584",1985
"IRS1","AMEX60DD012853","Irs1.2","cg14045854",1987
"IRS1","AMEX60DD037140","Irs1.3","cg14045854",1987
"IRS1","AMEX60DD002159","Irs1.1","cg14045854",1987
"IRS1","AMEX60DD002158","Irs1","cg14045854",1987
"FOXA2","AMEX60DD035450","Foxa2.2","cg18944151",1988
"FOXA2","AMEX60DD025124","Foxa2.1","cg18944151",1988
"FOXA2","AMEX60DD024834","Foxa2","cg18944151",1988
"AUTS2","AMEX60DD027966","Auts2","cg03334582",1989
"AUTS2","AMEX60DD054212","Auts2.1","cg03334582",1989
"AUTS2","AMEX60DD054215","Auts2.3","cg03334582",1989
"AUTS2","AMEX60DD054214","Auts2.2","cg03334582",1989
"PBX3","AMEX60DD050513","Pbx3.1","cg24217623",1991
"PBX3","AMEX60DD050511","Pbx3","cg24217623",1991
"HELZ","AMEX60DD031136","Helz","cg06561225",1992
"TRPS1","AMEX60DD040351","Trps1","cg05017276",1993
"LRBA","AMEX60DD045036","Lrba","cg23787052",1996
"LRBA","AMEX60DD045036","Lrba","cg02553697",1997
"CELF2","AMEX60DD008170","Celf2","cg07355869",1998
"ADCY5","AMEX60DD056091","Adcy5","cg08598988",1999
"ADCY5","AMEX60DD056092","Adcy5.1","cg08598988",1999
"SRSF12","AMEX60DD033969","Srsf12","cg24702760",2001
"LCORL","AMEX60DD045801","Lcorl.1","cg07259781",2002
"LCORL","AMEX60DD045800","Lcorl","cg07259781",2002
"SIDT2","AMEX60DD053935","Sidt2","cg07583211",2003
"PBX3","AMEX60DD050513","Pbx3.1","cg13982956",2004
"PBX3","AMEX60DD050511","Pbx3","cg13982956",2004
"FYN","AMEX60DD035029","Fyn.1","cg12456898",2005
"FYN","AMEX60DD005593","Fyn","cg12456898",2005
"MDFIC2","AMEX60DD023935","Mdfic2","cg26145001",2006
"NRXN1","AMEX60DD035865","Nrxn1","cg10569638",2007
"NRXN1","AMEX60DD035873","Nrxn1.2","cg10569638",2007
"NRXN1","AMEX60DD035868","Nrxn1.1","cg10569638",2007
"SMURF2","AMEX60DD031106","Smurf2","cg00439253",2008
"DCLK1","AMEX60DD049210","Dclk1","cg09605634",2009
"SOCS3","AMEX60DD017278","Socs3","cg13343932",2010
"SOCS3","AMEX60DD031441","Socs3.1","cg13343932",2010
"DMRT3","AMEX60DD043121","Dmrt3","cg27419851",2012
"ARRDC3","AMEX60DD042571","Arrdc3","cg01611369",2013
"ATAD2B","AMEX60DD004950","Atad2b","cg13396001",2014
"ATAD2B","AMEX60DD033043","Atad2b.1","cg13396001",2014
"LMO4","AMEX60DD019060","Lmo4","cg06491768",2017
"LMO4","AMEX60DD051000","Lmo4.1","cg06491768",2017
"ARX","AMEX60DD048405","Arx","cg03706830",2018
"ARX","AMEX60DD048406","Arx.1","cg03706830",2018
"POU3F1","AMEX60DD005829","Pou3f1","cg13193455",2019
"ANK3","AMEX60DD052479","Ank3","cg00020468",2020
"ANK3","AMEX60DD052480","Ank3.1","cg00020468",2020
"DMD","AMEX60DD048448","Dmd","cg02606236",2021
"DMD","AMEX60DD048456","Dmd.3","cg02606236",2021
"DMD","AMEX60DD048452","Dmd.1","cg02606236",2021
"DMD","AMEX60DD048454","Dmd.2","cg02606236",2021
"DOCK7","AMEX60DD032007","Dock7.2","cg18901929",2022
"DOCK7","AMEX60DD019395","Dock7","cg18901929",2022
"DOCK7","AMEX60DD032008","Dock7.3","cg18901929",2022
"DOCK7","AMEX60DD032006","Dock7.1","cg18901929",2022
"TFAP2B","AMEX60DD032871","Tfap2b","cg13908214",2023
"POU4F3","AMEX60DD028787","Pou4f3","cg01819137",2024
"LSAMP","AMEX60DD047003","Lsamp","cg18344896",2025
"USP14","AMEX60DD039468","Usp14","cg12566054",2027
"SMARCC2","AMEX60DD029913","Smarcc2","cg17069848",2029
"SMARCC2","AMEX60DD029915","Smarcc2.1","cg17069848",2029
"EBF3","AMEX60DD046404","Ebf3","cg23051551",2030
"EBF3","AMEX60DD052723","Ebf3.1","cg23051551",2030
"ZPBP","AMEX60DD038245","Zpbp","cg19296935",2032
"GPM6B","AMEX60DD048500","Gpm6b","cg19933464",2033
"USH2A","AMEX60DD036103","Ush2a","cg02808768",2036
"FIGN","AMEX60DD029644","Fign","cg00010977",2037
"FIGN","AMEX60DD055759","Fign.1","cg00010977",2037
"MAP2K5","AMEX60DD003408","Map2k5","cg12069228",2038
"ST18","AMEX60DD039692","St18","cg22164364",2040
"SST","AMEX60DD003175","Sst","cg23610653",2041
"CLK3","AMEX60DD004131","Clk3","cg01857866",2042
"MARCHF3","AMEX60DD042908","Marchf3.1","cg17943107",2043
"MARCHF3","AMEX60DD042907","Marchf3","cg17943107",2043
"ATG4C","AMEX60DD019389","Atg4c","cg16927890",2044
"FLOT2","AMEX60DD054834","Flot2","cg20391023",2045
"FLOT2","AMEX60DD054835","Flot2.1","cg20391023",2045
"CYFIP2","AMEX60DD030043","Cyfip2","cg04561722",2046
"HOXA7","HoxA7","Hoxa7","cg22032867",2047
"CASZ1","AMEX60DD051153","Casz1","cg21357117",2051
"CASZ1","AMEX60DD053420","Casz1.1","cg21357117",2051
"NRXN3","AMEX60DD011291","Nrxn3","cg25307053",2053
"PAX5","AMEX60DD043936","Pax5","cg00351264",2054
"MRM1","AMEX60DD054128","Mrm1","cg11879501",2056
"EBF3","AMEX60DD046404","Ebf3","cg01730937",2057
"EBF3","AMEX60DD052723","Ebf3.1","cg01730937",2057
"ZFHX4","AMEX60DD039942","Zfhx4","cg27349607",2058
"TSHZ2","AMEX60DD027389","Tshz2","cg14830513",2060
"SALL3","AMEX60DD039092","Sall3","cg07267732",2061
"MYO9A","AMEX60DD003858","Myo9a","cg14630728",2062
"HIPK1","AMEX60DD008856","Hipk1","cg23395530",2063
"HIF1AN","AMEX60DD051631","Hif1an","cg22044223",2064
"PURA","AMEX60DD029051","Pura","cg21139873",2065
"PAX6","AMEX60DD004905","Pax6","cg05303018",2066
"PAX6","AMEX60DD007993","Pax6.1","cg05303018",2066
"USP5","AMEX60DD026809","Usp5","cg17012009",2068
"FAR1","AMEX60DD004845","Far1","cg17693227",2070
"FAR1","AMEX60DD006840","Far1.1","cg17693227",2070
"TCF7L2","AMEX60DD053152","Tcf7l2","cg00114602",2071
"FAM110B","AMEX60DD027147","Fam110b","cg11763177",2073
"FAM110B","AMEX60DD039759","Fam110b.1","cg11763177",2073
"EXOC6B","AMEX60DD046280","Exoc6b.2","cg16748382",2074
"EXOC6B","AMEX60DD046279","Exoc6b.1","cg16748382",2074
"EXOC6B","AMEX60DD046314","Exoc6b.3","cg16748382",2074
"EXOC6B","AMEX60DD046278","Exoc6b","cg16748382",2074
"SOX5","AMEX60DD006750","Sox5","cg11661600",2075
"POLR3B","AMEX60DD006534","Polr3b","cg22951451",2076
"POLR3B","AMEX60DD006536","Polr3b.1","cg22951451",2076
"TFAP2B","AMEX60DD032871","Tfap2b","cg12065837",2077
"LSAMP","AMEX60DD047003","Lsamp","cg03738429",2078
"SLF1","AMEX60DD042593","Slf1.1","cg05405476",2079
"SLF1","AMEX60DD042594","Slf1.2","cg05405476",2079
"SLF1","AMEX60DD042592","Slf1","cg05405476",2079
"SAT1","AMEX60DD012758","Sat1","cg10739156",2080
"SAT1","AMEX60DD048380","Sat1.1","cg10739156",2080
"IFNGR1","AMEX60DD035585","Ifngr1","cg00519301",2081
"RCN1","AMEX60DD004902","Rcn1","cg10774906",2083
"KIF5A","AMEX60DD029773","Kif5a","cg04248528",2084
"ZNF326","AMEX60DD019092","Znf326","cg01088303",2085
"ZNF326","AMEX60DD019094","Znf326.1","cg01088303",2085
"ZNF326","AMEX60DD019096","Znf326.2","cg01088303",2085
"ZNF326","AMEX60DD043894","Znf326.3","cg01088303",2085
"MAP4K4","AMEX60DD037294","Map4k4","cg17032990",2086
"MAP4K4","AMEX60DD047861","Map4k4.2","cg17032990",2086
"MAP4K4","AMEX60DD047860","Map4k4.1","cg17032990",2086
"MAP4K4","AMEX60DD047862","Map4k4.3","cg17032990",2086
"HUWE1","AMEX60DD025509","Huwe1.1","cg26246058",2088
"HUWE1","AMEX60DD025508","Huwe1","cg26246058",2088
"BCAR3","AMEX60DD032196","Bcar3.2","cg18902591",2089
"BCAR3","AMEX60DD019166","Bcar3","cg18902591",2089
"BCAR3","AMEX60DD019169","Bcar3.1","cg18902591",2089
"LHFPL3","AMEX60DD008795","Lhfpl3.1","cg04446004",2090
"LHFPL3","AMEX60DD021042","Lhfpl3.2","cg04446004",2090
"LHFPL3","AMEX60DD006409","Lhfpl3","cg04446004",2090
"ZCCHC7","AMEX60DD043992","Zcchc7","cg09853290",2091
"TFAP2D","AMEX60DD032878","Tfap2d","cg15628325",2092
"FBXW11","AMEX60DD030432","Fbxw11","cg13531493",2093
"CELF5","AMEX60DD013805","Celf5","cg04244133",2094
"PAX5","AMEX60DD043936","Pax5","cg25279873",2095
"BCL11A","AMEX60DD035398","Bcl11a.1","cg01571965",2096
"BCL11A","AMEX60DD024771","Bcl11a","cg01571965",2096
"HOXA2","HoxA2","Hoxa2","cg06045699",2098
"TRPC5","AMEX60DD037103","Trpc5","cg13156511",2099
"GRIA1","AMEX60DD030078","Gria1","cg15674718",2100
"BTRC","AMEX60DD052902","Btrc","cg13897126",2102
"BTRC","AMEX60DD052906","Btrc.1","cg13897126",2102
"NLGN1","AMEX60DD001582","Nlgn1","cg12108366",2103
"MAPKAP1","AMEX60DD050518","Mapkap1","cg01368226",2104
"RBM12","AMEX60DD028535","Rbm12","cg20765933",2107
"RBM12","AMEX60DD028536","Rbm12.1","cg20765933",2107
"KIF2A","AMEX60DD042205","Kif2a.1","cg22719807",2108
"KIF2A","AMEX60DD042204","Kif2a","cg22719807",2108
"CDCA2","AMEX60DD002995","Cdca2","cg07010262",2109
"MVB12B","AMEX60DD050502","Mvb12b","cg16473013",2110
"HAT1","AMEX60DD055667","Hat1","cg13626528",2112
"ID4","AMEX60DD038483","Id4","cg27484500",2113
"CACHD1","AMEX60DD019364","Cachd1","cg06916066",2114
"VEGFA","AMEX60DD036418","Vegfa.1","cg18471385",2116
"VEGFA","AMEX60DD025282","Vegfa","cg18471385",2116
"SDCCAG8","AMEX60DD035270","Sdccag8","cg02851990",2117
"SDCCAG8","AMEX60DD035273","Sdccag8.1","cg02851990",2117
"CYP7B1","AMEX60DD039816","Cyp7b1","cg05609811",2118
"MITF","AMEX60DD023930","Mitf.1","cg12830057",2119
"MITF","AMEX60DD023926","Mitf","cg12830057",2119
"PCCA","AMEX60DD048177","Pcca","cg00366950",2120
"ARGLU1","AMEX60DD047711","Arglu1","cg24314463",2123
"UNCX","AMEX60DD021249","Uncx","cg23490170",2124
"VTI1A","AMEX60DD053147","Vti1a.1","cg00915004",2125
"VTI1A","AMEX60DD053146","Vti1a","cg00915004",2125
"TSHZ3","AMEX60DD016709","Tshz3","cg18288197",2127
"VPS13B","AMEX60DD040188","Vps13b","cg26865072",2128
"PPIP5K2","AMEX60DD042676","Ppip5k2.1","cg19712450",2129
"PPIP5K2","AMEX60DD042672","Ppip5k2","cg19712450",2129
"GRIA4","AMEX60DD049465","Gria4","cg06598302",2130
"GRIA4","AMEX60DD049466","Gria4.1","cg06598302",2130
"MSRA","AMEX60DD032801","Msra","cg07578351",2131
"ADGRL2","AMEX60DD018914","Adgrl2","cg23429933",2132
"CELF2","AMEX60DD008170","Celf2","cg10457451",2133
"POU3F4","AMEX60DD037615","Pou3f4","cg26991442",2134
"POU3F4","AMEX60DD048058","Pou3f4.1","cg26991442",2134
"MECOM","AMEX60DD001756","Mecom","cg25567445",2135
"BNC2","AMEX60DD043399","Bnc2","cg01622394",2136
"OSTM1","AMEX60DD033775","Ostm1","cg25126385",2137
"SOX5","AMEX60DD006750","Sox5","cg12259566",2138
"DACH2","AMEX60DD037643","Dach2","cg11712989",2139
"MEF2A","AMEX60DD003514","Mef2a","cg18384829",2140
"ZFPM2","AMEX60DD040273","Zfpm2","cg07210941",2142
"ZFPM2","AMEX60DD040274","Zfpm2.1","cg07210941",2142
"RNF20","AMEX60DD007335","Rnf20","cg14911432",2143
"RBFOX1","AMEX60DD020250","Rbfox1","cg15712548",2144
"CLK3","AMEX60DD004131","Clk3","cg26703991",2145
"NR2F2","AMEX60DD003483","Nr2f2","cg12280054",2146
"KAT6B","AMEX60DD052165","Kat6b.1","cg09214592",2147
"KAT6B","AMEX60DD002878","Kat6b","cg09214592",2147
"PKHD1","AMEX60DD032853","Pkhd1.2","cg24328591",2148
"PKHD1","AMEX60DD032854","Pkhd1.3","cg24328591",2148
"PKHD1","AMEX60DD032851","Pkhd1","cg24328591",2148
"PKHD1","AMEX60DD032859","Pkhd1.4","cg24328591",2148
"PKHD1","AMEX60DD032860","Pkhd1.5","cg24328591",2148
"PKHD1","AMEX60DD032852","Pkhd1.1","cg24328591",2148
"PKHD1","AMEX60DD032873","Pkhd1.6","cg24328591",2148
"MTX2","AMEX60DD055602","Mtx2","cg10152878",2150
"AATF","AMEX60DD054121","Aatf","cg16125623",2152
"BTRC","AMEX60DD052902","Btrc","cg26835090",2153
"BTRC","AMEX60DD052906","Btrc.1","cg26835090",2153
"SMURF2","AMEX60DD031106","Smurf2","cg25879427",2154
"ZBTB18","AMEX60DD011065","Zbtb18","cg05090186",2155
"ZBTB18","AMEX60DD035280","Zbtb18.1","cg05090186",2155
"OSBPL8","AMEX60DD007773","Osbpl8","cg23623568",2156
"GPD2","AMEX60DD055827","Gpd2","cg14040602",2157
"TTC29","AMEX60DD045006","Ttc29","cg25277922",2158
"PAX5","AMEX60DD043936","Pax5","cg23783686",2160
"WDR7","AMEX60DD041800","Wdr7","cg25630529",2161
"NOL4","AMEX60DD039647","Nol4.4","cg10055059",2162
"NOL4","AMEX60DD039645","Nol4.3","cg10055059",2162
"NOL4","AMEX60DD004157","Nol4","cg10055059",2162
"NOL4","AMEX60DD007813","Nol4.2","cg10055059",2162
"NOL4","AMEX60DD004433","Nol4.1","cg10055059",2162
"DCLK1","AMEX60DD049210","Dclk1","cg26174523",2163
"PAX2","AMEX60DD051628","Pax2","cg10143938",2164
"UNCX","AMEX60DD021249","Uncx","cg19529390",2165
"SATB1","AMEX60DD022782","Satb1","cg19808756",2166
"RAPGEF6","AMEX60DD028902","Rapgef6.1","cg16768306",2167
"RAPGEF6","AMEX60DD028900","Rapgef6","cg16768306",2167
"HTATIP2","AMEX60DD005003","Htatip2","cg22276147",2168
"XBP1","AMEX60DD001158","Xbp1","cg03168366",2169
"CHD3","AMEX60DD013037","Chd3","cg21570151",2170
"MRPS9","AMEX60DD048051","Mrps9","cg13103551",2171
"BNC2","AMEX60DD043399","Bnc2","cg04798758",2172
"ELOVL6","AMEX60DD044301","Elovl6","cg06100991",2173
"TSHZ3","AMEX60DD016709","Tshz3","cg14615301",2174
"EXT1","AMEX60DD040379","Ext1.3","cg27569109",2176
"EXT1","AMEX60DD032576","Ext1","cg27569109",2176
"EXT1","AMEX60DD032577","Ext1.1","cg27569109",2176
"EXT1","AMEX60DD032581","Ext1.2","cg27569109",2176
"CACNA1A","AMEX60DD032070","Cacna1a.1","cg23012327",2178
"CACNA1A","AMEX60DD032067","Cacna1a","cg23012327",2178
"CACNA1A","AMEX60DD032071","Cacna1a.2","cg23012327",2178
"CHST12","AMEX60DD021193","Chst12","cg20655780",2179
"EN1","AMEX60DD056025","En1","cg08294816",2180
"RNF220","AMEX60DD032083","Rnf220.1","cg09931937",2181
"RNF220","AMEX60DD019858","Rnf220","cg09931937",2181
"NR6A1","AMEX60DD050547","Nr6a1","cg09556778",2182
"CBFB","AMEX60DD017820","Cbfb","cg16255164",2183
"MIGA1","AMEX60DD018966","Miga1","cg11958930",2184
"SMAD7","AMEX60DD041727","Smad7","cg02808836",2185
"PTPRM","AMEX60DD041497","Ptprm.4","cg16097493",2186
"PTPRM","AMEX60DD039263","Ptprm.1","cg16097493",2186
"PTPRM","AMEX60DD039264","Ptprm.2","cg16097493",2186
"PTPRM","AMEX60DD039265","Ptprm.3","cg16097493",2186
"PTPRM","AMEX60DD014984","Ptprm","cg16097493",2186
"NUAK1","AMEX60DD007845","Nuak1","cg16947316",2188
"NUAK1","AMEX60DD023253","Nuak1.1","cg16947316",2188
"FIGN","AMEX60DD029644","Fign","cg04951768",2190
"FIGN","AMEX60DD055759","Fign.1","cg04951768",2190
"ASTN1","AMEX60DD018243","Astn1","cg08123116",2192
"MBNL1","AMEX60DD001895","Mbnl1","cg15923785",2193
"PRRC2B","AMEX60DD050399","Prrc2b","cg01992562",2194
"JARID2","AMEX60DD038430","Jarid2","cg15813523",2195
"RUNX1T1","AMEX60DD040096","Runx1t1","cg05934247",2196
"ZNF521","AMEX60DD039549","Znf521","cg19687559",2197
"PPP2R2B","AMEX60DD028780","Ppp2r2b","cg15735049",2199
"RBFOX1","AMEX60DD020250","Rbfox1","cg23869573",2202
"DACH1","AMEX60DD048850","Dach1","cg13901789",2203
"ZBTB7B","AMEX60DD014889","Zbtb7b","cg04627377",2204
"ZFHX4","AMEX60DD039942","Zfhx4","cg15723635",2206
"MIB1","AMEX60DD039488","Mib1","cg03119066",2208
"MEX3C","AMEX60DD041764","Mex3c","cg10349326",2210
"TRIP12","AMEX60DD002012","Trip12","cg20556167",2211
"TRIP12","AMEX60DD002013","Trip12.1","cg20556167",2211
"TNPO1","AMEX60DD042436","Tnpo1","cg18298589",2212
"TNPO1","AMEX60DD042439","Tnpo1.1","cg18298589",2212
"ISL1","AMEX60DD042062","Isl1","cg19067187",2215
"MAP4K4","AMEX60DD037294","Map4k4","cg08634652",2216
"MAP4K4","AMEX60DD047861","Map4k4.2","cg08634652",2216
"MAP4K4","AMEX60DD047860","Map4k4.1","cg08634652",2216
"MAP4K4","AMEX60DD047862","Map4k4.3","cg08634652",2216
"ADAMTS6","AMEX60DD014515","Adamts6","cg14411132",2217
"ADAMTS6","AMEX60DD014516","Adamts6.1","cg14411132",2217
"ADAMTS6","AMEX60DD042234","Adamts6.3","cg14411132",2217
"ADAMTS6","AMEX60DD042233","Adamts6.2","cg14411132",2217
"ADAMTS6","AMEX60DD042235","Adamts6.4","cg14411132",2217
"PHKG2","AMEX60DD027971","Phkg2","cg26816693",2218
"UNCX","AMEX60DD021249","Uncx","cg01979337",2220
"MBNL2","AMEX60DD048632","Mbnl2","cg17846038",2221
"NR2F6","AMEX60DD013893","Nr2f6","cg17526513",2222
"MAGI1","AMEX60DD025486","Magi1.3","cg13900468",2223
"MAGI1","AMEX60DD023768","Magi1.1","cg13900468",2223
"MAGI1","AMEX60DD023770","Magi1.2","cg13900468",2223
"MAGI1","AMEX60DD023767","Magi1","cg13900468",2223
"BTRC","AMEX60DD052902","Btrc","cg23329157",2224
"BTRC","AMEX60DD052906","Btrc.1","cg23329157",2224
"C2CD5","AMEX60DD006741","C2cd5","cg05970544",2225
"C2CD5","AMEX60DD006743","C2cd5.1","cg05970544",2225
"C2CD5","AMEX60DD006744","C2cd5.2","cg05970544",2225
"EBF3","AMEX60DD046404","Ebf3","cg23827816",2226
"EBF3","AMEX60DD052723","Ebf3.1","cg23827816",2226
"TSHZ2","AMEX60DD027389","Tshz2","cg26959509",2227
"ABCC9","AMEX60DD006724","Abcc9","cg06408246",2228
"ABCC9","AMEX60DD006725","Abcc9.1","cg06408246",2228
"ABCC9","AMEX60DD006726","Abcc9.2","cg06408246",2228
"PRKCB","AMEX60DD020891","Prkcb","cg26029512",2229
"PURA","AMEX60DD029051","Pura","cg19972859",2231
"EGLN1","AMEX60DD034548","Egln1","cg00130134",2232
"HIF1AN","AMEX60DD051631","Hif1an","cg00227334",2233
"USH2A","AMEX60DD036103","Ush2a","cg07835535",2235
"SOX5","AMEX60DD006750","Sox5","cg16655751",2236
"SOX14","AMEX60DD002376","Sox14","cg14043044",2238
"MAN1A2","AMEX60DD046864","Man1a2","cg06021159",2240
"BNC2","AMEX60DD043399","Bnc2","cg06805124",2241
"FNDC3B","AMEX60DD037564","Fndc3b.1","cg02976574",2242
"FNDC3B","AMEX60DD001580","Fndc3b","cg02976574",2242
"SPI1","AMEX60DD005314","Spi1","cg12446925",2244
"FOXQ1","AMEX60DD038379","Foxq1","cg21235947",2245
"GPD2","AMEX60DD055827","Gpd2","cg11905915",2246
"RAD54B","AMEX60DD040117","Rad54b","cg12887144",2247
"EIF5","AMEX60DD011091","Eif5","cg18713221",2248
"EIF5","AMEX60DD018799","Eif5.1","cg18713221",2248
"FXR1","AMEX60DD001634","Fxr1","cg27632159",2249
"RBFOX1","AMEX60DD020250","Rbfox1","cg18715259",2250
"PSAT1","AMEX60DD043300","Psat1","cg02083803",2251
"ARGLU1","AMEX60DD047711","Arglu1","cg05109804",2255
"LRMDA","AMEX60DD052208","Lrmda.2","cg18573296",2256
"LRMDA","AMEX60DD052207","Lrmda.1","cg18573296",2256
"LRMDA","AMEX60DD052205","Lrmda","cg18573296",2256
"CXXC4","AMEX60DD044661","Cxxc4","cg17469509",2257
"MRPS9","AMEX60DD048051","Mrps9","cg12935350",2258
"TMCC1","AMEX60DD025608","Tmcc1.1","cg03298890",2259
"TMCC1","AMEX60DD023495","Tmcc1","cg03298890",2259
"ZEB2","AMEX60DD029760","Zeb2","cg05152013",2262
"ZEB2","AMEX60DD055909","Zeb2.1","cg05152013",2262
"TSHZ2","AMEX60DD027389","Tshz2","cg13741644",2263
"NLGN1","AMEX60DD001582","Nlgn1","cg11926564",2264
"GRK6","AMEX60DD027875","Grk6","cg21389633",2265
"ELAVL3","AMEX60DD031996","Elavl3","cg25814004",2266
"MSRB3","AMEX60DD008220","Msrb3","cg08510751",2267
"TCF4","AMEX60DD041795","Tcf4","cg04600154",2268
"SEC63","AMEX60DD034064","Sec63.1","cg00847238",2269
"SEC63","AMEX60DD034063","Sec63","cg00847238",2269
"CCDC178","AMEX60DD039638","Ccdc178.1","cg05950747",2270
"CCDC178","AMEX60DD039634","Ccdc178","cg05950747",2270
"RNF220","AMEX60DD032083","Rnf220.1","cg09899564",2271
"RNF220","AMEX60DD019858","Rnf220","cg09899564",2271
"TJP1","AMEX60DD003625","Tjp1","cg04207618",2273
"TJP1","AMEX60DD003626","Tjp1.1","cg04207618",2273
"TAOK3","AMEX60DD001123","Taok3","cg05635693",2275
"RPS6KC1","AMEX60DD036076","Rps6kc1","cg16227001",2276
"KLHL14","AMEX60DD039632","Klhl14","cg16342115",2277
"AUTS2","AMEX60DD027966","Auts2","cg22488935",2278
"AUTS2","AMEX60DD054212","Auts2.1","cg22488935",2278
"AUTS2","AMEX60DD054215","Auts2.3","cg22488935",2278
"AUTS2","AMEX60DD054214","Auts2.2","cg22488935",2278
"PSAT1","AMEX60DD043300","Psat1","cg01369393",2279
"DPYSL2","AMEX60DD001450","Dpysl2","cg00713411",2280
"DPYSL2","AMEX60DD052700","Dpysl2.1","cg00713411",2280
"LMO4","AMEX60DD019060","Lmo4","cg01393939",2281
"LMO4","AMEX60DD051000","Lmo4.1","cg01393939",2281
"LEF1","AMEX60DD044502","Lef1","cg10603790",2282
"POU3F2","AMEX60DD033861","Pou3f2","cg09127786",2284
"ROBO2","AMEX60DD047487","Robo2.2","cg08605439",2285
"ROBO2","AMEX60DD022933","Robo2","cg08605439",2285
"ROBO2","AMEX60DD047486","Robo2.1","cg08605439",2285
"ROBO2","AMEX60DD054014","Robo2.3","cg08605439",2285
"HDX","AMEX60DD037627","Hdx","cg26750856",2287
"HPCAL4","AMEX60DD006158","Hpcal4","cg25895219",2288
"RNF220","AMEX60DD032083","Rnf220.1","cg02526543",2289
"RNF220","AMEX60DD019858","Rnf220","cg02526543",2289
"BTRC","AMEX60DD052902","Btrc","cg25480877",2293
"BTRC","AMEX60DD052906","Btrc.1","cg25480877",2293
"EIF3H","AMEX60DD040361","Eif3h","cg25166682",2294
"DMD","AMEX60DD048448","Dmd","cg07054902",2295
"DMD","AMEX60DD048456","Dmd.3","cg07054902",2295
"DMD","AMEX60DD048452","Dmd.1","cg07054902",2295
"DMD","AMEX60DD048454","Dmd.2","cg07054902",2295
"DMD","AMEX60DD048448","Dmd","cg11477279",2296
"DMD","AMEX60DD048456","Dmd.3","cg11477279",2296
"DMD","AMEX60DD048452","Dmd.1","cg11477279",2296
"DMD","AMEX60DD048454","Dmd.2","cg11477279",2296
"PBX3","AMEX60DD050513","Pbx3.1","cg20875194",2297
"PBX3","AMEX60DD050511","Pbx3","cg20875194",2297
"HAT1","AMEX60DD055667","Hat1","cg14440927",2298
"LRMDA","AMEX60DD052208","Lrmda.2","cg16423684",2299
"LRMDA","AMEX60DD052207","Lrmda.1","cg16423684",2299
"LRMDA","AMEX60DD052205","Lrmda","cg16423684",2299
"SMAD7","AMEX60DD041727","Smad7","cg04281884",2300
"DDX42","AMEX60DD009717","Ddx42","cg10721494",2301
"FOXP1","AMEX60DD023939","Foxp1","cg24937992",2303
"RBM12","AMEX60DD028535","Rbm12","cg27062689",2304
"RBM12","AMEX60DD028536","Rbm12.1","cg27062689",2304
"GPHN","AMEX60DD012041","Gphn","cg27290859",2305
"UNCX","AMEX60DD021249","Uncx","cg18135595",2306
"MEIS2","AMEX60DD012146","Meis2","cg21716905",2307
"RYR1","AMEX60DD024403","Ryr1","cg04799897",2308
"DPCD","AMEX60DD052898","Dpcd","cg15241817",2309
"SLC38A6","AMEX60DD011848","Slc38a6","cg06682189",2310
"ZNF407","AMEX60DD039213","Znf407","cg16039507",2317
"OGA","AMEX60DD052889","Oga","cg01761301",2318
"MAFB","AMEX60DD009484","Mafb","cg19266722",2319
"MAFB","AMEX60DD028613","Mafb.1","cg19266722",2319
"NKX2-2","AMEX60DD035473","Nkx2-2","cg00194857",2320
"IRX1","AMEX60DD038700","Irx1","cg08886274",2321
"SKAP1","AMEX60DD010192","Skap1","cg03596782",2323
"RIC3","AMEX60DD004748","Ric3","cg19227907",2324
"SORBS1","AMEX60DD051753","Sorbs1","cg18532887",2325
"PRR5-ARHGAP8","AMEX60DD006462","Prr5-Arhgap8","cg01061575",2326
"RBFOX1","AMEX60DD020250","Rbfox1","cg02500861",2327
"INO80","AMEX60DD011566","Ino80","cg22315785",2328
"MAGI2","AMEX60DD006375","Magi2","cg04093430",2329
"MAGI2","AMEX60DD006376","Magi2.1","cg04093430",2329
"TENM4","AMEX60DD049694","Tenm4","cg01268650",2330
"NR2F2","AMEX60DD003483","Nr2f2","cg00367497",2331
"BCL11B","AMEX60DD011386","Bcl11b","cg19088488",2335
"DMRT1","AMEX60DD043122","Dmrt1","cg00366136",2336
"CIR1","AMEX60DD055702","Cir1.1","cg19976416",2337
"CIR1","AMEX60DD035013","Cir1","cg19976416",2337
"RBM39","AMEX60DD028542","Rbm39","cg20243605",2341
"RBM39","AMEX60DD041330","Rbm39.1","cg20243605",2341
"PAX5","AMEX60DD043936","Pax5","cg22760044",2342
"ZFHX3","AMEX60DD016992","Zfhx3","cg18527588",2345
"PTPRD","AMEX60DD043348","Ptprd","cg04733387",2346
"TLE1","AMEX60DD043286","Tle1.2","cg21544007",2348
"TLE1","AMEX60DD043278","Tle1.1","cg21544007",2348
"TLE1","AMEX60DD013779","Tle1","cg21544007",2348
"CLK4","AMEX60DD029025","Clk4","cg27036136",2350
"GRIA4","AMEX60DD049465","Gria4","cg07784624",2353
"GRIA4","AMEX60DD049466","Gria4.1","cg07784624",2353
"SIM1","AMEX60DD034017","Sim1","cg04017541",2354
"HPCAL4","AMEX60DD006158","Hpcal4","cg22851420",2356
"SMG6","AMEX60DD054899","Smg6","cg06293906",2357
"SMG6","AMEX60DD054901","Smg6.1","cg06293906",2357
"SMG6","AMEX60DD054903","Smg6.2","cg06293906",2357
"HOXC11","AMEX60DD029495","Hoxc11","cg03107322",2358
"DAB1","AMEX60DD019481","Dab1","cg06729473",2359
"CYP7B1","AMEX60DD039816","Cyp7b1","cg13757685",2360
"GRIN2B","AMEX60DD029106","Grin2b","cg14903956",2361
"GRIN2B","AMEX60DD029109","Grin2b.1","cg14903956",2361
"CUL3","AMEX60DD002177","Cul3","cg18775232",2362
"NR2F2","AMEX60DD003483","Nr2f2","cg23474846",2364
"SIM1","AMEX60DD034017","Sim1","cg03517402",2367
"TRPS1","AMEX60DD040351","Trps1","cg14713220",2368
"ZNF326","AMEX60DD019092","Znf326","cg24873842",2370
"ZNF326","AMEX60DD019094","Znf326.1","cg24873842",2370
"ZNF326","AMEX60DD019096","Znf326.2","cg24873842",2370
"ZNF326","AMEX60DD043894","Znf326.3","cg24873842",2370
"TCF4","AMEX60DD041795","Tcf4","cg25609640",2372
"LRMDA","AMEX60DD052208","Lrmda.2","cg17296202",2373
"LRMDA","AMEX60DD052207","Lrmda.1","cg17296202",2373
"LRMDA","AMEX60DD052205","Lrmda","cg17296202",2373
"SOX5","AMEX60DD006750","Sox5","cg10639687",2375
"AGAP1","AMEX60DD055479","Agap1.1","cg18118286",2376
"AGAP1","AMEX60DD055475","Agap1","cg18118286",2376
"FOXP1","AMEX60DD023939","Foxp1","cg13949301",2377
"MEF2C","AMEX60DD042540","Mef2c","cg02913140",2378
"ZEB2","AMEX60DD029760","Zeb2","cg16771805",2379
"ZEB2","AMEX60DD055909","Zeb2.1","cg16771805",2379
"DACH1","AMEX60DD048850","Dach1","cg05196915",2380
"MAST4","AMEX60DD042266","Mast4.1","cg04104679",2382
"MAST4","AMEX60DD042264","Mast4","cg04104679",2382
"NRXN3","AMEX60DD011291","Nrxn3","cg14646408",2383
"AGO1","AMEX60DD005933","Ago1","cg13392367",2384
"SREK1","AMEX60DD042257","Srek1","cg14581879",2385
"SPI1","AMEX60DD005314","Spi1","cg21852308",2388
"ARRDC3","AMEX60DD042571","Arrdc3","cg24301614",2389
"TBCA","AMEX60DD042319","Tbca","cg00038376",2391
"TOX2","AMEX60DD028448","Tox2","cg02976613",2392
"MSL2","AMEX60DD002403","Msl2","cg00809740",2393
"KCTD15","AMEX60DD017650","Kctd15","cg10534067",2394
"KDM6A","AMEX60DD047593","Kdm6a","cg03218461",2396
"DES","AMEX60DD056342","Des","cg14106853",2397
"PBX1","AMEX60DD031588","Pbx1.1","cg23619357",2398
"PBX1","AMEX60DD018398","Pbx1","cg23619357",2398
"PBX1","AMEX60DD050515","Pbx1.3","cg23619357",2398
"PBX1","AMEX60DD050512","Pbx1.2","cg23619357",2398
"PAX6","AMEX60DD004905","Pax6","cg24375227",2399
"PAX6","AMEX60DD007993","Pax6.1","cg24375227",2399
"FIGN","AMEX60DD029644","Fign","cg05443339",2400
"FIGN","AMEX60DD055759","Fign.1","cg05443339",2400
"PABPC1","AMEX60DD040213","Pabpc1.1","cg13640160",2401
"PABPC1","AMEX60DD040417","Pabpc1.2","cg13640160",2401
"PABPC1","AMEX60DD027651","Pabpc1","cg13640160",2401
"PABPC1","AMEX60DD048887","Pabpc1.3","cg13640160",2401
"NEUROD6","AMEX60DD037990","Neurod6","cg26312920",2402
"PANK1","AMEX60DD052571","Pank1","cg23323432",2403
"MXI1","AMEX60DD053084","Mxi1.1","cg19993539",2405
"MXI1","AMEX60DD053083","Mxi1","cg19993539",2405
"WWOX","AMEX60DD032382","Wwox.1","cg17410330",2406
"WWOX","AMEX60DD032381","Wwox","cg17410330",2406
"OSR2","AMEX60DD040185","Osr2","cg00634704",2407
"LRPPRC","AMEX60DD035957","Lrpprc","cg14620780",2408
"FOXP2","AMEX60DD006292","Foxp2","cg00471897",2409
"ZYG11B","AMEX60DD019599","Zyg11b","cg02057523",2410
"DLG1","AMEX60DD001698","Dlg1.1","cg20422807",2411
"DLG1","AMEX60DD001697","Dlg1","cg20422807",2411
"ZEB2","AMEX60DD029760","Zeb2","cg26551777",2412
"ZEB2","AMEX60DD055909","Zeb2.1","cg26551777",2412
"DOK6","AMEX60DD039329","Dok6.2","cg11758048",2415
"DOK6","AMEX60DD039322","Dok6","cg11758048",2415
"DOK6","AMEX60DD039330","Dok6.3","cg11758048",2415
"DOK6","AMEX60DD039323","Dok6.1","cg11758048",2415
"TRPS1","AMEX60DD040351","Trps1","cg17982054",2418
"WNT5A","AMEX60DD023726","Wnt5a","cg00942997",2419
"ANK3","AMEX60DD052479","Ank3","cg05746092",2420
"ANK3","AMEX60DD052480","Ank3.1","cg05746092",2420
"SHOX2","AMEX60DD001828","Shox2","cg00259935",2421
"ZEB2","AMEX60DD029760","Zeb2","cg15720698",2422
"ZEB2","AMEX60DD055909","Zeb2.1","cg15720698",2422
"NFIA","AMEX60DD033675","Nfia.1","cg11517256",2423
"NFIA","AMEX60DD019413","Nfia","cg11517256",2423
"PBX3","AMEX60DD050513","Pbx3.1","cg23393094",2424
"PBX3","AMEX60DD050511","Pbx3","cg23393094",2424
"SREK1","AMEX60DD042257","Srek1","cg11839293",2425
"POU2F1","AMEX60DD047046","Pou2f1","cg06004718",2426
"LRPPRC","AMEX60DD035957","Lrpprc","cg03131267",2428
"PBX3","AMEX60DD050513","Pbx3.1","cg00954258",2429
"PBX3","AMEX60DD050511","Pbx3","cg00954258",2429
"SMARCC2","AMEX60DD029913","Smarcc2","cg17999879",2430
"SMARCC2","AMEX60DD029915","Smarcc2.1","cg17999879",2430
"LRMDA","AMEX60DD052208","Lrmda.2","cg09220022",2431
"LRMDA","AMEX60DD052207","Lrmda.1","cg09220022",2431
"LRMDA","AMEX60DD052205","Lrmda","cg09220022",2431
"MZT1","AMEX60DD048849","Mzt1","cg06124492",2432
"ZNF827","AMEX60DD044992","Znf827","cg18586457",2433
"LMO3","AMEX60DD006666","Lmo3","cg17172158",2434
"SOX5","AMEX60DD006750","Sox5","cg23165930",2435
"G3BP1","AMEX60DD030092","G3bp1","cg06079151",2436
"MAGI1","AMEX60DD025486","Magi1.3","cg19961276",2437
"MAGI1","AMEX60DD023768","Magi1.1","cg19961276",2437
"MAGI1","AMEX60DD023770","Magi1.2","cg19961276",2437
"MAGI1","AMEX60DD023767","Magi1","cg19961276",2437
"FGFR2","AMEX60DD053280","Fgfr2","cg13235828",2438
"BARHL2","AMEX60DD052670","Barhl2.1","cg04633983",2439
"BARHL2","AMEX60DD019109","Barhl2","cg04633983",2439
"C2CD5","AMEX60DD006741","C2cd5","cg25847819",2440
"C2CD5","AMEX60DD006743","C2cd5.1","cg25847819",2440
"C2CD5","AMEX60DD006744","C2cd5.2","cg25847819",2440
"MGMT","AMEX60DD030507","Mgmt","cg14082613",2441
"SIM1","AMEX60DD034017","Sim1","cg17775617",2442
"MAFB","AMEX60DD009484","Mafb","cg16688207",2443
"MAFB","AMEX60DD028613","Mafb.1","cg16688207",2443
"CAMKMT","AMEX60DD035946","Camkmt","cg26866331",2445
"NELL2","AMEX60DD006361","Nell2","cg24242812",2447
"SPR","AMEX60DD046281","Spr","cg21345304",2448
"ESM1","AMEX60DD042092","Esm1","cg18842854",2450
"ESM1","AMEX60DD042095","Esm1.1","cg18842854",2450
"USH2A","AMEX60DD036103","Ush2a","cg06001140",2451
"SHOX2","AMEX60DD001828","Shox2","cg05186043",2453
"LRP6","AMEX60DD006973","Lrp6","cg11725716",2454
"FOXP1","AMEX60DD023939","Foxp1","cg25706027",2455
"SPOP","AMEX60DD009960","Spop","cg13475335",2456
"SOX6","AMEX60DD004724","Sox6","cg04858567",2457
"HOXC4","AMEX60DD029500","Hoxc4.1","cg04699040",2458
"HOXC4","AMEX60DD029499","Hoxc4","cg04699040",2458
"AGAP1","AMEX60DD055479","Agap1.1","cg25544947",2459
"AGAP1","AMEX60DD055475","Agap1","cg25544947",2459
"PTER","AMEX60DD022118","Pter","cg12505182",2460
"TCF7L2","AMEX60DD053152","Tcf7l2","cg04914412",2461
"ELAVL1","AMEX60DD014644","Elavl1","cg11560663",2464
"METAP1D","AMEX60DD055668","Metap1d","cg05535461",2466
"CNOT2","AMEX60DD006520","Cnot2","cg27611689",2469
"HDAC9","AMEX60DD022301","Hdac9","cg04655309",2470
"XKR6","AMEX60DD032812","Xkr6","cg17136263",2471
"ADGRL2","AMEX60DD018914","Adgrl2","cg01100740",2473
"MVB12B","AMEX60DD050502","Mvb12b","cg12657372",2474
"ZNF521","AMEX60DD039549","Znf521","cg13247135",2475
"CPEB3","AMEX60DD052642","Cpeb3","cg15156881",2476
"QKI","AMEX60DD034890","Qki","cg20482374",2478
"TAF4B","AMEX60DD039561","Taf4b","cg11682341",2479
"ZEB2","AMEX60DD029760","Zeb2","cg27382459",2480
"ZEB2","AMEX60DD055909","Zeb2.1","cg27382459",2480
"PDZRN4","AMEX60DD006342","Pdzrn4","cg23143204",2482
"NR6A1","AMEX60DD050547","Nr6a1","cg24991381",2483
"CNOT2","AMEX60DD006520","Cnot2","cg02759449",2484
"SLC6A9","AMEX60DD019839","Slc6a9","cg14427100",2485
"OLFM1","AMEX60DD050715","Olfm1","cg11625245",2486
"WDR33","AMEX60DD002714","Wdr33","cg18297177",2488
"SNX17","AMEX60DD032561","Snx17","cg04241421",2489
"DYRK1A","AMEX60DD047194","Dyrk1a.3","cg21202410",2490
"DYRK1A","AMEX60DD047193","Dyrk1a.2","cg21202410",2490
"DYRK1A","AMEX60DD016171","Dyrk1a","cg21202410",2490
"DYRK1A","AMEX60DD047192","Dyrk1a.1","cg21202410",2490
"PBX3","AMEX60DD050513","Pbx3.1","cg25471194",2491
"PBX3","AMEX60DD050511","Pbx3","cg25471194",2491
"EWSR1","AMEX60DD001000","Ewsr1","cg10677704",2492
"POU6F2","AMEX60DD038088","Pou6f2","cg04115989",2493
"SPEG","AMEX60DD056332","Speg","cg06584607",2494
"CCDC47","AMEX60DD009718","Ccdc47","cg07214083",2495
"RRM2B","AMEX60DD040236","Rrm2b","cg05501112",2496
"DMBX1","AMEX60DD019768","Dmbx1","cg08509859",2497
"ATXN7","AMEX60DD023788","Atxn7","cg16176986",2499
"HOXD3","AMEX60DD029486","Hoxd3","cg23627494",2500
"GRIA1","AMEX60DD030078","Gria1","cg20403853",2502
"GABRA3","AMEX60DD037827","Gabra3","cg22205400",2504
"RAB6A","AMEX60DD049781","Rab6a","cg19357219",2505
"BACH2","AMEX60DD033941","Bach2","cg04777732",2506
"CACNA1A","AMEX60DD032070","Cacna1a.1","cg27121137",2508
"CACNA1A","AMEX60DD032067","Cacna1a","cg27121137",2508
"CACNA1A","AMEX60DD032071","Cacna1a.2","cg27121137",2508
"USP9X","AMEX60DD047637","Usp9x.2","cg12330929",2510
"USP9X","AMEX60DD047635","Usp9x","cg12330929",2510
"USP9X","AMEX60DD047636","Usp9x.1","cg12330929",2510
"HUWE1","AMEX60DD025509","Huwe1.1","cg18370228",2511
"HUWE1","AMEX60DD025508","Huwe1","cg18370228",2511
"SCN8A","AMEX60DD029649","Scn8a","cg20075843",2513
"HNRNPD","AMEX60DD043555","Hnrnpd","cg05474883",2514
"RIMS1","AMEX60DD033593","Rims1","cg12276711",2515
"INPP4A","AMEX60DD047802","Inpp4a","cg00193158",2517
"CHIC2","AMEX60DD045545","Chic2","cg20140365",2518
"IL20RB","AMEX60DD002383","Il20rb","cg16903788",2519
"ZFHX4","AMEX60DD039942","Zfhx4","cg26564284",2520
"RFX3","AMEX60DD043102","Rfx3","cg15461720",2521
"ABRAXAS2","AMEX60DD053401","Abraxas2.1","cg12566859",2523
"ABRAXAS2","AMEX60DD031201","Abraxas2","cg12566859",2523
"SLC7A8","AMEX60DD009577","Slc7a8","cg21816821",2524
"FBXL14","AMEX60DD006912","Fbxl14","cg09789157",2526
"GRIA4","AMEX60DD049465","Gria4","cg01464821",2528
"GRIA4","AMEX60DD049466","Gria4.1","cg01464821",2528
"RALGAPA2","AMEX60DD035487","Ralgapa2.1","cg05472074",2531
"RALGAPA2","AMEX60DD035483","Ralgapa2","cg05472074",2531
"GRIA3","AMEX60DD037207","Gria3.1","cg15292635",2533
"GRIA3","AMEX60DD037204","Gria3","cg15292635",2533
"MGMT","AMEX60DD030507","Mgmt","cg13592061",2535
"CASZ1","AMEX60DD051153","Casz1","cg23298936",2536
"CASZ1","AMEX60DD053420","Casz1.1","cg23298936",2536
"MARK2","AMEX60DD025316","Mark2","cg01824230",2537
"BCL11B","AMEX60DD011386","Bcl11b","cg01878181",2538
"TCF4","AMEX60DD041795","Tcf4","cg17942018",2539
"TFAP2A","AMEX60DD038319","Tfap2a","cg25830596",2540
"EBF3","AMEX60DD046404","Ebf3","cg08990681",2542
"EBF3","AMEX60DD052723","Ebf3.1","cg08990681",2542
"AP2M1","AMEX60DD001495","Ap2m1","cg04960033",2543
"DDX1","AMEX60DD033181","Ddx1.3","cg01539965",2544
"DDX1","AMEX60DD033176","Ddx1.1","cg01539965",2544
"DDX1","AMEX60DD027722","Ddx1","cg01539965",2544
"DDX1","AMEX60DD033178","Ddx1.2","cg01539965",2544
"ARX","AMEX60DD048405","Arx","cg05658184",2545
"ARX","AMEX60DD048406","Arx.1","cg05658184",2545
"ZNF326","AMEX60DD019092","Znf326","cg25949172",2547
"ZNF326","AMEX60DD019094","Znf326.1","cg25949172",2547
"ZNF326","AMEX60DD019096","Znf326.2","cg25949172",2547
"ZNF326","AMEX60DD043894","Znf326.3","cg25949172",2547
"AUTS2","AMEX60DD027966","Auts2","cg01712731",2548
"AUTS2","AMEX60DD054212","Auts2.1","cg01712731",2548
"AUTS2","AMEX60DD054215","Auts2.3","cg01712731",2548
"AUTS2","AMEX60DD054214","Auts2.2","cg01712731",2548
"RRAGC","AMEX60DD005820","Rragc","cg12867324",2550
"SATB1","AMEX60DD022782","Satb1","cg18441511",2551
"ASCC3","AMEX60DD034016","Ascc3","cg25249632",2552
"PROX1","AMEX60DD025278","Prox1","cg26405606",2553
"PROX1","AMEX60DD036083","Prox1.1","cg26405606",2553
"HECTD4","AMEX60DD000706","Hectd4.2","cg06115556",2554
"HECTD4","AMEX60DD000704","Hectd4","cg06115556",2554
"HECTD4","AMEX60DD000705","Hectd4.1","cg06115556",2554
"HAT1","AMEX60DD055667","Hat1","cg24226732",2555
"NEK7","AMEX60DD018724","Nek7","cg14186415",2556
"RHOB","AMEX60DD033083","Rhob","cg21144428",2558
"TUBGCP4","AMEX60DD003379","Tubgcp4","cg21181232",2559
"CAMKMT","AMEX60DD035946","Camkmt","cg21957436",2560
"AGAP1","AMEX60DD055479","Agap1.1","cg07253239",2561
"AGAP1","AMEX60DD055475","Agap1","cg07253239",2561
"DCDC1","AMEX60DD004913","Dcdc1","cg20676757",2563
"POU3F4","AMEX60DD037615","Pou3f4","cg10436985",2564
"POU3F4","AMEX60DD048058","Pou3f4.1","cg10436985",2564
"TRIP12","AMEX60DD002012","Trip12","cg05884116",2567
"TRIP12","AMEX60DD002013","Trip12.1","cg05884116",2567
"JARID2","AMEX60DD038430","Jarid2","cg15777606",2568
"POU6F2","AMEX60DD038088","Pou6f2","cg17448131",2569
"ZEB2","AMEX60DD029760","Zeb2","cg16588310",2570
"ZEB2","AMEX60DD055909","Zeb2.1","cg16588310",2570
"PDIK1L","AMEX60DD005706","Pdik1l.1","cg17258599",2571
"PDIK1L","AMEX60DD005705","Pdik1l","cg17258599",2571
"ZFHX4","AMEX60DD039942","Zfhx4","cg19357353",2572
"PBX2","AMEX60DD010482","Pbx2","cg13910855",2574
"ESRRG","AMEX60DD025330","Esrrg","cg26566168",2575
"ESRRG","AMEX60DD036107","Esrrg.1","cg26566168",2575
"MRM1","AMEX60DD054128","Mrm1","cg09716825",2576
"PAX5","AMEX60DD043936","Pax5","cg12263847",2577
"IRS1","AMEX60DD012853","Irs1.2","cg00727310",2578
"IRS1","AMEX60DD037140","Irs1.3","cg00727310",2578
"IRS1","AMEX60DD002159","Irs1.1","cg00727310",2578
"IRS1","AMEX60DD002158","Irs1","cg00727310",2578
"ZNF536","AMEX60DD016701","Znf536.2","cg05028132",2579
"ZNF536","AMEX60DD016699","Znf536.1","cg05028132",2579
"ZNF536","AMEX60DD008513","Znf536","cg05028132",2579
"NRXN1","AMEX60DD035865","Nrxn1","cg14735542",2580
"NRXN1","AMEX60DD035873","Nrxn1.2","cg14735542",2580
"NRXN1","AMEX60DD035868","Nrxn1.1","cg14735542",2580
"BNC2","AMEX60DD043399","Bnc2","cg23296078",2582
"NPEPPS","AMEX60DD010227","Npepps.1","cg13782531",2584
"NPEPPS","AMEX60DD010226","Npepps","cg13782531",2584
"CNOT1","AMEX60DD015516","Cnot1.1","cg08073580",2585
"CNOT1","AMEX60DD015513","Cnot1","cg08073580",2585
"CACNA1D","AMEX60DD025474","Cacna1d.3","cg20144227",2586
"CACNA1D","AMEX60DD023703","Cacna1d","cg20144227",2586
"CACNA1D","AMEX60DD023704","Cacna1d.1","cg20144227",2586
"CACNA1D","AMEX60DD025468","Cacna1d.2","cg20144227",2586
"TTN","AMEX60DD055567","Ttn.4","cg09058643",2587
"TTN","AMEX60DD055568","Ttn.5","cg09058643",2587
"TTN","AMEX60DD055569","Ttn.6","cg09058643",2587
"TTN","AMEX60DD055563","Ttn.1","cg09058643",2587
"TTN","AMEX60DD055570","Ttn.7","cg09058643",2587
"TTN","AMEX60DD055565","Ttn.2","cg09058643",2587
"TTN","AMEX60DD055566","Ttn.3","cg09058643",2587
"TTN","AMEX60DD024607","Ttn","cg09058643",2587
"HOXA2","HoxA2","Hoxa2","cg20747380",2588
"BNC2","AMEX60DD043399","Bnc2","cg03454056",2589
"MGMT","AMEX60DD030507","Mgmt","cg24855524",2590
"DYNC1I2","AMEX60DD055664","Dync1i2","cg27169779",2591
"PKHD1","AMEX60DD032853","Pkhd1.2","cg27134912",2592
"PKHD1","AMEX60DD032854","Pkhd1.3","cg27134912",2592
"PKHD1","AMEX60DD032851","Pkhd1","cg27134912",2592
"PKHD1","AMEX60DD032859","Pkhd1.4","cg27134912",2592
"PKHD1","AMEX60DD032860","Pkhd1.5","cg27134912",2592
"PKHD1","AMEX60DD032852","Pkhd1.1","cg27134912",2592
"PKHD1","AMEX60DD032873","Pkhd1.6","cg27134912",2592
"HIPK1","AMEX60DD008856","Hipk1","cg10448255",2593
"CLOCK","AMEX60DD045528","Clock.2","cg12094196",2594
"CLOCK","AMEX60DD045529","Clock.3","cg12094196",2594
"CLOCK","AMEX60DD045527","Clock.1","cg12094196",2594
"CLOCK","AMEX60DD037299","Clock","cg12094196",2594
"MAGI1","AMEX60DD025486","Magi1.3","cg20989633",2595
"MAGI1","AMEX60DD023768","Magi1.1","cg20989633",2595
"MAGI1","AMEX60DD023770","Magi1.2","cg20989633",2595
"MAGI1","AMEX60DD023767","Magi1","cg20989633",2595
"CTNND2","AMEX60DD038790","Ctnnd2","cg02386933",2597
"AUTS2","AMEX60DD027966","Auts2","cg03913353",2598
"AUTS2","AMEX60DD054212","Auts2.1","cg03913353",2598
"AUTS2","AMEX60DD054215","Auts2.3","cg03913353",2598
"AUTS2","AMEX60DD054214","Auts2.2","cg03913353",2598
"VSTM2A","AMEX60DD038591","Vstm2a","cg24221992",2599
"ZBTB10","AMEX60DD039978","Zbtb10","cg23049288",2600
"XPR1","AMEX60DD018661","Xpr1","cg01899753",2601
"VPS13B","AMEX60DD040188","Vps13b","cg00038955",2605
"ACAP2","AMEX60DD001704","Acap2","cg22177193",2607
"ACAP2","AMEX60DD012921","Acap2.1","cg22177193",2607
"RBM12","AMEX60DD028535","Rbm12","cg00774674",2608
"RBM12","AMEX60DD028536","Rbm12.1","cg00774674",2608
"TAF4B","AMEX60DD039561","Taf4b","cg19627326",2609
"SLK","AMEX60DD053026","Slk.1","cg25742646",2610
"SLK","AMEX60DD053025","Slk","cg25742646",2610
"SOX6","AMEX60DD004724","Sox6","cg06106580",2612
"TFAP2D","AMEX60DD032878","Tfap2d","cg10455041",2614
"ZEB2","AMEX60DD029760","Zeb2","cg04398985",2615
"ZEB2","AMEX60DD055909","Zeb2.1","cg04398985",2615
"KIAA0825","AMEX60DD042587","Kiaa0825","cg03463065",2616
"TFAP2D","AMEX60DD032878","Tfap2d","cg13140545",2618
"TRRAP","AMEX60DD020723","Trrap.1","cg03073207",2619
"TRRAP","AMEX60DD020726","Trrap.2","cg03073207",2619
"TRRAP","AMEX60DD020721","Trrap","cg03073207",2619
"TRRAP","AMEX60DD020727","Trrap.3","cg03073207",2619
"FOXA2","AMEX60DD035450","Foxa2.2","cg21661665",2621
"FOXA2","AMEX60DD025124","Foxa2.1","cg21661665",2621
"FOXA2","AMEX60DD024834","Foxa2","cg21661665",2621
"BCAR3","AMEX60DD032196","Bcar3.2","cg04061729",2622
"BCAR3","AMEX60DD019166","Bcar3","cg04061729",2622
"BCAR3","AMEX60DD019169","Bcar3.1","cg04061729",2622
"VTI1A","AMEX60DD053147","Vti1a.1","cg27378109",2623
"VTI1A","AMEX60DD053146","Vti1a","cg27378109",2623
"PRRC2A","AMEX60DD049485","Prrc2a.5","cg13704497",2624
"PRRC2A","AMEX60DD010611","Prrc2a.1","cg13704497",2624
"PRRC2A","AMEX60DD049486","Prrc2a.6","cg13704497",2624
"PRRC2A","AMEX60DD010610","Prrc2a","cg13704497",2624
"PRRC2A","AMEX60DD011296","Prrc2a.2","cg13704497",2624
"PRRC2A","AMEX60DD019450","Prrc2a.4","cg13704497",2624
"PRRC2A","AMEX60DD054902","Prrc2a.7","cg13704497",2624
"PRRC2A","AMEX60DD014189","Prrc2a.3","cg13704497",2624
"IVNS1ABP","AMEX60DD018552","Ivns1abp","cg11979881",2625
"ANK2","AMEX60DD044697","Ank2","cg24797698",2626
"ACTN1","AMEX60DD012100","Actn1","cg20453321",2627
"ZEB2","AMEX60DD029760","Zeb2","cg10801485",2628
"ZEB2","AMEX60DD055909","Zeb2.1","cg10801485",2628
"YTHDC1","AMEX60DD043986","Ythdc1","cg27231389",2629
"FILIP1","AMEX60DD033632","Filip1","cg15131439",2630
"ITPR1","AMEX60DD023583","Itpr1.1","cg00403869",2631
"ITPR1","AMEX60DD023582","Itpr1","cg00403869",2631
"ONECUT1","AMEX60DD014732","Onecut1","cg22746470",2632
"L3MBTL1","AMEX60DD028647","L3mbtl1","cg09697973",2634
"L3MBTL1","AMEX60DD028650","L3mbtl1.3","cg09697973",2634
"L3MBTL1","AMEX60DD028649","L3mbtl1.2","cg09697973",2634
"L3MBTL1","AMEX60DD028648","L3mbtl1.1","cg09697973",2634
"FBXO33","AMEX60DD011574","Fbxo33","cg13254809",2635
"PARD3B","AMEX60DD055033","Pard3b","cg09646675",2636
"ZNF536","AMEX60DD016701","Znf536.2","cg15526159",2639
"ZNF536","AMEX60DD016699","Znf536.1","cg15526159",2639
"ZNF536","AMEX60DD008513","Znf536","cg15526159",2639
"CDH6","AMEX60DD038551","Cdh6","cg13971339",2640
"CEP170","AMEX60DD035267","Cep170","cg17170619",2641
"RHOB","AMEX60DD033083","Rhob","cg25349226",2642
"SATB2","AMEX60DD055319","Satb2","cg13385744",2643
"RAPGEF5","AMEX60DD021983","Rapgef5.2","cg04062948",2645
"RAPGEF5","AMEX60DD021982","Rapgef5.1","cg04062948",2645
"RAPGEF5","AMEX60DD021977","Rapgef5","cg04062948",2645
"MRM1","AMEX60DD054128","Mrm1","cg25126226",2646
"RBFOX1","AMEX60DD020250","Rbfox1","cg20490705",2648
"RAPGEF5","AMEX60DD021983","Rapgef5.2","cg09286194",2649
"RAPGEF5","AMEX60DD021982","Rapgef5.1","cg09286194",2649
"RAPGEF5","AMEX60DD021977","Rapgef5","cg09286194",2649
"NEK7","AMEX60DD018724","Nek7","cg24028501",2650
"URI1","AMEX60DD016694","Uri1.1","cg26639842",2651
"URI1","AMEX60DD016693","Uri1","cg26639842",2651
"GRIA2","AMEX60DD045153","Gria2.1","cg17040202",2652
"GRIA2","AMEX60DD045146","Gria2","cg17040202",2652
"FBXO33","AMEX60DD011574","Fbxo33","cg22048239",2653
"RAD54B","AMEX60DD040117","Rad54b","cg17532928",2654
"UBR5","AMEX60DD040238","Ubr5","cg23590681",2658
"RBM10","AMEX60DD021141","Rbm10","cg11471728",2659
"IDE","AMEX60DD052636","Ide","cg26228740",2660
"CALU","AMEX60DD016244","Calu","cg07425396",2661
"LRMDA","AMEX60DD052208","Lrmda.2","cg19528948",2663
"LRMDA","AMEX60DD052207","Lrmda.1","cg19528948",2663
"LRMDA","AMEX60DD052205","Lrmda","cg19528948",2663
"ATP1B1","AMEX60DD047554","Atp1b1","cg06701757",2664
"HOXA7","HoxA7","Hoxa7","cg01639959",2665
"MZT1","AMEX60DD048849","Mzt1","cg22786456",2666
"HUWE1","AMEX60DD025509","Huwe1.1","cg02407848",2667
"HUWE1","AMEX60DD025508","Huwe1","cg02407848",2667
"SALL3","AMEX60DD039092","Sall3","cg13890364",2668
"BTBD7","AMEX60DD011220","Btbd7","cg09684249",2669
"LRRC3B","AMEX60DD022656","Lrrc3b.1","cg21167259",2670
"LRRC3B","AMEX60DD010323","Lrrc3b","cg21167259",2670
"ATP2B1","AMEX60DD006353","Atp2b1","cg01586860",2671
"ADGRL3","AMEX60DD043519","Adgrl3","cg16554380",2672
"EPC2","AMEX60DD055879","Epc2.1","cg19537233",2674
"EPC2","AMEX60DD055878","Epc2","cg19537233",2674
"EPC2","AMEX60DD055881","Epc2.2","cg19537233",2674
"AZIN1","AMEX60DD040241","Azin1","cg06898890",2676
"PKN2","AMEX60DD050297","Pkn2.2","cg05470773",2677
"PKN2","AMEX60DD019076","Pkn2","cg05470773",2677
"PKN2","AMEX60DD031720","Pkn2.1","cg05470773",2677
"CAMK2A","AMEX60DD030139","Camk2a","cg26937431",2678
"NRXN1","AMEX60DD035865","Nrxn1","cg10604668",2679
"NRXN1","AMEX60DD035873","Nrxn1.2","cg10604668",2679
"NRXN1","AMEX60DD035868","Nrxn1.1","cg10604668",2679
"RIMS1","AMEX60DD033593","Rims1","cg17215796",2681
"CYP7B1","AMEX60DD039816","Cyp7b1","cg02917874",2682
"AP2A1","AMEX60DD016287","Ap2a1","cg01546670",2684
"SATB1","AMEX60DD022782","Satb1","cg04319582",2685
"LRP4","AMEX60DD005288","Lrp4","cg24391217",2686
"KLC1","AMEX60DD036541","Klc1.1","cg13982601",2688
"KLC1","AMEX60DD011054","Klc1","cg13982601",2688
"ENOX1","AMEX60DD049098","Enox1.2","cg24844787",2689
"ENOX1","AMEX60DD037877","Enox1.1","cg24844787",2689
"ENOX1","AMEX60DD037876","Enox1","cg24844787",2689
"KCTD15","AMEX60DD017650","Kctd15","cg09909555",2690
"ZNF326","AMEX60DD019092","Znf326","cg11678648",2691
"ZNF326","AMEX60DD019094","Znf326.1","cg11678648",2691
"ZNF326","AMEX60DD019096","Znf326.2","cg11678648",2691
"ZNF326","AMEX60DD043894","Znf326.3","cg11678648",2691
"FOXP1","AMEX60DD023939","Foxp1","cg08698746",2692
"NRXN3","AMEX60DD011291","Nrxn3","cg08620301",2693
"RPS6KC1","AMEX60DD036076","Rps6kc1","cg06300521",2694
"ZBTB16","AMEX60DD053674","Zbtb16","cg08389403",2695
"CPEB4","AMEX60DD028743","Cpeb4","cg24280879",2697
"SDCCAG8","AMEX60DD035270","Sdccag8","cg20408749",2698
"SDCCAG8","AMEX60DD035273","Sdccag8.1","cg20408749",2698
"ATF2","AMEX60DD055620","Atf2","cg27089055",2700
"CDC42","AMEX60DD027060","Cdc42","cg23019935",2701
"CDC42","AMEX60DD052092","Cdc42.1","cg23019935",2701
"ZEB2","AMEX60DD029760","Zeb2","cg21420628",2702
"ZEB2","AMEX60DD055909","Zeb2.1","cg21420628",2702
"EBF3","AMEX60DD046404","Ebf3","cg02945397",2703
"EBF3","AMEX60DD052723","Ebf3.1","cg02945397",2703
"TENM2","AMEX60DD030344","Tenm2","cg24527140",2706
"PBX3","AMEX60DD050513","Pbx3.1","cg10520899",2707
"PBX3","AMEX60DD050511","Pbx3","cg10520899",2707
"CCDC178","AMEX60DD039638","Ccdc178.1","cg02136286",2708
"CCDC178","AMEX60DD039634","Ccdc178","cg02136286",2708
"TENM4","AMEX60DD049694","Tenm4","cg10988825",2710
"DYRK1A","AMEX60DD047194","Dyrk1a.3","cg01311296",2711
"DYRK1A","AMEX60DD047193","Dyrk1a.2","cg01311296",2711
"DYRK1A","AMEX60DD016171","Dyrk1a","cg01311296",2711
"DYRK1A","AMEX60DD047192","Dyrk1a.1","cg01311296",2711
"NFIA","AMEX60DD033675","Nfia.1","cg12288064",2712
"NFIA","AMEX60DD019413","Nfia","cg12288064",2712
"ONECUT2","AMEX60DD041804","Onecut2","cg04838715",2713
"CNOT1","AMEX60DD015516","Cnot1.1","cg13189689",2715
"CNOT1","AMEX60DD015513","Cnot1","cg13189689",2715
"HNRNPD","AMEX60DD043555","Hnrnpd","cg18338272",2716
"RBFOX2","AMEX60DD030445","Rbfox2","cg24597392",2717
"PAX2","AMEX60DD051628","Pax2","cg12704157",2718
"MPPED2","AMEX60DD004918","Mpped2","cg21562108",2719
"KLHL32","AMEX60DD033880","Klhl32","cg26525059",2721
"KLHL32","AMEX60DD033889","Klhl32.2","cg26525059",2721
"KLHL32","AMEX60DD033882","Klhl32.1","cg26525059",2721
"TRIP12","AMEX60DD002012","Trip12","cg22751689",2723
"TRIP12","AMEX60DD002013","Trip12.1","cg22751689",2723
"TBC1D5","AMEX60DD022787","Tbc1d5","cg24996622",2724
"FBXL17","AMEX60DD042709","Fbxl17.2","cg20530055",2726
"FBXL17","AMEX60DD042707","Fbxl17.1","cg20530055",2726
"FBXL17","AMEX60DD042705","Fbxl17","cg20530055",2726
"FTO","AMEX60DD017737","Fto.1","cg21334143",2727
"FTO","AMEX60DD017735","Fto","cg21334143",2727
"BTRC","AMEX60DD052902","Btrc","cg06881444",2728
"BTRC","AMEX60DD052906","Btrc.1","cg06881444",2728
"CHD1","AMEX60DD042649","Chd1.1","cg17354293",2730
"CHD1","AMEX60DD042646","Chd1","cg17354293",2730
"CHD1","AMEX60DD042650","Chd1.2","cg17354293",2730
"TBCA","AMEX60DD042319","Tbca","cg15794906",2732
"VRK1","AMEX60DD011400","Vrk1","cg12499452",2733
"SFRP2","AMEX60DD049867","Sfrp2.1","cg14221098",2734
"SFRP2","AMEX60DD045083","Sfrp2","cg14221098",2734
"CCNL2","AMEX60DD051270","Ccnl2","cg12590759",2735
"CXXC4","AMEX60DD044661","Cxxc4","cg14002474",2736
"ITPR1","AMEX60DD023583","Itpr1.1","cg12121354",2737
"ITPR1","AMEX60DD023582","Itpr1","cg12121354",2737
"GPD2","AMEX60DD055827","Gpd2","cg01526265",2738
"ZEB2","AMEX60DD029760","Zeb2","cg18585875",2739
"ZEB2","AMEX60DD055909","Zeb2.1","cg18585875",2739
"EVX2","AMEX60DD010172","Evx2","cg11422969",2741
"EVX2","AMEX60DD055613","Evx2.1","cg11422969",2741
"ZNF326","AMEX60DD019092","Znf326","cg09263213",2742
"ZNF326","AMEX60DD019094","Znf326.1","cg09263213",2742
"ZNF326","AMEX60DD019096","Znf326.2","cg09263213",2742
"ZNF326","AMEX60DD043894","Znf326.3","cg09263213",2742
"FAM172A","AMEX60DD042583","Fam172a.2","cg19875876",2743
"FAM172A","AMEX60DD042581","Fam172a","cg19875876",2743
"FAM172A","AMEX60DD042582","Fam172a.1","cg19875876",2743
"FAM172A","AMEX60DD042583","Fam172a.2","cg12398079",2744
"FAM172A","AMEX60DD042581","Fam172a","cg12398079",2744
"FAM172A","AMEX60DD042582","Fam172a.1","cg12398079",2744
"CCNT2","AMEX60DD055969","Ccnt2","cg27334722",2746
"NOL4","AMEX60DD039647","Nol4.4","cg05074697",2747
"NOL4","AMEX60DD039645","Nol4.3","cg05074697",2747
"NOL4","AMEX60DD004157","Nol4","cg05074697",2747
"NOL4","AMEX60DD007813","Nol4.2","cg05074697",2747
"NOL4","AMEX60DD004433","Nol4.1","cg05074697",2747
"KCNA1","AMEX60DD006607","Kcna1","cg13326443",2750
"AP4S1","AMEX60DD012193","Ap4s1","cg13609316",2751
"ANK2","AMEX60DD044697","Ank2","cg00505445",2752
"CSNK1A1","AMEX60DD027743","Csnk1a1","cg07816130",2753
"NFIX","AMEX60DD031984","Nfix.1","cg14537141",2754
"NFIX","AMEX60DD031983","Nfix","cg14537141",2754
"USP5","AMEX60DD026809","Usp5","cg17553901",2756
"GPD2","AMEX60DD055827","Gpd2","cg09486322",2757
"ZEB2","AMEX60DD029760","Zeb2","cg09908759",2758
"ZEB2","AMEX60DD055909","Zeb2.1","cg09908759",2758
"GABRG2","AMEX60DD030299","Gabrg2","cg19004094",2759
"GABRG2","AMEX60DD037833","Gabrg2.1","cg19004094",2759
"KCNH4","AMEX60DD010050","Kcnh4.1","cg04050843",2760
"KCNH4","AMEX60DD010045","Kcnh4","cg04050843",2760
"VRK2","AMEX60DD035418","Vrk2","cg22124077",2762
"SFRP1","AMEX60DD002950","Sfrp1","cg08866491",2764
"MRPS9","AMEX60DD048051","Mrps9","cg12882947",2765
"UNCX","AMEX60DD021249","Uncx","cg01037009",2767
"CACNA1E","AMEX60DD018649","Cacna1e.3","cg01268748",2768
"CACNA1E","AMEX60DD018650","Cacna1e.4","cg01268748",2768
"CACNA1E","AMEX60DD018643","Cacna1e","cg01268748",2768
"CACNA1E","AMEX60DD018646","Cacna1e.1","cg01268748",2768
"CACNA1E","AMEX60DD018647","Cacna1e.2","cg01268748",2768
"ARGLU1","AMEX60DD047711","Arglu1","cg25910416",2769
"GPHN","AMEX60DD012041","Gphn","cg11275232",2770
"PBX3","AMEX60DD050513","Pbx3.1","cg17882807",2771
"PBX3","AMEX60DD050511","Pbx3","cg17882807",2771
"ATG4C","AMEX60DD019389","Atg4c","cg10595543",2772
"GTDC1","AMEX60DD031782","Gtdc1","cg17826245",2773
"FLOT2","AMEX60DD054834","Flot2","cg17114460",2774
"FLOT2","AMEX60DD054835","Flot2.1","cg17114460",2774
"CALCOCO1","AMEX60DD029523","Calcoco1","cg01740040",2775
"ADGRB3","AMEX60DD033553","Adgrb3.1","cg17740131",2776
"ADGRB3","AMEX60DD033552","Adgrb3","cg17740131",2776
"RANBP17","AMEX60DD030418","Ranbp17.1","cg10420536",2777
"RANBP17","AMEX60DD030416","Ranbp17","cg10420536",2777
"RANBP17","AMEX60DD030420","Ranbp17.2","cg10420536",2777
"CYP7B1","AMEX60DD039816","Cyp7b1","cg04760427",2779
"TRIP12","AMEX60DD002012","Trip12","cg19271316",2782
"TRIP12","AMEX60DD002013","Trip12.1","cg19271316",2782
"LCOR","AMEX60DD052868","Lcor","cg14748407",2783
"OLA1","AMEX60DD055699","Ola1.1","cg06562958",2787
"OLA1","AMEX60DD055698","Ola1","cg06562958",2787
"MCTP1","AMEX60DD042590","Mctp1.1","cg17797918",2788
"MCTP1","AMEX60DD042591","Mctp1.2","cg17797918",2788
"MCTP1","AMEX60DD042588","Mctp1","cg17797918",2788
"RBM39","AMEX60DD028542","Rbm39","cg02063736",2789
"RBM39","AMEX60DD041330","Rbm39.1","cg02063736",2789
"DMRT1","AMEX60DD043122","Dmrt1","cg10251444",2791
"PRKCE","AMEX60DD035934","Prkce","cg24831901",2792
"DLX1","AMEX60DD055670","Dlx1","cg24228707",2793
"RAPGEF5","AMEX60DD021983","Rapgef5.2","cg15711932",2794
"RAPGEF5","AMEX60DD021982","Rapgef5.1","cg15711932",2794
"RAPGEF5","AMEX60DD021977","Rapgef5","cg15711932",2794
"PTPRM","AMEX60DD041497","Ptprm.4","cg21159131",2795
"PTPRM","AMEX60DD039263","Ptprm.1","cg21159131",2795
"PTPRM","AMEX60DD039264","Ptprm.2","cg21159131",2795
"PTPRM","AMEX60DD039265","Ptprm.3","cg21159131",2795
"PTPRM","AMEX60DD014984","Ptprm","cg21159131",2795
"ZEB2","AMEX60DD029760","Zeb2","cg07434287",2797
"ZEB2","AMEX60DD055909","Zeb2.1","cg07434287",2797
"LRATD1","AMEX60DD033189","Lratd1","cg05324472",2798
"HNRNPR","AMEX60DD005755","Hnrnpr","cg03447235",2800
"CNOT1","AMEX60DD015516","Cnot1.1","cg16126692",2802
"CNOT1","AMEX60DD015513","Cnot1","cg16126692",2802
"FIGN","AMEX60DD029644","Fign","cg23133455",2803
"FIGN","AMEX60DD055759","Fign.1","cg23133455",2803
"HAT1","AMEX60DD055667","Hat1","cg20888789",2804
"USH2A","AMEX60DD036103","Ush2a","cg24113826",2805
"BARHL2","AMEX60DD052670","Barhl2.1","cg13502730",2806
"BARHL2","AMEX60DD019109","Barhl2","cg13502730",2806
"ZNF536","AMEX60DD016701","Znf536.2","cg12445252",2807
"ZNF536","AMEX60DD016699","Znf536.1","cg12445252",2807
"ZNF536","AMEX60DD008513","Znf536","cg12445252",2807
"TSPAN5","AMEX60DD044021","Tspan5","cg00035308",2809
"ELP4","AMEX60DD004908","Elp4","cg23106587",2810
"ELP4","AMEX60DD037838","Elp4.1","cg23106587",2810
"LRMDA","AMEX60DD052208","Lrmda.2","cg02093669",2811
"LRMDA","AMEX60DD052207","Lrmda.1","cg02093669",2811
"LRMDA","AMEX60DD052205","Lrmda","cg02093669",2811
"DLG2","AMEX60DD049665","Dlg2.2","cg21311909",2812
"DLG2","AMEX60DD049664","Dlg2.1","cg21311909",2812
"DLG2","AMEX60DD049667","Dlg2.3","cg21311909",2812
"DLG2","AMEX60DD049663","Dlg2","cg21311909",2812
"ZDHHC14","AMEX60DD034953","Zdhhc14","cg24889477",2813
"ZDHHC14","AMEX60DD034954","Zdhhc14.1","cg24889477",2813
"MBNL1","AMEX60DD001895","Mbnl1","cg09041336",2814
"TNPO1","AMEX60DD042436","Tnpo1","cg08122757",2817
"TNPO1","AMEX60DD042439","Tnpo1.1","cg08122757",2817
"DGKH","AMEX60DD049103","Dgkh","cg24855613",2818
"OTP","AMEX60DD042321","Otp.1","cg24352905",2819
"OTP","AMEX60DD042320","Otp","cg24352905",2819
"NFIB","AMEX60DD019415","Nfib","cg13027218",2820
"NFIB","AMEX60DD043470","Nfib.1","cg13027218",2820
"RNF220","AMEX60DD032083","Rnf220.1","cg12414897",2821
"RNF220","AMEX60DD019858","Rnf220","cg12414897",2821
"MSI2","AMEX60DD054090","Msi2","cg07429125",2823
"MSI2","AMEX60DD054091","Msi2.1","cg07429125",2823
"LRPPRC","AMEX60DD035957","Lrpprc","cg02055262",2824
"CNKSR2","AMEX60DD048492","Cnksr2.1","cg01090334",2826
"CNKSR2","AMEX60DD048493","Cnksr2.2","cg01090334",2826
"CNKSR2","AMEX60DD048489","Cnksr2","cg01090334",2826
"GPD2","AMEX60DD055827","Gpd2","cg23807698",2828
"PPP2R2A","AMEX60DD003005","Ppp2r2a","cg19992880",2830
"TCF4","AMEX60DD041795","Tcf4","cg20613357",2831
"TNPO1","AMEX60DD042436","Tnpo1","cg00522519",2832
"TNPO1","AMEX60DD042439","Tnpo1.1","cg00522519",2832
"TAOK1","AMEX60DD054817","Taok1","cg04722310",2837
"CASD1","AMEX60DD022394","Casd1","cg09219491",2838
"CASD1","AMEX60DD022395","Casd1.1","cg09219491",2838
"NKX2-2","AMEX60DD035473","Nkx2-2","cg17387264",2839
"TSHZ3","AMEX60DD016709","Tshz3","cg14738011",2840
"SNX24","AMEX60DD042866","Snx24","cg03487446",2841
"SLC8A1","AMEX60DD034456","Slc8a1.1","cg24396429.2",2842
"SLC8A1","AMEX60DD025093","Slc8a1","cg24396429.2",2842
"RBFOX1","AMEX60DD020250","Rbfox1","cg02034167",2843
"INTS12","AMEX60DD044655","Ints12","cg17556655",2844
"DCX","AMEX60DD037111","Dcx","cg26601187",2845
"ZEB2","AMEX60DD029760","Zeb2","cg20498943",2846
"ZEB2","AMEX60DD055909","Zeb2.1","cg20498943",2846
"BTRC","AMEX60DD052902","Btrc","cg07743958",2847
"BTRC","AMEX60DD052906","Btrc.1","cg07743958",2847
"TJP1","AMEX60DD003625","Tjp1","cg26992531",2848
"TJP1","AMEX60DD003626","Tjp1.1","cg26992531",2848
"HELZ","AMEX60DD031136","Helz","cg00750399",2850
"PRKG1","AMEX60DD052541","Prkg1","cg09019938.2",2851
"PRKG1","AMEX60DD052548","Prkg1.2","cg09019938.2",2851
"PRKG1","AMEX60DD052543","Prkg1.1","cg09019938.2",2851
"ST18","AMEX60DD039692","St18","cg08159003",2852
"PBX1","AMEX60DD031588","Pbx1.1","cg09009057",2853
"PBX1","AMEX60DD018398","Pbx1","cg09009057",2853
"PBX1","AMEX60DD050515","Pbx1.3","cg09009057",2853
"PBX1","AMEX60DD050512","Pbx1.2","cg09009057",2853
"MSH6","AMEX60DD035901","Msh6","cg09256836",2854
"YPEL3","AMEX60DD028374","Ypel3","cg03064169",2856
"CYFIP1","AMEX60DD047767","Cyfip1.1","cg15159458",2857
"CYFIP1","AMEX60DD047766","Cyfip1","cg15159458",2857
"ATG4C","AMEX60DD019389","Atg4c","cg01579422",2858
"SLF2","AMEX60DD052954","Slf2","cg14261013",2859
"MYO3B","AMEX60DD055650","Myo3b.1","cg06807725",2860
"MYO3B","AMEX60DD041408","Myo3b","cg06807725",2860
"RANBP17","AMEX60DD030418","Ranbp17.1","cg19490722",2862
"RANBP17","AMEX60DD030416","Ranbp17","cg19490722",2862
"RANBP17","AMEX60DD030420","Ranbp17.2","cg19490722",2862
"PAX2","AMEX60DD051628","Pax2","cg26872449",2863
"WDR7","AMEX60DD041800","Wdr7","cg05562063",2864
"ZDHHC9","AMEX60DD037656","Zdhhc9","cg17184510",2865
"NRXN3","AMEX60DD011291","Nrxn3","cg07228206",2866
"RNF220","AMEX60DD032083","Rnf220.1","cg04603482",2867
"RNF220","AMEX60DD019858","Rnf220","cg04603482",2867
"NHSL1","AMEX60DD035514","Nhsl1","cg07838086",2869
"RANBP17","AMEX60DD030418","Ranbp17.1","cg19257770",2870
"RANBP17","AMEX60DD030416","Ranbp17","cg19257770",2870
"RANBP17","AMEX60DD030420","Ranbp17.2","cg19257770",2870
"MBTD1","AMEX60DD030991","Mbtd1.1","cg16052363",2871
"MBTD1","AMEX60DD030990","Mbtd1","cg16052363",2871
"SOX6","AMEX60DD004724","Sox6","cg16504105",2872
"CYP7B1","AMEX60DD039816","Cyp7b1","cg26018384",2874
"CASD1","AMEX60DD022394","Casd1","cg25646617",2875
"CASD1","AMEX60DD022395","Casd1.1","cg25646617",2875
"ZEB2","AMEX60DD029760","Zeb2","cg12253158",2876
"ZEB2","AMEX60DD055909","Zeb2.1","cg12253158",2876
"TSHZ2","AMEX60DD027389","Tshz2","cg22454980",2877
"FBXO33","AMEX60DD011574","Fbxo33","cg17499716",2878
"BNC2","AMEX60DD043399","Bnc2","cg18348774",2879
"TRPS1","AMEX60DD040351","Trps1","cg23815006",2880
"ZBTB16","AMEX60DD053674","Zbtb16","cg22386201",2881
"NUAK1","AMEX60DD007845","Nuak1","cg05389467",2882
"NUAK1","AMEX60DD023253","Nuak1.1","cg05389467",2882
"BRIP1","AMEX60DD054633","Brip1","cg22952069",2884
"BRIP1","AMEX60DD054637","Brip1.1","cg22952069",2884
"DENND1A","AMEX60DD050557","Dennd1a","cg15254020",2885
"PBX1","AMEX60DD031588","Pbx1.1","cg16158544",2886
"PBX1","AMEX60DD018398","Pbx1","cg16158544",2886
"PBX1","AMEX60DD050515","Pbx1.3","cg16158544",2886
"PBX1","AMEX60DD050512","Pbx1.2","cg16158544",2886
"UNC80","AMEX60DD055372","Unc80.1","cg18338004",2887
"UNC80","AMEX60DD055373","Unc80.2","cg18338004",2887
"UNC80","AMEX60DD055371","Unc80","cg18338004",2887
"UNC80","AMEX60DD055374","Unc80.3","cg18338004",2887
"BEND4","AMEX60DD045625","Bend4","cg21631546",2888
"CAMKMT","AMEX60DD035946","Camkmt","cg05790430",2892
"UNCX","AMEX60DD021249","Uncx","cg19103271",2894
"L3MBTL1","AMEX60DD028647","L3mbtl1","cg20374928",2895
"L3MBTL1","AMEX60DD028650","L3mbtl1.3","cg20374928",2895
"L3MBTL1","AMEX60DD028649","L3mbtl1.2","cg20374928",2895
"L3MBTL1","AMEX60DD028648","L3mbtl1.1","cg20374928",2895
"XKR6","AMEX60DD032812","Xkr6","cg22191805",2896
"TCF7L2","AMEX60DD053152","Tcf7l2","cg15169791",2897
"LMO1","AMEX60DD004749","Lmo1","cg20730598",2898
"SYT1","AMEX60DD017440","Syt1","cg13199975",2900
"SRSF3","AMEX60DD008694","Srsf3.1","cg03130174",2901
"SRSF3","AMEX60DD008684","Srsf3","cg03130174",2901
"SRSF3","AMEX60DD014669","Srsf3.2","cg03130174",2901
"TBCA","AMEX60DD042319","Tbca","cg16699500",2902
"CTNNA2","AMEX60DD046168","Ctnna2","cg09578221",2904
"TRIO","AMEX60DD038811","Trio","cg08846327",2905
"BARHL2","AMEX60DD052670","Barhl2.1","cg14279547",2906
"BARHL2","AMEX60DD019109","Barhl2","cg14279547",2906
"CSDE1","AMEX60DD008836","Csde1","cg27414251",2907
"SAP30L","AMEX60DD030070","Sap30l","cg07414895",2908
"SCUBE1","AMEX60DD006431","Scube1.1","cg04653168",2909
"SCUBE1","AMEX60DD006435","Scube1.2","cg04653168",2909
"SCUBE1","AMEX60DD003135","Scube1","cg04653168",2909
"RELCH","AMEX60DD038621","Relch","cg02693960",2910
"ZFPM2","AMEX60DD040273","Zfpm2","cg16255876",2914
"ZFPM2","AMEX60DD040274","Zfpm2.1","cg16255876",2914
"AP4S1","AMEX60DD012193","Ap4s1","cg08243549",2915
"STRIP1","AMEX60DD009235","Strip1","cg23053903",2916
"CELF4","AMEX60DD003871","Celf4","cg25339883",2917
"CELF4","AMEX60DD041624","Celf4.1","cg25339883",2917
"CELF4","AMEX60DD041626","Celf4.2","cg25339883",2917
"BCL11B","AMEX60DD011386","Bcl11b","cg16144381",2918
"PRRC2B","AMEX60DD050399","Prrc2b","cg19469233",2919
"UNCX","AMEX60DD021249","Uncx","cg07159253",2920
"ZFHX4","AMEX60DD039942","Zfhx4","cg19538069",2921
"NFIA","AMEX60DD033675","Nfia.1","cg12939690",2922
"NFIA","AMEX60DD019413","Nfia","cg12939690",2922
"CSMD3","AMEX60DD040348","Csmd3","cg23442353",2923
"UBE2Q2","AMEX60DD004121","Ube2q2","cg17352520",2924
"NUP214","AMEX60DD050393","Nup214","cg24869367",2925
"SLIT1","AMEX60DD052864","Slit1","cg08450113",2926
"HNRNPL","AMEX60DD038693","Hnrnpl.3","cg16442610",2927
"HNRNPL","AMEX60DD051693","Hnrnpl.5","cg16442610",2927
"HNRNPL","AMEX60DD024272","Hnrnpl.2","cg16442610",2927
"HNRNPL","AMEX60DD019057","Hnrnpl.1","cg16442610",2927
"HNRNPL","AMEX60DD001443","Hnrnpl","cg16442610",2927
"HNRNPL","AMEX60DD047957","Hnrnpl.4","cg16442610",2927
"OSTM1","AMEX60DD033775","Ostm1","cg19676874",2929
"MARCHF6","AMEX60DD019133","Marchf6","cg17186761",2933
"MARCHF6","AMEX60DD038784","Marchf6.1","cg17186761",2933
"GJD2","AMEX60DD012155","Gjd2","cg04569181",2934
"GJD2","AMEX60DD024439","Gjd2.1","cg04569181",2934
"LRPPRC","AMEX60DD035957","Lrpprc","cg00380167",2935
"SPEN","AMEX60DD012593","Spen.19","cg17334876",2936
"SPEN","AMEX60DD012583","Spen.13","cg17334876",2936
"SPEN","AMEX60DD012554","Spen.5","cg17334876",2936
"SPEN","AMEX60DD012589","Spen.17","cg17334876",2936
"SPEN","AMEX60DD012597","Spen.23","cg17334876",2936
"SPEN","AMEX60DD012549","Spen.3","cg17334876",2936
"SPEN","AMEX60DD012533","Spen.2","cg17334876",2936
"SPEN","AMEX60DD012569","Spen.8","cg17334876",2936
"SPEN","AMEX60DD012582","Spen.12","cg17334876",2936
"SPEN","AMEX60DD012594","Spen.20","cg17334876",2936
"SPEN","AMEX60DD012557","Spen.6","cg17334876",2936
"SPEN","AMEX60DD012584","Spen.14","cg17334876",2936
"SPEN","AMEX60DD012596","Spen.22","cg17334876",2936
"SPEN","AMEX60DD012602","Spen.26","cg17334876",2936
"SPEN","AMEX60DD012588","Spen.16","cg17334876",2936
"SPEN","AMEX60DD012570","Spen.9","cg17334876",2936
"SPEN","AMEX60DD012563","Spen.7","cg17334876",2936
"SPEN","AMEX60DD012586","Spen.15","cg17334876",2936
"SPEN","AMEX60DD052341","Spen.31","cg17334876",2936
"SPEN","AMEX60DD012590","Spen.18","cg17334876",2936
"SPEN","AMEX60DD012605","Spen.28","cg17334876",2936
"SPEN","AMEX60DD012595","Spen.21","cg17334876",2936
"SPEN","AMEX60DD012526","Spen","cg17334876",2936
"SPEN","AMEX60DD012528","Spen.1","cg17334876",2936
"SPEN","AMEX60DD012580","Spen.10","cg17334876",2936
"SPEN","AMEX60DD012599","Spen.24","cg17334876",2936
"SPEN","AMEX60DD012604","Spen.27","cg17334876",2936
"SPEN","AMEX60DD012553","Spen.4","cg17334876",2936
"SPEN","AMEX60DD012601","Spen.25","cg17334876",2936
"SPEN","AMEX60DD052340","Spen.30","cg17334876",2936
"SPEN","AMEX60DD012607","Spen.29","cg17334876",2936
"SPEN","AMEX60DD012581","Spen.11","cg17334876",2936
"PAX2","AMEX60DD051628","Pax2","cg12815734",2937
"CACNA1A","AMEX60DD032070","Cacna1a.1","cg21103567",2939
"CACNA1A","AMEX60DD032067","Cacna1a","cg21103567",2939
"CACNA1A","AMEX60DD032071","Cacna1a.2","cg21103567",2939
"CALU","AMEX60DD016244","Calu","cg02058639",2940
"CELF4","AMEX60DD003871","Celf4","cg23681938",2941
"CELF4","AMEX60DD041624","Celf4.1","cg23681938",2941
"CELF4","AMEX60DD041626","Celf4.2","cg23681938",2941
"NRXN3","AMEX60DD011291","Nrxn3","cg26226364",2942
"FBXL4","AMEX60DD033855","Fbxl4","cg08474267",2943
"CASZ1","AMEX60DD051153","Casz1","cg24869569",2944
"CASZ1","AMEX60DD053420","Casz1.1","cg24869569",2944
"ZNF608","AMEX60DD015019","Znf608","cg14834925",2945
"ZNF608","AMEX60DD042880","Znf608.1","cg14834925",2945
"MCTP1","AMEX60DD042590","Mctp1.1","cg09023775",2946
"MCTP1","AMEX60DD042591","Mctp1.2","cg09023775",2946
"MCTP1","AMEX60DD042588","Mctp1","cg09023775",2946
"PIKFYVE","AMEX60DD055142","Pikfyve.1","cg26363341",2948
"PIKFYVE","AMEX60DD055141","Pikfyve","cg26363341",2948
"NFIB","AMEX60DD019415","Nfib","cg04211440",2950
"NFIB","AMEX60DD043470","Nfib.1","cg04211440",2950
"FAM78B","AMEX60DD018190","Fam78b","cg21762820",2951
"DIMT1","AMEX60DD042206","Dimt1","cg06628177",2952
"DMRT1","AMEX60DD043122","Dmrt1","cg24949381",2953
"POU6F2","AMEX60DD038088","Pou6f2","cg12442682",2954
"MARCHF4","AMEX60DD056211","Marchf4","cg01166318",2956
"AFG1L","AMEX60DD034052","Afg1l","cg17419897",2957
"MEIS1","AMEX60DD035598","Meis1.1","cg11371756",2960
"MEIS1","AMEX60DD024424","Meis1","cg11371756",2960
"ZEB2","AMEX60DD029760","Zeb2","cg24264009",2961
"ZEB2","AMEX60DD055909","Zeb2.1","cg24264009",2961
"ZBTB18","AMEX60DD011065","Zbtb18","cg01105418",2962
"ZBTB18","AMEX60DD035280","Zbtb18.1","cg01105418",2962
"NPTN","AMEX60DD003889","Nptn","cg22299462",2963
"KIF5A","AMEX60DD029773","Kif5a","cg24912303",2965
"KCNA1","AMEX60DD006607","Kcna1","cg18518020",2966
"MCTP1","AMEX60DD042590","Mctp1.1","cg00441553",2967
"MCTP1","AMEX60DD042591","Mctp1.2","cg00441553",2967
"MCTP1","AMEX60DD042588","Mctp1","cg00441553",2967
"PBX1","AMEX60DD031588","Pbx1.1","cg13620507",2968
"PBX1","AMEX60DD018398","Pbx1","cg13620507",2968
"PBX1","AMEX60DD050515","Pbx1.3","cg13620507",2968
"PBX1","AMEX60DD050512","Pbx1.2","cg13620507",2968
"CAMKMT","AMEX60DD035946","Camkmt","cg07774099",2973
"ENPP2","AMEX60DD040394","Enpp2","cg03908972",2974
"DACH1","AMEX60DD048850","Dach1","cg01531932",2975
"ZNF536","AMEX60DD016701","Znf536.2","cg25283972",2976
"ZNF536","AMEX60DD016699","Znf536.1","cg25283972",2976
"ZNF536","AMEX60DD008513","Znf536","cg25283972",2976
"NFIX","AMEX60DD031984","Nfix.1","cg21309927",2978
"NFIX","AMEX60DD031983","Nfix","cg21309927",2978
"PDSS2","AMEX60DD034071","Pdss2","cg00872748",2979
"ZSWIM6","AMEX60DD042202","Zswim6","cg08291752",2980
"AP3B1","AMEX60DD042316","Ap3b1","cg05686715",2981
"IRX3","AMEX60DD017741","Irx3","cg07146324",2982
"ONECUT1","AMEX60DD014732","Onecut1","cg10664719",2984
"MITF","AMEX60DD023930","Mitf.1","cg17112497",2985
"MITF","AMEX60DD023926","Mitf","cg17112497",2985
"THRA","AMEX60DD010338","Thra","cg19258589",2988
"GRIA2","AMEX60DD045153","Gria2.1","cg21171640",2990
"GRIA2","AMEX60DD045146","Gria2","cg21171640",2990
"LMO4","AMEX60DD019060","Lmo4","cg09595108",2991
"LMO4","AMEX60DD051000","Lmo4.1","cg09595108",2991
"MAST4","AMEX60DD042266","Mast4.1","cg23663242",2994
"MAST4","AMEX60DD042264","Mast4","cg23663242",2994
"ILF3","AMEX60DD012671","Ilf3","cg21473019",2995
"ILF3","AMEX60DD051502","Ilf3.3","cg21473019",2995
"ILF3","AMEX60DD051501","Ilf3.2","cg21473019",2995
"ILF3","AMEX60DD032042","Ilf3.1","cg21473019",2995
"ILF3","AMEX60DD052329","Ilf3.4","cg21473019",2995
"ILF3","AMEX60DD052331","Ilf3.6","cg21473019",2995
"ILF3","AMEX60DD052330","Ilf3.5","cg21473019",2995
"EVX2","AMEX60DD010172","Evx2","cg05690769",2996
"EVX2","AMEX60DD055613","Evx2.1","cg05690769",2996
"VEGFA","AMEX60DD036418","Vegfa.1","cg17945038",2997
"VEGFA","AMEX60DD025282","Vegfa","cg17945038",2997
"TSHZ3","AMEX60DD016709","Tshz3","cg15156555",3000
"SSBP3","AMEX60DD019537","Ssbp3.1","cg14266291",3001
"SSBP3","AMEX60DD014133","Ssbp3","cg14266291",3001
"GRIA4","AMEX60DD049465","Gria4","cg02905739",3002
"GRIA4","AMEX60DD049466","Gria4.1","cg02905739",3002
"LHX1","AMEX60DD054124","Lhx1","cg13644292",3003
"DLX1","AMEX60DD055670","Dlx1","cg14017612",3004
"SLITRK5","AMEX60DD048700","Slitrk5","cg13732832",3005
"NFIB","AMEX60DD019415","Nfib","cg20102972",3006
"NFIB","AMEX60DD043470","Nfib.1","cg20102972",3006
"BNC2","AMEX60DD043399","Bnc2","cg17881452",3007
"RNF220","AMEX60DD032083","Rnf220.1","cg05562961",3008
"RNF220","AMEX60DD019858","Rnf220","cg05562961",3008
"NFIB","AMEX60DD019415","Nfib","cg01599973",3009
"NFIB","AMEX60DD043470","Nfib.1","cg01599973",3009
"CNTLN","AMEX60DD043394","Cntln","cg05778253",3010
"KIDINS220","AMEX60DD033293","Kidins220.2","cg24853943",3011
"KIDINS220","AMEX60DD033291","Kidins220","cg24853943",3011
"KIDINS220","AMEX60DD033292","Kidins220.1","cg24853943",3011
"RIMS2","AMEX60DD040262","Rims2.2","cg05053064",3012
"RIMS2","AMEX60DD040259","Rims2","cg05053064",3012
"RIMS2","AMEX60DD040260","Rims2.1","cg05053064",3012
"DLX1","AMEX60DD055670","Dlx1","cg11473209",3013
"NDUFB9","AMEX60DD040460","Ndufb9","cg13634725",3014
"ZFHX3","AMEX60DD016992","Zfhx3","cg16322968",3015
"URI1","AMEX60DD016694","Uri1.1","cg00608221",3016
"URI1","AMEX60DD016693","Uri1","cg00608221",3016
"UBR5","AMEX60DD040238","Ubr5","cg17634341",3017
"PURA","AMEX60DD029051","Pura","cg07714477",3018
"PAX2","AMEX60DD051628","Pax2","cg17641859",3020
"FOXP2","AMEX60DD006292","Foxp2","cg17360465",3022
"ZNF407","AMEX60DD039213","Znf407","cg05387438",3023
"PAX2","AMEX60DD051628","Pax2","cg20682781",3025
"URI1","AMEX60DD016694","Uri1.1","cg09148605",3026
"URI1","AMEX60DD016693","Uri1","cg09148605",3026
"ETV1","AMEX60DD022427","Etv1","cg26636593",3027
"ZFHX3","AMEX60DD016992","Zfhx3","cg05203258",3030
"LRMDA","AMEX60DD052208","Lrmda.2","cg22250202",3032
"LRMDA","AMEX60DD052207","Lrmda.1","cg22250202",3032
"LRMDA","AMEX60DD052205","Lrmda","cg22250202",3032
"DIPK2A","AMEX60DD002065","Dipk2a","cg13718663",3033
"TRPS1","AMEX60DD040351","Trps1","cg16448606",3034
"HNRNPDL","AMEX60DD045027","Hnrnpdl.1","cg20202407",3037
"HNRNPDL","AMEX60DD043557","Hnrnpdl","cg20202407",3037
"MAFB","AMEX60DD009484","Mafb","cg09038439",3038
"MAFB","AMEX60DD028613","Mafb.1","cg09038439",3038
"ZEB1","AMEX60DD021805","Zeb1","cg03167448",3040
"EXOC6B","AMEX60DD046280","Exoc6b.2","cg12101623",3041
"EXOC6B","AMEX60DD046279","Exoc6b.1","cg12101623",3041
"EXOC6B","AMEX60DD046314","Exoc6b.3","cg12101623",3041
"EXOC6B","AMEX60DD046278","Exoc6b","cg12101623",3041
"TENM3","AMEX60DD045345","Tenm3.1","cg11664765",3042
"TENM3","AMEX60DD045344","Tenm3","cg11664765",3042
"ZNF521","AMEX60DD039549","Znf521","cg11218720",3043
"CLK3","AMEX60DD004131","Clk3","cg11194264",3044
"TCF7L2","AMEX60DD053152","Tcf7l2","cg00289591",3045
"LMO1","AMEX60DD004749","Lmo1","cg02179016",3046
"HNRNPK","AMEX60DD043243","Hnrnpk.4","cg11391016",3047
"HNRNPK","AMEX60DD016981","Hnrnpk.1","cg11391016",3047
"HNRNPK","AMEX60DD016980","Hnrnpk","cg11391016",3047
"HNRNPK","AMEX60DD024399","Hnrnpk.3","cg11391016",3047
"HNRNPK","AMEX60DD016986","Hnrnpk.2","cg11391016",3047
"RRP15","AMEX60DD036122","Rrp15","cg23105988",3048
"CADPS2","AMEX60DD007418","Cadps2","cg20665157.2",3049
"HIF1AN","AMEX60DD051631","Hif1an","cg15848840",3051
"WWOX","AMEX60DD032382","Wwox.1","cg20553183",3052
"WWOX","AMEX60DD032381","Wwox","cg20553183",3052
"RALGAPA2","AMEX60DD035487","Ralgapa2.1","cg11405276",3053
"RALGAPA2","AMEX60DD035483","Ralgapa2","cg11405276",3053
"PAX2","AMEX60DD051628","Pax2","cg06181752",3055
"BACH2","AMEX60DD033941","Bach2","cg04163896",3056
"MEGF11","AMEX60DD004221","Megf11","cg27447131",3057
"DACH1","AMEX60DD048850","Dach1","cg16845195",3058
"CREB1","AMEX60DD055068","Creb1","cg05154530",3059
"DOCK7","AMEX60DD032007","Dock7.2","cg25041458",3060
"DOCK7","AMEX60DD019395","Dock7","cg25041458",3060
"DOCK7","AMEX60DD032008","Dock7.3","cg25041458",3060
"DOCK7","AMEX60DD032006","Dock7.1","cg25041458",3060
"GALNTL6","AMEX60DD045276","Galntl6.2","cg24657928",3061
"GALNTL6","AMEX60DD045272","Galntl6.1","cg24657928",3061
"GALNTL6","AMEX60DD045271","Galntl6","cg24657928",3061
"RHOT1","AMEX60DD031067","Rhot1","cg16593370",3063
"NRXN1","AMEX60DD035865","Nrxn1","cg17962462",3064
"NRXN1","AMEX60DD035873","Nrxn1.2","cg17962462",3064
"NRXN1","AMEX60DD035868","Nrxn1.1","cg17962462",3064
"TNPO1","AMEX60DD042436","Tnpo1","cg21464859",3065
"TNPO1","AMEX60DD042439","Tnpo1.1","cg21464859",3065
"AGAP3","AMEX60DD026206","Agap3","cg01498131",3066
"RUNDC3A","AMEX60DD009892","Rundc3a","cg08158748",3067
"SLITRK1","AMEX60DD048732","Slitrk1","cg27299745",3068
"PPP2R5E","AMEX60DD010993","Ppp2r5e","cg21458384",3069
"SCN8A","AMEX60DD029649","Scn8a","cg01641343",3070
"BCL11B","AMEX60DD011386","Bcl11b","cg22543683",3071
"NKX6-1","AMEX60DD043873","Nkx6-1","cg13826884",3072
"GPAT3","AMEX60DD043859","Gpat3","cg23388969",3073
"PDZRN4","AMEX60DD006342","Pdzrn4","cg20798633",3074
"ZNF521","AMEX60DD039549","Znf521","cg02871654",3076
"ZBTB18","AMEX60DD011065","Zbtb18","cg26521186",3077
"ZBTB18","AMEX60DD035280","Zbtb18.1","cg26521186",3077
"FRS2","AMEX60DD021419","Frs2.1","cg03153971",3078
"FRS2","AMEX60DD007742","Frs2","cg03153971",3078
"WSB1","AMEX60DD054078","Wsb1","cg25561010",3079
"XPO7","AMEX60DD002806","Xpo7","cg06897917",3080
"CDK6","AMEX60DD022242","Cdk6","cg15948787",3081
"RBMS1","AMEX60DD055790","Rbms1","cg23357264",3082
"DLG2","AMEX60DD049665","Dlg2.2","cg18344148",3084
"DLG2","AMEX60DD049664","Dlg2.1","cg18344148",3084
"DLG2","AMEX60DD049667","Dlg2.3","cg18344148",3084
"DLG2","AMEX60DD049663","Dlg2","cg18344148",3084
"CNOT6L","AMEX60DD043727","Cnot6l","cg23945855",3085
"LHX9","AMEX60DD018728","Lhx9","cg01646475",3086
"DHX15","AMEX60DD045767","Dhx15","cg13472965",3087
"FBXW7","AMEX60DD050063","Fbxw7.2","cg14415687",3088
"FBXW7","AMEX60DD045054","Fbxw7.1","cg14415687",3088
"FBXW7","AMEX60DD026839","Fbxw7","cg14415687",3088
"MAFB","AMEX60DD009484","Mafb","cg18454765",3089
"MAFB","AMEX60DD028613","Mafb.1","cg18454765",3089
"HOXD10","HoxD10","Hoxd10","cg03918304",3090
"LCOR","AMEX60DD052868","Lcor","cg04093455",3091
"EPC2","AMEX60DD055879","Epc2.1","cg25749301",3093
"EPC2","AMEX60DD055878","Epc2","cg25749301",3093
"EPC2","AMEX60DD055881","Epc2.2","cg25749301",3093
"NKX2-2","AMEX60DD035473","Nkx2-2","cg13710033",3094
"HOXD11","HoxD11","Hoxd11","cg26222446",3095
"SDCCAG8","AMEX60DD035270","Sdccag8","cg05074718",3096
"SDCCAG8","AMEX60DD035273","Sdccag8.1","cg05074718",3096
"SPIRE1","AMEX60DD039415","Spire1","cg01932632",3097
"SATB1","AMEX60DD022782","Satb1","cg04531442",3098
"GRM1","AMEX60DD034275","Grm1.1","cg00027030",3100
"GRM1","AMEX60DD034270","Grm1","cg00027030",3100
"UNCX","AMEX60DD021249","Uncx","cg11436350",3101
"TRPM3","AMEX60DD003641","Trpm3","cg07212773",3102
"TRPM3","AMEX60DD043161","Trpm3.1","cg07212773",3102
"FBXW7","AMEX60DD050063","Fbxw7.2","cg07759056",3103
"FBXW7","AMEX60DD045054","Fbxw7.1","cg07759056",3103
"FBXW7","AMEX60DD026839","Fbxw7","cg07759056",3103
"PKNOX1","AMEX60DD046801","Pknox1.1","cg19764539",3104
"PKNOX1","AMEX60DD046800","Pknox1","cg19764539",3104
"ZFPM2","AMEX60DD040273","Zfpm2","cg05710193",3108
"ZFPM2","AMEX60DD040274","Zfpm2.1","cg05710193",3108
"POU3F4","AMEX60DD037615","Pou3f4","cg10665864",3109
"POU3F4","AMEX60DD048058","Pou3f4.1","cg10665864",3109
"C2CD5","AMEX60DD006741","C2cd5","cg06081084",3110
"C2CD5","AMEX60DD006743","C2cd5.1","cg06081084",3110
"C2CD5","AMEX60DD006744","C2cd5.2","cg06081084",3110
"SDCCAG8","AMEX60DD035270","Sdccag8","cg12058720",3112
"SDCCAG8","AMEX60DD035273","Sdccag8.1","cg12058720",3112
"FOXA2","AMEX60DD035450","Foxa2.2","cg03051836",3113
"FOXA2","AMEX60DD025124","Foxa2.1","cg03051836",3113
"FOXA2","AMEX60DD024834","Foxa2","cg03051836",3113
"PLD5","AMEX60DD035257","Pld5","cg01664666",3114
"TDRKH","AMEX60DD014961","Tdrkh","cg22767566",3115
"TDRKH","AMEX60DD014964","Tdrkh.1","cg22767566",3115
"NFIB","AMEX60DD019415","Nfib","cg08204247",3116
"NFIB","AMEX60DD043470","Nfib.1","cg08204247",3116
"HNF4G","AMEX60DD039933","Hnf4g","cg16109955",3117
"RASA1","AMEX60DD042525","Rasa1","cg23531839",3118
"NRXN2","AMEX60DD025259","Nrxn2","cg18840370",3119
"NRXN2","AMEX60DD025260","Nrxn2.1","cg18840370",3119
"ZNF536","AMEX60DD016701","Znf536.2","cg07804445",3120
"ZNF536","AMEX60DD016699","Znf536.1","cg07804445",3120
"ZNF536","AMEX60DD008513","Znf536","cg07804445",3120
"LMO4","AMEX60DD019060","Lmo4","cg20163753",3121
"LMO4","AMEX60DD051000","Lmo4.1","cg20163753",3121
"AMMECR1","AMEX60DD037129","Ammecr1","cg13380048",3122
"CAMKMT","AMEX60DD035946","Camkmt","cg01454704",3123
"NF1","AMEX60DD054080","Nf1","cg18423344",3125
"TENM4","AMEX60DD049694","Tenm4","cg04449703",3127
"ZFPM2","AMEX60DD040273","Zfpm2","cg12811115",3128
"ZFPM2","AMEX60DD040274","Zfpm2.1","cg12811115",3128
"NFIA","AMEX60DD033675","Nfia.1","cg12847291",3129
"NFIA","AMEX60DD019413","Nfia","cg12847291",3129
"GPD2","AMEX60DD055827","Gpd2","cg08467352",3131
"SPRED2","AMEX60DD035606","Spred2.1","cg16433982",3132
"SPRED2","AMEX60DD024427","Spred2","cg16433982",3132
"RALGAPA2","AMEX60DD035487","Ralgapa2.1","cg24381667",3133
"RALGAPA2","AMEX60DD035483","Ralgapa2","cg24381667",3133
"CNTLN","AMEX60DD043394","Cntln","cg19662734",3135
"PBX1","AMEX60DD031588","Pbx1.1","cg10213224",3136
"PBX1","AMEX60DD018398","Pbx1","cg10213224",3136
"PBX1","AMEX60DD050515","Pbx1.3","cg10213224",3136
"PBX1","AMEX60DD050512","Pbx1.2","cg10213224",3136
"EN1","AMEX60DD056025","En1","cg11831989",3137
"SOX14","AMEX60DD002376","Sox14","cg23613473",3138
"CADPS","AMEX60DD023807","Cadps.2","cg00489376",3139
"CADPS","AMEX60DD007419","Cadps","cg00489376",3139
"CADPS","AMEX60DD023805","Cadps.1","cg00489376",3139
"BACH2","AMEX60DD033941","Bach2","cg09117664",3140
"RPS6KC1","AMEX60DD036076","Rps6kc1","cg11342177",3142
"KLF7","AMEX60DD055067","Klf7","cg22660049",3143
"ZNF407","AMEX60DD039213","Znf407","cg20658586",3144
"CACNA1A","AMEX60DD032070","Cacna1a.1","cg17077229",3145
"CACNA1A","AMEX60DD032067","Cacna1a","cg17077229",3145
"CACNA1A","AMEX60DD032071","Cacna1a.2","cg17077229",3145
"WDR7","AMEX60DD041800","Wdr7","cg05134912",3146
"SEMA6D","AMEX60DD014782","Sema6d.1","cg18802092",3147
"SEMA6D","AMEX60DD014801","Sema6d.2","cg18802092",3147
"SEMA6D","AMEX60DD014802","Sema6d.3","cg18802092",3147
"SEMA6D","AMEX60DD003739","Sema6d","cg18802092",3147
"LRBA","AMEX60DD045036","Lrba","cg12716758",3148
"TRIP12","AMEX60DD002012","Trip12","cg23617748",3149
"TRIP12","AMEX60DD002013","Trip12.1","cg23617748",3149
"SPEN","AMEX60DD012593","Spen.19","cg09023627",3151
"SPEN","AMEX60DD012583","Spen.13","cg09023627",3151
"SPEN","AMEX60DD012554","Spen.5","cg09023627",3151
"SPEN","AMEX60DD012589","Spen.17","cg09023627",3151
"SPEN","AMEX60DD012597","Spen.23","cg09023627",3151
"SPEN","AMEX60DD012549","Spen.3","cg09023627",3151
"SPEN","AMEX60DD012533","Spen.2","cg09023627",3151
"SPEN","AMEX60DD012569","Spen.8","cg09023627",3151
"SPEN","AMEX60DD012582","Spen.12","cg09023627",3151
"SPEN","AMEX60DD012594","Spen.20","cg09023627",3151
"SPEN","AMEX60DD012557","Spen.6","cg09023627",3151
"SPEN","AMEX60DD012584","Spen.14","cg09023627",3151
"SPEN","AMEX60DD012596","Spen.22","cg09023627",3151
"SPEN","AMEX60DD012602","Spen.26","cg09023627",3151
"SPEN","AMEX60DD012588","Spen.16","cg09023627",3151
"SPEN","AMEX60DD012570","Spen.9","cg09023627",3151
"SPEN","AMEX60DD012563","Spen.7","cg09023627",3151
"SPEN","AMEX60DD012586","Spen.15","cg09023627",3151
"SPEN","AMEX60DD052341","Spen.31","cg09023627",3151
"SPEN","AMEX60DD012590","Spen.18","cg09023627",3151
"SPEN","AMEX60DD012605","Spen.28","cg09023627",3151
"SPEN","AMEX60DD012595","Spen.21","cg09023627",3151
"SPEN","AMEX60DD012526","Spen","cg09023627",3151
"SPEN","AMEX60DD012528","Spen.1","cg09023627",3151
"SPEN","AMEX60DD012580","Spen.10","cg09023627",3151
"SPEN","AMEX60DD012599","Spen.24","cg09023627",3151
"SPEN","AMEX60DD012604","Spen.27","cg09023627",3151
"SPEN","AMEX60DD012553","Spen.4","cg09023627",3151
"SPEN","AMEX60DD012601","Spen.25","cg09023627",3151
"SPEN","AMEX60DD052340","Spen.30","cg09023627",3151
"SPEN","AMEX60DD012607","Spen.29","cg09023627",3151
"SPEN","AMEX60DD012581","Spen.11","cg09023627",3151
"OTP","AMEX60DD042321","Otp.1","cg20997314",3152
"OTP","AMEX60DD042320","Otp","cg20997314",3152
"MECOM","AMEX60DD001756","Mecom","cg08485777",3153
"PWWP2B","AMEX60DD052694","Pwwp2b","cg05473328",3154
"NR4A2","AMEX60DD055832","Nr4a2","cg21226516",3155
"ZFHX4","AMEX60DD039942","Zfhx4","cg03514371",3158
"PEX14","AMEX60DD051154","Pex14","cg00855890",3159
"NR5A2","AMEX60DD031624","Nr5a2.1","cg21826154",3160
"NR5A2","AMEX60DD050548","Nr5a2.2","cg21826154",3160
"NR5A2","AMEX60DD018331","Nr5a2","cg21826154",3160
"IRX3","AMEX60DD017741","Irx3","cg21764717",3161
"GLI3","AMEX60DD038107","Gli3","cg23911027",3162
"PAX2","AMEX60DD051628","Pax2","cg11755788",3163
"BDNF","AMEX60DD016330","Bdnf.1","cg07661910",3164
"BDNF","AMEX60DD004949","Bdnf","cg07661910",3164
"TCF7L2","AMEX60DD053152","Tcf7l2","cg27551316",3165
"CASZ1","AMEX60DD051153","Casz1","cg09179030",3166
"CASZ1","AMEX60DD053420","Casz1.1","cg09179030",3166
"ADAMTS6","AMEX60DD014515","Adamts6","cg11473228",3167
"ADAMTS6","AMEX60DD014516","Adamts6.1","cg11473228",3167
"ADAMTS6","AMEX60DD042234","Adamts6.3","cg11473228",3167
"ADAMTS6","AMEX60DD042233","Adamts6.2","cg11473228",3167
"ADAMTS6","AMEX60DD042235","Adamts6.4","cg11473228",3167
"PTK2","AMEX60DD040601","Ptk2","cg17642235",3168
"PRDM16","AMEX60DD051365","Prdm16","cg02681015",3171
"SF3B1","AMEX60DD055269","Sf3b1.2","cg09955948",3173
"SF3B1","AMEX60DD055267","Sf3b1.1","cg09955948",3173
"SF3B1","AMEX60DD010822","Sf3b1","cg09955948",3173
"HHEX","AMEX60DD052633","Hhex","cg15581393",3174
"TWIST1","AMEX60DD022296","Twist1","cg01562774",3175
"NIPBL","AMEX60DD041916","Nipbl","cg09426590",3177
"NIPBL","AMEX60DD041917","Nipbl.1","cg09426590",3177
"ZFR","AMEX60DD041851","Zfr.1","cg17035891",3178
"ZFR","AMEX60DD014323","Zfr","cg17035891",3178
"HAT1","AMEX60DD055667","Hat1","cg16764906",3179
"THRA","AMEX60DD010338","Thra","cg16416009",3180
"CHKA","AMEX60DD004366","Chka","cg10288441",3181
"PROX1","AMEX60DD025278","Prox1","cg24953668",3182
"PROX1","AMEX60DD036083","Prox1.1","cg24953668",3182
"SYNCRIP","AMEX60DD033788","Syncrip","cg15388054",3184
"SYNCRIP","AMEX60DD033789","Syncrip.1","cg15388054",3184
"TEAD1","AMEX60DD017302","Tead1.1","cg22788085",3185
"TEAD1","AMEX60DD004832","Tead1","cg22788085",3185
"KCNA1","AMEX60DD006607","Kcna1","cg14726883",3186
"NKX1-1","AMEX60DD046067","Nkx1-1","cg01753854",3188
"COPB2","AMEX60DD008505","Copb2","cg02476543",3190
"COPB2","AMEX60DD049788","Copb2.1","cg02476543",3190
"COPB2","AMEX60DD049789","Copb2.2","cg02476543",3190
"HECTD1","AMEX60DD012203","Hectd1.1","cg19517217",3191
"HECTD1","AMEX60DD012196","Hectd1","cg19517217",3191
"RNF220","AMEX60DD032083","Rnf220.1","cg10435518",3192
"RNF220","AMEX60DD019858","Rnf220","cg10435518",3192
"SKAP1","AMEX60DD010192","Skap1","cg18757062",3193
"ZBTB43","AMEX60DD050498","Zbtb43","cg11805717",3194
"TFAP2A","AMEX60DD038319","Tfap2a","cg03112636",3195
"NFAT5","AMEX60DD017014","Nfat5","cg21006281",3196
"CELF2","AMEX60DD008170","Celf2","cg15693636",3198
"CELF4","AMEX60DD003871","Celf4","cg14426076",3200
"CELF4","AMEX60DD041624","Celf4.1","cg14426076",3200
"CELF4","AMEX60DD041626","Celf4.2","cg14426076",3200
"ATP11B","AMEX60DD001648","Atp11b","cg12642288",3201
"LRMDA","AMEX60DD052208","Lrmda.2","cg23603747",3202
"LRMDA","AMEX60DD052207","Lrmda.1","cg23603747",3202
"LRMDA","AMEX60DD052205","Lrmda","cg23603747",3202
"ZEB2","AMEX60DD029760","Zeb2","cg15243353",3203
"ZEB2","AMEX60DD055909","Zeb2.1","cg15243353",3203
"PIP4K2B","AMEX60DD029776","Pip4k2b.1","cg22190090",3204
"PIP4K2B","AMEX60DD010257","Pip4k2b","cg22190090",3204
"BCL11A","AMEX60DD035398","Bcl11a.1","cg27643609",3205
"BCL11A","AMEX60DD024771","Bcl11a","cg27643609",3205
"EN1","AMEX60DD056025","En1","cg09058243",3206
"ZBTB16","AMEX60DD053674","Zbtb16","cg21908378",3207
"FBXL17","AMEX60DD042709","Fbxl17.2","cg02105305",3208
"FBXL17","AMEX60DD042707","Fbxl17.1","cg02105305",3208
"FBXL17","AMEX60DD042705","Fbxl17","cg02105305",3208
"KLHL14","AMEX60DD039632","Klhl14","cg14891195",3209
"IRX5","AMEX60DD017758","Irx5","cg00672657",3210
"RNF220","AMEX60DD032083","Rnf220.1","cg17619415",3211
"RNF220","AMEX60DD019858","Rnf220","cg17619415",3211
"SOX4","AMEX60DD038468","Sox4","cg15004491",3212
"IL20RB","AMEX60DD002383","Il20rb","cg13357053",3214
"TNIK","AMEX60DD001569","Tnik","cg04298620",3215
"IFFO1","AMEX60DD026860","Iffo1","cg21789698",3217
"IFFO1","AMEX60DD026861","Iffo1.1","cg21789698",3217
"GRIA1","AMEX60DD030078","Gria1","cg11851697",3219
"TMEM63B","AMEX60DD036444","Tmem63b","cg03590843",3220
"STUM","AMEX60DD036258","Stum","cg23701625",3221
"ZFHX4","AMEX60DD039942","Zfhx4","cg05234151",3222
"LDB1","AMEX60DD052874","Ldb1","cg09103418",3223
"ZBTB16","AMEX60DD053674","Zbtb16","cg00806006",3224
"AGAP3","AMEX60DD026206","Agap3","cg11410180",3225
"CNTNAP2","AMEX60DD022058","Cntnap2","cg24296072",3226
"GREM2","AMEX60DD035196","Grem2","cg22879626",3227
"CACNA1E","AMEX60DD018649","Cacna1e.3","cg14524396",3228
"CACNA1E","AMEX60DD018650","Cacna1e.4","cg14524396",3228
"CACNA1E","AMEX60DD018643","Cacna1e","cg14524396",3228
"CACNA1E","AMEX60DD018646","Cacna1e.1","cg14524396",3228
"CACNA1E","AMEX60DD018647","Cacna1e.2","cg14524396",3228
"ZBTB44","AMEX60DD015291","Zbtb44","cg22061411",3230
"ZBTB44","AMEX60DD053562","Zbtb44.2","cg22061411",3230
"ZBTB44","AMEX60DD053566","Zbtb44.3","cg22061411",3230
"ZBTB44","AMEX60DD015299","Zbtb44.1","cg22061411",3230
"HUWE1","AMEX60DD025509","Huwe1.1","cg24978754",3231
"HUWE1","AMEX60DD025508","Huwe1","cg24978754",3231
"FOXP2","AMEX60DD006292","Foxp2","cg19175169",3232
"DLX1","AMEX60DD055670","Dlx1","cg08729294",3233
"PCDH7","AMEX60DD045723","Pcdh7.1","cg11848424",3234
"PCDH7","AMEX60DD045721","Pcdh7","cg11848424",3234
"ATOH1","AMEX60DD044051","Atoh1","cg17355105",3235
"PAX2","AMEX60DD051628","Pax2","cg16576961",3237
"HIVEP3","AMEX60DD005422","Hivep3","cg11527778",3239
"VPS13D","AMEX60DD052117","Vps13d","cg03802507",3240
"PPP2R5E","AMEX60DD010993","Ppp2r5e","cg17228011",3241
"PPP3CA","AMEX60DD044266","Ppp3ca","cg07115423",3242
"DCDC1","AMEX60DD004913","Dcdc1","cg24964035",3243
"EIF1B","AMEX60DD022045","Eif1b","cg00133237",3244
"CELF2","AMEX60DD008170","Celf2","cg00843152",3246
"MAML3","AMEX60DD044551","Maml3.1","cg27239140",3247
"MAML3","AMEX60DD044550","Maml3","cg27239140",3247
"IKZF1","AMEX60DD038240","Ikzf1","cg21328218",3248
"NPAS3","AMEX60DD024711","Npas3.2","cg17368890",3249
"NPAS3","AMEX60DD012207","Npas3","cg17368890",3249
"NPAS3","AMEX60DD012209","Npas3.1","cg17368890",3249
"ADGRB3","AMEX60DD033553","Adgrb3.1","cg13634781",3250
"ADGRB3","AMEX60DD033552","Adgrb3","cg13634781",3250
"ARID1A","AMEX60DD005639","Arid1a","cg09825191",3252
"PTPRD","AMEX60DD043348","Ptprd","cg16456627",3253
"FGF12","AMEX60DD003212","Fgf12.1","cg21154081",3254
"FGF12","AMEX60DD003211","Fgf12","cg21154081",3254
"RAB11A","AMEX60DD004224","Rab11a","cg05874558",3256
"RAB11A","AMEX60DD016805","Rab11a.1","cg05874558",3256
"GLI3","AMEX60DD038107","Gli3","cg27071972",3257
"FOXP2","AMEX60DD006292","Foxp2","cg03279079",3259
"POU4F2","AMEX60DD022852","Pou4f2","cg01572513",3261
"POU4F2","AMEX60DD045005","Pou4f2.1","cg01572513",3261
"ZEB2","AMEX60DD029760","Zeb2","cg25296103",3263
"ZEB2","AMEX60DD055909","Zeb2.1","cg25296103",3263
"TRPC7","AMEX60DD028987","Trpc7","cg00249943",3264
"FOXC1","AMEX60DD038386","Foxc1","cg04504095",3265
"ERBB4","AMEX60DD055396","Erbb4","cg00197024",3266
"PIK3C2B","AMEX60DD009071","Pik3c2b","cg00585359",3268
"HOXD11","HoxD11","Hoxd11","cg08806153",3269
"MSL2","AMEX60DD002403","Msl2","cg12356120",3271
"LDB1","AMEX60DD052874","Ldb1","cg02188623",3272
"LDB3","AMEX60DD051961","Ldb3","cg20406361",3275
"IRF2BP2","AMEX60DD034633","Irf2bp2","cg25722551",3276
"EBF3","AMEX60DD046404","Ebf3","cg23102356",3277
"EBF3","AMEX60DD052723","Ebf3.1","cg23102356",3277
"METAP1D","AMEX60DD055668","Metap1d","cg12531730",3278
"MEIS2","AMEX60DD012146","Meis2","cg00464803",3279
"TCF7L2","AMEX60DD053152","Tcf7l2","cg19451739",3280
"BNC2","AMEX60DD043399","Bnc2","cg02565008",3281
"POU2F1","AMEX60DD047046","Pou2f1","cg18261844",3283
"SDCCAG8","AMEX60DD035270","Sdccag8","cg03257834",3284
"SDCCAG8","AMEX60DD035273","Sdccag8.1","cg03257834",3284
"HNRNPK","AMEX60DD043243","Hnrnpk.4","cg16693082",3286
"HNRNPK","AMEX60DD016981","Hnrnpk.1","cg16693082",3286
"HNRNPK","AMEX60DD016980","Hnrnpk","cg16693082",3286
"HNRNPK","AMEX60DD024399","Hnrnpk.3","cg16693082",3286
"HNRNPK","AMEX60DD016986","Hnrnpk.2","cg16693082",3286
"ESRRG","AMEX60DD025330","Esrrg","cg25430306",3287
"ESRRG","AMEX60DD036107","Esrrg.1","cg25430306",3287
"KCNU1","AMEX60DD002474","Kcnu1","cg07686254",3288
"ZBTB16","AMEX60DD053674","Zbtb16","cg18409102",3290
"DLG2","AMEX60DD049665","Dlg2.2","cg10406977",3291
"DLG2","AMEX60DD049664","Dlg2.1","cg10406977",3291
"DLG2","AMEX60DD049667","Dlg2.3","cg10406977",3291
"DLG2","AMEX60DD049663","Dlg2","cg10406977",3291
"PCDH17","AMEX60DD048933","Pcdh17","cg07629125",3292
"ZFHX4","AMEX60DD039942","Zfhx4","cg03198547",3293
"SS18","AMEX60DD039559","Ss18","cg23091169",3294
"PAX2","AMEX60DD051628","Pax2","cg09955247",3301
"NOL4","AMEX60DD039647","Nol4.4","cg21387267",3302
"NOL4","AMEX60DD039645","Nol4.3","cg21387267",3302
"NOL4","AMEX60DD004157","Nol4","cg21387267",3302
"NOL4","AMEX60DD007813","Nol4.2","cg21387267",3302
"NOL4","AMEX60DD004433","Nol4.1","cg21387267",3302
"EPC2","AMEX60DD055879","Epc2.1","cg21650422",3303
"EPC2","AMEX60DD055878","Epc2","cg21650422",3303
"EPC2","AMEX60DD055881","Epc2.2","cg21650422",3303
"BNC2","AMEX60DD043399","Bnc2","cg21186665",3304
"MZT1","AMEX60DD048849","Mzt1","cg15084504",3305
"GSK3B","AMEX60DD046950","Gsk3b","cg15769694",3306
"CLTC","AMEX60DD000254","Cltc","cg18942175",3308
"CLTC","AMEX60DD054658","Cltc.2","cg18942175",3308
"CLTC","AMEX60DD003482","Cltc.1","cg18942175",3308
"ESRRG","AMEX60DD025330","Esrrg","cg08897275",3309
"ESRRG","AMEX60DD036107","Esrrg.1","cg08897275",3309
"KLHL14","AMEX60DD039632","Klhl14","cg09300249",3310
"HERC1","AMEX60DD004077","Herc1","cg07878960",3311
"HERC1","AMEX60DD041438","Herc1.1","cg07878960",3311
"CDK5R1","AMEX60DD009772","Cdk5r1","cg13833018",3312
"CDK5R1","AMEX60DD026054","Cdk5r1.1","cg13833018",3312
"RBM26","AMEX60DD048790","Rbm26","cg15040162",3314
"SIM1","AMEX60DD034017","Sim1","cg21622884",3315
"PRDM16","AMEX60DD051365","Prdm16","cg01284284",3316
"EBF3","AMEX60DD046404","Ebf3","cg25389956",3317
"EBF3","AMEX60DD052723","Ebf3.1","cg25389956",3317
"NR4A2","AMEX60DD055832","Nr4a2","cg10593034",3318
"NFIX","AMEX60DD031984","Nfix.1","cg13649253",3319
"NFIX","AMEX60DD031983","Nfix","cg13649253",3319
"BCAR3","AMEX60DD032196","Bcar3.2","cg06678289",3320
"BCAR3","AMEX60DD019166","Bcar3","cg06678289",3320
"BCAR3","AMEX60DD019169","Bcar3.1","cg06678289",3320
"NPAS3","AMEX60DD024711","Npas3.2","cg13094031",3321
"NPAS3","AMEX60DD012207","Npas3","cg13094031",3321
"NPAS3","AMEX60DD012209","Npas3.1","cg13094031",3321
"USP15","AMEX60DD008306","Usp15","cg10383996",3322
"MAX","AMEX60DD012060","Max","cg13423078",3323
"FOXL2","AMEX60DD002437","Foxl2","cg05194315",3324
"TRIM9","AMEX60DD011833","Trim9","cg21989377",3325
"KIAA1328","AMEX60DD041617","Kiaa1328.1","cg23838418",3326
"KIAA1328","AMEX60DD041613","Kiaa1328","cg23838418",3326
"LRBA","AMEX60DD045036","Lrba","cg10182960",3327
"UNCX","AMEX60DD021249","Uncx","cg08673909",3328
"ZNF423","AMEX60DD016569","Znf423","cg02159860",3329
"GATA2","AMEX60DD023377","Gata2","cg08592280",3330
"BNC2","AMEX60DD043399","Bnc2","cg01987269",3331
"TCF4","AMEX60DD041795","Tcf4","cg08153570",3333
"ZEB2","AMEX60DD029760","Zeb2","cg12942249",3335
"ZEB2","AMEX60DD055909","Zeb2.1","cg12942249",3335
"CASKIN1","AMEX60DD020861","Caskin1","cg10191283",3337
"MECOM","AMEX60DD001756","Mecom","cg12285520",3338
"HNRNPDL","AMEX60DD045027","Hnrnpdl.1","cg06107587",3339
"HNRNPDL","AMEX60DD043557","Hnrnpdl","cg06107587",3339
"ARL14EP","AMEX60DD004921","Arl14ep","cg15022476",3340
"TLX3","AMEX60DD030421","Tlx3","cg11006692",3341
"ZFP36L1","AMEX60DD011779","Zfp36l1","cg16438269",3342
"ZFP36L1","AMEX60DD024327","Zfp36l1.2","cg16438269",3342
"ZFP36L1","AMEX60DD024320","Zfp36l1.1","cg16438269",3342
"SLC12A1","AMEX60DD003743","Slc12a1","cg01020818",3343
"EPHA7","AMEX60DD033914","Epha7.1","cg19393451",3344
"EPHA7","AMEX60DD005849","Epha7","cg19393451",3344
"DACH1","AMEX60DD048850","Dach1","cg25209681",3345
"SS18","AMEX60DD039559","Ss18","cg06910518",3346
"ZNF521","AMEX60DD039549","Znf521","cg21799957",3347
"KCTD16","AMEX60DD028805","Kctd16.2","cg23484102",3348
"KCTD16","AMEX60DD028802","Kctd16","cg23484102",3348
"KCTD16","AMEX60DD028803","Kctd16.1","cg23484102",3348
"LRBA","AMEX60DD045036","Lrba","cg13592245",3349
"CCNT2","AMEX60DD055969","Ccnt2","cg15352321",3350
"CTCF","AMEX60DD015650","Ctcf","cg00469450",3351
"NCAM1","AMEX60DD015952","Ncam1","cg10959745",3352
"CUX1","AMEX60DD054494","Cux1.1","cg21338479",3353
"CUX1","AMEX60DD054498","Cux1.4","cg21338479",3353
"CUX1","AMEX60DD054496","Cux1.3","cg21338479",3353
"CUX1","AMEX60DD054486","Cux1","cg21338479",3353
"CUX1","AMEX60DD054495","Cux1.2","cg21338479",3353
"CCDC178","AMEX60DD039638","Ccdc178.1","cg01698674",3354
"CCDC178","AMEX60DD039634","Ccdc178","cg01698674",3354
"TJP1","AMEX60DD003625","Tjp1","cg21230342",3355
"TJP1","AMEX60DD003626","Tjp1.1","cg21230342",3355
"HOXD10","HoxD10","Hoxd10","cg11646597",3356
"WSB1","AMEX60DD054078","Wsb1","cg00443041",3357
"RFX3","AMEX60DD043102","Rfx3","cg06675828",3358
"MED23","AMEX60DD034263","Med23","cg18249472",3361
"MED23","AMEX60DD034264","Med23.1","cg18249472",3361
"NPAS3","AMEX60DD024711","Npas3.2","cg00279752",3362
"NPAS3","AMEX60DD012207","Npas3","cg00279752",3362
"NPAS3","AMEX60DD012209","Npas3.1","cg00279752",3362
"LRBA","AMEX60DD045036","Lrba","cg17788462",3363
"HIVEP2","AMEX60DD034390","Hivep2","cg17542851",3364
"OLA1","AMEX60DD055699","Ola1.1","cg24571846",3365
"OLA1","AMEX60DD055698","Ola1","cg24571846",3365
"XBP1","AMEX60DD001158","Xbp1","cg18782333",3366
"ZFP36L1","AMEX60DD011779","Zfp36l1","cg09335098",3367
"ZFP36L1","AMEX60DD024327","Zfp36l1.2","cg09335098",3367
"ZFP36L1","AMEX60DD024320","Zfp36l1.1","cg09335098",3367
"RIMS1","AMEX60DD033593","Rims1","cg02985186",3368
"SPAG9","AMEX60DD030993","Spag9.2","cg02019798",3369
"SPAG9","AMEX60DD030992","Spag9.1","cg02019798",3369
"SPAG9","AMEX60DD016533","Spag9","cg02019798",3369
"SPAG9","AMEX60DD030994","Spag9.3","cg02019798",3369
"LRMDA","AMEX60DD052208","Lrmda.2","cg07086730",3371
"LRMDA","AMEX60DD052207","Lrmda.1","cg07086730",3371
"LRMDA","AMEX60DD052205","Lrmda","cg07086730",3371
"DENND1B","AMEX60DD032114","Dennd1b","cg02311600",3372
"TENM2","AMEX60DD030344","Tenm2","cg05185793",3373
"ACACA","AMEX60DD054117","Acaca.1","cg27091814",3376
"ACACA","AMEX60DD054118","Acaca.2","cg27091814",3376
"ACACA","AMEX60DD054114","Acaca","cg27091814",3376
"TSHZ2","AMEX60DD027389","Tshz2","cg19466923",3377
"POU3F2","AMEX60DD033861","Pou3f2","cg10190764",3378
"RBPMS","AMEX60DD043590","Rbpms","cg16336818",3379
"ARHGAP21","AMEX60DD021888","Arhgap21","cg12580399",3381
"ARHGAP21","AMEX60DD021889","Arhgap21.1","cg12580399",3381
"UNCX","AMEX60DD021249","Uncx","cg16767361",3382
"MRM1","AMEX60DD054128","Mrm1","cg10031892",3383
"AKAP10","AMEX60DD054735","Akap10","cg20865948",3384
"ADGRB3","AMEX60DD033553","Adgrb3.1","cg06647310",3386
"ADGRB3","AMEX60DD033552","Adgrb3","cg06647310",3386
"EPHA4","AMEX60DD002422","Epha4.1","cg23948922",3388
"EPHA4","AMEX60DD002138","Epha4","cg23948922",3388
"HHEX","AMEX60DD052633","Hhex","cg13554586",3389
"RIMS2","AMEX60DD040262","Rims2.2","cg09382150",3391
"RIMS2","AMEX60DD040259","Rims2","cg09382150",3391
"RIMS2","AMEX60DD040260","Rims2.1","cg09382150",3391
"ZNF407","AMEX60DD039213","Znf407","cg20240519",3393
"QKI","AMEX60DD034890","Qki","cg19191820",3395
"TBCA","AMEX60DD042319","Tbca","cg09742670",3396
"ZC3H3","AMEX60DD040684","Zc3h3.1","cg07644497",3399
"ZC3H3","AMEX60DD040680","Zc3h3","cg07644497",3399
"FAM172A","AMEX60DD042583","Fam172a.2","cg25840652",3400
"FAM172A","AMEX60DD042581","Fam172a","cg25840652",3400
"FAM172A","AMEX60DD042582","Fam172a.1","cg25840652",3400
"POU4F2","AMEX60DD022852","Pou4f2","cg23813356",3402
"POU4F2","AMEX60DD045005","Pou4f2.1","cg23813356",3402
"YTHDC1","AMEX60DD043986","Ythdc1","cg15946322",3403
"TCF7L2","AMEX60DD053152","Tcf7l2","cg20173540",3404
"KIAA0825","AMEX60DD042587","Kiaa0825","cg21802143",3406
"POU4F2","AMEX60DD022852","Pou4f2","cg13328515",3407
"POU4F2","AMEX60DD045005","Pou4f2.1","cg13328515",3407
"LRPPRC","AMEX60DD035957","Lrpprc","cg08715005",3410
"SPEN","AMEX60DD012593","Spen.19","cg03174925",3413
"SPEN","AMEX60DD012583","Spen.13","cg03174925",3413
"SPEN","AMEX60DD012554","Spen.5","cg03174925",3413
"SPEN","AMEX60DD012589","Spen.17","cg03174925",3413
"SPEN","AMEX60DD012597","Spen.23","cg03174925",3413
"SPEN","AMEX60DD012549","Spen.3","cg03174925",3413
"SPEN","AMEX60DD012533","Spen.2","cg03174925",3413
"SPEN","AMEX60DD012569","Spen.8","cg03174925",3413
"SPEN","AMEX60DD012582","Spen.12","cg03174925",3413
"SPEN","AMEX60DD012594","Spen.20","cg03174925",3413
"SPEN","AMEX60DD012557","Spen.6","cg03174925",3413
"SPEN","AMEX60DD012584","Spen.14","cg03174925",3413
"SPEN","AMEX60DD012596","Spen.22","cg03174925",3413
"SPEN","AMEX60DD012602","Spen.26","cg03174925",3413
"SPEN","AMEX60DD012588","Spen.16","cg03174925",3413
"SPEN","AMEX60DD012570","Spen.9","cg03174925",3413
"SPEN","AMEX60DD012563","Spen.7","cg03174925",3413
"SPEN","AMEX60DD012586","Spen.15","cg03174925",3413
"SPEN","AMEX60DD052341","Spen.31","cg03174925",3413
"SPEN","AMEX60DD012590","Spen.18","cg03174925",3413
"SPEN","AMEX60DD012605","Spen.28","cg03174925",3413
"SPEN","AMEX60DD012595","Spen.21","cg03174925",3413
"SPEN","AMEX60DD012526","Spen","cg03174925",3413
"SPEN","AMEX60DD012528","Spen.1","cg03174925",3413
"SPEN","AMEX60DD012580","Spen.10","cg03174925",3413
"SPEN","AMEX60DD012599","Spen.24","cg03174925",3413
"SPEN","AMEX60DD012604","Spen.27","cg03174925",3413
"SPEN","AMEX60DD012553","Spen.4","cg03174925",3413
"SPEN","AMEX60DD012601","Spen.25","cg03174925",3413
"SPEN","AMEX60DD052340","Spen.30","cg03174925",3413
"SPEN","AMEX60DD012607","Spen.29","cg03174925",3413
"SPEN","AMEX60DD012581","Spen.11","cg03174925",3413
"PAM","AMEX60DD042671","Pam","cg21596317",3414
"RNF20","AMEX60DD007335","Rnf20","cg14953793",3415
"SLIT2","AMEX60DD045793","Slit2.1","cg12078478",3416
"SLIT2","AMEX60DD045792","Slit2","cg12078478",3416
"BNC2","AMEX60DD043399","Bnc2","cg14067749",3417
"DRGX","AMEX60DD052422","Drgx","cg10146715",3421
"TCF7L2","AMEX60DD053152","Tcf7l2","cg08034977",3422
"OTP","AMEX60DD042321","Otp.1","cg20421508",3423
"OTP","AMEX60DD042320","Otp","cg20421508",3423
"PLCB4","AMEX60DD035741","Plcb4","cg24924222",3424
"ZEB2","AMEX60DD029760","Zeb2","cg06407466",3425
"ZEB2","AMEX60DD055909","Zeb2.1","cg06407466",3425
"TRPM3","AMEX60DD003641","Trpm3","cg26195623",3426
"TRPM3","AMEX60DD043161","Trpm3.1","cg26195623",3426
"UNCX","AMEX60DD021249","Uncx","cg14139150",3427
"SHOX2","AMEX60DD001828","Shox2","cg04083403",3428
"EN1","AMEX60DD056025","En1","cg16882430",3429
"EBF3","AMEX60DD046404","Ebf3","cg09758896",3430
"EBF3","AMEX60DD052723","Ebf3.1","cg09758896",3430
"RPS6KC1","AMEX60DD036076","Rps6kc1","cg09328439",3431
"CACNA1C","AMEX60DD006922","Cacna1c","cg13750279",3432
"CACNA1C","AMEX60DD006923","Cacna1c.1","cg13750279",3432
"CACNA1C","AMEX60DD006925","Cacna1c.2","cg13750279",3432
"PTPRD","AMEX60DD043348","Ptprd","cg25623362",3433
"PTPRD","AMEX60DD043348","Ptprd","cg27600712",3434
"ZFHX3","AMEX60DD016992","Zfhx3","cg15136978",3435
"YTHDC1","AMEX60DD043986","Ythdc1","cg02575407",3436
"MAPKAP1","AMEX60DD050518","Mapkap1","cg25605036",3438
"WWOX","AMEX60DD032382","Wwox.1","cg00954002",3439
"WWOX","AMEX60DD032381","Wwox","cg00954002",3439
"ST3GAL4","AMEX60DD053624","St3gal4.1","cg08635620",3440
"ST3GAL4","AMEX60DD053623","St3gal4","cg08635620",3440
"SPEN","AMEX60DD012593","Spen.19","cg20207416",3441
"SPEN","AMEX60DD012583","Spen.13","cg20207416",3441
"SPEN","AMEX60DD012554","Spen.5","cg20207416",3441
"SPEN","AMEX60DD012589","Spen.17","cg20207416",3441
"SPEN","AMEX60DD012597","Spen.23","cg20207416",3441
"SPEN","AMEX60DD012549","Spen.3","cg20207416",3441
"SPEN","AMEX60DD012533","Spen.2","cg20207416",3441
"SPEN","AMEX60DD012569","Spen.8","cg20207416",3441
"SPEN","AMEX60DD012582","Spen.12","cg20207416",3441
"SPEN","AMEX60DD012594","Spen.20","cg20207416",3441
"SPEN","AMEX60DD012557","Spen.6","cg20207416",3441
"SPEN","AMEX60DD012584","Spen.14","cg20207416",3441
"SPEN","AMEX60DD012596","Spen.22","cg20207416",3441
"SPEN","AMEX60DD012602","Spen.26","cg20207416",3441
"SPEN","AMEX60DD012588","Spen.16","cg20207416",3441
"SPEN","AMEX60DD012570","Spen.9","cg20207416",3441
"SPEN","AMEX60DD012563","Spen.7","cg20207416",3441
"SPEN","AMEX60DD012586","Spen.15","cg20207416",3441
"SPEN","AMEX60DD052341","Spen.31","cg20207416",3441
"SPEN","AMEX60DD012590","Spen.18","cg20207416",3441
"SPEN","AMEX60DD012605","Spen.28","cg20207416",3441
"SPEN","AMEX60DD012595","Spen.21","cg20207416",3441
"SPEN","AMEX60DD012526","Spen","cg20207416",3441
"SPEN","AMEX60DD012528","Spen.1","cg20207416",3441
"SPEN","AMEX60DD012580","Spen.10","cg20207416",3441
"SPEN","AMEX60DD012599","Spen.24","cg20207416",3441
"SPEN","AMEX60DD012604","Spen.27","cg20207416",3441
"SPEN","AMEX60DD012553","Spen.4","cg20207416",3441
"SPEN","AMEX60DD012601","Spen.25","cg20207416",3441
"SPEN","AMEX60DD052340","Spen.30","cg20207416",3441
"SPEN","AMEX60DD012607","Spen.29","cg20207416",3441
"SPEN","AMEX60DD012581","Spen.11","cg20207416",3441
"DDX23","AMEX60DD029339","Ddx23","cg08060651",3444
"NOL4","AMEX60DD039647","Nol4.4","cg02518760",3445
"NOL4","AMEX60DD039645","Nol4.3","cg02518760",3445
"NOL4","AMEX60DD004157","Nol4","cg02518760",3445
"NOL4","AMEX60DD007813","Nol4.2","cg02518760",3445
"NOL4","AMEX60DD004433","Nol4.1","cg02518760",3445
"GRM1","AMEX60DD034275","Grm1.1","cg00689383",3446
"GRM1","AMEX60DD034270","Grm1","cg00689383",3446
"LRMDA","AMEX60DD052208","Lrmda.2","cg22461584",3448
"LRMDA","AMEX60DD052207","Lrmda.1","cg22461584",3448
"LRMDA","AMEX60DD052205","Lrmda","cg22461584",3448
"TCF4","AMEX60DD041795","Tcf4","cg27349047",3450
"RBFOX2","AMEX60DD030445","Rbfox2","cg11817012",3451
"BCL11B","AMEX60DD011386","Bcl11b","cg12674712",3453
"CCSER2","AMEX60DD051923","Ccser2","cg05578628",3454
"PAXBP1","AMEX60DD047311","Paxbp1","cg04818654",3455
"POU3F4","AMEX60DD037615","Pou3f4","cg16794543",3457
"POU3F4","AMEX60DD048058","Pou3f4.1","cg16794543",3457
"USH2A","AMEX60DD036103","Ush2a","cg02895393",3458
"BICD1","AMEX60DD023696","Bicd1.1","cg26929690",3459
"BICD1","AMEX60DD006501","Bicd1","cg26929690",3459
"SMARCC2","AMEX60DD029913","Smarcc2","cg22192672",3460
"SMARCC2","AMEX60DD029915","Smarcc2.1","cg22192672",3460
"GAS1","AMEX60DD056393","Gas1.3","cg05280803",3463
"GAS1","AMEX60DD003988","Gas1","cg05280803",3463
"GAS1","AMEX60DD016337","Gas1.1","cg05280803",3463
"GAS1","AMEX60DD043077","Gas1.2","cg05280803",3463
"SPAG9","AMEX60DD030993","Spag9.2","cg10536349",3465
"SPAG9","AMEX60DD030992","Spag9.1","cg10536349",3465
"SPAG9","AMEX60DD016533","Spag9","cg10536349",3465
"SPAG9","AMEX60DD030994","Spag9.3","cg10536349",3465
"HDAC9","AMEX60DD022301","Hdac9","cg08979093",3466
"FIGN","AMEX60DD029644","Fign","cg10901415",3467
"FIGN","AMEX60DD055759","Fign.1","cg10901415",3467
"HIF1AN","AMEX60DD051631","Hif1an","cg18135023",3468
"NKX6-1","AMEX60DD043873","Nkx6-1","cg09919810",3471
"BNC2","AMEX60DD043399","Bnc2","cg22710109",3472
"C1QL3","AMEX60DD022116","C1ql3","cg22662148",3473
"ZNF536","AMEX60DD016701","Znf536.2","cg21089733",3474
"ZNF536","AMEX60DD016699","Znf536.1","cg21089733",3474
"ZNF536","AMEX60DD008513","Znf536","cg21089733",3474
"TLE1","AMEX60DD043286","Tle1.2","cg13645963",3476
"TLE1","AMEX60DD043278","Tle1.1","cg13645963",3476
"TLE1","AMEX60DD013779","Tle1","cg13645963",3476
"CACNA1C","AMEX60DD006922","Cacna1c","cg02794451",3478
"CACNA1C","AMEX60DD006923","Cacna1c.1","cg02794451",3478
"CACNA1C","AMEX60DD006925","Cacna1c.2","cg02794451",3478
"SOX5","AMEX60DD006750","Sox5","cg00801362",3479
"ZEB2","AMEX60DD029760","Zeb2","cg19100188",3480
"ZEB2","AMEX60DD055909","Zeb2.1","cg19100188",3480
"IMMP1L","AMEX60DD004910","Immp1l","cg11642696",3481
"WNK1","AMEX60DD006907","Wnk1","cg26259809",3485
"WNK1","AMEX60DD023686","Wnk1.1","cg26259809",3485
"FOXA2","AMEX60DD035450","Foxa2.2","cg24690575",3486
"FOXA2","AMEX60DD025124","Foxa2.1","cg24690575",3486
"FOXA2","AMEX60DD024834","Foxa2","cg24690575",3486
"MRPS28","AMEX60DD039975","Mrps28","cg20709213",3487
"KCNMA1","AMEX60DD052212","Kcnma1","cg27404998",3488
"CAMTA1","AMEX60DD051563","Camta1.1","cg02387898",3489
"CAMTA1","AMEX60DD051565","Camta1.2","cg02387898",3489
"CAMTA1","AMEX60DD012626","Camta1","cg02387898",3489
"CELF4","AMEX60DD003871","Celf4","cg11141605",3490
"CELF4","AMEX60DD041624","Celf4.1","cg11141605",3490
"CELF4","AMEX60DD041626","Celf4.2","cg11141605",3490
"CAMTA1","AMEX60DD051563","Camta1.1","cg25441468",3491
"CAMTA1","AMEX60DD051565","Camta1.2","cg25441468",3491
"CAMTA1","AMEX60DD012626","Camta1","cg25441468",3491
"CNOT2","AMEX60DD006520","Cnot2","cg24431755",3492
"USP9X","AMEX60DD047637","Usp9x.2","cg18098851",3493
"USP9X","AMEX60DD047635","Usp9x","cg18098851",3493
"USP9X","AMEX60DD047636","Usp9x.1","cg18098851",3493
"ZFHX4","AMEX60DD039942","Zfhx4","cg25586275",3495
"NR2F1","AMEX60DD042580","Nr2f1.1","cg01987439",3496
"NR2F1","AMEX60DD015153","Nr2f1","cg01987439",3496
"MSX2","AMEX60DD028758","Msx2","cg00251636",3498
"CNBP","AMEX60DD024023","Cnbp.1","cg09521804",3499
"CNBP","AMEX60DD011275","Cnbp","cg09521804",3499
"NLGN1","AMEX60DD001582","Nlgn1","cg24420776",3500
"ASH1L","AMEX60DD014824","Ash1l","cg16932889",3501
"PTCH1","AMEX60DD043057","Ptch1","cg25895486",3502
"OBI1","AMEX60DD048798","Obi1","cg12358638",3503
"ZNF827","AMEX60DD044992","Znf827","cg09428649",3504
"ZC3H3","AMEX60DD040684","Zc3h3.1","cg12815291",3506
"ZC3H3","AMEX60DD040680","Zc3h3","cg12815291",3506
"DMBX1","AMEX60DD019768","Dmbx1","cg08280082",3507
"SETBP1","AMEX60DD041668","Setbp1","cg21502132",3508
"HIF1AN","AMEX60DD051631","Hif1an","cg13748038",3509
"ZFPM2","AMEX60DD040273","Zfpm2","cg08888677",3510
"ZFPM2","AMEX60DD040274","Zfpm2.1","cg08888677",3510
"ZNF407","AMEX60DD039213","Znf407","cg18992163",3512
"UNCX","AMEX60DD021249","Uncx","cg27583524",3513
"SIX1","AMEX60DD024753","Six1.1","cg18948962",3514
"SIX1","AMEX60DD011856","Six1","cg18948962",3514
"INSC","AMEX60DD004730","Insc","cg18215935",3515
"SP8","AMEX60DD055700","Sp8","cg01663261",3516
"SP8","AMEX60DD055701","Sp8.1","cg01663261",3516
"HIF1AN","AMEX60DD051631","Hif1an","cg21006133",3517
"CACNA1D","AMEX60DD025474","Cacna1d.3","cg16898005",3519
"CACNA1D","AMEX60DD023703","Cacna1d","cg16898005",3519
"CACNA1D","AMEX60DD023704","Cacna1d.1","cg16898005",3519
"CACNA1D","AMEX60DD025468","Cacna1d.2","cg16898005",3519
"PTPN4","AMEX60DD056137","Ptpn4","cg12975385",3520
"CACNA1E","AMEX60DD018649","Cacna1e.3","cg08031330",3521
"CACNA1E","AMEX60DD018650","Cacna1e.4","cg08031330",3521
"CACNA1E","AMEX60DD018643","Cacna1e","cg08031330",3521
"CACNA1E","AMEX60DD018646","Cacna1e.1","cg08031330",3521
"CACNA1E","AMEX60DD018647","Cacna1e.2","cg08031330",3521
"KLHL14","AMEX60DD039632","Klhl14","cg21501358",3525
"FBXO33","AMEX60DD011574","Fbxo33","cg18770859",3526
"TBCA","AMEX60DD042319","Tbca","cg11160393",3529
"WNK1","AMEX60DD006907","Wnk1","cg12869689",3530
"WNK1","AMEX60DD023686","Wnk1.1","cg12869689",3530
"TLX1","AMEX60DD052917","Tlx1","cg00741609",3531
"TENM2","AMEX60DD030344","Tenm2","cg06871806",3532
"ZBTB20","AMEX60DD046990","Zbtb20","cg02644696",3533
"VTI1A","AMEX60DD053147","Vti1a.1","cg09643550",3534
"VTI1A","AMEX60DD053146","Vti1a","cg09643550",3534
"MAB21L2","AMEX60DD045037","Mab21l2","cg09317554",3535
"FGF14","AMEX60DD048160","Fgf14.1","cg16528216",3536
"FGF14","AMEX60DD048159","Fgf14","cg16528216",3536
"FGF14","AMEX60DD048162","Fgf14.2","cg16528216",3536
"PAX6","AMEX60DD004905","Pax6","cg05399218",3537
"PAX6","AMEX60DD007993","Pax6.1","cg05399218",3537
"LEF1","AMEX60DD044502","Lef1","cg17633606",3538
"MAST2","AMEX60DD019823","Mast2","cg26980159",3539
"WWOX","AMEX60DD032382","Wwox.1","cg02076583",3540
"WWOX","AMEX60DD032381","Wwox","cg02076583",3540
"BCL11B","AMEX60DD011386","Bcl11b","cg17961335",3541
"EIF4G2","AMEX60DD045603","Eif4g2.1","cg18351805",3542
"EIF4G2","AMEX60DD004812","Eif4g2","cg18351805",3542
"GRIA2","AMEX60DD045153","Gria2.1","cg07890174",3543
"GRIA2","AMEX60DD045146","Gria2","cg07890174",3543
"UNC80","AMEX60DD055372","Unc80.1","cg11632659",3544
"UNC80","AMEX60DD055373","Unc80.2","cg11632659",3544
"UNC80","AMEX60DD055371","Unc80","cg11632659",3544
"UNC80","AMEX60DD055374","Unc80.3","cg11632659",3544
"PDIK1L","AMEX60DD005706","Pdik1l.1","cg25151942",3545
"PDIK1L","AMEX60DD005705","Pdik1l","cg25151942",3545
"HOXC4","AMEX60DD029500","Hoxc4.1","cg07300474",3546
"HOXC4","AMEX60DD029499","Hoxc4","cg07300474",3546
"GRIA1","AMEX60DD030078","Gria1","cg23623436",3547
"EBF3","AMEX60DD046404","Ebf3","cg06311779",3548
"EBF3","AMEX60DD052723","Ebf3.1","cg06311779",3548
"SIM1","AMEX60DD034017","Sim1","cg22123640",3549
"MEIS2","AMEX60DD012146","Meis2","cg09890636",3550
"TBCA","AMEX60DD042319","Tbca","cg23114440",3551
"HECTD4","AMEX60DD000706","Hectd4.2","cg08706469",3552
"HECTD4","AMEX60DD000704","Hectd4","cg08706469",3552
"HECTD4","AMEX60DD000705","Hectd4.1","cg08706469",3552
"ZNF423","AMEX60DD016569","Znf423","cg19718644",3553
"MAGI1","AMEX60DD025486","Magi1.3","cg20927687",3554
"MAGI1","AMEX60DD023768","Magi1.1","cg20927687",3554
"MAGI1","AMEX60DD023770","Magi1.2","cg20927687",3554
"MAGI1","AMEX60DD023767","Magi1","cg20927687",3554
"PTBP2","AMEX60DD018769","Ptbp2","cg25071551",3555
"POU3F2","AMEX60DD033861","Pou3f2","cg12934046",3556
"COL1A1","AMEX60DD009937","Col1a1","cg14794633",3558
"FAR1","AMEX60DD004845","Far1","cg25354714",3559
"FAR1","AMEX60DD006840","Far1.1","cg25354714",3559
"SHPK","AMEX60DD054747","Shpk","cg03215948",3560
"ANK3","AMEX60DD052479","Ank3","cg18025543",3561
"ANK3","AMEX60DD052480","Ank3.1","cg18025543",3561
"EVI5","AMEX60DD019149","Evi5","cg23093883",3562
"ZBTB16","AMEX60DD053674","Zbtb16","cg14944600",3563
"KCNC2","AMEX60DD007812","Kcnc2","cg08885809",3565
"KCNC2","AMEX60DD007815","Kcnc2.1","cg08885809",3565
"CCDC88A","AMEX60DD035682","Ccdc88a.1","cg10924533",3567
"CCDC88A","AMEX60DD025337","Ccdc88a","cg10924533",3567
"BCL11B","AMEX60DD011386","Bcl11b","cg06910273",3569
"MTMR3","AMEX60DD000963","Mtmr3","cg04288071",3570
"TSHZ2","AMEX60DD027389","Tshz2","cg19834200",3571
"CACNA1C","AMEX60DD006922","Cacna1c","cg15166827",3572
"CACNA1C","AMEX60DD006923","Cacna1c.1","cg15166827",3572
"CACNA1C","AMEX60DD006925","Cacna1c.2","cg15166827",3572
"MBNL1","AMEX60DD001895","Mbnl1","cg24333845",3573
"LASP1","AMEX60DD010264","Lasp1","cg15874422",3574
"EBF3","AMEX60DD046404","Ebf3","cg21176478",3575
"EBF3","AMEX60DD052723","Ebf3.1","cg21176478",3575
"PTCH1","AMEX60DD043057","Ptch1","cg25326950",3576
"MZT1","AMEX60DD048849","Mzt1","cg04297442",3577
"TNRC6A","AMEX60DD020902","Tnrc6a","cg14099956",3578
"FGF13","AMEX60DD037407","Fgf13","cg11519900",3579
"RRP15","AMEX60DD036122","Rrp15","cg26891414",3580
"BAZ2B","AMEX60DD055801","Baz2b","cg04004007",3583
"OTX1","AMEX60DD035643","Otx1","cg04028233",3584
"DCUN1D4","AMEX60DD045571","Dcun1d4","cg22284452",3586
"R3HDM2","AMEX60DD029752","R3hdm2","cg27582354",3588
"LRMDA","AMEX60DD052208","Lrmda.2","cg06798772",3589
"LRMDA","AMEX60DD052207","Lrmda.1","cg06798772",3589
"LRMDA","AMEX60DD052205","Lrmda","cg06798772",3589
"PRPF39","AMEX60DD011985","Prpf39","cg24111804",3590
"PRPF39","AMEX60DD025170","Prpf39.1","cg24111804",3590
"SOX5","AMEX60DD006750","Sox5","cg17438107",3591
"MCTP1","AMEX60DD042590","Mctp1.1","cg03833239",3592
"MCTP1","AMEX60DD042591","Mctp1.2","cg03833239",3592
"MCTP1","AMEX60DD042588","Mctp1","cg03833239",3592
"CTNND2","AMEX60DD038790","Ctnnd2","cg06482098",3593
"KCNMA1","AMEX60DD052212","Kcnma1","cg14576603",3594
"RARA","AMEX60DD010149","Rara","cg25977281",3595
"MBNL2","AMEX60DD048632","Mbnl2","cg10400255",3597
"SLF1","AMEX60DD042593","Slf1.1","cg11324043",3598
"SLF1","AMEX60DD042594","Slf1.2","cg11324043",3598
"SLF1","AMEX60DD042592","Slf1","cg11324043",3598
"DACH1","AMEX60DD048850","Dach1","cg05904262",3599
"NFIB","AMEX60DD019415","Nfib","cg16421820",3600
"NFIB","AMEX60DD043470","Nfib.1","cg16421820",3600
"MAP4K4","AMEX60DD037294","Map4k4","cg08656690",3601
"MAP4K4","AMEX60DD047861","Map4k4.2","cg08656690",3601
"MAP4K4","AMEX60DD047860","Map4k4.1","cg08656690",3601
"MAP4K4","AMEX60DD047862","Map4k4.3","cg08656690",3601
"TENM2","AMEX60DD030344","Tenm2","cg25196836",3603
"KMT2A","AMEX60DD053887","Kmt2a","cg21861112",3605
"DMAC1","AMEX60DD025363","Dmac1","cg20785522",3606
"MED13","AMEX60DD054643","Med13","cg27313161",3607
"FOXP4","AMEX60DD009181","Foxp4","cg26255722",3608
"PKNOX2","AMEX60DD054026","Pknox2","cg01645746",3609
"RANBP17","AMEX60DD030418","Ranbp17.1","cg08915481",3610
"RANBP17","AMEX60DD030416","Ranbp17","cg08915481",3610
"RANBP17","AMEX60DD030420","Ranbp17.2","cg08915481",3610
"PEX2","AMEX60DD039945","Pex2","cg25898064",3612
"MECOM","AMEX60DD001756","Mecom","cg17050836",3613
"CARNMT1","AMEX60DD043207","Carnmt1","cg02936468",3614
"BTRC","AMEX60DD052902","Btrc","cg26962970",3615
"BTRC","AMEX60DD052906","Btrc.1","cg26962970",3615
"CDK14","AMEX60DD022202","Cdk14","cg16932503",3617
"MEIS2","AMEX60DD012146","Meis2","cg06620199",3618
"MSL2","AMEX60DD002403","Msl2","cg09061197",3619
"ZEB2","AMEX60DD029760","Zeb2","cg11643979",3620
"ZEB2","AMEX60DD055909","Zeb2.1","cg11643979",3620
"TNPO1","AMEX60DD042436","Tnpo1","cg08819006",3621
"TNPO1","AMEX60DD042439","Tnpo1.1","cg08819006",3621
"NBEA","AMEX60DD049196","Nbea","cg05605723",3622
"NBEA","AMEX60DD049214","Nbea.2","cg05605723",3622
"NBEA","AMEX60DD049211","Nbea.1","cg05605723",3622
"SLC7A2","AMEX60DD045461","Slc7a2","cg11506040",3624
"CACNA1A","AMEX60DD032070","Cacna1a.1","cg07450073",3625
"CACNA1A","AMEX60DD032067","Cacna1a","cg07450073",3625
"CACNA1A","AMEX60DD032071","Cacna1a.2","cg07450073",3625
"PSMB7","AMEX60DD010473","Psmb7","cg15177520",3627
"PSMB7","AMEX60DD024735","Psmb7.1","cg15177520",3627
"PSMB7","AMEX60DD050552","Psmb7.2","cg15177520",3627
"ERN1","AMEX60DD031086","Ern1","cg22087514",3634
"SPTAN1","AMEX60DD050290","Sptan1","cg19401220",3635
"THRA","AMEX60DD010338","Thra","cg25849440",3636
"TNIK","AMEX60DD001569","Tnik","cg19732321",3637
"OTP","AMEX60DD042321","Otp.1","cg13771609",3638
"OTP","AMEX60DD042320","Otp","cg13771609",3638
"ABLIM3","AMEX60DD027725","Ablim3","cg23141317",3639
"ABLIM3","AMEX60DD027727","Ablim3.1","cg23141317",3639
"CSTF3","AMEX60DD004880","Cstf3","cg09410305",3640
"ACTN1","AMEX60DD012100","Actn1","cg18126093",3641
"URI1","AMEX60DD016694","Uri1.1","cg26340215",3642
"URI1","AMEX60DD016693","Uri1","cg26340215",3642
"GNB2","AMEX60DD012809","Gnb2","cg04516501",3643
"MPPED2","AMEX60DD004918","Mpped2","cg02593513",3644
"PEX14","AMEX60DD051154","Pex14","cg15215714",3645
"PSMD14","AMEX60DD055782","Psmd14","cg11987336",3646
"WDR33","AMEX60DD002714","Wdr33","cg06227366",3647
"FRY","AMEX60DD049242","Fry.1","cg14747475",3649
"FRY","AMEX60DD049241","Fry","cg14747475",3649
"FRY","AMEX60DD049245","Fry.2","cg14747475",3649
"TRA2B","AMEX60DD055289","Tra2b","cg07934336",3650
"RASEF","AMEX60DD043263","Rasef.1","cg00301020",3651
"RASEF","AMEX60DD003358","Rasef","cg00301020",3651
"LRP4","AMEX60DD005288","Lrp4","cg20325673",3652
"PAXBP1","AMEX60DD047311","Paxbp1","cg05629639",3654
"BTRC","AMEX60DD052902","Btrc","cg20167583",3655
"BTRC","AMEX60DD052906","Btrc.1","cg20167583",3655
"SHOX2","AMEX60DD001828","Shox2","cg04794444",3656
"TLE1","AMEX60DD043286","Tle1.2","cg11720786",3657
"TLE1","AMEX60DD043278","Tle1.1","cg11720786",3657
"TLE1","AMEX60DD013779","Tle1","cg11720786",3657
"SLC8A1","AMEX60DD034456","Slc8a1.1","cg24396429.1",3658
"SLC8A1","AMEX60DD025093","Slc8a1","cg24396429.1",3658
"RCOR3","AMEX60DD036042","Rcor3","cg26957997",3659
"ELP4","AMEX60DD004908","Elp4","cg04041064",3660
"ELP4","AMEX60DD037838","Elp4.1","cg04041064",3660
"GRIA2","AMEX60DD045153","Gria2.1","cg12436917",3665
"GRIA2","AMEX60DD045146","Gria2","cg12436917",3665
"ACACA","AMEX60DD054117","Acaca.1","cg01359274",3666
"ACACA","AMEX60DD054118","Acaca.2","cg01359274",3666
"ACACA","AMEX60DD054114","Acaca","cg01359274",3666
"HOXD10","HoxD10","Hoxd10","cg18039229",3667
"ADCY5","AMEX60DD056091","Adcy5","cg04499301",3668
"ADCY5","AMEX60DD056092","Adcy5.1","cg04499301",3668
"RUNX1T1","AMEX60DD040096","Runx1t1","cg20596346",3669
"ZEB2","AMEX60DD029760","Zeb2","cg12279940",3670
"ZEB2","AMEX60DD055909","Zeb2.1","cg12279940",3670
"PAX2","AMEX60DD051628","Pax2","cg05455896",3671
"ZNF536","AMEX60DD016701","Znf536.2","cg13779998",3673
"ZNF536","AMEX60DD016699","Znf536.1","cg13779998",3673
"ZNF536","AMEX60DD008513","Znf536","cg13779998",3673
"MN1","AMEX60DD000888","Mn1","cg06683527",3674
"HUWE1","AMEX60DD025509","Huwe1.1","cg06735354",3675
"HUWE1","AMEX60DD025508","Huwe1","cg06735354",3675
"SMG7","AMEX60DD018594","Smg7","cg13492133",3676
"EVX2","AMEX60DD010172","Evx2","cg09227056",3677
"EVX2","AMEX60DD055613","Evx2.1","cg09227056",3677
"PBX1","AMEX60DD031588","Pbx1.1","cg13467309",3678
"PBX1","AMEX60DD018398","Pbx1","cg13467309",3678
"PBX1","AMEX60DD050515","Pbx1.3","cg13467309",3678
"PBX1","AMEX60DD050512","Pbx1.2","cg13467309",3678
"FER","AMEX60DD015218","Fer","cg10699593",3679
"FER","AMEX60DD042710","Fer.1","cg10699593",3679
"NELL1","AMEX60DD004995","Nell1","cg07792339",3680
"NELL1","AMEX60DD004997","Nell1.1","cg07792339",3680
"USH2A","AMEX60DD036103","Ush2a","cg06641021",3681
"SMARCD3","AMEX60DD026220","Smarcd3","cg20778365",3682
"EEF2K","AMEX60DD025837","Eef2k","cg15877740",3684
"CLPB","AMEX60DD049862","Clpb","cg00495518",3685
"CLPB","AMEX60DD049863","Clpb.1","cg00495518",3685
"ELAVL2","AMEX60DD044481","Elavl2","cg08538268",3687
"RIMS2","AMEX60DD040262","Rims2.2","cg24020597",3688
"RIMS2","AMEX60DD040259","Rims2","cg24020597",3688
"RIMS2","AMEX60DD040260","Rims2.1","cg24020597",3688
"MICALL2","AMEX60DD021238","Micall2","cg11246106",3689
"ASCC3","AMEX60DD034016","Ascc3","cg12818942",3690
"MBNL1","AMEX60DD001895","Mbnl1","cg26741512",3692
"PBX3","AMEX60DD050513","Pbx3.1","cg14127269",3693
"PBX3","AMEX60DD050511","Pbx3","cg14127269",3693
"RASEF","AMEX60DD043263","Rasef.1","cg16043228",3694
"RASEF","AMEX60DD003358","Rasef","cg16043228",3694
"BCL9","AMEX60DD047088","Bcl9","cg23414911",3695
"DLG1","AMEX60DD001698","Dlg1.1","cg06392275",3697
"DLG1","AMEX60DD001697","Dlg1","cg06392275",3697
"ZEB2","AMEX60DD029760","Zeb2","cg11514832",3700
"ZEB2","AMEX60DD055909","Zeb2.1","cg11514832",3700
"RNF220","AMEX60DD032083","Rnf220.1","cg11251215",3701
"RNF220","AMEX60DD019858","Rnf220","cg11251215",3701
"NLGN3","AMEX60DD036828","Nlgn3.1","cg07323054",3702
"NLGN3","AMEX60DD036826","Nlgn3","cg07323054",3702
"BCL11A","AMEX60DD035398","Bcl11a.1","cg13918864",3703
"BCL11A","AMEX60DD024771","Bcl11a","cg13918864",3703
"ILF3","AMEX60DD012671","Ilf3","cg24947078",3705
"ILF3","AMEX60DD051502","Ilf3.3","cg24947078",3705
"ILF3","AMEX60DD051501","Ilf3.2","cg24947078",3705
"ILF3","AMEX60DD032042","Ilf3.1","cg24947078",3705
"ILF3","AMEX60DD052329","Ilf3.4","cg24947078",3705
"ILF3","AMEX60DD052331","Ilf3.6","cg24947078",3705
"ILF3","AMEX60DD052330","Ilf3.5","cg24947078",3705
"ZEB2","AMEX60DD029760","Zeb2","cg23812660",3706
"ZEB2","AMEX60DD055909","Zeb2.1","cg23812660",3706
"DERA","AMEX60DD006659","Dera","cg12166338",3707
"GBF1","AMEX60DD051398","Gbf1","cg12160807",3710
"GBF1","AMEX60DD051399","Gbf1.1","cg12160807",3710
"GRIA2","AMEX60DD045153","Gria2.1","cg06679868",3711
"GRIA2","AMEX60DD045146","Gria2","cg06679868",3711
"ZNF423","AMEX60DD016569","Znf423","cg27660154",3712
"CACNA1D","AMEX60DD025474","Cacna1d.3","cg24963751",3716
"CACNA1D","AMEX60DD023703","Cacna1d","cg24963751",3716
"CACNA1D","AMEX60DD023704","Cacna1d.1","cg24963751",3716
"CACNA1D","AMEX60DD025468","Cacna1d.2","cg24963751",3716
"ADAMTS6","AMEX60DD014515","Adamts6","cg01016328",3719
"ADAMTS6","AMEX60DD014516","Adamts6.1","cg01016328",3719
"ADAMTS6","AMEX60DD042234","Adamts6.3","cg01016328",3719
"ADAMTS6","AMEX60DD042233","Adamts6.2","cg01016328",3719
"ADAMTS6","AMEX60DD042235","Adamts6.4","cg01016328",3719
"VTI1A","AMEX60DD053147","Vti1a.1","cg03498321",3721
"VTI1A","AMEX60DD053146","Vti1a","cg03498321",3721
"OSTM1","AMEX60DD033775","Ostm1","cg22141415",3722
"ABLIM1","AMEX60DD053191","Ablim1","cg23574174",3723
"ABLIM1","AMEX60DD053195","Ablim1.1","cg23574174",3723
"ARIH2","AMEX60DD023331","Arih2.1","cg24290201",3724
"ARIH2","AMEX60DD023329","Arih2","cg24290201",3724
"NRXN3","AMEX60DD011291","Nrxn3","cg17336754",3725
"GNAO1","AMEX60DD025364","Gnao1.3","cg12580491",3726
"GNAO1","AMEX60DD011643","Gnao1.1","cg12580491",3726
"GNAO1","AMEX60DD034187","Gnao1.4","cg12580491",3726
"GNAO1","AMEX60DD007242","Gnao1","cg12580491",3726
"GNAO1","AMEX60DD017836","Gnao1.2","cg12580491",3726
"GNAO1","AMEX60DD043375","Gnao1.5","cg12580491",3726
"GNAO1","AMEX60DD049732","Gnao1.6","cg12580491",3726
"HEY1","AMEX60DD039974","Hey1","cg06734921",3727
"TLE1","AMEX60DD043286","Tle1.2","cg12203266",3728
"TLE1","AMEX60DD043278","Tle1.1","cg12203266",3728
"TLE1","AMEX60DD013779","Tle1","cg12203266",3728
"DACH1","AMEX60DD048850","Dach1","cg09647169",3732
"ZFPM2","AMEX60DD040273","Zfpm2","cg03962027",3734
"ZFPM2","AMEX60DD040274","Zfpm2.1","cg03962027",3734
"QKI","AMEX60DD034890","Qki","cg07169519",3735
"TBCA","AMEX60DD042319","Tbca","cg15953471",3736
"BCL11A","AMEX60DD035398","Bcl11a.1","cg08446518",3737
"BCL11A","AMEX60DD024771","Bcl11a","cg08446518",3737
"PUM2","AMEX60DD033099","Pum2","cg24539381",3739
"DHX15","AMEX60DD045767","Dhx15","cg13369768",3740
"GRIA2","AMEX60DD045153","Gria2.1","cg11284212",3741
"GRIA2","AMEX60DD045146","Gria2","cg11284212",3741
"AUTS2","AMEX60DD027966","Auts2","cg10676571",3742
"AUTS2","AMEX60DD054212","Auts2.1","cg10676571",3742
"AUTS2","AMEX60DD054215","Auts2.3","cg10676571",3742
"AUTS2","AMEX60DD054214","Auts2.2","cg10676571",3742
"HOXD3","AMEX60DD029486","Hoxd3","cg11375458",3743
"ZNF521","AMEX60DD039549","Znf521","cg25568239",3744
"PAX6","AMEX60DD004905","Pax6","cg02755069",3745
"PAX6","AMEX60DD007993","Pax6.1","cg02755069",3745
"FBXL5","AMEX60DD045834","Fbxl5","cg19803349",3746
"FOXQ1","AMEX60DD038379","Foxq1","cg14814195",3747
"POU6F2","AMEX60DD038088","Pou6f2","cg25363406",3748
"MCTP1","AMEX60DD042590","Mctp1.1","cg10224895",3749
"MCTP1","AMEX60DD042591","Mctp1.2","cg10224895",3749
"MCTP1","AMEX60DD042588","Mctp1","cg10224895",3749
"KDM6A","AMEX60DD047593","Kdm6a","cg08438560",3751
"BNC2","AMEX60DD043399","Bnc2","cg09718446",3752
"TSHZ2","AMEX60DD027389","Tshz2","cg01202508",3753
"HNRNPD","AMEX60DD043555","Hnrnpd","cg06144427",3754
"SKIDA1","AMEX60DD021905","Skida1","cg03846926",3755
"HAT1","AMEX60DD055667","Hat1","cg02497242",3757
"CDC73","AMEX60DD018539","Cdc73","cg26793710",3758
"SATB1","AMEX60DD022782","Satb1","cg22395399",3759
"HSF4","AMEX60DD017799","Hsf4","cg04845649",3761
"ASCC3","AMEX60DD034016","Ascc3","cg18232282",3762
"MIB1","AMEX60DD039488","Mib1","cg19717233",3763
"GAS1","AMEX60DD056393","Gas1.3","cg16940931",3765
"GAS1","AMEX60DD003988","Gas1","cg16940931",3765
"GAS1","AMEX60DD016337","Gas1.1","cg16940931",3765
"GAS1","AMEX60DD043077","Gas1.2","cg16940931",3765
"MRPS9","AMEX60DD048051","Mrps9","cg12353189",3766
"ESRRG","AMEX60DD025330","Esrrg","cg03563956",3769
"ESRRG","AMEX60DD036107","Esrrg.1","cg03563956",3769
"SOX6","AMEX60DD004724","Sox6","cg06757051",3770
"HNRNPDL","AMEX60DD045027","Hnrnpdl.1","cg14856567",3773
"HNRNPDL","AMEX60DD043557","Hnrnpdl","cg14856567",3773
"WDR48","AMEX60DD021360","Wdr48","cg04235854",3774
"PBX1","AMEX60DD031588","Pbx1.1","cg10591258",3776
"PBX1","AMEX60DD018398","Pbx1","cg10591258",3776
"PBX1","AMEX60DD050515","Pbx1.3","cg10591258",3776
"PBX1","AMEX60DD050512","Pbx1.2","cg10591258",3776
"OSBP2","AMEX60DD001171","Osbp2","cg00249744",3779
"ZEB2","AMEX60DD029760","Zeb2","cg07605328",3780
"ZEB2","AMEX60DD055909","Zeb2.1","cg07605328",3780
"TAOK3","AMEX60DD001123","Taok3","cg23270431",3781
"PKHD1","AMEX60DD032853","Pkhd1.2","cg06710458",3782
"PKHD1","AMEX60DD032854","Pkhd1.3","cg06710458",3782
"PKHD1","AMEX60DD032851","Pkhd1","cg06710458",3782
"PKHD1","AMEX60DD032859","Pkhd1.4","cg06710458",3782
"PKHD1","AMEX60DD032860","Pkhd1.5","cg06710458",3782
"PKHD1","AMEX60DD032852","Pkhd1.1","cg06710458",3782
"PKHD1","AMEX60DD032873","Pkhd1.6","cg06710458",3782
"PLEKHA1","AMEX60DD053295","Plekha1","cg17385254",3783
"HIF1AN","AMEX60DD051631","Hif1an","cg27275164",3784
"ELAVL2","AMEX60DD044481","Elavl2","cg05212484",3786
"TLX1","AMEX60DD052917","Tlx1","cg07511706",3788
"CELF2","AMEX60DD008170","Celf2","cg26774146",3792
"PRPF38B","AMEX60DD019187","Prpf38b","cg04324237",3793
"BTRC","AMEX60DD052902","Btrc","cg25327462",3794
"BTRC","AMEX60DD052906","Btrc.1","cg25327462",3794
"SHOX2","AMEX60DD001828","Shox2","cg20719840",3795
"OGA","AMEX60DD052889","Oga","cg21614607",3796
"USH2A","AMEX60DD036103","Ush2a","cg12097135",3797
"HERC1","AMEX60DD004077","Herc1","cg03178974",3798
"HERC1","AMEX60DD041438","Herc1.1","cg03178974",3798
"POU6F2","AMEX60DD038088","Pou6f2","cg11312528",3800
"DBX1","AMEX60DD005002","Dbx1","cg26604524",3801
"DBX1","AMEX60DD005031","Dbx1.1","cg26604524",3801
"MAB21L2","AMEX60DD045037","Mab21l2","cg00077617",3802
"PABPC1","AMEX60DD040213","Pabpc1.1","cg00187832",3803
"PABPC1","AMEX60DD040417","Pabpc1.2","cg00187832",3803
"PABPC1","AMEX60DD027651","Pabpc1","cg00187832",3803
"PABPC1","AMEX60DD048887","Pabpc1.3","cg00187832",3803
"OSR2","AMEX60DD040185","Osr2","cg24765252",3805
"ADGRB3","AMEX60DD033553","Adgrb3.1","cg26859540",3806
"ADGRB3","AMEX60DD033552","Adgrb3","cg26859540",3806
"DHX15","AMEX60DD045767","Dhx15","cg14986854",3807
"ZNF536","AMEX60DD016701","Znf536.2","cg10141691",3808
"ZNF536","AMEX60DD016699","Znf536.1","cg10141691",3808
"ZNF536","AMEX60DD008513","Znf536","cg10141691",3808
"NFIB","AMEX60DD019415","Nfib","cg18440438",3809
"NFIB","AMEX60DD043470","Nfib.1","cg18440438",3809
"PITX2","AMEX60DD044294","Pitx2","cg17892435",3811
"FOXP1","AMEX60DD023939","Foxp1","cg13091892",3813
"SP8","AMEX60DD055700","Sp8","cg13747168",3814
"SP8","AMEX60DD055701","Sp8.1","cg13747168",3814
"CSNK1G2","AMEX60DD014442","Csnk1g2","cg24355006",3815
"CASZ1","AMEX60DD051153","Casz1","cg09579869",3816
"CASZ1","AMEX60DD053420","Casz1.1","cg09579869",3816
"ZFR","AMEX60DD041851","Zfr.1","cg19716117",3817
"ZFR","AMEX60DD014323","Zfr","cg19716117",3817
"ADCY3","AMEX60DD032761","Adcy3.1","cg10106561",3818
"ADCY3","AMEX60DD032746","Adcy3","cg10106561",3818
"ZEB2","AMEX60DD029760","Zeb2","cg09684189",3819
"ZEB2","AMEX60DD055909","Zeb2.1","cg09684189",3819
"MBNL1","AMEX60DD001895","Mbnl1","cg05407740",3820
"SORCS3","AMEX60DD053047","Sorcs3","cg25061778",3821
"SORCS3","AMEX60DD053048","Sorcs3.1","cg25061778",3821
"IKZF2","AMEX60DD055399","Ikzf2","cg07900685",3822
"ADGRB3","AMEX60DD033553","Adgrb3.1","cg12684650",3823
"ADGRB3","AMEX60DD033552","Adgrb3","cg12684650",3823
"SNX18","AMEX60DD042086","Snx18","cg15478432",3824
"CNTLN","AMEX60DD043394","Cntln","cg02468520",3825
"TOX","AMEX60DD039777","Tox","cg17689098",3826
"CASZ1","AMEX60DD051153","Casz1","cg20849614",3827
"CASZ1","AMEX60DD053420","Casz1.1","cg20849614",3827
"SRSF11","AMEX60DD019282","Srsf11","cg20378129",3829
"NKX6-1","AMEX60DD043873","Nkx6-1","cg25597949",3830
"SPEN","AMEX60DD012593","Spen.19","cg15256103",3831
"SPEN","AMEX60DD012583","Spen.13","cg15256103",3831
"SPEN","AMEX60DD012554","Spen.5","cg15256103",3831
"SPEN","AMEX60DD012589","Spen.17","cg15256103",3831
"SPEN","AMEX60DD012597","Spen.23","cg15256103",3831
"SPEN","AMEX60DD012549","Spen.3","cg15256103",3831
"SPEN","AMEX60DD012533","Spen.2","cg15256103",3831
"SPEN","AMEX60DD012569","Spen.8","cg15256103",3831
"SPEN","AMEX60DD012582","Spen.12","cg15256103",3831
"SPEN","AMEX60DD012594","Spen.20","cg15256103",3831
"SPEN","AMEX60DD012557","Spen.6","cg15256103",3831
"SPEN","AMEX60DD012584","Spen.14","cg15256103",3831
"SPEN","AMEX60DD012596","Spen.22","cg15256103",3831
"SPEN","AMEX60DD012602","Spen.26","cg15256103",3831
"SPEN","AMEX60DD012588","Spen.16","cg15256103",3831
"SPEN","AMEX60DD012570","Spen.9","cg15256103",3831
"SPEN","AMEX60DD012563","Spen.7","cg15256103",3831
"SPEN","AMEX60DD012586","Spen.15","cg15256103",3831
"SPEN","AMEX60DD052341","Spen.31","cg15256103",3831
"SPEN","AMEX60DD012590","Spen.18","cg15256103",3831
"SPEN","AMEX60DD012605","Spen.28","cg15256103",3831
"SPEN","AMEX60DD012595","Spen.21","cg15256103",3831
"SPEN","AMEX60DD012526","Spen","cg15256103",3831
"SPEN","AMEX60DD012528","Spen.1","cg15256103",3831
"SPEN","AMEX60DD012580","Spen.10","cg15256103",3831
"SPEN","AMEX60DD012599","Spen.24","cg15256103",3831
"SPEN","AMEX60DD012604","Spen.27","cg15256103",3831
"SPEN","AMEX60DD012553","Spen.4","cg15256103",3831
"SPEN","AMEX60DD012601","Spen.25","cg15256103",3831
"SPEN","AMEX60DD052340","Spen.30","cg15256103",3831
"SPEN","AMEX60DD012607","Spen.29","cg15256103",3831
"SPEN","AMEX60DD012581","Spen.11","cg15256103",3831
"RBM39","AMEX60DD028542","Rbm39","cg08161081",3833
"RBM39","AMEX60DD041330","Rbm39.1","cg08161081",3833
"LRMDA","AMEX60DD052208","Lrmda.2","cg25697669",3834
"LRMDA","AMEX60DD052207","Lrmda.1","cg25697669",3834
"LRMDA","AMEX60DD052205","Lrmda","cg25697669",3834
"ABCC5","AMEX60DD047818","Abcc5.1","cg23134220",3835
"ABCC5","AMEX60DD001482","Abcc5","cg23134220",3835
"PAK3","AMEX60DD037121","Pak3","cg02203534",3836
"MSX1","AMEX60DD045885","Msx1","cg23871832",3838
"XPO7","AMEX60DD002806","Xpo7","cg22416332",3839
"NR2F2","AMEX60DD003483","Nr2f2","cg05086365",3840
"NR2F1","AMEX60DD042580","Nr2f1.1","cg05553502",3841
"NR2F1","AMEX60DD015153","Nr2f1","cg05553502",3841
"EPHA3","AMEX60DD048317","Epha3","cg24367661",3842
"ZMYND8","AMEX60DD027593","Zmynd8","cg26551743",3843
"GNAO1","AMEX60DD025364","Gnao1.3","cg01890425",3845
"GNAO1","AMEX60DD011643","Gnao1.1","cg01890425",3845
"GNAO1","AMEX60DD034187","Gnao1.4","cg01890425",3845
"GNAO1","AMEX60DD007242","Gnao1","cg01890425",3845
"GNAO1","AMEX60DD017836","Gnao1.2","cg01890425",3845
"GNAO1","AMEX60DD043375","Gnao1.5","cg01890425",3845
"GNAO1","AMEX60DD049732","Gnao1.6","cg01890425",3845
"MECOM","AMEX60DD001756","Mecom","cg09300383",3846
"COL5A1","AMEX60DD031839","Col5a1.1","cg21633990",3849
"COL5A1","AMEX60DD010831","Col5a1","cg21633990",3849
"COL5A1","AMEX60DD031841","Col5a1.2","cg21633990",3849
"COL5A1","AMEX60DD050718","Col5a1.3","cg21633990",3849
"OXR1","AMEX60DD040280","Oxr1","cg14242308",3850
"OXR1","AMEX60DD040282","Oxr1.1","cg14242308",3850
"ZFP36L1","AMEX60DD011779","Zfp36l1","cg11024113",3851
"ZFP36L1","AMEX60DD024327","Zfp36l1.2","cg11024113",3851
"ZFP36L1","AMEX60DD024320","Zfp36l1.1","cg11024113",3851
"SLIT3","AMEX60DD030355","Slit3","cg17229698",3853
"SDCCAG8","AMEX60DD035270","Sdccag8","cg03186150",3856
"SDCCAG8","AMEX60DD035273","Sdccag8.1","cg03186150",3856
"VASH1","AMEX60DD011172","Vash1","cg14367547",3858
"RUNX1T1","AMEX60DD040096","Runx1t1","cg21608575",3860
"ATP5MC3","AMEX60DD002552","Atp5mc3","cg11735410",3861
"ATP5MC3","AMEX60DD055619","Atp5mc3.1","cg11735410",3861
"TSHZ3","AMEX60DD016709","Tshz3","cg03915996",3862
"CHTOP","AMEX60DD015009","Chtop","cg07099052",3865
"OXR1","AMEX60DD040280","Oxr1","cg20068186",3866
"OXR1","AMEX60DD040282","Oxr1.1","cg20068186",3866
"BNC2","AMEX60DD043399","Bnc2","cg16158316",3868
"TCF4","AMEX60DD041795","Tcf4","cg06831856",3869
"PBX3","AMEX60DD050513","Pbx3.1","cg22661567",3870
"PBX3","AMEX60DD050511","Pbx3","cg22661567",3870
"FIGN","AMEX60DD029644","Fign","cg00324422",3871
"FIGN","AMEX60DD055759","Fign.1","cg00324422",3871
"SREK1","AMEX60DD042257","Srek1","cg00678568",3872
"CCNT2","AMEX60DD055969","Ccnt2","cg11464067",3873
"PITX2","AMEX60DD044294","Pitx2","cg20291436",3874
"VTI1A","AMEX60DD053147","Vti1a.1","cg14894872",3877
"VTI1A","AMEX60DD053146","Vti1a","cg14894872",3877
"WNK3","AMEX60DD025518","Wnk3","cg09954563",3880
"TCF4","AMEX60DD041795","Tcf4","cg03510941",3881
"NLGN3","AMEX60DD036828","Nlgn3.1","cg11525050",3882
"NLGN3","AMEX60DD036826","Nlgn3","cg11525050",3882
"PBX3","AMEX60DD050513","Pbx3.1","cg00826905",3884
"PBX3","AMEX60DD050511","Pbx3","cg00826905",3884
"SYT14","AMEX60DD036023","Syt14","cg07982366",3885
"DAZAP1","AMEX60DD013501","Dazap1","cg24080303",3886
"TANC2","AMEX60DD009735","Tanc2","cg09033273",3889
"TANC2","AMEX60DD009737","Tanc2.1","cg09033273",3889
"GLCCI1","AMEX60DD022322","Glcci1","cg00992842",3890
"CYP27C1","AMEX60DD056196","Cyp27c1.1","cg07258300",3891
"CYP27C1","AMEX60DD009857","Cyp27c1","cg07258300",3891
"UNC80","AMEX60DD055372","Unc80.1","cg09549756",3893
"UNC80","AMEX60DD055373","Unc80.2","cg09549756",3893
"UNC80","AMEX60DD055371","Unc80","cg09549756",3893
"UNC80","AMEX60DD055374","Unc80.3","cg09549756",3893
"LRPPRC","AMEX60DD035957","Lrpprc","cg18265711",3895
"EVX2","AMEX60DD010172","Evx2","cg10763467",3896
"EVX2","AMEX60DD055613","Evx2.1","cg10763467",3896
"FOXP1","AMEX60DD023939","Foxp1","cg15369693",3897
"BTRC","AMEX60DD052902","Btrc","cg26304840",3898
"BTRC","AMEX60DD052906","Btrc.1","cg26304840",3898
"NRXN1","AMEX60DD035865","Nrxn1","cg07806359",3899
"NRXN1","AMEX60DD035873","Nrxn1.2","cg07806359",3899
"NRXN1","AMEX60DD035868","Nrxn1.1","cg07806359",3899
"RUNX1T1","AMEX60DD040096","Runx1t1","cg15769970",3901
"DHX38","AMEX60DD016985","Dhx38","cg10403192",3903
"PAXBP1","AMEX60DD047311","Paxbp1","cg06648649",3904
"MECOM","AMEX60DD001756","Mecom","cg00540706",3906
"PHOX2B","AMEX60DD045633","Phox2b","cg27123709",3907
"PHOX2B","AMEX60DD045634","Phox2b.1","cg27123709",3907
"FOXP1","AMEX60DD023939","Foxp1","cg22872620",3908
"TPM1","AMEX60DD004035","Tpm1","cg10487093",3909
"RUNX1T1","AMEX60DD040096","Runx1t1","cg25716835",3910
"INPP4A","AMEX60DD047802","Inpp4a","cg19379020",3911
"AGAP1","AMEX60DD055479","Agap1.1","cg04515429",3913
"AGAP1","AMEX60DD055475","Agap1","cg04515429",3913
"C2CD5","AMEX60DD006741","C2cd5","cg26187138",3914
"C2CD5","AMEX60DD006743","C2cd5.1","cg26187138",3914
"C2CD5","AMEX60DD006744","C2cd5.2","cg26187138",3914
"MGMT","AMEX60DD030507","Mgmt","cg17143801",3915
"CAMKMT","AMEX60DD035946","Camkmt","cg00782708",3916
"CSTF3","AMEX60DD004880","Cstf3","cg25334215",3918
"FAT3","AMEX60DD049591","Fat3","cg12501356",3920
"CUX2","AMEX60DD000678","Cux2","cg02657725",3922
"AKAP6","AMEX60DD012202","Akap6.1","cg24511235",3923
"AKAP6","AMEX60DD012154","Akap6","cg24511235",3923
"AKAP6","AMEX60DD012204","Akap6.2","cg24511235",3923
"AKAP6","AMEX60DD012205","Akap6.3","cg24511235",3923
"THRA","AMEX60DD010338","Thra","cg10858898",3927
"PBX3","AMEX60DD050513","Pbx3.1","cg02791084",3929
"PBX3","AMEX60DD050511","Pbx3","cg02791084",3929
"GAS1","AMEX60DD056393","Gas1.3","cg22701693",3930
"GAS1","AMEX60DD003988","Gas1","cg22701693",3930
"GAS1","AMEX60DD016337","Gas1.1","cg22701693",3930
"GAS1","AMEX60DD043077","Gas1.2","cg22701693",3930
"TCF4","AMEX60DD041795","Tcf4","cg20052563",3931
"HNRNPDL","AMEX60DD045027","Hnrnpdl.1","cg26604061",3933
"HNRNPDL","AMEX60DD043557","Hnrnpdl","cg26604061",3933
"PURA","AMEX60DD029051","Pura","cg12112459",3934
"ZFHX4","AMEX60DD039942","Zfhx4","cg14070880",3935
"WWOX","AMEX60DD032382","Wwox.1","cg24185526",3937
"WWOX","AMEX60DD032381","Wwox","cg24185526",3937
"PCCA","AMEX60DD048177","Pcca","cg19079350",3940
"LCORL","AMEX60DD045801","Lcorl.1","cg17696652",3941
"LCORL","AMEX60DD045800","Lcorl","cg17696652",3941
"MFN2","AMEX60DD051093","Mfn2","cg18065257",3943
"CASD1","AMEX60DD022394","Casd1","cg08573313",3945
"CASD1","AMEX60DD022395","Casd1.1","cg08573313",3945
"NKX1-1","AMEX60DD046067","Nkx1-1","cg20010444",3946
"RBM12","AMEX60DD028535","Rbm12","cg26021945",3947
"RBM12","AMEX60DD028536","Rbm12.1","cg26021945",3947
"WWOX","AMEX60DD032382","Wwox.1","cg17086562",3948
"WWOX","AMEX60DD032381","Wwox","cg17086562",3948
"FOXP2","AMEX60DD006292","Foxp2","cg04448212",3949
"SOX6","AMEX60DD004724","Sox6","cg11385236",3953
"POU3F2","AMEX60DD033861","Pou3f2","cg10122105",3955
"RRP15","AMEX60DD036122","Rrp15","cg11802088",3956
"TBC1D5","AMEX60DD022787","Tbc1d5","cg04570692",3957
"SKAP2","AMEX60DD021941","Skap2","cg00847015",3958
"NKX1-1","AMEX60DD046067","Nkx1-1","cg09080324",3959
"ZNF536","AMEX60DD016701","Znf536.2","cg00659574",3960
"ZNF536","AMEX60DD016699","Znf536.1","cg00659574",3960
"ZNF536","AMEX60DD008513","Znf536","cg00659574",3960
"ZNF827","AMEX60DD044992","Znf827","cg16660996",3961
"PRRC2B","AMEX60DD050399","Prrc2b","cg19381443",3962
"DACH1","AMEX60DD048850","Dach1","cg21335694",3963
"ADGRL2","AMEX60DD018914","Adgrl2","cg04383679",3964
"PAX2","AMEX60DD051628","Pax2","cg10021193",3965
"KCNK10","AMEX60DD011234","Kcnk10","cg23565975",3966
"MBNL2","AMEX60DD048632","Mbnl2","cg07289766",3967
"PTCH1","AMEX60DD043057","Ptch1","cg08435008",3968
"TLE1","AMEX60DD043286","Tle1.2","cg24667723",3970
"TLE1","AMEX60DD043278","Tle1.1","cg24667723",3970
"TLE1","AMEX60DD013779","Tle1","cg24667723",3970
"ATP1A3","AMEX60DD018046","Atp1a3","cg12150435",3971
"PAX6","AMEX60DD004905","Pax6","cg02770983",3972
"PAX6","AMEX60DD007993","Pax6.1","cg02770983",3972
"ZIC3","AMEX60DD037412","Zic3","cg00055619",3973
"ZNF326","AMEX60DD019092","Znf326","cg23476546",3975
"ZNF326","AMEX60DD019094","Znf326.1","cg23476546",3975
"ZNF326","AMEX60DD019096","Znf326.2","cg23476546",3975
"ZNF326","AMEX60DD043894","Znf326.3","cg23476546",3975
"MXI1","AMEX60DD053084","Mxi1.1","cg14454077",3979
"MXI1","AMEX60DD053083","Mxi1","cg14454077",3979
"SKAP2","AMEX60DD021941","Skap2","cg09606431",3980
"HIF1AN","AMEX60DD051631","Hif1an","cg12092528",3982
"PRKD1","AMEX60DD012186","Prkd1","cg09568551",3983
"HDAC9","AMEX60DD022301","Hdac9","cg08571140",3984
"MSL2","AMEX60DD002403","Msl2","cg12956982",3985
"SRF","AMEX60DD036538","Srf","cg08354308",3988
"ESRRG","AMEX60DD025330","Esrrg","cg21532847",3989
"ESRRG","AMEX60DD036107","Esrrg.1","cg21532847",3989
"PBX3","AMEX60DD050513","Pbx3.1","cg27244752",3990
"PBX3","AMEX60DD050511","Pbx3","cg27244752",3990
"TENM3","AMEX60DD045345","Tenm3.1","cg24076142",3991
"TENM3","AMEX60DD045344","Tenm3","cg24076142",3991
"SYNE1","AMEX60DD034384","Syne1.4","cg07221240",3993
"SYNE1","AMEX60DD034382","Syne1.2","cg07221240",3993
"SYNE1","AMEX60DD034383","Syne1.3","cg07221240",3993
"SYNE1","AMEX60DD034380","Syne1","cg07221240",3993
"SYNE1","AMEX60DD034381","Syne1.1","cg07221240",3993
"NOL4","AMEX60DD039647","Nol4.4","cg18465053",3994
"NOL4","AMEX60DD039645","Nol4.3","cg18465053",3994
"NOL4","AMEX60DD004157","Nol4","cg18465053",3994
"NOL4","AMEX60DD007813","Nol4.2","cg18465053",3994
"NOL4","AMEX60DD004433","Nol4.1","cg18465053",3994
"TFAP2D","AMEX60DD032878","Tfap2d","cg10071691",3995
"MBTD1","AMEX60DD030991","Mbtd1.1","cg27470591",3996
"MBTD1","AMEX60DD030990","Mbtd1","cg27470591",3996
"DYNC1I1","AMEX60DD022365","Dync1i1","cg00820579",3997
"DYNC1I1","AMEX60DD022368","Dync1i1.1","cg00820579",3997
"SREK1","AMEX60DD042257","Srek1","cg13133438",3999
"CELF4","AMEX60DD003871","Celf4","cg22522751",4000
"CELF4","AMEX60DD041624","Celf4.1","cg22522751",4000
"CELF4","AMEX60DD041626","Celf4.2","cg22522751",4000
"LCOR","AMEX60DD052868","Lcor","cg03073112",4001
"EN1","AMEX60DD056025","En1","cg06484622",4002
"CREM","AMEX60DD021752","Crem.1","cg22025436",4003
"CREM","AMEX60DD021748","Crem","cg22025436",4003
"ANK3","AMEX60DD052479","Ank3","cg24760597",4005
"ANK3","AMEX60DD052480","Ank3.1","cg24760597",4005
"ARMC8","AMEX60DD055334","Armc8","cg10609096",4008
"ZEB2","AMEX60DD029760","Zeb2","cg25476259",4010
"ZEB2","AMEX60DD055909","Zeb2.1","cg25476259",4010
"FAM172A","AMEX60DD042583","Fam172a.2","cg08836210",4011
"FAM172A","AMEX60DD042581","Fam172a","cg08836210",4011
"FAM172A","AMEX60DD042582","Fam172a.1","cg08836210",4011
"PTCH1","AMEX60DD043057","Ptch1","cg08716112",4012
"LDB2","AMEX60DD045818","Ldb2","cg17173497",4014
"RNF220","AMEX60DD032083","Rnf220.1","cg27647480",4015
"RNF220","AMEX60DD019858","Rnf220","cg27647480",4015
"DACH1","AMEX60DD048850","Dach1","cg15981352",4016
"BCL11A","AMEX60DD035398","Bcl11a.1","cg16884658",4017
"BCL11A","AMEX60DD024771","Bcl11a","cg16884658",4017
"RUNX1T1","AMEX60DD040096","Runx1t1","cg13028739",4018
"OLIG1","AMEX60DD047308","Olig1","cg06433155",4019
"PPP3CA","AMEX60DD044266","Ppp3ca","cg17573879",4021
"PBX3","AMEX60DD050513","Pbx3.1","cg07224818",4022
"PBX3","AMEX60DD050511","Pbx3","cg07224818",4022
"CNOT1","AMEX60DD015516","Cnot1.1","cg08498064",4023
"CNOT1","AMEX60DD015513","Cnot1","cg08498064",4023
"MCOLN1","AMEX60DD031674","Mcoln1","cg02930279",4024
"TSHZ2","AMEX60DD027389","Tshz2","cg03637425",4025
"LZTS2","AMEX60DD052936","Lzts2","cg13764029",4026
"CLDN14","AMEX60DD047223","Cldn14","cg00902716",4027
"USP14","AMEX60DD039468","Usp14","cg26425349",4028
"MRPS9","AMEX60DD048051","Mrps9","cg19166078",4029
"ZNF827","AMEX60DD044992","Znf827","cg11689958",4030
"HDAC9","AMEX60DD022301","Hdac9","cg11899916",4031
"LUC7L3","AMEX60DD053889","Luc7l3.3","cg24594294",4032
"LUC7L3","AMEX60DD030989","Luc7l3.2","cg24594294",4032
"LUC7L3","AMEX60DD016041","Luc7l3","cg24594294",4032
"LUC7L3","AMEX60DD016042","Luc7l3.1","cg24594294",4032
"QKI","AMEX60DD034890","Qki","cg11068685",4033
"RC3H1","AMEX60DD018202","Rc3h1","cg05549807",4034
"CYP7B1","AMEX60DD039816","Cyp7b1","cg21430924",4036
"TCF7L2","AMEX60DD053152","Tcf7l2","cg06078629",4037
"MECOM","AMEX60DD001756","Mecom","cg04186556",4038
"NFIB","AMEX60DD019415","Nfib","cg20158292",4039
"NFIB","AMEX60DD043470","Nfib.1","cg20158292",4039
"PUM1","AMEX60DD001513","Pum1","cg13143654",4040
"PUM1","AMEX60DD005443","Pum1.1","cg13143654",4040
"RNF220","AMEX60DD032083","Rnf220.1","cg15939697",4042
"RNF220","AMEX60DD019858","Rnf220","cg15939697",4042
"AP3B1","AMEX60DD042316","Ap3b1","cg20114360",4043
"NFIX","AMEX60DD031984","Nfix.1","cg25467381",4044
"NFIX","AMEX60DD031983","Nfix","cg25467381",4044
"AGAP3","AMEX60DD026206","Agap3","cg25468783",4045
"HIF1AN","AMEX60DD051631","Hif1an","cg18301350",4046
"ANAPC10","AMEX60DD044968","Anapc10","cg09029989",4047
"ZNF521","AMEX60DD039549","Znf521","cg24241736",4048
"TRIM9","AMEX60DD011833","Trim9","cg01052585",4049
"ADGRB3","AMEX60DD033553","Adgrb3.1","cg06412376",4050
"ADGRB3","AMEX60DD033552","Adgrb3","cg06412376",4050
"SLIT3","AMEX60DD030355","Slit3","cg23834309",4051
"MEF2A","AMEX60DD003514","Mef2a","cg19941852",4052
"ZNF521","AMEX60DD039549","Znf521","cg08174781",4053
"CBFB","AMEX60DD017820","Cbfb","cg11146440",4054
"CSNK2A1","AMEX60DD027156","Csnk2a1","cg12774550",4055
"CSNK2A1","AMEX60DD040828","Csnk2a1.1","cg12774550",4055
"SEPTIN7","AMEX60DD015457","Septin7","cg11621446",4056
"SEPTIN7","AMEX60DD038047","Septin7.1","cg11621446",4056
"PRUNE2","AMEX60DD043318","Prune2.1","cg27501104",4057
"PRUNE2","AMEX60DD043316","Prune2","cg27501104",4057
"THRA","AMEX60DD010338","Thra","cg23526824",4058
"LRP6","AMEX60DD006973","Lrp6","cg08802662",4061
"KPNA4","AMEX60DD001806","Kpna4","cg18987683",4062
"SETD5","AMEX60DD023214","Setd5","cg16903980",4063
"CUX1","AMEX60DD054494","Cux1.1","cg25520784",4066
"CUX1","AMEX60DD054498","Cux1.4","cg25520784",4066
"CUX1","AMEX60DD054496","Cux1.3","cg25520784",4066
"CUX1","AMEX60DD054486","Cux1","cg25520784",4066
"CUX1","AMEX60DD054495","Cux1.2","cg25520784",4066
"ZNF407","AMEX60DD039213","Znf407","cg19891121",4067
"ADGRL2","AMEX60DD018914","Adgrl2","cg22399544",4068
"HNRNPDL","AMEX60DD045027","Hnrnpdl.1","cg04929868",4069
"HNRNPDL","AMEX60DD043557","Hnrnpdl","cg04929868",4069
"FTO","AMEX60DD017737","Fto.1","cg01952154",4070
"FTO","AMEX60DD017735","Fto","cg01952154",4070
"PTK2B","AMEX60DD032731","Ptk2b","cg13026235",4071
"ZEB2","AMEX60DD029760","Zeb2","cg24250511",4072
"ZEB2","AMEX60DD055909","Zeb2.1","cg24250511",4072
"ZNF521","AMEX60DD039549","Znf521","cg04632369",4073
"CACNA1E","AMEX60DD018649","Cacna1e.3","cg24384497",4075
"CACNA1E","AMEX60DD018650","Cacna1e.4","cg24384497",4075
"CACNA1E","AMEX60DD018643","Cacna1e","cg24384497",4075
"CACNA1E","AMEX60DD018646","Cacna1e.1","cg24384497",4075
"CACNA1E","AMEX60DD018647","Cacna1e.2","cg24384497",4075
"SKIDA1","AMEX60DD021905","Skida1","cg16978019",4076
"UNCX","AMEX60DD021249","Uncx","cg10144148",4077
"ATP2B1","AMEX60DD006353","Atp2b1","cg27482906",4078
"TFAP2D","AMEX60DD032878","Tfap2d","cg03479969",4082
"ARID1B","AMEX60DD034958","Arid1b","cg13710507",4083
"MTX2","AMEX60DD055602","Mtx2","cg15104569",4084
"GRIA4","AMEX60DD049465","Gria4","cg21885075",4085
"GRIA4","AMEX60DD049466","Gria4.1","cg21885075",4085
"NEB","AMEX60DD055859","Neb","cg03036119",4086
"NEB","AMEX60DD055860","Neb.1","cg03036119",4086
"ZFR","AMEX60DD041851","Zfr.1","cg17134427",4087
"ZFR","AMEX60DD014323","Zfr","cg17134427",4087
"GRIA2","AMEX60DD045153","Gria2.1","cg01291262",4091
"GRIA2","AMEX60DD045146","Gria2","cg01291262",4091
"LRP4","AMEX60DD005288","Lrp4","cg15987146",4092
"SRSF5","AMEX60DD012015","Srsf5.1","cg04411283",4093
"SRSF5","AMEX60DD011890","Srsf5","cg04411283",4093
"EFNB1","AMEX60DD036933","Efnb1","cg09610373",4094
"PBX3","AMEX60DD050513","Pbx3.1","cg07080569",4095
"PBX3","AMEX60DD050511","Pbx3","cg07080569",4095
"EXOC4","AMEX60DD008062","Exoc4","cg03925018",4096
"EXOC4","AMEX60DD008065","Exoc4.1","cg03925018",4096
"MEIS1","AMEX60DD035598","Meis1.1","cg10860834",4097
"MEIS1","AMEX60DD024424","Meis1","cg10860834",4097
"SOX14","AMEX60DD002376","Sox14","cg19898504",4098
"BTRC","AMEX60DD052902","Btrc","cg09622673",4099
"BTRC","AMEX60DD052906","Btrc.1","cg09622673",4099
"SLC32A1","AMEX60DD028674","Slc32a1","cg12451099",4100
"HOXD3","AMEX60DD029486","Hoxd3","cg24774179",4101
"PRDM16","AMEX60DD051365","Prdm16","cg08682946",4102
"STRADA","AMEX60DD009719","Strada","cg17848875",4103
"DAZAP1","AMEX60DD013501","Dazap1","cg14799760.2",4104
"DACH1","AMEX60DD048850","Dach1","cg07562874",4105
"LRMDA","AMEX60DD052208","Lrmda.2","cg12464059",4106
"LRMDA","AMEX60DD052207","Lrmda.1","cg12464059",4106
"LRMDA","AMEX60DD052205","Lrmda","cg12464059",4106
"BCAR3","AMEX60DD032196","Bcar3.2","cg08382491",4108
"BCAR3","AMEX60DD019166","Bcar3","cg08382491",4108
"BCAR3","AMEX60DD019169","Bcar3.1","cg08382491",4108
"WNT11","AMEX60DD036922","Wnt11","cg22766890",4109
"WNT11","AMEX60DD049747","Wnt11.1","cg22766890",4109
"ATL2","AMEX60DD035059","Atl2","cg16831375",4110
"PAX2","AMEX60DD051628","Pax2","cg03932441",4111
"RUNX2","AMEX60DD032921","Runx2","cg13427075",4113
"RUNX2","AMEX60DD032922","Runx2.1","cg13427075",4113
"ING1","AMEX60DD047880","Ing1","cg05867960",4115
"ZEB2","AMEX60DD029760","Zeb2","cg03303633",4116
"ZEB2","AMEX60DD055909","Zeb2.1","cg03303633",4116
"TENM2","AMEX60DD030344","Tenm2","cg02215504",4118
"ZNF407","AMEX60DD039213","Znf407","cg24582152",4119
"ZFHX4","AMEX60DD039942","Zfhx4","cg06026845",4121
"SLF2","AMEX60DD052954","Slf2","cg04069552",4122
"LRRC8D","AMEX60DD031653","Lrrc8d.1","cg07889054",4123
"LRRC8D","AMEX60DD019089","Lrrc8d","cg07889054",4123
"LRRC8D","AMEX60DD031760","Lrrc8d.2","cg07889054",4123
"MGST1","AMEX60DD006663","Mgst1","cg01428642",4124
"LRFN5","AMEX60DD011607","Lrfn5","cg19360170",4126
"LRFN5","AMEX60DD024362","Lrfn5.1","cg19360170",4126
"LRFN5","AMEX60DD024999","Lrfn5.2","cg19360170",4126
"PBX3","AMEX60DD050513","Pbx3.1","cg08697532",4127
"PBX3","AMEX60DD050511","Pbx3","cg08697532",4127
"FIGN","AMEX60DD029644","Fign","cg08571946",4129
"FIGN","AMEX60DD055759","Fign.1","cg08571946",4129
"PRPF38B","AMEX60DD019187","Prpf38b","cg06637343",4130
"SOX14","AMEX60DD002376","Sox14","cg14728698",4134
"ONECUT2","AMEX60DD041804","Onecut2","cg08875759",4135
"OLA1","AMEX60DD055699","Ola1.1","cg08826760",4136
"OLA1","AMEX60DD055698","Ola1","cg08826760",4136
"GRIA3","AMEX60DD037207","Gria3.1","cg15395168",4137
"GRIA3","AMEX60DD037204","Gria3","cg15395168",4137
"DAB1","AMEX60DD019481","Dab1","cg16589174",4138
"HDAC9","AMEX60DD022301","Hdac9","cg12351585",4140
"APBB2","AMEX60DD045640","Apbb2","cg00117955",4141
"CPEB3","AMEX60DD052642","Cpeb3","cg13285426",4143
"ITGB3","AMEX60DD009754","Itgb3","cg10429476",4145
"BARHL2","AMEX60DD052670","Barhl2.1","cg07995570",4146
"BARHL2","AMEX60DD019109","Barhl2","cg07995570",4146
"ITGB3BP","AMEX60DD034706","Itgb3bp.9","cg12085679",4147
"ITGB3BP","AMEX60DD008980","Itgb3bp.3","cg12085679",4147
"ITGB3BP","AMEX60DD044633","Itgb3bp.11","cg12085679",4147
"ITGB3BP","AMEX60DD024048","Itgb3bp.6","cg12085679",4147
"ITGB3BP","AMEX60DD005371","Itgb3bp.1","cg12085679",4147
"ITGB3BP","AMEX60DD007610","Itgb3bp.2","cg12085679",4147
"ITGB3BP","AMEX60DD025057","Itgb3bp.7","cg12085679",4147
"ITGB3BP","AMEX60DD047260","Itgb3bp.13","cg12085679",4147
"ITGB3BP","AMEX60DD053703","Itgb3bp.14","cg12085679",4147
"ITGB3BP","AMEX60DD004708","Itgb3bp","cg12085679",4147
"ITGB3BP","AMEX60DD015634","Itgb3bp.4","cg12085679",4147
"ITGB3BP","AMEX60DD044545","Itgb3bp.10","cg12085679",4147
"ITGB3BP","AMEX60DD019380","Itgb3bp.5","cg12085679",4147
"ITGB3BP","AMEX60DD045269","Itgb3bp.12","cg12085679",4147
"ITGB3BP","AMEX60DD026992","Itgb3bp.8","cg12085679",4147
"TCF4","AMEX60DD041795","Tcf4","cg05767211",4148
"ZEB2","AMEX60DD029760","Zeb2","cg24271875",4149
"ZEB2","AMEX60DD055909","Zeb2.1","cg24271875",4149
"SIK2","AMEX60DD053750","Sik2","cg04900296",4151
"CUX2","AMEX60DD000678","Cux2","cg22368918",4152
"WWOX","AMEX60DD032382","Wwox.1","cg05822075",4153
"WWOX","AMEX60DD032381","Wwox","cg05822075",4153
"SYNCRIP","AMEX60DD033788","Syncrip","cg13528652",4154
"SYNCRIP","AMEX60DD033789","Syncrip.1","cg13528652",4154
"TENM3","AMEX60DD045345","Tenm3.1","cg26137606",4155
"TENM3","AMEX60DD045344","Tenm3","cg26137606",4155
"MAPKAP1","AMEX60DD050518","Mapkap1","cg11597255",4156
"ESRRG","AMEX60DD025330","Esrrg","cg04964266",4157
"ESRRG","AMEX60DD036107","Esrrg.1","cg04964266",4157
"SLC44A1","AMEX60DD044446","Slc44a1","cg08885324",4158
"BCAS3","AMEX60DD054622","Bcas3","cg06468945",4159
"BCAS3","AMEX60DD054624","Bcas3.1","cg06468945",4159
"ZFHX3","AMEX60DD016992","Zfhx3","cg00688252",4160
"ZEB2","AMEX60DD029760","Zeb2","cg12336777",4161
"ZEB2","AMEX60DD055909","Zeb2.1","cg12336777",4161
"RCOR3","AMEX60DD036042","Rcor3","cg02632559",4162
"MTR","AMEX60DD035290","Mtr","cg16293579",4165
"SALL3","AMEX60DD039092","Sall3","cg12324954",4166
"BCL11B","AMEX60DD011386","Bcl11b","cg09580239",4168
"PURA","AMEX60DD029051","Pura","cg22110364",4170
"EML5","AMEX60DD011227","Eml5.1","cg11630053",4171
"EML5","AMEX60DD011226","Eml5","cg11630053",4171
"EML5","AMEX60DD011230","Eml5.4","cg11630053",4171
"EML5","AMEX60DD011228","Eml5.2","cg11630053",4171
"EML5","AMEX60DD011229","Eml5.3","cg11630053",4171
"LHFPL3","AMEX60DD008795","Lhfpl3.1","cg17389888",4172
"LHFPL3","AMEX60DD021042","Lhfpl3.2","cg17389888",4172
"LHFPL3","AMEX60DD006409","Lhfpl3","cg17389888",4172
"NBEA","AMEX60DD049196","Nbea","cg13830681",4173
"NBEA","AMEX60DD049214","Nbea.2","cg13830681",4173
"NBEA","AMEX60DD049211","Nbea.1","cg13830681",4173
"EBF3","AMEX60DD046404","Ebf3","cg24030333",4174
"EBF3","AMEX60DD052723","Ebf3.1","cg24030333",4174
"FGF13","AMEX60DD037407","Fgf13","cg13132580",4175
"POU3F2","AMEX60DD033861","Pou3f2","cg06113157",4176
"SRSF12","AMEX60DD033969","Srsf12","cg03457443",4177
"ZFR","AMEX60DD041851","Zfr.1","cg25875397",4178
"ZFR","AMEX60DD014323","Zfr","cg25875397",4178
"MRM1","AMEX60DD054128","Mrm1","cg11523137",4179
"GRIA3","AMEX60DD037207","Gria3.1","cg27534091",4180
"GRIA3","AMEX60DD037204","Gria3","cg27534091",4180
"TENM3","AMEX60DD045345","Tenm3.1","cg07868578",4181
"TENM3","AMEX60DD045344","Tenm3","cg07868578",4181
"KLHL14","AMEX60DD039632","Klhl14","cg10677710",4182
"PROX1","AMEX60DD025278","Prox1","cg02027148",4183
"PROX1","AMEX60DD036083","Prox1.1","cg02027148",4183
"PTPN4","AMEX60DD056137","Ptpn4","cg05659128",4184
"NFIB","AMEX60DD019415","Nfib","cg19715364",4185
"NFIB","AMEX60DD043470","Nfib.1","cg19715364",4185
"BNC2","AMEX60DD043399","Bnc2","cg03163284",4186
"ZNF366","AMEX60DD042440","Znf366","cg00913314",4187
"TCF7L2","AMEX60DD053152","Tcf7l2","cg01167388",4188
"YLPM1","AMEX60DD011481","Ylpm1.1","cg17414093",4189
"YLPM1","AMEX60DD003300","Ylpm1","cg17414093",4189
"YLPM1","AMEX60DD011482","Ylpm1.2","cg17414093",4189
"RIMS2","AMEX60DD040262","Rims2.2","cg12327770",4190
"RIMS2","AMEX60DD040259","Rims2","cg12327770",4190
"RIMS2","AMEX60DD040260","Rims2.1","cg12327770",4190
"CNOT1","AMEX60DD015516","Cnot1.1","cg00196544",4192
"CNOT1","AMEX60DD015513","Cnot1","cg00196544",4192
"ACTN4","AMEX60DD024266","Actn4","cg18065210",4193
"HIF1AN","AMEX60DD051631","Hif1an","cg13123762",4194
"ATP5MC3","AMEX60DD002552","Atp5mc3","cg02206762",4195
"ATP5MC3","AMEX60DD055619","Atp5mc3.1","cg02206762",4195
"ZFHX3","AMEX60DD016992","Zfhx3","cg00282792",4196
"CHD4","AMEX60DD026866","Chd4","cg03706372",4197
"TBCA","AMEX60DD042319","Tbca","cg21615099",4198
"PURA","AMEX60DD029051","Pura","cg06467581",4199
"CCDC178","AMEX60DD039638","Ccdc178.1","cg05571800",4200
"CCDC178","AMEX60DD039634","Ccdc178","cg05571800",4200
"SREK1","AMEX60DD042257","Srek1","cg07584109",4201
"UNCX","AMEX60DD021249","Uncx","cg14737427",4202
"EXT1","AMEX60DD040379","Ext1.3","cg16657465",4203
"EXT1","AMEX60DD032576","Ext1","cg16657465",4203
"EXT1","AMEX60DD032577","Ext1.1","cg16657465",4203
"EXT1","AMEX60DD032581","Ext1.2","cg16657465",4203
"SMARCA1","AMEX60DD037160","Smarca1","cg21949868",4204
"ACAP2","AMEX60DD001704","Acap2","cg21094153",4206
"ACAP2","AMEX60DD012921","Acap2.1","cg21094153",4206
"ZEB2","AMEX60DD029760","Zeb2","cg23885558",4208
"ZEB2","AMEX60DD055909","Zeb2.1","cg23885558",4208
"USH2A","AMEX60DD036103","Ush2a","cg00249321",4209
"CFAP61","AMEX60DD035490","Cfap61","cg03568747",4210
"HIF1AN","AMEX60DD051631","Hif1an","cg06191504",4211
"MSI2","AMEX60DD054090","Msi2","cg03267466",4212
"MSI2","AMEX60DD054091","Msi2.1","cg03267466",4212
"EN1","AMEX60DD056025","En1","cg03581876",4213
"MAPKAP1","AMEX60DD050518","Mapkap1","cg21417562",4214
"MRPS9","AMEX60DD048051","Mrps9","cg27425459",4215
"CNOT6","AMEX60DD029028","Cnot6","cg21898740",4216
"PUM1","AMEX60DD001513","Pum1","cg11550061",4217
"PUM1","AMEX60DD005443","Pum1.1","cg11550061",4217
"KAT6B","AMEX60DD052165","Kat6b.1","cg22791342",4219
"KAT6B","AMEX60DD002878","Kat6b","cg22791342",4219
"NAA30","AMEX60DD011126","Naa30","cg23434499",4220
"SPRED2","AMEX60DD035606","Spred2.1","cg10570203",4222
"SPRED2","AMEX60DD024427","Spred2","cg10570203",4222
"RFX3","AMEX60DD043102","Rfx3","cg22825316",4223
"SOX14","AMEX60DD002376","Sox14","cg05000269",4225
"CNTLN","AMEX60DD043394","Cntln","cg25117614",4226
"TSHZ3","AMEX60DD016709","Tshz3","cg04972977",4227
"GRIA1","AMEX60DD030078","Gria1","cg23499683",4228
"FBN1","AMEX60DD003752","Fbn1","cg20586603",4230
"FIGN","AMEX60DD029644","Fign","cg07578168",4232
"FIGN","AMEX60DD055759","Fign.1","cg07578168",4232
"CACNA1C","AMEX60DD006922","Cacna1c","cg13689075",4233
"CACNA1C","AMEX60DD006923","Cacna1c.1","cg13689075",4233
"CACNA1C","AMEX60DD006925","Cacna1c.2","cg13689075",4233
"ZEB2","AMEX60DD029760","Zeb2","cg17278116",4235
"ZEB2","AMEX60DD055909","Zeb2.1","cg17278116",4235
"HNRNPH1","AMEX60DD029068","Hnrnph1","cg06937549",4237
"TNIK","AMEX60DD001569","Tnik","cg00751472",4238
"CNOT4","AMEX60DD007039","Cnot4","cg14991111",4240
"PROX1","AMEX60DD025278","Prox1","cg20591271",4241
"PROX1","AMEX60DD036083","Prox1.1","cg20591271",4241
"SF3B1","AMEX60DD055269","Sf3b1.2","cg08902786",4242
"SF3B1","AMEX60DD055267","Sf3b1.1","cg08902786",4242
"SF3B1","AMEX60DD010822","Sf3b1","cg08902786",4242
"OTP","AMEX60DD042321","Otp.1","cg02221620",4243
"OTP","AMEX60DD042320","Otp","cg02221620",4243
"PPIP5K2","AMEX60DD042676","Ppip5k2.1","cg16340226",4244
"PPIP5K2","AMEX60DD042672","Ppip5k2","cg16340226",4244
"SYNCRIP","AMEX60DD033788","Syncrip","cg21198993",4245
"SYNCRIP","AMEX60DD033789","Syncrip.1","cg21198993",4245
"ABRAXAS2","AMEX60DD053401","Abraxas2.1","cg14219291",4246
"ABRAXAS2","AMEX60DD031201","Abraxas2","cg14219291",4246
"SRSF11","AMEX60DD019282","Srsf11","cg16269798",4247
"NFIB","AMEX60DD019415","Nfib","cg02448386",4248
"NFIB","AMEX60DD043470","Nfib.1","cg02448386",4248
"CCNT2","AMEX60DD055969","Ccnt2","cg21636128",4249
"PKNOX2","AMEX60DD054026","Pknox2","cg01143372",4252
"ZMIZ1","AMEX60DD052230","Zmiz1","cg17201133",4253
"KCNN2","AMEX60DD042784","Kcnn2.1","cg10374774",4254
"KCNN2","AMEX60DD013885","Kcnn2","cg10374774",4254
"MXI1","AMEX60DD053084","Mxi1.1","cg22743466",4255
"MXI1","AMEX60DD053083","Mxi1","cg22743466",4255
"OTP","AMEX60DD042321","Otp.1","cg04998737",4258
"OTP","AMEX60DD042320","Otp","cg04998737",4258
"SATB1","AMEX60DD022782","Satb1","cg21132526",4259
"HIVEP3","AMEX60DD005422","Hivep3","cg11276577",4260
"RNF11","AMEX60DD019649","Rnf11","cg26476875",4262
"RNF11","AMEX60DD031916","Rnf11.1","cg26476875",4262
"LRPPRC","AMEX60DD035957","Lrpprc","cg12818872",4263
"DLX1","AMEX60DD055670","Dlx1","cg12663535",4264
"ZNF423","AMEX60DD016569","Znf423","cg08797698",4265
"PTPRA","AMEX60DD046196","Ptpra","cg08667379",4267
"TAOK1","AMEX60DD054817","Taok1","cg09286326",4268
"YTHDF2","AMEX60DD039808","Ythdf2.1","cg09978510",4269
"YTHDF2","AMEX60DD005533","Ythdf2","cg09978510",4269
"XPO1","AMEX60DD035363","Xpo1","cg09455096",4272
"XPO1","AMEX60DD035364","Xpo1.1","cg09455096",4272
"NEDD4L","AMEX60DD041820","Nedd4l.1","cg13208500",4273
"NEDD4L","AMEX60DD041819","Nedd4l","cg13208500",4273
"YTHDC1","AMEX60DD043986","Ythdc1","cg07905480",4275
"PBX3","AMEX60DD050513","Pbx3.1","cg20037279",4277
"PBX3","AMEX60DD050511","Pbx3","cg20037279",4277
"SPEN","AMEX60DD012593","Spen.19","cg06570740",4278
"SPEN","AMEX60DD012583","Spen.13","cg06570740",4278
"SPEN","AMEX60DD012554","Spen.5","cg06570740",4278
"SPEN","AMEX60DD012589","Spen.17","cg06570740",4278
"SPEN","AMEX60DD012597","Spen.23","cg06570740",4278
"SPEN","AMEX60DD012549","Spen.3","cg06570740",4278
"SPEN","AMEX60DD012533","Spen.2","cg06570740",4278
"SPEN","AMEX60DD012569","Spen.8","cg06570740",4278
"SPEN","AMEX60DD012582","Spen.12","cg06570740",4278
"SPEN","AMEX60DD012594","Spen.20","cg06570740",4278
"SPEN","AMEX60DD012557","Spen.6","cg06570740",4278
"SPEN","AMEX60DD012584","Spen.14","cg06570740",4278
"SPEN","AMEX60DD012596","Spen.22","cg06570740",4278
"SPEN","AMEX60DD012602","Spen.26","cg06570740",4278
"SPEN","AMEX60DD012588","Spen.16","cg06570740",4278
"SPEN","AMEX60DD012570","Spen.9","cg06570740",4278
"SPEN","AMEX60DD012563","Spen.7","cg06570740",4278
"SPEN","AMEX60DD012586","Spen.15","cg06570740",4278
"SPEN","AMEX60DD052341","Spen.31","cg06570740",4278
"SPEN","AMEX60DD012590","Spen.18","cg06570740",4278
"SPEN","AMEX60DD012605","Spen.28","cg06570740",4278
"SPEN","AMEX60DD012595","Spen.21","cg06570740",4278
"SPEN","AMEX60DD012526","Spen","cg06570740",4278
"SPEN","AMEX60DD012528","Spen.1","cg06570740",4278
"SPEN","AMEX60DD012580","Spen.10","cg06570740",4278
"SPEN","AMEX60DD012599","Spen.24","cg06570740",4278
"SPEN","AMEX60DD012604","Spen.27","cg06570740",4278
"SPEN","AMEX60DD012553","Spen.4","cg06570740",4278
"SPEN","AMEX60DD012601","Spen.25","cg06570740",4278
"SPEN","AMEX60DD052340","Spen.30","cg06570740",4278
"SPEN","AMEX60DD012607","Spen.29","cg06570740",4278
"SPEN","AMEX60DD012581","Spen.11","cg06570740",4278
"FOXP1","AMEX60DD023939","Foxp1","cg14374207",4279
"MECOM","AMEX60DD001756","Mecom","cg26775450",4280
"FAF1","AMEX60DD019654","Faf1","cg17871502",4281
"PIKFYVE","AMEX60DD055142","Pikfyve.1","cg18511286",4284
"PIKFYVE","AMEX60DD055141","Pikfyve","cg18511286",4284
"AUTS2","AMEX60DD027966","Auts2","cg18783345",4285
"AUTS2","AMEX60DD054212","Auts2.1","cg18783345",4285
"AUTS2","AMEX60DD054215","Auts2.3","cg18783345",4285
"AUTS2","AMEX60DD054214","Auts2.2","cg18783345",4285
"USH2A","AMEX60DD036103","Ush2a","cg10276377",4286
"TTC39C","AMEX60DD039517","Ttc39c","cg27473332",4287
"TCF7L2","AMEX60DD053152","Tcf7l2","cg04759679",4288
"MYEF2","AMEX60DD003751","Myef2","cg23114362",4289
"ZNF804A","AMEX60DD022181","Znf804a","cg03901868",4290
"TNRC6B","AMEX60DD029201","Tnrc6b","cg08971090",4292
"HDAC4","AMEX60DD055514","Hdac4","cg24303809",4293
"HDAC4","AMEX60DD055515","Hdac4.1","cg24303809",4293
"RBFOX2","AMEX60DD030445","Rbfox2","cg12854176",4294
"ZDHHC14","AMEX60DD034953","Zdhhc14","cg21370379",4295
"ZDHHC14","AMEX60DD034954","Zdhhc14.1","cg21370379",4295
"NCOA2","AMEX60DD039878","Ncoa2","cg06608341",4297
"TBC1D5","AMEX60DD022787","Tbc1d5","cg01340195",4298
"CACNA1C","AMEX60DD006922","Cacna1c","cg22362035",4299
"CACNA1C","AMEX60DD006923","Cacna1c.1","cg22362035",4299
"CACNA1C","AMEX60DD006925","Cacna1c.2","cg22362035",4299
"PBX1","AMEX60DD031588","Pbx1.1","cg02955020",4300
"PBX1","AMEX60DD018398","Pbx1","cg02955020",4300
"PBX1","AMEX60DD050515","Pbx1.3","cg02955020",4300
"PBX1","AMEX60DD050512","Pbx1.2","cg02955020",4300
"KCTD15","AMEX60DD017650","Kctd15","cg23701217",4301
"ATP5MC3","AMEX60DD002552","Atp5mc3","cg14729575",4302
"ATP5MC3","AMEX60DD055619","Atp5mc3.1","cg14729575",4302
"CLIP1","AMEX60DD003599","Clip1.1","cg24380618",4303
"CLIP1","AMEX60DD000614","Clip1","cg24380618",4303
"RFX3","AMEX60DD043102","Rfx3","cg17954486",4305
"NXPH1","AMEX60DD022514","Nxph1","cg13700099",4306
"FIGN","AMEX60DD029644","Fign","cg10373443",4308
"FIGN","AMEX60DD055759","Fign.1","cg10373443",4308
"UNCX","AMEX60DD021249","Uncx","cg04595593",4309
"MAP3K7CL","AMEX60DD047364","Map3k7cl","cg16999170",4310
"FOXP1","AMEX60DD023939","Foxp1","cg25739107",4312
"MED13","AMEX60DD054643","Med13","cg04178407",4313
"NR2F2","AMEX60DD003483","Nr2f2","cg09738906",4314
"TBCA","AMEX60DD042319","Tbca","cg04016956",4315
"KLF7","AMEX60DD055067","Klf7","cg12756264",4316
"ZFHX4","AMEX60DD039942","Zfhx4","cg13735125",4317
"DLX1","AMEX60DD055670","Dlx1","cg21110231",4318
"TRPS1","AMEX60DD040351","Trps1","cg08321639",4319
"RBM12","AMEX60DD028535","Rbm12","cg08758366",4320
"RBM12","AMEX60DD028536","Rbm12.1","cg08758366",4320
"XYLT2","AMEX60DD030956","Xylt2","cg09265662",4322
"RAB14","AMEX60DD050613","Rab14","cg27278067",4325
"PBX1","AMEX60DD031588","Pbx1.1","cg24044509",4327
"PBX1","AMEX60DD018398","Pbx1","cg24044509",4327
"PBX1","AMEX60DD050515","Pbx1.3","cg24044509",4327
"PBX1","AMEX60DD050512","Pbx1.2","cg24044509",4327
"TOX3","AMEX60DD017722","Tox3","cg17659732",4328
"RPS6KC1","AMEX60DD036076","Rps6kc1","cg22373416",4331
"ACACA","AMEX60DD054117","Acaca.1","cg15078584",4332
"ACACA","AMEX60DD054118","Acaca.2","cg15078584",4332
"ACACA","AMEX60DD054114","Acaca","cg15078584",4332
"ADGRB3","AMEX60DD033553","Adgrb3.1","cg26051847",4333
"ADGRB3","AMEX60DD033552","Adgrb3","cg26051847",4333
"NRXN3","AMEX60DD011291","Nrxn3","cg07597118",4334
"TRPM3","AMEX60DD003641","Trpm3","cg24979496",4335
"TRPM3","AMEX60DD043161","Trpm3.1","cg24979496",4335
"PBX1","AMEX60DD031588","Pbx1.1","cg19865442",4337
"PBX1","AMEX60DD018398","Pbx1","cg19865442",4337
"PBX1","AMEX60DD050515","Pbx1.3","cg19865442",4337
"PBX1","AMEX60DD050512","Pbx1.2","cg19865442",4337
"ESRRG","AMEX60DD025330","Esrrg","cg20863884",4338
"ESRRG","AMEX60DD036107","Esrrg.1","cg20863884",4338
"NR4A2","AMEX60DD055832","Nr4a2","cg19999314",4339
"FUBP1","AMEX60DD018962","Fubp1","cg12315723",4343
"PAX6","AMEX60DD004905","Pax6","cg11827910",4344
"PAX6","AMEX60DD007993","Pax6.1","cg11827910",4344
"BTRC","AMEX60DD052902","Btrc","cg02828449",4345
"BTRC","AMEX60DD052906","Btrc.1","cg02828449",4345
"NFAT5","AMEX60DD017014","Nfat5","cg10962665",4346
"GRIA1","AMEX60DD030078","Gria1","cg04080314",4347
"CHD7","AMEX60DD039791","Chd7","cg25600037",4348
"DLGAP3","AMEX60DD005970","Dlgap3","cg21466623",4350
"DLGAP3","AMEX60DD005972","Dlgap3.1","cg21466623",4350
"HOXA7","HoxA7","Hoxa7","cg23751538",4351
"FOXP1","AMEX60DD023939","Foxp1","cg08375909",4352
"ATP2B1","AMEX60DD006353","Atp2b1","cg17564205",4354
"CNOT1","AMEX60DD015516","Cnot1.1","cg03157204",4355
"CNOT1","AMEX60DD015513","Cnot1","cg03157204",4355
"CDK12","AMEX60DD010293","Cdk12","cg09822402",4356
"PRKAA2","AMEX60DD019496","Prkaa2","cg25828564",4357
"PRKAA2","AMEX60DD019498","Prkaa2.1","cg25828564",4357
"BTRC","AMEX60DD052902","Btrc","cg27113320",4358
"BTRC","AMEX60DD052906","Btrc.1","cg27113320",4358
"PAX2","AMEX60DD051628","Pax2","cg19577171",4360
"RPS6KC1","AMEX60DD036076","Rps6kc1","cg19573972",4361
"RNF220","AMEX60DD032083","Rnf220.1","cg26122142",4362
"RNF220","AMEX60DD019858","Rnf220","cg26122142",4362
"EBF3","AMEX60DD046404","Ebf3","cg24479366",4364
"EBF3","AMEX60DD052723","Ebf3.1","cg24479366",4364
"LRPPRC","AMEX60DD035957","Lrpprc","cg22067905",4365
"GGNBP2","AMEX60DD054131","Ggnbp2","cg26954891",4367
"RNF220","AMEX60DD032083","Rnf220.1","cg23507108",4369
"RNF220","AMEX60DD019858","Rnf220","cg23507108",4369
"PAX2","AMEX60DD051628","Pax2","cg07919443",4373
"AUTS2","AMEX60DD027966","Auts2","cg12904782",4374
"AUTS2","AMEX60DD054212","Auts2.1","cg12904782",4374
"AUTS2","AMEX60DD054215","Auts2.3","cg12904782",4374
"AUTS2","AMEX60DD054214","Auts2.2","cg12904782",4374
"SPTAN1","AMEX60DD050290","Sptan1","cg04312122",4375
"KLHL10","AMEX60DD010078","Klhl10","cg22571854",4376
"ARID1A","AMEX60DD005639","Arid1a","cg27245416",4378
"ERI3","AMEX60DD019855","Eri3","cg22988741",4379
"BTRC","AMEX60DD052902","Btrc","cg25857570",4380
"BTRC","AMEX60DD052906","Btrc.1","cg25857570",4380
"UNCX","AMEX60DD021249","Uncx","cg10125423",4381
"PKHD1","AMEX60DD032853","Pkhd1.2","cg17489311",4382
"PKHD1","AMEX60DD032854","Pkhd1.3","cg17489311",4382
"PKHD1","AMEX60DD032851","Pkhd1","cg17489311",4382
"PKHD1","AMEX60DD032859","Pkhd1.4","cg17489311",4382
"PKHD1","AMEX60DD032860","Pkhd1.5","cg17489311",4382
"PKHD1","AMEX60DD032852","Pkhd1.1","cg17489311",4382
"PKHD1","AMEX60DD032873","Pkhd1.6","cg17489311",4382
"VRK2","AMEX60DD035418","Vrk2","cg03228030",4384
"TAF15","AMEX60DD054485","Taf15.1","cg24854395",4385
"TAF15","AMEX60DD054405","Taf15","cg24854395",4385
"EBF3","AMEX60DD046404","Ebf3","cg01432993",4386
"EBF3","AMEX60DD052723","Ebf3.1","cg01432993",4386
"AUTS2","AMEX60DD027966","Auts2","cg21308134",4389
"AUTS2","AMEX60DD054212","Auts2.1","cg21308134",4389
"AUTS2","AMEX60DD054215","Auts2.3","cg21308134",4389
"AUTS2","AMEX60DD054214","Auts2.2","cg21308134",4389
"NBEA","AMEX60DD049196","Nbea","cg04990315",4391
"NBEA","AMEX60DD049214","Nbea.2","cg04990315",4391
"NBEA","AMEX60DD049211","Nbea.1","cg04990315",4391
"PNISR","AMEX60DD030875","Pnisr","cg04824169",4392
"PLPPR1","AMEX60DD044394","Plppr1","cg24533228",4393
"DNAJC13","AMEX60DD002240","Dnajc13","cg16687257",4394
"DNAJC13","AMEX60DD031759","Dnajc13.4","cg16687257",4394
"DNAJC13","AMEX60DD029179","Dnajc13.3","cg16687257",4394
"DNAJC13","AMEX60DD032765","Dnajc13.5","cg16687257",4394
"DNAJC13","AMEX60DD022591","Dnajc13.1","cg16687257",4394
"DNAJC13","AMEX60DD022592","Dnajc13.2","cg16687257",4394
"MGST1","AMEX60DD006663","Mgst1","cg16275162",4395
"BEND7","AMEX60DD006287","Bend7","cg09407361",4396
"RNF139","AMEX60DD040457","Rnf139","cg03821809",4398
"ELK3","AMEX60DD007825","Elk3","cg06256720",4400
"LMO3","AMEX60DD006666","Lmo3","cg04651121",4401
"PTPRD","AMEX60DD043348","Ptprd","cg02658132",4402
"KRT222","AMEX60DD010133","Krt222","cg06144801",4404
"KLHL14","AMEX60DD039632","Klhl14","cg02774981",4405
"SOX6","AMEX60DD004724","Sox6","cg01530159",4406
"ZNF827","AMEX60DD044992","Znf827","cg22533021",4408
"AUTS2","AMEX60DD027966","Auts2","cg23527494",4409
"AUTS2","AMEX60DD054212","Auts2.1","cg23527494",4409
"AUTS2","AMEX60DD054215","Auts2.3","cg23527494",4409
"AUTS2","AMEX60DD054214","Auts2.2","cg23527494",4409
"SF1","AMEX60DD025246","Sf1","cg19860527",4410
"RNF220","AMEX60DD032083","Rnf220.1","cg10235290",4411
"RNF220","AMEX60DD019858","Rnf220","cg10235290",4411
"ARAP3","AMEX60DD030219","Arap3","cg24467057",4414
"TMED2","AMEX60DD000572","Tmed2","cg22703186",4415
"GNA13","AMEX60DD031174","Gna13","cg18013240",4416
"XYLT1","AMEX60DD020470","Xylt1","cg07440924",4417
"GRIA3","AMEX60DD037207","Gria3.1","cg22521808",4418
"GRIA3","AMEX60DD037204","Gria3","cg22521808",4418
"ESRRG","AMEX60DD025330","Esrrg","cg10243630",4419
"ESRRG","AMEX60DD036107","Esrrg.1","cg10243630",4419
"ELP4","AMEX60DD004908","Elp4","cg18408272",4420
"ELP4","AMEX60DD037838","Elp4.1","cg18408272",4420
"NRXN3","AMEX60DD011291","Nrxn3","cg20657145",4421
"HNRNPD","AMEX60DD043555","Hnrnpd","cg14211535",4422
"AATF","AMEX60DD054121","Aatf","cg04920416",4423
"EVX2","AMEX60DD010172","Evx2","cg04028333",4425
"EVX2","AMEX60DD055613","Evx2.1","cg04028333",4425
"ZFPM2","AMEX60DD040273","Zfpm2","cg19643847",4426
"ZFPM2","AMEX60DD040274","Zfpm2.1","cg19643847",4426
"PBX1","AMEX60DD031588","Pbx1.1","cg10704133",4427
"PBX1","AMEX60DD018398","Pbx1","cg10704133",4427
"PBX1","AMEX60DD050515","Pbx1.3","cg10704133",4427
"PBX1","AMEX60DD050512","Pbx1.2","cg10704133",4427
"ZFHX3","AMEX60DD016992","Zfhx3","cg18616546",4428
"OLA1","AMEX60DD055699","Ola1.1","cg09760769",4429
"OLA1","AMEX60DD055698","Ola1","cg09760769",4429
"MEIS1","AMEX60DD035598","Meis1.1","cg11925076",4430
"MEIS1","AMEX60DD024424","Meis1","cg11925076",4430
"QKI","AMEX60DD034890","Qki","cg20212950",4431
"VSTM2A","AMEX60DD038591","Vstm2a","cg12509442",4432
"ESRRB","AMEX60DD011170","Esrrb","cg20987616",4433
"BCL11B","AMEX60DD011386","Bcl11b","cg13795805",4434
"CNOT6L","AMEX60DD043727","Cnot6l","cg20049544",4435
"DACH1","AMEX60DD048850","Dach1","cg20584529",4437
"PACSIN1","AMEX60DD008753","Pacsin1","cg12368841",4438
"AUTS2","AMEX60DD027966","Auts2","cg14397160",4439
"AUTS2","AMEX60DD054212","Auts2.1","cg14397160",4439
"AUTS2","AMEX60DD054215","Auts2.3","cg14397160",4439
"AUTS2","AMEX60DD054214","Auts2.2","cg14397160",4439
"ABLIM1","AMEX60DD053191","Ablim1","cg22310800",4440
"ABLIM1","AMEX60DD053195","Ablim1.1","cg22310800",4440
"CHIC2","AMEX60DD045545","Chic2","cg24850996",4443
"TAOK3","AMEX60DD001123","Taok3","cg00130771",4444
"HECW2","AMEX60DD055252","Hecw2","cg06448663",4445
"HECW2","AMEX60DD055253","Hecw2.1","cg06448663",4445
"CCDC178","AMEX60DD039638","Ccdc178.1","cg12769242",4446
"CCDC178","AMEX60DD039634","Ccdc178","cg12769242",4446
"ZFR","AMEX60DD041851","Zfr.1","cg08008510",4448
"ZFR","AMEX60DD014323","Zfr","cg08008510",4448
"LRMDA","AMEX60DD052208","Lrmda.2","cg13814560",4449
"LRMDA","AMEX60DD052207","Lrmda.1","cg13814560",4449
"LRMDA","AMEX60DD052205","Lrmda","cg13814560",4449
"PBX3","AMEX60DD050513","Pbx3.1","cg03927039",4451
"PBX3","AMEX60DD050511","Pbx3","cg03927039",4451
"IRX1","AMEX60DD038700","Irx1","cg04510523",4452
"PRRX1","AMEX60DD018449","Prrx1.1","cg14820859",4453
"PRRX1","AMEX60DD018448","Prrx1","cg14820859",4453
"PRRX1","AMEX60DD018450","Prrx1.2","cg14820859",4453
"ZEB2","AMEX60DD029760","Zeb2","cg00393367",4454
"ZEB2","AMEX60DD055909","Zeb2.1","cg00393367",4454
"FOXP1","AMEX60DD023939","Foxp1","cg05756833",4455
"ZEB2","AMEX60DD029760","Zeb2","cg01998606",4456
"ZEB2","AMEX60DD055909","Zeb2.1","cg01998606",4456
"FGF13","AMEX60DD037407","Fgf13","cg08229983",4458
"FUT8","AMEX60DD012057","Fut8","cg16375103",4459
"SAMD4B","AMEX60DD024341","Samd4b","cg25934383",4461
"HAO1","AMEX60DD035727","Hao1","cg03136055",4463
"DACH2","AMEX60DD037643","Dach2","cg16480381",4464
"PRDM6","AMEX60DD042870","Prdm6","cg04980135",4465
"FIGN","AMEX60DD029644","Fign","cg01363325",4466
"FIGN","AMEX60DD055759","Fign.1","cg01363325",4466
"SORBS2","AMEX60DD045413","Sorbs2","cg03452756",4468
"TNRC6C","AMEX60DD030755","Tnrc6c","cg16351469",4469
"HOXA7","HoxA7","Hoxa7","cg07456773",4470
"ATP2B1","AMEX60DD006353","Atp2b1","cg20010041",4471
"VEZF1","AMEX60DD054099","Vezf1","cg10029843",4472
"UNCX","AMEX60DD021249","Uncx","cg01275157",4473
"URI1","AMEX60DD016694","Uri1.1","cg25260948",4475
"URI1","AMEX60DD016693","Uri1","cg25260948",4475
"CHIC2","AMEX60DD045545","Chic2","cg02675830",4478
"ITPR3","AMEX60DD008732","Itpr3","cg07904661",4479
"OTP","AMEX60DD042321","Otp.1","cg13866150",4481
"OTP","AMEX60DD042320","Otp","cg13866150",4481
"DACH1","AMEX60DD048850","Dach1","cg23220306",4483
"ID4","AMEX60DD038483","Id4","cg09633555",4484
"ZSWIM6","AMEX60DD042202","Zswim6","cg00967908",4485
"NRN1","AMEX60DD038298","Nrn1.1","cg18652212",4486
"NRN1","AMEX60DD009515","Nrn1","cg18652212",4486
"CAMKMT","AMEX60DD035946","Camkmt","cg24779309",4487
"UPF1","AMEX60DD014167","Upf1","cg15051314",4488
"CCDC178","AMEX60DD039638","Ccdc178.1","cg13066404",4490
"CCDC178","AMEX60DD039634","Ccdc178","cg13066404",4490
"RBPMS","AMEX60DD043590","Rbpms","cg07652573",4491
"GLI3","AMEX60DD038107","Gli3","cg25369687",4493
"AP3B1","AMEX60DD042316","Ap3b1","cg16388536",4495
"HOXC4","AMEX60DD029500","Hoxc4.1","cg07048205",4496
"HOXC4","AMEX60DD029499","Hoxc4","cg07048205",4496
"MID1","AMEX60DD048580","Mid1","cg08309206",4497
"OGT","AMEX60DD036783","Ogt","cg01941781",4498
"RRP15","AMEX60DD036122","Rrp15","cg13345581",4499
"MBNL2","AMEX60DD048632","Mbnl2","cg11543317",4500
"CHD7","AMEX60DD039791","Chd7","cg22678587",4501
"CAMKMT","AMEX60DD035946","Camkmt","cg03964231",4503
"ZBTB10","AMEX60DD039978","Zbtb10","cg09566714",4504
"UNCX","AMEX60DD021249","Uncx","cg22748772",4505
"EBF3","AMEX60DD046404","Ebf3","cg11011772",4506
"EBF3","AMEX60DD052723","Ebf3.1","cg11011772",4506
"AUTS2","AMEX60DD027966","Auts2","cg00009319",4508
"AUTS2","AMEX60DD054212","Auts2.1","cg00009319",4508
"AUTS2","AMEX60DD054215","Auts2.3","cg00009319",4508
"AUTS2","AMEX60DD054214","Auts2.2","cg00009319",4508
"ZEB2","AMEX60DD029760","Zeb2","cg18743610",4509
"ZEB2","AMEX60DD055909","Zeb2.1","cg18743610",4509
"MAPKAP1","AMEX60DD050518","Mapkap1","cg26481779",4510
"GRIK5","AMEX60DD018047","Grik5","cg17349123",4511
"ESRRB","AMEX60DD011170","Esrrb","cg25430489",4512
"BRINP1","AMEX60DD050793","Brinp1","cg06832823",4513
"PRRC2C","AMEX60DD018359","Prrc2c","cg14712939",4514
"PRRC2C","AMEX60DD018360","Prrc2c.1","cg14712939",4514
"TIPARP","AMEX60DD026798","Tiparp.2","cg05482254",4515
"TIPARP","AMEX60DD013041","Tiparp.1","cg05482254",4515
"TIPARP","AMEX60DD001854","Tiparp","cg05482254",4515
"RUNX2","AMEX60DD032921","Runx2","cg07117806",4516
"RUNX2","AMEX60DD032922","Runx2.1","cg07117806",4516
"HOXC4","AMEX60DD029500","Hoxc4.1","cg16807187",4517
"HOXC4","AMEX60DD029499","Hoxc4","cg16807187",4517
"SPTAN1","AMEX60DD050290","Sptan1","cg02175911",4518
"OSBP","AMEX60DD007099","Osbp","cg23128382",4519
"ZFR","AMEX60DD041851","Zfr.1","cg25659357",4520
"ZFR","AMEX60DD014323","Zfr","cg25659357",4520
"FOXP1","AMEX60DD023939","Foxp1","cg22320085",4521
"NKX2-2","AMEX60DD035473","Nkx2-2","cg13342658",4523
"SCN8A","AMEX60DD029649","Scn8a","cg15637759",4524
"AMMECR1","AMEX60DD037129","Ammecr1","cg08162897",4525
"NFIA","AMEX60DD033675","Nfia.1","cg17050587",4526
"NFIA","AMEX60DD019413","Nfia","cg17050587",4526
"SOX5","AMEX60DD006750","Sox5","cg12923727",4527
"SMAD7","AMEX60DD041727","Smad7","cg25410683",4528
"RANBP17","AMEX60DD030418","Ranbp17.1","cg01927175",4529
"RANBP17","AMEX60DD030416","Ranbp17","cg01927175",4529
"RANBP17","AMEX60DD030420","Ranbp17.2","cg01927175",4529
"CNOT4","AMEX60DD007039","Cnot4","cg18556021",4530
"GPHN","AMEX60DD012041","Gphn","cg06772281",4531
"PPP2R2A","AMEX60DD003005","Ppp2r2a","cg10901833",4532
"DLGAP1","AMEX60DD039420","Dlgap1","cg17298239",4533
"FIGN","AMEX60DD029644","Fign","cg07206761",4534
"FIGN","AMEX60DD055759","Fign.1","cg07206761",4534
"BCL9","AMEX60DD047088","Bcl9","cg19291010",4536
"CXXC4","AMEX60DD044661","Cxxc4","cg07309812",4537
"CMIP","AMEX60DD017497","Cmip.1","cg25639809",4538
"CMIP","AMEX60DD017461","Cmip","cg25639809",4538
"ELK3","AMEX60DD007825","Elk3","cg12084468",4539
"LCOR","AMEX60DD052868","Lcor","cg18766286",4540
"GRIA2","AMEX60DD045153","Gria2.1","cg26828755",4541
"GRIA2","AMEX60DD045146","Gria2","cg26828755",4541
"ZNF521","AMEX60DD039549","Znf521","cg07749944",4542
"CXXC4","AMEX60DD044661","Cxxc4","cg16540608",4543
"ZEB2","AMEX60DD029760","Zeb2","cg02313256",4545
"ZEB2","AMEX60DD055909","Zeb2.1","cg02313256",4545
"AUTS2","AMEX60DD027966","Auts2","cg13039539",4546
"AUTS2","AMEX60DD054212","Auts2.1","cg13039539",4546
"AUTS2","AMEX60DD054215","Auts2.3","cg13039539",4546
"AUTS2","AMEX60DD054214","Auts2.2","cg13039539",4546
"DOCK9","AMEX60DD048659","Dock9.2","cg06956589",4547
"DOCK9","AMEX60DD048656","Dock9","cg06956589",4547
"DOCK9","AMEX60DD048657","Dock9.1","cg06956589",4547
"ZSWIM6","AMEX60DD042202","Zswim6","cg07458047",4549
"SIX1","AMEX60DD024753","Six1.1","cg06695854",4550
"SIX1","AMEX60DD011856","Six1","cg06695854",4550
"MAP3K12","AMEX60DD029538","Map3k12","cg13846278",4551
"ERG","AMEX60DD047184","Erg","cg05499494",4552
"TRIM33","AMEX60DD008850","Trim33","cg00166917",4553
"ZBTB20","AMEX60DD046990","Zbtb20","cg25320313",4554
"TCF4","AMEX60DD041795","Tcf4","cg13219248",4555
"SPATA17","AMEX60DD036114","Spata17","cg10448703",4556
"CNTLN","AMEX60DD043394","Cntln","cg17091071",4557
"JUND","AMEX60DD014112","Jund","cg27579480",4559
"RNF19A","AMEX60DD040211","Rnf19a","cg08072685",4560
"ADGRL2","AMEX60DD018914","Adgrl2","cg08072531",4561
"GRPR","AMEX60DD047941","Grpr","cg19115789",4563
"GRPR","AMEX60DD047943","Grpr.1","cg19115789",4563
"NR2F1","AMEX60DD042580","Nr2f1.1","cg09530766",4564
"NR2F1","AMEX60DD015153","Nr2f1","cg09530766",4564
"ERCC1","AMEX60DD007333","Ercc1","cg08123457",4565
"PPIP5K2","AMEX60DD042676","Ppip5k2.1","cg13645387",4567
"PPIP5K2","AMEX60DD042672","Ppip5k2","cg13645387",4567
"AMMECR1","AMEX60DD037129","Ammecr1","cg16000161",4568
"ADGRL2","AMEX60DD018914","Adgrl2","cg07787884",4569
"MAFB","AMEX60DD009484","Mafb","cg12242396",4570
"MAFB","AMEX60DD028613","Mafb.1","cg12242396",4570
"ZEB2","AMEX60DD029760","Zeb2","cg05962837",4571
"ZEB2","AMEX60DD055909","Zeb2.1","cg05962837",4571
"BCL11A","AMEX60DD035398","Bcl11a.1","cg11825056",4573
"BCL11A","AMEX60DD024771","Bcl11a","cg11825056",4573
"LRMDA","AMEX60DD052208","Lrmda.2","cg01128516",4574
"LRMDA","AMEX60DD052207","Lrmda.1","cg01128516",4574
"LRMDA","AMEX60DD052205","Lrmda","cg01128516",4574
"TAF4","AMEX60DD017651","Taf4","cg13079992",4576
"TAF4","AMEX60DD017652","Taf4.1","cg13079992",4576
"TAF4","AMEX60DD026909","Taf4.2","cg13079992",4576
"CHD4","AMEX60DD026866","Chd4","cg14583440",4577
"AP3B1","AMEX60DD042316","Ap3b1","cg25947654",4579
"ZFHX4","AMEX60DD039942","Zfhx4","cg05470767",4580
"DAZAP1","AMEX60DD013501","Dazap1","cg06459870",4581
"WDPCP","AMEX60DD035641","Wdpcp","cg26294925",4582
"MEIS1","AMEX60DD035598","Meis1.1","cg20701299",4583
"MEIS1","AMEX60DD024424","Meis1","cg20701299",4583
"KCNN2","AMEX60DD042784","Kcnn2.1","cg24236358",4585
"KCNN2","AMEX60DD013885","Kcnn2","cg24236358",4585
"MLEC","AMEX60DD000492","Mlec","cg09439840",4586
"MAFB","AMEX60DD009484","Mafb","cg11105807",4588
"MAFB","AMEX60DD028613","Mafb.1","cg11105807",4588
"NRP2","AMEX60DD055040","Nrp2","cg07264916",4590
"ZNF536","AMEX60DD016701","Znf536.2","cg24766227",4593
"ZNF536","AMEX60DD016699","Znf536.1","cg24766227",4593
"ZNF536","AMEX60DD008513","Znf536","cg24766227",4593
"ZFR","AMEX60DD041851","Zfr.1","cg18980531",4594
"ZFR","AMEX60DD014323","Zfr","cg18980531",4594
"TCF12","AMEX60DD003650","Tcf12","cg17567299",4596
"RBFOX3","AMEX60DD031407","Rbfox3","cg03436601",4597
"CREBRF","AMEX60DD028729","Crebrf","cg27441580",4598
"CASZ1","AMEX60DD051153","Casz1","cg02895114",4600
"CASZ1","AMEX60DD053420","Casz1.1","cg02895114",4600
"CNOT1","AMEX60DD015516","Cnot1.1","cg19773399",4601
"CNOT1","AMEX60DD015513","Cnot1","cg19773399",4601
"SPATA17","AMEX60DD036114","Spata17","cg01784864",4602
"TBCA","AMEX60DD042319","Tbca","cg25266160",4603
"RPN2","AMEX60DD028630","Rpn2","cg25332194",4605
"PKNOX2","AMEX60DD054026","Pknox2","cg24318948",4606
"RANBP17","AMEX60DD030418","Ranbp17.1","cg02480322",4607
"RANBP17","AMEX60DD030416","Ranbp17","cg02480322",4607
"RANBP17","AMEX60DD030420","Ranbp17.2","cg02480322",4607
"TFAP2B","AMEX60DD032871","Tfap2b","cg11729436",4609
"MBNL1","AMEX60DD001895","Mbnl1","cg14700070",4610
"LRPPRC","AMEX60DD035957","Lrpprc","cg17391063",4611
"FAM172A","AMEX60DD042583","Fam172a.2","cg19385750",4612
"FAM172A","AMEX60DD042581","Fam172a","cg19385750",4612
"FAM172A","AMEX60DD042582","Fam172a.1","cg19385750",4612
"KCNJ4","AMEX60DD029289","Kcnj4","cg07248946",4614
"KPNA4","AMEX60DD001806","Kpna4","cg15062281",4615
"DACH1","AMEX60DD048850","Dach1","cg12821343",4616
"ZNF521","AMEX60DD039549","Znf521","cg14783285",4618
"BARHL2","AMEX60DD052670","Barhl2.1","cg12001730",4619
"BARHL2","AMEX60DD019109","Barhl2","cg12001730",4619
"AP4S1","AMEX60DD012193","Ap4s1","cg15715091",4621
"PPIP5K2","AMEX60DD042676","Ppip5k2.1","cg18567986",4622
"PPIP5K2","AMEX60DD042672","Ppip5k2","cg18567986",4622
"DHX15","AMEX60DD045767","Dhx15","cg14899396",4623
"ANK3","AMEX60DD052479","Ank3","cg12601476",4624
"ANK3","AMEX60DD052480","Ank3.1","cg12601476",4624
"NKX1-1","AMEX60DD046067","Nkx1-1","cg01181227",4626
"ARRDC3","AMEX60DD042571","Arrdc3","cg13155053",4627
"NRXN2","AMEX60DD025259","Nrxn2","cg05460366",4628
"NRXN2","AMEX60DD025260","Nrxn2.1","cg05460366",4628
"PKNOX2","AMEX60DD054026","Pknox2","cg06846902",4630
"FOXP1","AMEX60DD023939","Foxp1","cg02052649",4631
"SLF2","AMEX60DD052954","Slf2","cg26875368",4632
"MRM1","AMEX60DD054128","Mrm1","cg04952588",4633
"NPAS3","AMEX60DD024711","Npas3.2","cg13020851",4635
"NPAS3","AMEX60DD012207","Npas3","cg13020851",4635
"NPAS3","AMEX60DD012209","Npas3.1","cg13020851",4635
"ILF3","AMEX60DD012671","Ilf3","cg04490547",4636
"ILF3","AMEX60DD051502","Ilf3.3","cg04490547",4636
"ILF3","AMEX60DD051501","Ilf3.2","cg04490547",4636
"ILF3","AMEX60DD032042","Ilf3.1","cg04490547",4636
"ILF3","AMEX60DD052329","Ilf3.4","cg04490547",4636
"ILF3","AMEX60DD052331","Ilf3.6","cg04490547",4636
"ILF3","AMEX60DD052330","Ilf3.5","cg04490547",4636
"FOXP2","AMEX60DD006292","Foxp2","cg00220825",4638
"DUSP6","AMEX60DD006352","Dusp6","cg15761219",4639
"ST8SIA3","AMEX60DD041803","St8sia3","cg03839639",4640
"FIGN","AMEX60DD029644","Fign","cg20696319",4641
"FIGN","AMEX60DD055759","Fign.1","cg20696319",4641
"BACH2","AMEX60DD033941","Bach2","cg11422297",4645
"DENND1A","AMEX60DD050557","Dennd1a","cg16702516",4646
"PBX1","AMEX60DD031588","Pbx1.1","cg19827223",4647
"PBX1","AMEX60DD018398","Pbx1","cg19827223",4647
"PBX1","AMEX60DD050515","Pbx1.3","cg19827223",4647
"PBX1","AMEX60DD050512","Pbx1.2","cg19827223",4647
"CLK3","AMEX60DD004131","Clk3","cg22622940",4648
"BEST3","AMEX60DD006513","Best3","cg07187989",4651
"PITX2","AMEX60DD044294","Pitx2","cg14054874",4652
"SMG6","AMEX60DD054899","Smg6","cg20109907",4653
"SMG6","AMEX60DD054901","Smg6.1","cg20109907",4653
"SMG6","AMEX60DD054903","Smg6.2","cg20109907",4653
"ZNF521","AMEX60DD039549","Znf521","cg10945567",4655
"ZEB2","AMEX60DD029760","Zeb2","cg23208122",4656
"ZEB2","AMEX60DD055909","Zeb2.1","cg23208122",4656
"DMRT3","AMEX60DD043121","Dmrt3","cg07414561",4657
"SMARCC2","AMEX60DD029913","Smarcc2","cg03308445",4660
"SMARCC2","AMEX60DD029915","Smarcc2.1","cg03308445",4660
"ELAVL4","AMEX60DD019659","Elavl4","cg00658736",4661
"LRP4","AMEX60DD005288","Lrp4","cg16232431",4662
"CSNK1D","AMEX60DD031523","Csnk1d","cg15569409",4664
"ARID1B","AMEX60DD034958","Arid1b","cg13549145",4665
"MKLN1","AMEX60DD048596","Mkln1.2","cg17030869",4666
"MKLN1","AMEX60DD008080","Mkln1","cg17030869",4666
"MKLN1","AMEX60DD008081","Mkln1.1","cg17030869",4666
"MEIS1","AMEX60DD035598","Meis1.1","cg04723117",4667
"MEIS1","AMEX60DD024424","Meis1","cg04723117",4667
"MCTP1","AMEX60DD042590","Mctp1.1","cg19657406",4668
"MCTP1","AMEX60DD042591","Mctp1.2","cg19657406",4668
"MCTP1","AMEX60DD042588","Mctp1","cg19657406",4668
"TRIM8","AMEX60DD052972","Trim8","cg02391262",4670
"ZFHX3","AMEX60DD016992","Zfhx3","cg23245779",4671
"TFAP2D","AMEX60DD032878","Tfap2d","cg00437193",4672
"SLITRK3","AMEX60DD001788","Slitrk3","cg08634813",4673
"RAB2A","AMEX60DD039787","Rab2a","cg23816206",4676
"PAX2","AMEX60DD051628","Pax2","cg26776127",4677
"MAP3K7","AMEX60DD033938","Map3k7","cg17568431",4678
"MGMT","AMEX60DD030507","Mgmt","cg23414644",4679
"BCL11B","AMEX60DD011386","Bcl11b","cg26091579",4680
"HECW2","AMEX60DD055252","Hecw2","cg11132800",4681
"HECW2","AMEX60DD055253","Hecw2.1","cg11132800",4681
"GALNT5","AMEX60DD055822","Galnt5.1","cg27447914",4683
"GALNT5","AMEX60DD056621","Galnt5.2","cg27447914",4683
"GALNT5","AMEX60DD055820","Galnt5","cg27447914",4683
"TBC1D5","AMEX60DD022787","Tbc1d5","cg22151044",4684
"ZNF521","AMEX60DD039549","Znf521","cg20677048",4685
"AMBRA1","AMEX60DD005276","Ambra1","cg02600036",4686
"AMBRA1","AMEX60DD005277","Ambra1.1","cg02600036",4686
"AMBRA1","AMEX60DD005278","Ambra1.2","cg02600036",4686
"VSNL1","AMEX60DD033145","Vsnl1","cg13782795",4687
"DMTF1","AMEX60DD006248","Dmtf1","cg20483635",4688
"ADGRB3","AMEX60DD033553","Adgrb3.1","cg24557791",4691
"ADGRB3","AMEX60DD033552","Adgrb3","cg24557791",4691
"PBX3","AMEX60DD050513","Pbx3.1","cg08380206",4693
"PBX3","AMEX60DD050511","Pbx3","cg08380206",4693
"ZDHHC14","AMEX60DD034953","Zdhhc14","cg21003308",4694
"ZDHHC14","AMEX60DD034954","Zdhhc14.1","cg21003308",4694
"TMEM182","AMEX60DD048089","Tmem182.2","cg09680988",4695
"TMEM182","AMEX60DD014429","Tmem182","cg09680988",4695
"TMEM182","AMEX60DD037606","Tmem182.1","cg09680988",4695
"UNCX","AMEX60DD021249","Uncx","cg23977950",4696
"PITX1","AMEX60DD028957","Pitx1","cg00900456",4697
"PHOX2B","AMEX60DD045633","Phox2b","cg22336104",4698
"PHOX2B","AMEX60DD045634","Phox2b.1","cg22336104",4698
"DRGX","AMEX60DD052422","Drgx","cg26033442",4700
"CMIP","AMEX60DD017497","Cmip.1","cg01796610",4701
"CMIP","AMEX60DD017461","Cmip","cg01796610",4701
"ID3","AMEX60DD005541","Id3","cg20589055",4702
"GALNTL6","AMEX60DD045276","Galntl6.2","cg06048014",4703
"GALNTL6","AMEX60DD045272","Galntl6.1","cg06048014",4703
"GALNTL6","AMEX60DD045271","Galntl6","cg06048014",4703
"LRBA","AMEX60DD045036","Lrba","cg01648756",4704
"SATB1","AMEX60DD022782","Satb1","cg05977952",4705
"ADNP","AMEX60DD027425","Adnp","cg14768660",4706
"RSU1","AMEX60DD022115","Rsu1","cg20219756",4708
"ERCC1","AMEX60DD007333","Ercc1","cg25354760",4709
"ZEB2","AMEX60DD029760","Zeb2","cg05968078",4710
"ZEB2","AMEX60DD055909","Zeb2.1","cg05968078",4710
"DACH1","AMEX60DD048850","Dach1","cg11352219",4711
"HIF1AN","AMEX60DD051631","Hif1an","cg08731014",4713
"MICALL2","AMEX60DD021238","Micall2","cg11694987",4715
"MBNL2","AMEX60DD048632","Mbnl2","cg08819465",4716
"SNX9","AMEX60DD034952","Snx9","cg25549238",4717
"SALL3","AMEX60DD039092","Sall3","cg08329571",4718
"RRAGC","AMEX60DD005820","Rragc","cg14980868",4719
"HOXD10","HoxD10","Hoxd10","cg10861899",4720
"MEIS2","AMEX60DD012146","Meis2","cg22330399",4721
"BICDL1","AMEX60DD054273","Bicdl1.1","cg10336036",4722
"BICDL1","AMEX60DD000532","Bicdl1","cg10336036",4722
"TMEM241","AMEX60DD039502","Tmem241","cg16774573",4724
"RAPGEF2","AMEX60DD045172","Rapgef2","cg07975023",4725
"ZEB2","AMEX60DD029760","Zeb2","cg01814663",4726
"ZEB2","AMEX60DD055909","Zeb2.1","cg01814663",4726
"NMT1","AMEX60DD009850","Nmt1","cg16080654",4727
"NIPBL","AMEX60DD041916","Nipbl","cg05141362",4728
"NIPBL","AMEX60DD041917","Nipbl.1","cg05141362",4728
"HECW2","AMEX60DD055252","Hecw2","cg19908097",4730
"HECW2","AMEX60DD055253","Hecw2.1","cg19908097",4730
"EPC2","AMEX60DD055879","Epc2.1","cg03751003",4732
"EPC2","AMEX60DD055878","Epc2","cg03751003",4732
"EPC2","AMEX60DD055881","Epc2.2","cg03751003",4732
"FLRT2","AMEX60DD011250","Flrt2","cg18386876",4733
"GALNT13","AMEX60DD055844","Galnt13.1","cg18678822",4734
"GALNT13","AMEX60DD055843","Galnt13","cg18678822",4734
"FZD7","AMEX60DD054983","Fzd7","cg23231910",4735
"SATB1","AMEX60DD022782","Satb1","cg16464310",4738
"IKZF1","AMEX60DD038240","Ikzf1","cg07443440",4739
"EWSR1","AMEX60DD001000","Ewsr1","cg11703808",4740
"VPS13B","AMEX60DD040188","Vps13b","cg00516349",4741
"ZNF326","AMEX60DD019092","Znf326","cg16960327",4742
"ZNF326","AMEX60DD019094","Znf326.1","cg16960327",4742
"ZNF326","AMEX60DD019096","Znf326.2","cg16960327",4742
"ZNF326","AMEX60DD043894","Znf326.3","cg16960327",4742
"CYP7B1","AMEX60DD039816","Cyp7b1","cg05959258",4743
"ESRRG","AMEX60DD025330","Esrrg","cg13733512",4744
"ESRRG","AMEX60DD036107","Esrrg.1","cg13733512",4744
"ELAVL2","AMEX60DD044481","Elavl2","cg02231183",4745
"EBF3","AMEX60DD046404","Ebf3","cg07209386",4746
"EBF3","AMEX60DD052723","Ebf3.1","cg07209386",4746
"MBNL1","AMEX60DD001895","Mbnl1","cg10751387",4747
"PUM1","AMEX60DD001513","Pum1","cg03603034",4748
"PUM1","AMEX60DD005443","Pum1.1","cg03603034",4748
"OLA1","AMEX60DD055699","Ola1.1","cg11355954",4749
"OLA1","AMEX60DD055698","Ola1","cg11355954",4749
"DDX39A","AMEX60DD031723","Ddx39a","cg19251730",4751
"ZNF423","AMEX60DD016569","Znf423","cg06186992",4752
"KLF12","AMEX60DD048834","Klf12","cg07839933",4753
"RBFOX1","AMEX60DD020250","Rbfox1","cg18723875",4755
"EPHA4","AMEX60DD002422","Epha4.1","cg23001333",4756
"EPHA4","AMEX60DD002138","Epha4","cg23001333",4756
"DENND1A","AMEX60DD050557","Dennd1a","cg11645949",4758
"VSNL1","AMEX60DD033145","Vsnl1","cg12186160",4759
"SOX5","AMEX60DD006750","Sox5","cg17040006",4761
"UNCX","AMEX60DD021249","Uncx","cg24707416",4763
"LRBA","AMEX60DD045036","Lrba","cg04345867",4764
"KLHL14","AMEX60DD039632","Klhl14","cg02004484",4765
"PBX1","AMEX60DD031588","Pbx1.1","cg11767291",4766
"PBX1","AMEX60DD018398","Pbx1","cg11767291",4766
"PBX1","AMEX60DD050515","Pbx1.3","cg11767291",4766
"PBX1","AMEX60DD050512","Pbx1.2","cg11767291",4766
"SLF1","AMEX60DD042593","Slf1.1","cg24786875",4767
"SLF1","AMEX60DD042594","Slf1.2","cg24786875",4767
"SLF1","AMEX60DD042592","Slf1","cg24786875",4767
"EBF3","AMEX60DD046404","Ebf3","cg12204071",4768
"EBF3","AMEX60DD052723","Ebf3.1","cg12204071",4768
"PAX5","AMEX60DD043936","Pax5","cg11201460",4769
"SMARCA2","AMEX60DD043116","Smarca2.3","cg23510032",4772
"SMARCA2","AMEX60DD043115","Smarca2.2","cg23510032",4772
"SMARCA2","AMEX60DD043112","Smarca2","cg23510032",4772
"SMARCA2","AMEX60DD043114","Smarca2.1","cg23510032",4772
"DOCK9","AMEX60DD048659","Dock9.2","cg11015311",4777
"DOCK9","AMEX60DD048656","Dock9","cg11015311",4777
"DOCK9","AMEX60DD048657","Dock9.1","cg11015311",4777
"ZEB2","AMEX60DD029760","Zeb2","cg05934936",4778
"ZEB2","AMEX60DD055909","Zeb2.1","cg05934936",4778
"ADGRL2","AMEX60DD018914","Adgrl2","cg25732658",4779
"RALGAPA1","AMEX60DD012233","Ralgapa1.1","cg11015424",4780
"RALGAPA1","AMEX60DD012232","Ralgapa1","cg11015424",4780
"AUTS2","AMEX60DD027966","Auts2","cg15713442",4781
"AUTS2","AMEX60DD054212","Auts2.1","cg15713442",4781
"AUTS2","AMEX60DD054215","Auts2.3","cg15713442",4781
"AUTS2","AMEX60DD054214","Auts2.2","cg15713442",4781
"ONECUT1","AMEX60DD014732","Onecut1","cg03034177",4782
"SYNCRIP","AMEX60DD033788","Syncrip","cg02041553",4783
"SYNCRIP","AMEX60DD033789","Syncrip.1","cg02041553",4783
"CADPS2","AMEX60DD007418","Cadps2","cg20665157.1",4784
"BTRC","AMEX60DD052902","Btrc","cg01635604",4785
"BTRC","AMEX60DD052906","Btrc.1","cg01635604",4785
"UNCX","AMEX60DD021249","Uncx","cg22756866",4786
"RPS6KC1","AMEX60DD036076","Rps6kc1","cg01361776",4789
"ARPP21","AMEX60DD037959","Arpp21","cg23220346",4790
"OLA1","AMEX60DD055699","Ola1.1","cg23200871",4792
"OLA1","AMEX60DD055698","Ola1","cg23200871",4792
"DCDC1","AMEX60DD004913","Dcdc1","cg02321644",4793
"TAOK3","AMEX60DD001123","Taok3","cg16581950",4795
"ACACA","AMEX60DD054117","Acaca.1","cg15152195",4798
"ACACA","AMEX60DD054118","Acaca.2","cg15152195",4798
"ACACA","AMEX60DD054114","Acaca","cg15152195",4798
"HNRNPH1","AMEX60DD029068","Hnrnph1","cg26081366",4799
"NOVA1","AMEX60DD012170","Nova1","cg23145858",4800
"NOVA1","AMEX60DD024841","Nova1.1","cg23145858",4800
"CSDE1","AMEX60DD008836","Csde1","cg15143618",4801
"FIGN","AMEX60DD029644","Fign","cg19913858",4802
"FIGN","AMEX60DD055759","Fign.1","cg19913858",4802
"PBX1","AMEX60DD031588","Pbx1.1","cg26177197",4803
"PBX1","AMEX60DD018398","Pbx1","cg26177197",4803
"PBX1","AMEX60DD050515","Pbx1.3","cg26177197",4803
"PBX1","AMEX60DD050512","Pbx1.2","cg26177197",4803
"PBX3","AMEX60DD050513","Pbx3.1","cg16370362",4805
"PBX3","AMEX60DD050511","Pbx3","cg16370362",4805
"GLI3","AMEX60DD038107","Gli3","cg21904140",4806
"NPTN","AMEX60DD003889","Nptn","cg26465231",4807
"ARID1B","AMEX60DD034958","Arid1b","cg25318312",4808
"ESRRG","AMEX60DD025330","Esrrg","cg22007666",4809
"ESRRG","AMEX60DD036107","Esrrg.1","cg22007666",4809
"ZEB2","AMEX60DD029760","Zeb2","cg25047559",4810
"ZEB2","AMEX60DD055909","Zeb2.1","cg25047559",4810
"POU6F2","AMEX60DD038088","Pou6f2","cg19973689",4812
"NLGN3","AMEX60DD036828","Nlgn3.1","cg27218009",4813
"NLGN3","AMEX60DD036826","Nlgn3","cg27218009",4813
"FOXP1","AMEX60DD023939","Foxp1","cg18856868",4814
"USH2A","AMEX60DD036103","Ush2a","cg24434315",4815
"AUTS2","AMEX60DD027966","Auts2","cg26069710",4816
"AUTS2","AMEX60DD054212","Auts2.1","cg26069710",4816
"AUTS2","AMEX60DD054215","Auts2.3","cg26069710",4816
"AUTS2","AMEX60DD054214","Auts2.2","cg26069710",4816
"BCAS3","AMEX60DD054622","Bcas3","cg15723222",4818
"BCAS3","AMEX60DD054624","Bcas3.1","cg15723222",4818
"MOSMO","AMEX60DD021271","Mosmo","cg08284222",4819
"KAT6B","AMEX60DD052165","Kat6b.1","cg17425418",4820
"KAT6B","AMEX60DD002878","Kat6b","cg17425418",4820
"TCF4","AMEX60DD041795","Tcf4","cg14270451",4821
"ZBTB10","AMEX60DD039978","Zbtb10","cg15582951",4822
"USH2A","AMEX60DD036103","Ush2a","cg22873312",4823
"HNRNPDL","AMEX60DD045027","Hnrnpdl.1","cg26380556",4824
"HNRNPDL","AMEX60DD043557","Hnrnpdl","cg26380556",4824
"CAMTA1","AMEX60DD051563","Camta1.1","cg03653554",4825
"CAMTA1","AMEX60DD051565","Camta1.2","cg03653554",4825
"CAMTA1","AMEX60DD012626","Camta1","cg03653554",4825
"GABPB1","AMEX60DD003595","Gabpb1","cg21411075",4826
"PPP4R3A","AMEX60DD011693","Ppp4r3a","cg20462091",4827
"ZFPM2","AMEX60DD040273","Zfpm2","cg14862397",4828
"ZFPM2","AMEX60DD040274","Zfpm2.1","cg14862397",4828
"SHOX2","AMEX60DD001828","Shox2","cg02478218",4830
"PHOX2B","AMEX60DD045633","Phox2b","cg05087350",4831
"PHOX2B","AMEX60DD045634","Phox2b.1","cg05087350",4831
"DST","AMEX60DD033491","Dst","cg19662683",4832
"DST","AMEX60DD033494","Dst.3","cg19662683",4832
"DST","AMEX60DD040765","Dst.4","cg19662683",4832
"DST","AMEX60DD033492","Dst.1","cg19662683",4832
"DST","AMEX60DD033493","Dst.2","cg19662683",4832
"NPAS3","AMEX60DD024711","Npas3.2","cg04721110",4836
"NPAS3","AMEX60DD012207","Npas3","cg04721110",4836
"NPAS3","AMEX60DD012209","Npas3.1","cg04721110",4836
"PAX6","AMEX60DD004905","Pax6","cg00953859",4837
"PAX6","AMEX60DD007993","Pax6.1","cg00953859",4837
"PROX1","AMEX60DD025278","Prox1","cg16656380",4838
"PROX1","AMEX60DD036083","Prox1.1","cg16656380",4838
"GALNT5","AMEX60DD055822","Galnt5.1","cg25249359",4839
"GALNT5","AMEX60DD056621","Galnt5.2","cg25249359",4839
"GALNT5","AMEX60DD055820","Galnt5","cg25249359",4839
"SPI1","AMEX60DD005314","Spi1","cg18498870",4840
"PAX6","AMEX60DD004905","Pax6","cg00777340",4841
"PAX6","AMEX60DD007993","Pax6.1","cg00777340",4841
"RNF217","AMEX60DD034743","Rnf217","cg15349127",4842
"ATG4C","AMEX60DD019389","Atg4c","cg01107215",4843
"MYO3B","AMEX60DD055650","Myo3b.1","cg17333501",4844
"MYO3B","AMEX60DD041408","Myo3b","cg17333501",4844
"SIX2","AMEX60DD035940","Six2","cg05136263",4845
"ZNF521","AMEX60DD039549","Znf521","cg05649080",4847
"NCAM1","AMEX60DD015952","Ncam1","cg20417315",4848
"RAPGEF5","AMEX60DD021983","Rapgef5.2","cg08350690",4849
"RAPGEF5","AMEX60DD021982","Rapgef5.1","cg08350690",4849
"RAPGEF5","AMEX60DD021977","Rapgef5","cg08350690",4849
"SPEN","AMEX60DD012593","Spen.19","cg24150369",4851
"SPEN","AMEX60DD012583","Spen.13","cg24150369",4851
"SPEN","AMEX60DD012554","Spen.5","cg24150369",4851
"SPEN","AMEX60DD012589","Spen.17","cg24150369",4851
"SPEN","AMEX60DD012597","Spen.23","cg24150369",4851
"SPEN","AMEX60DD012549","Spen.3","cg24150369",4851
"SPEN","AMEX60DD012533","Spen.2","cg24150369",4851
"SPEN","AMEX60DD012569","Spen.8","cg24150369",4851
"SPEN","AMEX60DD012582","Spen.12","cg24150369",4851
"SPEN","AMEX60DD012594","Spen.20","cg24150369",4851
"SPEN","AMEX60DD012557","Spen.6","cg24150369",4851
"SPEN","AMEX60DD012584","Spen.14","cg24150369",4851
"SPEN","AMEX60DD012596","Spen.22","cg24150369",4851
"SPEN","AMEX60DD012602","Spen.26","cg24150369",4851
"SPEN","AMEX60DD012588","Spen.16","cg24150369",4851
"SPEN","AMEX60DD012570","Spen.9","cg24150369",4851
"SPEN","AMEX60DD012563","Spen.7","cg24150369",4851
"SPEN","AMEX60DD012586","Spen.15","cg24150369",4851
"SPEN","AMEX60DD052341","Spen.31","cg24150369",4851
"SPEN","AMEX60DD012590","Spen.18","cg24150369",4851
"SPEN","AMEX60DD012605","Spen.28","cg24150369",4851
"SPEN","AMEX60DD012595","Spen.21","cg24150369",4851
"SPEN","AMEX60DD012526","Spen","cg24150369",4851
"SPEN","AMEX60DD012528","Spen.1","cg24150369",4851
"SPEN","AMEX60DD012580","Spen.10","cg24150369",4851
"SPEN","AMEX60DD012599","Spen.24","cg24150369",4851
"SPEN","AMEX60DD012604","Spen.27","cg24150369",4851
"SPEN","AMEX60DD012553","Spen.4","cg24150369",4851
"SPEN","AMEX60DD012601","Spen.25","cg24150369",4851
"SPEN","AMEX60DD052340","Spen.30","cg24150369",4851
"SPEN","AMEX60DD012607","Spen.29","cg24150369",4851
"SPEN","AMEX60DD012581","Spen.11","cg24150369",4851
"PRDM6","AMEX60DD042870","Prdm6","cg25374009",4852
"HECW2","AMEX60DD055252","Hecw2","cg14882356",4853
"HECW2","AMEX60DD055253","Hecw2.1","cg14882356",4853
"MEIS2","AMEX60DD012146","Meis2","cg07592240",4855
"CDH8","AMEX60DD015311","Cdh8","cg08711810",4856
"DACH1","AMEX60DD048850","Dach1","cg20843173",4857
"ZNF521","AMEX60DD039549","Znf521","cg10342649",4858
"MGMT","AMEX60DD030507","Mgmt","cg20632713",4859
"REPS1","AMEX60DD035524","Reps1","cg00777947",4860
"RAPGEF5","AMEX60DD021983","Rapgef5.2","cg12364345",4861
"RAPGEF5","AMEX60DD021982","Rapgef5.1","cg12364345",4861
"RAPGEF5","AMEX60DD021977","Rapgef5","cg12364345",4861
"METTL23","AMEX60DD030778","Mettl23","cg10587537",4863
"DYRK1A","AMEX60DD047194","Dyrk1a.3","cg16317419",4865
"DYRK1A","AMEX60DD047193","Dyrk1a.2","cg16317419",4865
"DYRK1A","AMEX60DD016171","Dyrk1a","cg16317419",4865
"DYRK1A","AMEX60DD047192","Dyrk1a.1","cg16317419",4865
"ZFHX3","AMEX60DD016992","Zfhx3","cg03404298",4866
"CCNL1","AMEX60DD001847","Ccnl1","cg22234098",4867
"SERBP1","AMEX60DD019311","Serbp1","cg02366398",4869
"HOXA7","HoxA7","Hoxa7","cg15517120",4870
"KANK4","AMEX60DD019400","Kank4","cg00122272",4871
"EBF3","AMEX60DD046404","Ebf3","cg22715479",4872
"EBF3","AMEX60DD052723","Ebf3.1","cg22715479",4872
"VRK2","AMEX60DD035418","Vrk2","cg08781477",4873
"ZEB2","AMEX60DD029760","Zeb2","cg23383461",4874
"ZEB2","AMEX60DD055909","Zeb2.1","cg23383461",4874
"DAZAP1","AMEX60DD013501","Dazap1","cg14799760.1",4875
"PCDH9","AMEX60DD048868","Pcdh9","cg16632407",4876
"PCDH9","AMEX60DD048871","Pcdh9.1","cg16632407",4876
"TSHZ1","AMEX60DD039220","Tshz1","cg24473684",4877
"YPEL3","AMEX60DD028374","Ypel3","cg26709300",4878
"PKHD1","AMEX60DD032853","Pkhd1.2","cg14911328",4879
"PKHD1","AMEX60DD032854","Pkhd1.3","cg14911328",4879
"PKHD1","AMEX60DD032851","Pkhd1","cg14911328",4879
"PKHD1","AMEX60DD032859","Pkhd1.4","cg14911328",4879
"PKHD1","AMEX60DD032860","Pkhd1.5","cg14911328",4879
"PKHD1","AMEX60DD032852","Pkhd1.1","cg14911328",4879
"PKHD1","AMEX60DD032873","Pkhd1.6","cg14911328",4879
"MEIS1","AMEX60DD035598","Meis1.1","cg23398076",4881
"MEIS1","AMEX60DD024424","Meis1","cg23398076",4881
"FGFR1","AMEX60DD002586","Fgfr1","cg21880016",4883
"TLE1","AMEX60DD043286","Tle1.2","cg20983335",4884
"TLE1","AMEX60DD043278","Tle1.1","cg20983335",4884
"TLE1","AMEX60DD013779","Tle1","cg20983335",4884
"UNCX","AMEX60DD021249","Uncx","cg09851167",4885
"MSI2","AMEX60DD054090","Msi2","cg04903706",4886
"MSI2","AMEX60DD054091","Msi2.1","cg04903706",4886
"TCF12","AMEX60DD003650","Tcf12","cg03611818",4887
"DENND4A","AMEX60DD004225","Dennd4a","cg23525349",4888
"AGAP1","AMEX60DD055479","Agap1.1","cg20273254",4889
"AGAP1","AMEX60DD055475","Agap1","cg20273254",4889
"PUM2","AMEX60DD033099","Pum2","cg03734252",4892
"AUTS2","AMEX60DD027966","Auts2","cg26270728",4893
"AUTS2","AMEX60DD054212","Auts2.1","cg26270728",4893
"AUTS2","AMEX60DD054215","Auts2.3","cg26270728",4893
"AUTS2","AMEX60DD054214","Auts2.2","cg26270728",4893
"ZEB2","AMEX60DD029760","Zeb2","cg21540320",4894
"ZEB2","AMEX60DD055909","Zeb2.1","cg21540320",4894
"RHOT1","AMEX60DD031067","Rhot1","cg14333067",4895
"AP3B1","AMEX60DD042316","Ap3b1","cg14618517",4896
"LDB3","AMEX60DD051961","Ldb3","cg16957078",4897
"MEIS1","AMEX60DD035598","Meis1.1","cg18419637",4898
"MEIS1","AMEX60DD024424","Meis1","cg18419637",4898
"MBNL1","AMEX60DD001895","Mbnl1","cg25033328",4900
"PPP2R2B","AMEX60DD028780","Ppp2r2b","cg14678919",4901
"SKIDA1","AMEX60DD021905","Skida1","cg18056436",4903
"UBE2H","AMEX60DD008030","Ube2h","cg15411708",4904
"MAST2","AMEX60DD019823","Mast2","cg05730868",4905
"ATF7","AMEX60DD029531","Atf7","cg04539724",4906
"UNCX","AMEX60DD021249","Uncx","cg00090184",4907
"ZBTB20","AMEX60DD046990","Zbtb20","cg23235972",4908
"SLC43A2","AMEX60DD054939","Slc43a2.1","cg06920520",4909
"SLC43A2","AMEX60DD028414","Slc43a2","cg06920520",4909
"CASZ1","AMEX60DD051153","Casz1","cg19895272",4910
"CASZ1","AMEX60DD053420","Casz1.1","cg19895272",4910
"NFIB","AMEX60DD019415","Nfib","cg21676597",4911
"NFIB","AMEX60DD043470","Nfib.1","cg21676597",4911
"LMO1","AMEX60DD004749","Lmo1","cg19998594",4912
"MYB","AMEX60DD034349","Myb","cg12757529",4913
"DACH1","AMEX60DD048850","Dach1","cg09424904",4915
"BTRC","AMEX60DD052902","Btrc","cg00920372",4916
"BTRC","AMEX60DD052906","Btrc.1","cg00920372",4916
"SLIT1","AMEX60DD052864","Slit1","cg17890936",4917
"SRPK2","AMEX60DD007444","Srpk2","cg23800888",4918
"PBX1","AMEX60DD031588","Pbx1.1","cg11245422",4920
"PBX1","AMEX60DD018398","Pbx1","cg11245422",4920
"PBX1","AMEX60DD050515","Pbx1.3","cg11245422",4920
"PBX1","AMEX60DD050512","Pbx1.2","cg11245422",4920
"PROX1","AMEX60DD025278","Prox1","cg10260749",4922
"PROX1","AMEX60DD036083","Prox1.1","cg10260749",4922
"CXXC4","AMEX60DD044661","Cxxc4","cg02496796",4923
"ZC3H3","AMEX60DD040684","Zc3h3.1","cg17106054",4925
"ZC3H3","AMEX60DD040680","Zc3h3","cg17106054",4925
"PAX2","AMEX60DD051628","Pax2","cg13384781",4926
"NBEA","AMEX60DD049196","Nbea","cg20407544",4927
"NBEA","AMEX60DD049214","Nbea.2","cg20407544",4927
"NBEA","AMEX60DD049211","Nbea.1","cg20407544",4927
"GALNT16","AMEX60DD012106","Galnt16","cg02545439",4929
"AUTS2","AMEX60DD027966","Auts2","cg00539598",4930
"AUTS2","AMEX60DD054212","Auts2.1","cg00539598",4930
"AUTS2","AMEX60DD054215","Auts2.3","cg00539598",4930
"AUTS2","AMEX60DD054214","Auts2.2","cg00539598",4930
"CDCA7","AMEX60DD055685","Cdca7.1","cg14507657",4933
"CDCA7","AMEX60DD029549","Cdca7","cg14507657",4933
"MAPKAPK5","AMEX60DD000691","Mapkapk5","cg02977776",4934
"NRXN3","AMEX60DD011291","Nrxn3","cg11367480",4935
"FOXP1","AMEX60DD023939","Foxp1","cg01621700",4936
"UNCX","AMEX60DD021249","Uncx","cg27145074",4937
"CNTLN","AMEX60DD043394","Cntln","cg21017059",4938
"AUTS2","AMEX60DD027966","Auts2","cg00645382",4939
"AUTS2","AMEX60DD054212","Auts2.1","cg00645382",4939
"AUTS2","AMEX60DD054215","Auts2.3","cg00645382",4939
"AUTS2","AMEX60DD054214","Auts2.2","cg00645382",4939
"NRXN3","AMEX60DD011291","Nrxn3","cg17095500",4940
"STXBP5L","AMEX60DD046929","Stxbp5l","cg02095204",4941
"STXBP5L","AMEX60DD046930","Stxbp5l.1","cg02095204",4941
"STXBP5L","AMEX60DD046931","Stxbp5l.2","cg02095204",4941
"IRX3","AMEX60DD017741","Irx3","cg07475235",4942
"ST18","AMEX60DD039692","St18","cg02697105",4943
"QKI","AMEX60DD034890","Qki","cg14272342",4944
"TMEM63B","AMEX60DD036444","Tmem63b","cg25707373",4947
"AUTS2","AMEX60DD027966","Auts2","cg22537546",4948
"AUTS2","AMEX60DD054212","Auts2.1","cg22537546",4948
"AUTS2","AMEX60DD054215","Auts2.3","cg22537546",4948
"AUTS2","AMEX60DD054214","Auts2.2","cg22537546",4948
"TBCA","AMEX60DD042319","Tbca","cg21827311",4950
"HAT1","AMEX60DD055667","Hat1","cg24721437",4951
"ITGB3BP","AMEX60DD034706","Itgb3bp.9","cg01169651",4952
"ITGB3BP","AMEX60DD008980","Itgb3bp.3","cg01169651",4952
"ITGB3BP","AMEX60DD044633","Itgb3bp.11","cg01169651",4952
"ITGB3BP","AMEX60DD024048","Itgb3bp.6","cg01169651",4952
"ITGB3BP","AMEX60DD005371","Itgb3bp.1","cg01169651",4952
"ITGB3BP","AMEX60DD007610","Itgb3bp.2","cg01169651",4952
"ITGB3BP","AMEX60DD025057","Itgb3bp.7","cg01169651",4952
"ITGB3BP","AMEX60DD047260","Itgb3bp.13","cg01169651",4952
"ITGB3BP","AMEX60DD053703","Itgb3bp.14","cg01169651",4952
"ITGB3BP","AMEX60DD004708","Itgb3bp","cg01169651",4952
"ITGB3BP","AMEX60DD015634","Itgb3bp.4","cg01169651",4952
"ITGB3BP","AMEX60DD044545","Itgb3bp.10","cg01169651",4952
"ITGB3BP","AMEX60DD019380","Itgb3bp.5","cg01169651",4952
"ITGB3BP","AMEX60DD045269","Itgb3bp.12","cg01169651",4952
"ITGB3BP","AMEX60DD026992","Itgb3bp.8","cg01169651",4952
"ENOX1","AMEX60DD049098","Enox1.2","cg24231456",4953
"ENOX1","AMEX60DD037877","Enox1.1","cg24231456",4953
"ENOX1","AMEX60DD037876","Enox1","cg24231456",4953
"DDX42","AMEX60DD009717","Ddx42","cg08722723",4954
"ZEB2","AMEX60DD029760","Zeb2","cg03093554",4955
"ZEB2","AMEX60DD055909","Zeb2.1","cg03093554",4955
"PTPRD","AMEX60DD043348","Ptprd","cg16169211",4956
"CHD9","AMEX60DD017728","Chd9","cg11942953",4957
"CHD9","AMEX60DD017729","Chd9.1","cg11942953",4957
"PITX2","AMEX60DD044294","Pitx2","cg12870762",4958
"PROX1","AMEX60DD025278","Prox1","cg20943712",4960
"PROX1","AMEX60DD036083","Prox1.1","cg20943712",4960
"GPATCH8","AMEX60DD009882","Gpatch8","cg07992814",4962
"LRBA","AMEX60DD045036","Lrba","cg02925560",4963
"TENM2","AMEX60DD030344","Tenm2","cg03275826",4964
"GLI3","AMEX60DD038107","Gli3","cg27450153",4965
"HIF1AN","AMEX60DD051631","Hif1an","cg16492083",4966
"DLG1","AMEX60DD001698","Dlg1.1","cg14349785",4969
"DLG1","AMEX60DD001697","Dlg1","cg14349785",4969
"ZFHX4","AMEX60DD039942","Zfhx4","cg02529685",4971
"LHFPL3","AMEX60DD008795","Lhfpl3.1","cg09710440",4972
"LHFPL3","AMEX60DD021042","Lhfpl3.2","cg09710440",4972
"LHFPL3","AMEX60DD006409","Lhfpl3","cg09710440",4972
"PBX3","AMEX60DD050513","Pbx3.1","cg04347491",4973
"PBX3","AMEX60DD050511","Pbx3","cg04347491",4973
"RIMS2","AMEX60DD040262","Rims2.2","cg07906609",4974
"RIMS2","AMEX60DD040259","Rims2","cg07906609",4974
"RIMS2","AMEX60DD040260","Rims2.1","cg07906609",4974
"KALRN","AMEX60DD056078","Kalrn","cg05766129",4975
"RHOB","AMEX60DD033083","Rhob","cg22773167",4976
"CNOT1","AMEX60DD015516","Cnot1.1","cg10604788",4977
"CNOT1","AMEX60DD015513","Cnot1","cg10604788",4977
"PEX2","AMEX60DD039945","Pex2","cg10209107",4980
"PKNOX2","AMEX60DD054026","Pknox2","cg02162827",4981
"ADGRB3","AMEX60DD033553","Adgrb3.1","cg20558605",4982
"ADGRB3","AMEX60DD033552","Adgrb3","cg20558605",4982
"MACO1","AMEX60DD005767","Maco1","cg09530596",4983
"ASIC2","AMEX60DD009696","Asic2.3","cg03630310",4984
"ASIC2","AMEX60DD009688","Asic2.2","cg03630310",4984
"ASIC2","AMEX60DD009683","Asic2.1","cg03630310",4984
"ASIC2","AMEX60DD009682","Asic2","cg03630310",4984
"CSMD3","AMEX60DD040348","Csmd3","cg06523030",4985
"ZEB2","AMEX60DD029760","Zeb2","cg13085897",4988
"ZEB2","AMEX60DD055909","Zeb2.1","cg13085897",4988
"AUTS2","AMEX60DD027966","Auts2","cg11488826",4989
"AUTS2","AMEX60DD054212","Auts2.1","cg11488826",4989
"AUTS2","AMEX60DD054215","Auts2.3","cg11488826",4989
"AUTS2","AMEX60DD054214","Auts2.2","cg11488826",4989
"FOXP1","AMEX60DD023939","Foxp1","cg27589326",4990
"PUM1","AMEX60DD001513","Pum1","cg22010676",4991
"PUM1","AMEX60DD005443","Pum1.1","cg22010676",4991
"ANKRD10","AMEX60DD047882","Ankrd10","cg05320089",4992
"HGF","AMEX60DD006229","Hgf","cg18945204",4993
"RCOR3","AMEX60DD036042","Rcor3","cg25302115",4994
"MKRN2","AMEX60DD024019","Mkrn2","cg23274069",4996
"CNOT1","AMEX60DD015516","Cnot1.1","cg20424997",4997
"CNOT1","AMEX60DD015513","Cnot1","cg20424997",4997
"ACACA","AMEX60DD054117","Acaca.1","cg10349289",4998
"ACACA","AMEX60DD054118","Acaca.2","cg10349289",4998
"ACACA","AMEX60DD054114","Acaca","cg10349289",4998
"FOXQ1","AMEX60DD038379","Foxq1","cg19899882",4999
"SATB1","AMEX60DD022782","Satb1","cg24824630",5000
"FOXP2","AMEX60DD006292","Foxp2","cg08379111",5001
"POU4F2","AMEX60DD022852","Pou4f2","cg26452091",5002
"POU4F2","AMEX60DD045005","Pou4f2.1","cg26452091",5002
"SYNCRIP","AMEX60DD033788","Syncrip","cg26353121",5003
"SYNCRIP","AMEX60DD033789","Syncrip.1","cg26353121",5003
"POLR3B","AMEX60DD006534","Polr3b","cg23011375",5004
"POLR3B","AMEX60DD006536","Polr3b.1","cg23011375",5004
"ARID4A","AMEX60DD011115","Arid4a","cg09658327",5005
"CAMKMT","AMEX60DD035946","Camkmt","cg23195996",5006
"NDP","AMEX60DD047596","Ndp","cg22987615",5007
"TBCA","AMEX60DD042319","Tbca","cg17282895",5010
"UNCX","AMEX60DD021249","Uncx","cg09397298",5012
"TRPC4","AMEX60DD049169","Trpc4","cg15872386",5013
"TRPC4","AMEX60DD049171","Trpc4.1","cg15872386",5013
"MIOS","AMEX60DD022327","Mios","cg09683967",5014
"APC","AMEX60DD042758","Apc","cg02928412",5016
"KLHL14","AMEX60DD039632","Klhl14","cg00726571",5017
"TLX3","AMEX60DD030421","Tlx3","cg05373428",5019
"GLI3","AMEX60DD038107","Gli3","cg11381764",5021
"PPP4R3A","AMEX60DD011693","Ppp4r3a","cg12368664",5022
"UNC79","AMEX60DD011217","Unc79","cg08656982",5023
"GABRB2","AMEX60DD030294","Gabrb2.1","cg09841954",5024
"GABRB2","AMEX60DD030293","Gabrb2","cg09841954",5024
"RBM12","AMEX60DD028535","Rbm12","cg08640766",5025
"RBM12","AMEX60DD028536","Rbm12.1","cg08640766",5025
"ZBTB18","AMEX60DD011065","Zbtb18","cg14620758",5026
"ZBTB18","AMEX60DD035280","Zbtb18.1","cg14620758",5026
"SOX6","AMEX60DD004724","Sox6","cg16839343",5027
"TSHZ3","AMEX60DD016709","Tshz3","cg17799518",5029
"PKHD1","AMEX60DD032853","Pkhd1.2","cg17706566",5030
"PKHD1","AMEX60DD032854","Pkhd1.3","cg17706566",5030
"PKHD1","AMEX60DD032851","Pkhd1","cg17706566",5030
"PKHD1","AMEX60DD032859","Pkhd1.4","cg17706566",5030
"PKHD1","AMEX60DD032860","Pkhd1.5","cg17706566",5030
"PKHD1","AMEX60DD032852","Pkhd1.1","cg17706566",5030
"PKHD1","AMEX60DD032873","Pkhd1.6","cg17706566",5030
"EN1","AMEX60DD056025","En1","cg25275715",5031
"RNF220","AMEX60DD032083","Rnf220.1","cg19546940",5032
"RNF220","AMEX60DD019858","Rnf220","cg19546940",5032
"ATP2B1","AMEX60DD006353","Atp2b1","cg16818481",5034
"HOXA7","HoxA7","Hoxa7","cg23432345",5036
"TBCA","AMEX60DD042319","Tbca","cg20120100",5037
"CADPS2","AMEX60DD007418","Cadps2","cg08201223",5039
"MGST1","AMEX60DD006663","Mgst1","cg20672142",5040
"MARK2","AMEX60DD025316","Mark2","cg07936137",5041
"EPHB2","AMEX60DD026389","Ephb2","cg03164843",5042
"EPHB2","AMEX60DD052063","Ephb2.1","cg03164843",5042
"ATXN10","AMEX60DD006491","Atxn10","cg03881351",5043
"SPIRE1","AMEX60DD039415","Spire1","cg09829700",5045
"ZNF536","AMEX60DD016701","Znf536.2","cg14443903",5047
"ZNF536","AMEX60DD016699","Znf536.1","cg14443903",5047
"ZNF536","AMEX60DD008513","Znf536","cg14443903",5047
"MED13","AMEX60DD054643","Med13","cg07493901",5048
"BCL11B","AMEX60DD011386","Bcl11b","cg12938618",5049
"RFX7","AMEX60DD003659","Rfx7","cg08772487",5050
"FOXP4","AMEX60DD009181","Foxp4","cg18818686",5051
"ZEB2","AMEX60DD029760","Zeb2","cg19553300",5052
"ZEB2","AMEX60DD055909","Zeb2.1","cg19553300",5052
"GAS1","AMEX60DD056393","Gas1.3","cg03275335",5053
"GAS1","AMEX60DD003988","Gas1","cg03275335",5053
"GAS1","AMEX60DD016337","Gas1.1","cg03275335",5053
"GAS1","AMEX60DD043077","Gas1.2","cg03275335",5053
"VPS13B","AMEX60DD040188","Vps13b","cg15512887",5054
"PRDM13","AMEX60DD033836","Prdm13","cg02481736",5055
"HIF1AN","AMEX60DD051631","Hif1an","cg17888556",5056
"SYNCRIP","AMEX60DD033788","Syncrip","cg13061698",5057
"SYNCRIP","AMEX60DD033789","Syncrip.1","cg13061698",5057
"POU2F1","AMEX60DD047046","Pou2f1","cg17011097",5059
"PTBP2","AMEX60DD018769","Ptbp2","cg16531937",5060
"PBX3","AMEX60DD050513","Pbx3.1","cg17437489",5061
"PBX3","AMEX60DD050511","Pbx3","cg17437489",5061
"DOCK7","AMEX60DD032007","Dock7.2","cg11591224",5062
"DOCK7","AMEX60DD019395","Dock7","cg11591224",5062
"DOCK7","AMEX60DD032008","Dock7.3","cg11591224",5062
"DOCK7","AMEX60DD032006","Dock7.1","cg11591224",5062
"XPO1","AMEX60DD035363","Xpo1","cg08330824",5063
"XPO1","AMEX60DD035364","Xpo1.1","cg08330824",5063
"SPTB","AMEX60DD012067","Sptb","cg17483317",5064
"CYFIP2","AMEX60DD030043","Cyfip2","cg07252888",5065
"UNCX","AMEX60DD021249","Uncx","cg15528897",5066
"ZFHX4","AMEX60DD039942","Zfhx4","cg26272345",5068
"NFIB","AMEX60DD019415","Nfib","cg08303653",5069
"NFIB","AMEX60DD043470","Nfib.1","cg08303653",5069
"RANBP17","AMEX60DD030418","Ranbp17.1","cg13087967",5070
"RANBP17","AMEX60DD030416","Ranbp17","cg13087967",5070
"RANBP17","AMEX60DD030420","Ranbp17.2","cg13087967",5070
"PDGFRA","AMEX60DD045542","Pdgfra","cg19977232",5074
"MECOM","AMEX60DD001756","Mecom","cg15208491",5076
"NFIX","AMEX60DD031984","Nfix.1","cg23547813",5077
"NFIX","AMEX60DD031983","Nfix","cg23547813",5077
"EVX2","AMEX60DD010172","Evx2","cg22400231",5079
"EVX2","AMEX60DD055613","Evx2.1","cg22400231",5079
"U2SURP","AMEX60DD002053","U2surp","cg01692291",5080
"U2SURP","AMEX60DD023210","U2surp.1","cg01692291",5080
"TBCA","AMEX60DD042319","Tbca","cg26590628",5081
"DENND1A","AMEX60DD050557","Dennd1a","cg12780058",5082
"TCF7L2","AMEX60DD053152","Tcf7l2","cg18953741",5083
"LMO3","AMEX60DD006666","Lmo3","cg13991371",5084
"S1PR3","AMEX60DD042985","S1pr3","cg19405706",5085
"LHX9","AMEX60DD018728","Lhx9","cg04365202",5086
"SIX1","AMEX60DD024753","Six1.1","cg09882658",5088
"SIX1","AMEX60DD011856","Six1","cg09882658",5088
"SDCCAG8","AMEX60DD035270","Sdccag8","cg18275891",5089
"SDCCAG8","AMEX60DD035273","Sdccag8.1","cg18275891",5089
"FNBP4","AMEX60DD005349","Fnbp4","cg16297620",5090
"WDR7","AMEX60DD041800","Wdr7","cg03847760",5092
"GALNT5","AMEX60DD055822","Galnt5.1","cg05487364",5093
"GALNT5","AMEX60DD056621","Galnt5.2","cg05487364",5093
"GALNT5","AMEX60DD055820","Galnt5","cg05487364",5093
"MGST1","AMEX60DD006663","Mgst1","cg03745994",5094
"ZNF521","AMEX60DD039549","Znf521","cg13299972",5095
"IKZF4","AMEX60DD029933","Ikzf4","cg23536970",5096
"USP3","AMEX60DD004043","Usp3","cg03839241",5097
"BCAS3","AMEX60DD054622","Bcas3","cg13321925",5098
"BCAS3","AMEX60DD054624","Bcas3.1","cg13321925",5098
"MBNL1","AMEX60DD001895","Mbnl1","cg19182173",5099
"TCF7L2","AMEX60DD053152","Tcf7l2","cg10876801",5100
"CNOT1","AMEX60DD015516","Cnot1.1","cg17933425",5102
"CNOT1","AMEX60DD015513","Cnot1","cg17933425",5102
"KMT2A","AMEX60DD053887","Kmt2a","cg05839622",5103
"UNCX","AMEX60DD021249","Uncx","cg02000659",5104
"DLX1","AMEX60DD055670","Dlx1","cg06603975",5105
"YAE1","AMEX60DD038091","Yae1","cg22926123",5106
"RBM10","AMEX60DD021141","Rbm10","cg03197661",5107
"EPC2","AMEX60DD055879","Epc2.1","cg22751608",5108
"EPC2","AMEX60DD055878","Epc2","cg22751608",5108
"EPC2","AMEX60DD055881","Epc2.2","cg22751608",5108
"UNCX","AMEX60DD021249","Uncx","cg22040285",5109
"PTCH1","AMEX60DD043057","Ptch1","cg20889526",5111
"OSBP","AMEX60DD007099","Osbp","cg10478876",5112
"TENM4","AMEX60DD049694","Tenm4","cg20715798",5113
"DAB1","AMEX60DD019481","Dab1","cg01328691",5114
"TCF4","AMEX60DD041795","Tcf4","cg27593991",5115
"CACNA1D","AMEX60DD025474","Cacna1d.3","cg06444388",5116
"CACNA1D","AMEX60DD023703","Cacna1d","cg06444388",5116
"CACNA1D","AMEX60DD023704","Cacna1d.1","cg06444388",5116
"CACNA1D","AMEX60DD025468","Cacna1d.2","cg06444388",5116
"BCL11A","AMEX60DD035398","Bcl11a.1","cg15054697",5117
"BCL11A","AMEX60DD024771","Bcl11a","cg15054697",5117
"BTRC","AMEX60DD052902","Btrc","cg19362114",5118
"BTRC","AMEX60DD052906","Btrc.1","cg19362114",5118
"PAX5","AMEX60DD043936","Pax5","cg20766695",5119
"PBX3","AMEX60DD050513","Pbx3.1","cg04129576",5120
"PBX3","AMEX60DD050511","Pbx3","cg04129576",5120
"GRIA3","AMEX60DD037207","Gria3.1","cg24280720",5121
"GRIA3","AMEX60DD037204","Gria3","cg24280720",5121
"EIF5","AMEX60DD011091","Eif5","cg22237674",5124
"EIF5","AMEX60DD018799","Eif5.1","cg22237674",5124
"GRIK2","AMEX60DD051344","Grik2.1","cg13509434",5125
"GRIK2","AMEX60DD034010","Grik2","cg13509434",5125
"SEMA6D","AMEX60DD014782","Sema6d.1","cg08943377",5126
"SEMA6D","AMEX60DD014801","Sema6d.2","cg08943377",5126
"SEMA6D","AMEX60DD014802","Sema6d.3","cg08943377",5126
"SEMA6D","AMEX60DD003739","Sema6d","cg08943377",5126
"ZNF521","AMEX60DD039549","Znf521","cg07776022",5127
"NRXN3","AMEX60DD011291","Nrxn3","cg06202504",5128
"PSMD14","AMEX60DD055782","Psmd14","cg18377384",5129
"GLCCI1","AMEX60DD022322","Glcci1","cg04245317",5131
"ADAMTS6","AMEX60DD014515","Adamts6","cg14858768",5132
"ADAMTS6","AMEX60DD014516","Adamts6.1","cg14858768",5132
"ADAMTS6","AMEX60DD042234","Adamts6.3","cg14858768",5132
"ADAMTS6","AMEX60DD042233","Adamts6.2","cg14858768",5132
"ADAMTS6","AMEX60DD042235","Adamts6.4","cg14858768",5132
"DYNC1I1","AMEX60DD022365","Dync1i1","cg23867746",5134
"DYNC1I1","AMEX60DD022368","Dync1i1.1","cg23867746",5134
"PRMT8","AMEX60DD006569","Prmt8","cg16433344",5135
"MECOM","AMEX60DD001756","Mecom","cg26589958",5136
"ZEB2","AMEX60DD029760","Zeb2","cg03273505",5137
"ZEB2","AMEX60DD055909","Zeb2.1","cg03273505",5137
"DLX1","AMEX60DD055670","Dlx1","cg23177112",5138
"USP32","AMEX60DD054603","Usp32.2","cg24706083",5139
"USP32","AMEX60DD054600","Usp32","cg24706083",5139
"USP32","AMEX60DD054601","Usp32.1","cg24706083",5139
"USP32","AMEX60DD054609","Usp32.5","cg24706083",5139
"USP32","AMEX60DD054605","Usp32.3","cg24706083",5139
"USP32","AMEX60DD054608","Usp32.4","cg24706083",5139
"DOCK7","AMEX60DD032007","Dock7.2","cg11040495",5141
"DOCK7","AMEX60DD019395","Dock7","cg11040495",5141
"DOCK7","AMEX60DD032008","Dock7.3","cg11040495",5141
"DOCK7","AMEX60DD032006","Dock7.1","cg11040495",5141
"PRDM13","AMEX60DD033836","Prdm13","cg13055846",5145
"HOXC12","AMEX60DD029507","Hoxc12","cg12767263",5146
"PLAG1","AMEX60DD039739","Plag1","cg10455019",5147
"ZNF536","AMEX60DD016701","Znf536.2","cg23567910",5148
"ZNF536","AMEX60DD016699","Znf536.1","cg23567910",5148
"ZNF536","AMEX60DD008513","Znf536","cg23567910",5148
"ARHGEF9","AMEX60DD037040","Arhgef9","cg13457709",5149
"ARHGEF9","AMEX60DD037041","Arhgef9.1","cg13457709",5149
"POU6F2","AMEX60DD038088","Pou6f2","cg21525047",5150
"RBM26","AMEX60DD048790","Rbm26","cg17894145",5152
"UTP11","AMEX60DD005832","Utp11","cg03425039",5153
"TBC1D5","AMEX60DD022787","Tbc1d5","cg08492177",5154
"MAGI3","AMEX60DD008867","Magi3","cg18725352",5155
"PAPOLA","AMEX60DD011404","Papola","cg25242595",5156
"TMEM178B","AMEX60DD007077","Tmem178b.1","cg26718996",5157
"TMEM178B","AMEX60DD007078","Tmem178b.2","cg26718996",5157
"TMEM178B","AMEX60DD005320","Tmem178b","cg26718996",5157
"ATP2B1","AMEX60DD006353","Atp2b1","cg04888180",5159
"EBF3","AMEX60DD046404","Ebf3","cg22302289",5160
"EBF3","AMEX60DD052723","Ebf3.1","cg22302289",5160
"MRM1","AMEX60DD054128","Mrm1","cg15444277",5161
"ISL1","AMEX60DD042062","Isl1","cg16270526",5162
"DLX1","AMEX60DD055670","Dlx1","cg05219494",5163
"HOXC4","AMEX60DD029500","Hoxc4.1","cg05001302",5164
"HOXC4","AMEX60DD029499","Hoxc4","cg05001302",5164
"ANKRD17","AMEX60DD044385","Ankrd17.1","cg10589081",5165
"ANKRD17","AMEX60DD044384","Ankrd17","cg10589081",5165
"RBM39","AMEX60DD028542","Rbm39","cg10974737",5166
"RBM39","AMEX60DD041330","Rbm39.1","cg10974737",5166
"ZNF521","AMEX60DD039549","Znf521","cg04954408",5167
"PAX2","AMEX60DD051628","Pax2","cg21948411",5168
"PAPOLA","AMEX60DD011404","Papola","cg11067405",5170
"CLPB","AMEX60DD049862","Clpb","cg15719056",5172
"CLPB","AMEX60DD049863","Clpb.1","cg15719056",5172
"MED14","AMEX60DD047638","Med14","cg06419952",5173
"GRK5","AMEX60DD053263","Grk5.1","cg25653550",5174
"GRK5","AMEX60DD002568","Grk5","cg25653550",5174
"ZFPM2","AMEX60DD040273","Zfpm2","cg25991548",5175
"ZFPM2","AMEX60DD040274","Zfpm2.1","cg25991548",5175
"CLK3","AMEX60DD004131","Clk3","cg13411623",5176
"ATP2B2","AMEX60DD009101","Atp2b2","cg24358591",5177
"ATP2B2","AMEX60DD023988","Atp2b2.1","cg24358591",5177
"DYRK2","AMEX60DD008199","Dyrk2","cg12390411",5178
"MED13","AMEX60DD054643","Med13","cg20379577",5179
"TSHZ3","AMEX60DD016709","Tshz3","cg14254904",5180
"BAZ2B","AMEX60DD055801","Baz2b","cg04456854",5183
"NRXN1","AMEX60DD035865","Nrxn1","cg25331358",5184
"NRXN1","AMEX60DD035873","Nrxn1.2","cg25331358",5184
"NRXN1","AMEX60DD035868","Nrxn1.1","cg25331358",5184
"CASZ1","AMEX60DD051153","Casz1","cg14880855",5185
"CASZ1","AMEX60DD053420","Casz1.1","cg14880855",5185
"AUTS2","AMEX60DD027966","Auts2","cg23110632",5186
"AUTS2","AMEX60DD054212","Auts2.1","cg23110632",5186
"AUTS2","AMEX60DD054215","Auts2.3","cg23110632",5186
"AUTS2","AMEX60DD054214","Auts2.2","cg23110632",5186
"CACNA1D","AMEX60DD025474","Cacna1d.3","cg03617050",5187
"CACNA1D","AMEX60DD023703","Cacna1d","cg03617050",5187
"CACNA1D","AMEX60DD023704","Cacna1d.1","cg03617050",5187
"CACNA1D","AMEX60DD025468","Cacna1d.2","cg03617050",5187
"IGSF9B","AMEX60DD053523","Igsf9b","cg20277230",5189
"UNCX","AMEX60DD021249","Uncx","cg23712728",5190
"TNRC6B","AMEX60DD029201","Tnrc6b","cg19497322",5192
"TRPM1","AMEX60DD003643","Trpm1","cg18874836",5193
"TEAD1","AMEX60DD017302","Tead1.1","cg05992809",5194
"TEAD1","AMEX60DD004832","Tead1","cg05992809",5194
"SPTAN1","AMEX60DD050290","Sptan1","cg03566885",5196
"HAT1","AMEX60DD055667","Hat1","cg03151903",5197
"AP3B1","AMEX60DD042316","Ap3b1","cg27092966",5198
"ZNF536","AMEX60DD016701","Znf536.2","cg09722747",5199
"ZNF536","AMEX60DD016699","Znf536.1","cg09722747",5199
"ZNF536","AMEX60DD008513","Znf536","cg09722747",5199
"BNC2","AMEX60DD043399","Bnc2","cg15428926",5200
"LRP1B","AMEX60DD055924","Lrp1b.2","cg25402449",5202
"LRP1B","AMEX60DD055923","Lrp1b.1","cg25402449",5202
"LRP1B","AMEX60DD055922","Lrp1b","cg25402449",5202
"RUNX1T1","AMEX60DD040096","Runx1t1","cg02979539",5203
"AUTS2","AMEX60DD027966","Auts2","cg04601228",5204
"AUTS2","AMEX60DD054212","Auts2.1","cg04601228",5204
"AUTS2","AMEX60DD054215","Auts2.3","cg04601228",5204
"AUTS2","AMEX60DD054214","Auts2.2","cg04601228",5204
"DACH1","AMEX60DD048850","Dach1","cg23234941",5205
"DENND1A","AMEX60DD050557","Dennd1a","cg15283949",5206
"SOX6","AMEX60DD004724","Sox6","cg04105396",5207
"ZNF536","AMEX60DD016701","Znf536.2","cg22612014",5208
"ZNF536","AMEX60DD016699","Znf536.1","cg22612014",5208
"ZNF536","AMEX60DD008513","Znf536","cg22612014",5208
"NPTN","AMEX60DD003889","Nptn","cg09387107",5209
"SDCCAG8","AMEX60DD035270","Sdccag8","cg12236455",5211
"SDCCAG8","AMEX60DD035273","Sdccag8.1","cg12236455",5211
"DENND1A","AMEX60DD050557","Dennd1a","cg01950392",5212
"ZFPM2","AMEX60DD040273","Zfpm2","cg26011419",5213
"ZFPM2","AMEX60DD040274","Zfpm2.1","cg26011419",5213
"HLCS","AMEX60DD047213","Hlcs","cg05972494",5214
"TANC2","AMEX60DD009735","Tanc2","cg09216733",5216
"TANC2","AMEX60DD009737","Tanc2.1","cg09216733",5216
"PRRC2C","AMEX60DD018359","Prrc2c","cg15353998",5217
"PRRC2C","AMEX60DD018360","Prrc2c.1","cg15353998",5217
"ZNF536","AMEX60DD016701","Znf536.2","cg03625494",5218
"ZNF536","AMEX60DD016699","Znf536.1","cg03625494",5218
"ZNF536","AMEX60DD008513","Znf536","cg03625494",5218
"RBFOX1","AMEX60DD020250","Rbfox1","cg01090774",5219
"DACH1","AMEX60DD048850","Dach1","cg14703363",5220
"PITX2","AMEX60DD044294","Pitx2","cg24005685",5221
"ROBO1","AMEX60DD047489","Robo1","cg00117839",5223
"KLHL14","AMEX60DD039632","Klhl14","cg07863286",5224
"FOXP4","AMEX60DD009181","Foxp4","cg23867085",5225
"PRDM6","AMEX60DD042870","Prdm6","cg14079717",5226
"TOX3","AMEX60DD017722","Tox3","cg17014614",5227
"GPR26","AMEX60DD053354","Gpr26.1","cg14009779",5228
"GPR26","AMEX60DD045964","Gpr26","cg14009779",5228
"ADGRB3","AMEX60DD033553","Adgrb3.1","cg10227148",5229
"ADGRB3","AMEX60DD033552","Adgrb3","cg10227148",5229
"GATA3","AMEX60DD008149","Gata3","cg15330117",5230
"ZFR","AMEX60DD041851","Zfr.1","cg00116289",5231
"ZFR","AMEX60DD014323","Zfr","cg00116289",5231
"CASR","AMEX60DD002757","Casr.2","cg14272076",5232
"CASR","AMEX60DD036753","Casr.14","cg14272076",5232
"CASR","AMEX60DD041473","Casr.22","cg14272076",5232
"CASR","AMEX60DD032515","Casr.13","cg14272076",5232
"CASR","AMEX60DD041478","Casr.23","cg14272076",5232
"CASR","AMEX60DD041329","Casr.18","cg14272076",5232
"CASR","AMEX60DD046907","Casr.25","cg14272076",5232
"CASR","AMEX60DD032502","Casr.12","cg14272076",5232
"CASR","AMEX60DD036760","Casr.15","cg14272076",5232
"CASR","AMEX60DD000063","Casr","cg14272076",5232
"CASR","AMEX60DD041160","Casr.17","cg14272076",5232
"CASR","AMEX60DD041471","Casr.21","cg14272076",5232
"CASR","AMEX60DD031570","Casr.11","cg14272076",5232
"CASR","AMEX60DD028081","Casr.7","cg14272076",5232
"CASR","AMEX60DD028082","Casr.8","cg14272076",5232
"CASR","AMEX60DD041493","Casr.24","cg14272076",5232
"CASR","AMEX60DD028096","Casr.9","cg14272076",5232
"CASR","AMEX60DD015667","Casr.6","cg14272076",5232
"CASR","AMEX60DD028495","Casr.10","cg14272076",5232
"CASR","AMEX60DD002756","Casr.1","cg14272076",5232
"CASR","AMEX60DD008135","Casr.3","cg14272076",5232
"CASR","AMEX60DD013339","Casr.5","cg14272076",5232
"CASR","AMEX60DD041455","Casr.19","cg14272076",5232
"CASR","AMEX60DD036763","Casr.16","cg14272076",5232
"CASR","AMEX60DD041459","Casr.20","cg14272076",5232
"CASR","AMEX60DD008137","Casr.4","cg14272076",5232
"CIR1","AMEX60DD055702","Cir1.1","cg25493231",5234
"CIR1","AMEX60DD035013","Cir1","cg25493231",5234
"PPFIA1","AMEX60DD005057","Ppfia1","cg21886546",5235
"RFX3","AMEX60DD043102","Rfx3","cg26307512",5237
"ZNF521","AMEX60DD039549","Znf521","cg23156254",5238
"LHX9","AMEX60DD018728","Lhx9","cg19790367",5239
"KLF7","AMEX60DD055067","Klf7","cg11499678",5240
"RAPGEF6","AMEX60DD028902","Rapgef6.1","cg16641813",5241
"RAPGEF6","AMEX60DD028900","Rapgef6","cg16641813",5241
"CNOT1","AMEX60DD015516","Cnot1.1","cg26806175",5242
"CNOT1","AMEX60DD015513","Cnot1","cg26806175",5242
"NRXN1","AMEX60DD035865","Nrxn1","cg26228774",5243
"NRXN1","AMEX60DD035873","Nrxn1.2","cg26228774",5243
"NRXN1","AMEX60DD035868","Nrxn1.1","cg26228774",5243
"KPNA2","AMEX60DD056334","Kpna2.3","cg15944174",5244
"KPNA2","AMEX60DD025762","Kpna2","cg15944174",5244
"KPNA2","AMEX60DD056333","Kpna2.2","cg15944174",5244
"KPNA2","AMEX60DD031113","Kpna2.1","cg15944174",5244
"ZEB2","AMEX60DD029760","Zeb2","cg03062698",5245
"ZEB2","AMEX60DD055909","Zeb2.1","cg03062698",5245
"MAPKAP1","AMEX60DD050518","Mapkap1","cg00282490",5246
"ATXN2","AMEX60DD000683","Atxn2.1","cg15168457",5247
"ATXN2","AMEX60DD000681","Atxn2","cg15168457",5247
"IQGAP1","AMEX60DD003387","Iqgap1","cg01369215",5248
"CXXC4","AMEX60DD044661","Cxxc4","cg23844872",5250
"HIPK1","AMEX60DD008856","Hipk1","cg12934154",5251
"PPP2R5E","AMEX60DD010993","Ppp2r5e","cg01933423",5252
"MAPKAP1","AMEX60DD050518","Mapkap1","cg21799207",5253
"PROX1","AMEX60DD025278","Prox1","cg18023545",5255
"PROX1","AMEX60DD036083","Prox1.1","cg18023545",5255
"GRIA4","AMEX60DD049465","Gria4","cg13165311",5256
"GRIA4","AMEX60DD049466","Gria4.1","cg13165311",5256
"PHC2","AMEX60DD052044","Phc2","cg12174936",5257
"SLITRK1","AMEX60DD048732","Slitrk1","cg20546446",5258
"MTIF2","AMEX60DD035679","Mtif2","cg02358291",5259
"ASXL1","AMEX60DD027212","Asxl1","cg27251994",5261
"ELP4","AMEX60DD004908","Elp4","cg06121619",5262
"ELP4","AMEX60DD037838","Elp4.1","cg06121619",5262
"HIF1AN","AMEX60DD051631","Hif1an","cg10614259",5265
"RHOT1","AMEX60DD031067","Rhot1","cg15101414",5266
"TSHZ1","AMEX60DD039220","Tshz1","cg15743846",5267
"MEIS1","AMEX60DD035598","Meis1.1","cg26329250",5268
"MEIS1","AMEX60DD024424","Meis1","cg26329250",5268
"XPO1","AMEX60DD035363","Xpo1","cg24580106",5269
"XPO1","AMEX60DD035364","Xpo1.1","cg24580106",5269
"HECTD4","AMEX60DD000706","Hectd4.2","cg04695476",5270
"HECTD4","AMEX60DD000704","Hectd4","cg04695476",5270
"HECTD4","AMEX60DD000705","Hectd4.1","cg04695476",5270
"USH2A","AMEX60DD036103","Ush2a","cg23760002",5272
"NDST1","AMEX60DD030129","Ndst1","cg09755662",5273
"PPP2R5E","AMEX60DD010993","Ppp2r5e","cg15190612",5274
"ARHGEF7","AMEX60DD047884","Arhgef7","cg16178942",5275
"FRYL","AMEX60DD045577","Fryl","cg23167070",5276
"DMRTA1","AMEX60DD044472","Dmrta1","cg15933701",5277
"GTDC1","AMEX60DD031782","Gtdc1","cg23452206",5278
"ACAN","AMEX60DD004178","Acan","cg21308727",5279
"ACAN","AMEX60DD007108","Acan.1","cg21308727",5279
"ZNF423","AMEX60DD016569","Znf423","cg24439128",5280
"OTP","AMEX60DD042321","Otp.1","cg16111936",5281
"OTP","AMEX60DD042320","Otp","cg16111936",5281
"ZIC3","AMEX60DD037412","Zic3","cg01523865",5283
"DRGX","AMEX60DD052422","Drgx","cg25602724",5284
"LCOR","AMEX60DD052868","Lcor","cg03483643",5285
"PHF21A","AMEX60DD005256","Phf21a","cg18611872",5286
"SRCAP","AMEX60DD027968","Srcap.1","cg13672945",5287
"SRCAP","AMEX60DD027967","Srcap","cg13672945",5287
"ILF3","AMEX60DD012671","Ilf3","cg20059946",5288
"ILF3","AMEX60DD051502","Ilf3.3","cg20059946",5288
"ILF3","AMEX60DD051501","Ilf3.2","cg20059946",5288
"ILF3","AMEX60DD032042","Ilf3.1","cg20059946",5288
"ILF3","AMEX60DD052329","Ilf3.4","cg20059946",5288
"ILF3","AMEX60DD052331","Ilf3.6","cg20059946",5288
"ILF3","AMEX60DD052330","Ilf3.5","cg20059946",5288
"PBX1","AMEX60DD031588","Pbx1.1","cg11272860",5289
"PBX1","AMEX60DD018398","Pbx1","cg11272860",5289
"PBX1","AMEX60DD050515","Pbx1.3","cg11272860",5289
"PBX1","AMEX60DD050512","Pbx1.2","cg11272860",5289
"DACH1","AMEX60DD048850","Dach1","cg24727294",5290
"GPR85","AMEX60DD006296","Gpr85","cg11791324",5291
"OLA1","AMEX60DD055699","Ola1.1","cg25403836",5292
"OLA1","AMEX60DD055698","Ola1","cg25403836",5292
"HOXC4","AMEX60DD029500","Hoxc4.1","cg21820842",5293
"HOXC4","AMEX60DD029499","Hoxc4","cg21820842",5293
"TBCA","AMEX60DD042319","Tbca","cg12469092",5294
"BRINP1","AMEX60DD050793","Brinp1","cg07537139",5295
"AMMECR1L","AMEX60DD002733","Ammecr1l","cg07852201",5296
"HNRNPD","AMEX60DD043555","Hnrnpd","cg13300299",5297
"MAPKAP1","AMEX60DD050518","Mapkap1","cg16253950",5300
"LDB3","AMEX60DD051961","Ldb3","cg08714699",5302
"QKI","AMEX60DD034890","Qki","cg21846632",5303
"UNCX","AMEX60DD021249","Uncx","cg20604162",5304
"TRPS1","AMEX60DD040351","Trps1","cg25661986",5305
"PBX3","AMEX60DD050513","Pbx3.1","cg02354041",5306
"PBX3","AMEX60DD050511","Pbx3","cg02354041",5306
"FOXP1","AMEX60DD023939","Foxp1","cg01700051",5308
"ZBTB16","AMEX60DD053674","Zbtb16","cg13889775",5309
"UNCX","AMEX60DD021249","Uncx","cg26973693",5310
"EVX2","AMEX60DD010172","Evx2","cg23998570",5311
"EVX2","AMEX60DD055613","Evx2.1","cg23998570",5311
"USH2A","AMEX60DD036103","Ush2a","cg18891224",5312
"BTRC","AMEX60DD052902","Btrc","cg10158574",5314
"BTRC","AMEX60DD052906","Btrc.1","cg10158574",5314
"PAX2","AMEX60DD051628","Pax2","cg05265270",5316
"MGMT","AMEX60DD030507","Mgmt","cg00523349",5317
"TJP1","AMEX60DD003625","Tjp1","cg07092263",5318
"TJP1","AMEX60DD003626","Tjp1.1","cg07092263",5318
"TBCA","AMEX60DD042319","Tbca","cg17793776",5321
"SP8","AMEX60DD055700","Sp8","cg12205654",5322
"SP8","AMEX60DD055701","Sp8.1","cg12205654",5322
"AGO4","AMEX60DD005936","Ago4","cg04630359",5323
"CASZ1","AMEX60DD051153","Casz1","cg02897291",5324
"CASZ1","AMEX60DD053420","Casz1.1","cg02897291",5324
"CALU","AMEX60DD016244","Calu","cg10817504",5325
"ZFHX3","AMEX60DD016992","Zfhx3","cg01449601",5326
"FAF1","AMEX60DD019654","Faf1","cg14032896",5327
"AHDC1","AMEX60DD005598","Ahdc1","cg01236822",5328
"PUM1","AMEX60DD001513","Pum1","cg18327385",5329
"PUM1","AMEX60DD005443","Pum1.1","cg18327385",5329
"PDZD2","AMEX60DD041842","Pdzd2.1","cg03844863",5331
"PDZD2","AMEX60DD041840","Pdzd2","cg03844863",5331
"RGS7","AMEX60DD035198","Rgs7","cg27655494",5332
"ASTN1","AMEX60DD018243","Astn1","cg02123319",5333
"PTK2","AMEX60DD040601","Ptk2","cg27484097",5334
"CELF2","AMEX60DD008170","Celf2","cg05141473",5335
"PAX2","AMEX60DD051628","Pax2","cg09168055",5337
"C2CD5","AMEX60DD006741","C2cd5","cg11252518",5338
"C2CD5","AMEX60DD006743","C2cd5.1","cg11252518",5338
"C2CD5","AMEX60DD006744","C2cd5.2","cg11252518",5338
"PTBP2","AMEX60DD018769","Ptbp2","cg26075628",5339
"RIMS2","AMEX60DD040262","Rims2.2","cg21538469",5340
"RIMS2","AMEX60DD040259","Rims2","cg21538469",5340
"RIMS2","AMEX60DD040260","Rims2.1","cg21538469",5340
"MAGI1","AMEX60DD025486","Magi1.3","cg01939220",5341
"MAGI1","AMEX60DD023768","Magi1.1","cg01939220",5341
"MAGI1","AMEX60DD023770","Magi1.2","cg01939220",5341
"MAGI1","AMEX60DD023767","Magi1","cg01939220",5341
"RHOT1","AMEX60DD031067","Rhot1","cg06249235",5342
"KLHL14","AMEX60DD039632","Klhl14","cg06283343",5344
"GRIA4","AMEX60DD049465","Gria4","cg12776790",5345
"GRIA4","AMEX60DD049466","Gria4.1","cg12776790",5345
"SRSF11","AMEX60DD019282","Srsf11","cg07379873",5346
"BNC2","AMEX60DD043399","Bnc2","cg01340118",5347
"ESRRG","AMEX60DD025330","Esrrg","cg08502797",5348
"ESRRG","AMEX60DD036107","Esrrg.1","cg08502797",5348
"ARRDC3","AMEX60DD042571","Arrdc3","cg21406820",5350
"PRKG1","AMEX60DD052541","Prkg1","cg09019938.1",5351
"PRKG1","AMEX60DD052548","Prkg1.2","cg09019938.1",5351
"PRKG1","AMEX60DD052543","Prkg1.1","cg09019938.1",5351
"ESRRB","AMEX60DD011170","Esrrb","cg14235386",5352
"KIF16B","AMEX60DD035827","Kif16b.1","cg15043910",5353
"KIF16B","AMEX60DD035825","Kif16b","cg15043910",5353
"SOX4","AMEX60DD038468","Sox4","cg12545961",5354
"YTHDF2","AMEX60DD039808","Ythdf2.1","cg02877097",5357
"YTHDF2","AMEX60DD005533","Ythdf2","cg02877097",5357
"IRX5","AMEX60DD017758","Irx5","cg16602661",5358
"PPP2R2B","AMEX60DD028780","Ppp2r2b","cg13940770",5359
"AATF","AMEX60DD054121","Aatf","cg08805206",5361
"HOXD10","HoxD10","Hoxd10","cg12997253",5362
"NRXN2","AMEX60DD025259","Nrxn2","cg15061481",5364
"NRXN2","AMEX60DD025260","Nrxn2.1","cg15061481",5364
"CCDC178","AMEX60DD039638","Ccdc178.1","cg19169532",5365
"CCDC178","AMEX60DD039634","Ccdc178","cg19169532",5365
"BCL11A","AMEX60DD035398","Bcl11a.1","cg13978957",5367
"BCL11A","AMEX60DD024771","Bcl11a","cg13978957",5367
"RNF220","AMEX60DD032083","Rnf220.1","cg06116392",5368
"RNF220","AMEX60DD019858","Rnf220","cg06116392",5368
"RBFOX3","AMEX60DD031407","Rbfox3","cg25408698",5370
"FAM53A","AMEX60DD046053","Fam53a","cg00877778",5371
"SLC4A5","AMEX60DD002924","Slc4a5","cg16767192",5372
"ONECUT2","AMEX60DD041804","Onecut2","cg02797566",5373
"AMMECR1","AMEX60DD037129","Ammecr1","cg01655437",5376
"TANC2","AMEX60DD009735","Tanc2","cg12480541",5378
"TANC2","AMEX60DD009737","Tanc2.1","cg12480541",5378
"BRD9","AMEX60DD039000","Brd9","cg16106100",5379
"MAP3K1","AMEX60DD042157","Map3k1","cg05536251",5380
"ZMYM4","AMEX60DD005956","Zmym4","cg15167520",5381
"ESRRG","AMEX60DD025330","Esrrg","cg13932426",5382
"ESRRG","AMEX60DD036107","Esrrg.1","cg13932426",5382
"NRXN1","AMEX60DD035865","Nrxn1","cg01332968",5383
"NRXN1","AMEX60DD035873","Nrxn1.2","cg01332968",5383
"NRXN1","AMEX60DD035868","Nrxn1.1","cg01332968",5383
"CAMKMT","AMEX60DD035946","Camkmt","cg14674903",5384
"SRPK1","AMEX60DD008798","Srpk1","cg26870711",5385
"ZNF521","AMEX60DD039549","Znf521","cg09364634",5386
