rank;CpG;rank.neg;rank.pos;PRC1_Amin;PRC2_Amin;stackHMM;cor;pvalueStudent;qvalueStudent;nPresentSamples;SE;SpeciesCommonName;SpeciesLatinName;Z;CHR;Gene;bp;P;hg
1;cg22170285;1;;0;0;EnhWk4;-0,502397179;1,57655E-07;0,000681991;97;0,076701841;Axolotl;Ambystoma mexicanum;-5,243387999;3;LINC01995;182596812;1,57655E-07;hg38
2;cg01140958;;1;0;0;EnhWk4;0,483230627;5,34746E-07;0,001156618;97;0,078640026;Axolotl;Ambystoma mexicanum;5,013407086;11;ELP4;31764564;5,34746E-07;hg38
3;cg26677226;2;;0;0;ReprPC3;-0,446960956;4,44486E-06;0,00640928;97;0,082101445;Axolotl;Ambystoma mexicanum;-4,589416902;9;LINC01507;80067115;4,44486E-06;hg38
4;cg09985959;3;;0;0;EnhWk8;-0,437356733;7,48598E-06;0,006546949;97;0,082972828;Axolotl;Ambystoma mexicanum;-4,479380898;7;ADAM22;88179057;7,48598E-06;hg38
5;cg14250129;4;;0;0;Quies1;-0,43715476;7,56722E-06;0,006546949;97;0,082990949;Axolotl;Ambystoma mexicanum;-4,477076293;7;AUTS2;70515988;7,56722E-06;hg38
6;cg03098138;;2;0;0;EnhWk8;0,427061169;1,28653E-05;0,009275581;97;0,083885915;Axolotl;Ambystoma mexicanum;4,362383692;15;IQCH-AS1;67373923;1,28653E-05;hg38
7;cg26051591;5;;0;0;EnhA17;-0,416188548;2,23658E-05;0,013031354;97;0,084826566;Axolotl;Ambystoma mexicanum;-4,239860882;1;NFIA;60895857;2,23658E-05;hg38
8;cg14728312;;3;0;0;Quies2;0,414691605;2,40994E-05;0,013031354;97;0,084954175;Axolotl;Ambystoma mexicanum;4,223072341;7;AUTS2;70446526;2,40994E-05;hg38
9;cg14460924;;4;0;0;HET1;0,403272861;4,21026E-05;0,020236646;97;0,085912452;Axolotl;Ambystoma mexicanum;4,095627943;3;ROBO2;77632577;4,21026E-05;hg38
10;cg08768944;6;;0;0;EnhWk8;-0,399820104;4,96428E-05;0,02147477;97;0,086196944;Axolotl;Ambystoma mexicanum;-4,05730249;7;VSTM2A;54568983;4,96428E-05;hg38
11;cg00096766;7;;0;1;BivProm4;-0,397655719;5,49928E-05;0,021626456;97;0,086374032;Axolotl;Ambystoma mexicanum;-4,033326612;2;MEIS1;66444859;5,49928E-05;hg38
12;cg25258174;;5;0;1;ReprPC1;0,393512945;6,67624E-05;0,024067063;97;0,08671031;Axolotl;Ambystoma mexicanum;3,987538469;2;HOXD3;176148988;6,67624E-05;hg38
13;cg24455383;;6;0;0;Tx5;0,385759984;9,532E-05;0,030810153;97;0,087330173;Axolotl;Ambystoma mexicanum;3,902205875;1;AKT3;243573005;9,532E-05;hg38
14;cg26529854;;7;0;0;Tx8;0,384765255;9,97124E-05;0,030810153;97;0,08740881;Axolotl;Ambystoma mexicanum;3,891290538;3;SATB1;18352173;9,97124E-05;hg38
15;cg13962734;8;;0;0;Quies1;-0,374919886;0,000154544;0,035433841;97;0,088176179;Axolotl;Ambystoma mexicanum;-3,78365104;2;MIR4432HG;60110444;0,000154544;hg38
16;cg00453591;;8;0;0;EnhA1;0,3741563;0,000159795;0,035433841;97;0,088234863;Axolotl;Ambystoma mexicanum;3,775332285;1;DNM3OS;172144619;0,000159795;hg38
17;cg23783364;9;;0;0;ReprPC4;-0,373885809;0,000161694;0,035433841;97;0,088255622;Axolotl;Ambystoma mexicanum;-3,772386468;4;NKX6-1;84443569;0,000161694;hg38
18;cg21745073;10;;0;0;BivProm3;-0,373810261;0,000162228;0,035433841;97;0,088261418;Axolotl;Ambystoma mexicanum;-3,77156379;18;MIR4527;47594916;0,000162228;hg38
19;cg07182240;;9;0;0;TxEnh8;0,371674715;0,000178019;0,035433841;97;0,088424755;Axolotl;Ambystoma mexicanum;3,748325871;2;ZEB2;144402440;0,000178019;hg38
20;cg09531328;11;;0;0;TxEnh1;-0,371536484;0,000179088;0,035433841;97;0,088435296;Axolotl;Ambystoma mexicanum;-3,746822833;1;LMO4;87338151;0,000179088;hg38
21;cg08167912;;10;0;0;Acet4;0,371060437;0,000182818;0,035433841;97;0,088471565;Axolotl;Ambystoma mexicanum;3,74164762;2;LINC01798;66696596;0,000182818;hg38
22;cg06797643;;11;0;0;EnhWk4;0,370023645;0,00019119;0,035433841;97;0,088550396;Axolotl;Ambystoma mexicanum;3,730381979;3;ROBO2;77150230;0,00019119;hg38
23;cg18063694.2;12;;0;0;Acet8;-0,368274044;0,000206126;0,035433841;97;0,088682925;Axolotl;Ambystoma mexicanum;-3,711388212;1;HCRTR1;31620884;0,000206126;hg38
24;cg08774648;;12;0;0;ReprPC7;0,368151449;0,000207212;0,035433841;97;0,088692187;Axolotl;Ambystoma mexicanum;3,710058114;16;ZNF423;49548611;0,000207212;hg38
25;cg22413784;;13;0;0;EnhA19;0,368041114;0,000208194;0,035433841;97;0,088700521;Axolotl;Ambystoma mexicanum;3,70886113;3;BOC;113241700;0,000208194;hg38
26;cg02764578;;14;0;1;BivProm2;0,367511121;0,00021297;0,035433841;97;0,088740518;Axolotl;Ambystoma mexicanum;3,703112589;4;LINC01097;13529378;0,00021297;hg38
27;cg19894585;13;;0;1;BivProm2;-0,363293761;0,000254748;0,040131242;97;0,089056731;Axolotl;Ambystoma mexicanum;-3,657438691;6;POU3F2;98844045;0,000254748;hg38
28;cg26575674;14;;0;0;EnhA5;-0,362772321;0,000260409;0,040131242;97;0,089095575;Axolotl;Ambystoma mexicanum;-3,651800009;22;LOC110091768;26893259;0,000260409;hg38
29;cg02762470;15;;0;0;EnhA17;-0,361997476;0,000269035;0,040131242;97;0,089153192;Axolotl;Ambystoma mexicanum;-3,643424529;7;AUTS2;70704941;0,000269035;hg38
30;cg07724495;16;;0;0;Tx6;-0,35720418;0,000328524;0,047346315;97;0,089506882;Axolotl;Ambystoma mexicanum;-3,591703058;1;RPS6KC1;213242332;0,000328524;hg38
31;cg09257340;17;;0;0;EnhA17;-0,355873787;0,000347062;0,047346315;97;0,089604214;Axolotl;Ambystoma mexicanum;-3,577374939;9;TLE4;79395960;0,000347062;hg38
32;cg15054687;18;;0;0;TxEnh4;-0,355239744;0,000356232;0,047346315;97;0,089650473;Axolotl;Ambystoma mexicanum;-3,570550525;17;WSB1;27307857;0,000356232;hg38
33;cg24989443;19;;0;0;EnhA4;-0,3544981;0,00036724;0,047346315;97;0,089704478;Axolotl;Ambystoma mexicanum;-3,562571347;1;DPYD-AS1;97145449;0,00036724;hg38
34;cg13487071;;15;0;0;EnhWk3;0,353683744;0,000379688;0,047346315;97;0,089763647;Axolotl;Ambystoma mexicanum;3,553814063;7;SNORA25B;115679307;0,000379688;hg38
35;cg26140919;20;;0;0;PromF4;-0,353466497;0,000383073;0,047346315;97;0,089779409;Axolotl;Ambystoma mexicanum;-3,5514786;4;UBE2K;39698384;0,000383073;hg38
36;cg21231503;21;;0;0;Acet2;-0,351269595;0,000418904;0,050336677;97;0,089938255;Axolotl;Ambystoma mexicanum;-3,527878738;1;ESRRG;216563358;0,000418904;hg38
37;cg23497109;22;;0;0;EnhWk8;-0,350213106;0,00043721;0,051116416;97;0,090014291;Axolotl;Ambystoma mexicanum;-3,516540771;9;ASTN2;116929847;0,00043721;hg38
38;cg12480296;23;;0;0;ReprPC6;-0,348826669;0,000462347;0,052632855;97;0,090113726;Axolotl;Ambystoma mexicanum;-3,501672851;1;CAMTA1;7677682;0,000462347;hg38
39;cg11568013;24;;0;0;Quies3;-0,347304026;0,000491478;0,054514496;97;0,090222475;Axolotl;Ambystoma mexicanum;-3,485358542;5;CTNND2;10972743;0,000491478;hg38
40;cg20705103;25;;0;0;EnhA18;-0,345309301;0,00053219;0,055329692;97;0,090364222;Axolotl;Ambystoma mexicanum;-3,464008541;13;GSX1;27745123;0,00053219;hg38
41;cg04434607;26;;0;0;ReprPC7;-0,345074409;0,000537182;0,055329692;97;0,09038086;Axolotl;Ambystoma mexicanum;-3,461496104;12;CUX2;111077553;0,000537182;hg38
42;cg10982864;;16;0;0;Tx7;0,344678058;0,000545703;0,055329692;97;0,090408908;Axolotl;Ambystoma mexicanum;3,45725746;10;KAT6B;74975961;0,000545703;hg38
43;cg03370924;;17;0;0;TxEx1;0,34425541;0,000554926;0,055329692;97;0,090438782;Axolotl;Ambystoma mexicanum;3,452738696;17;DERL2;5481375;0,000554926;hg38
44;cg08863388;;18;0;0;TxEnh5;0,343900571;0,00056278;0,055329692;97;0,090463835;Axolotl;Ambystoma mexicanum;3,448945787;8;PLAG1;56167438;0,00056278;hg38
45;cg27456541;;19;0;0;TxEnh4;0,342263455;0,000600349;0,057711677;97;0,090579086;Axolotl;Ambystoma mexicanum;3,431456747;22;TEF;41387466;0,000600349;hg38
46;cg15928284;27;;0;0;ReprPC5;-0,341126691;0,000627772;0,059035976;97;0,09065879;Axolotl;Ambystoma mexicanum;-3,419322749;10;PAX2;100781332;0,000627772;hg38
47;cg14907557;28;;0;1;BivProm1;-0,339152358;0,000678141;0,062415792;97;0,090796589;Axolotl;Ambystoma mexicanum;-3,398267518;6;SLC35D3;136922717;0,000678141;hg38
48;cg15215577;;20;0;0;TxEx3;0,335926448;0,000768448;0,069091037;97;0,091020021;Axolotl;Ambystoma mexicanum;3,363916569;8;FGFR1;38423170;0,000768448;hg38
49;cg25636514;;21;0;0;Tx5;0,335154726;0,00079162;0,069091037;97;0,091073155;Axolotl;Ambystoma mexicanum;3,355708349;6;ATXN1;16299140;0,00079162;hg38
50;cg06718658;;22;0;0;TxWk1;0,334555955;0,000810037;0,069091037;97;0,091114297;Axolotl;Ambystoma mexicanum;3,349342166;8;CA8;60265968;0,000810037;hg38
51;cg08397726;;23;0;0;EnhA6;0,334119134;0,000823718;0,069091037;97;0,091144265;Axolotl;Ambystoma mexicanum;3,344699214;7;AUTS2;70433001;0,000823718;hg38
52;cg06412451;;24;0;0;TxEx1;0,333704648;0,000836895;0,069091037;97;0,091172664;Axolotl;Ambystoma mexicanum;3,340294737;19;ILF3;10678637;0,000836895;hg38
53;cg00616272;;25;0;0;EnhA17;0,33325756;0,000851324;0,069091037;97;0,091203258;Axolotl;Ambystoma mexicanum;3,335544975;7;DGKB;14340622;0,000851324;hg38
54;cg04677464;;26;0;0;Acet6;0,332684182;0,00087016;0,069091037;97;0,091242434;Axolotl;Ambystoma mexicanum;3,329455288;5;RANBP17;171269365;0,00087016;hg38
55;cg00510450;;27;0;0;TxWk2;0,33243574;0,00087844;0,069091037;97;0,091259387;Axolotl;Ambystoma mexicanum;3,326817274;5;MCTP1;94892284;0,00087844;hg38
56;cg04564383;;28;0;0;EnhA17;0,330558831;0,000943347;0,071836143;97;0,091387058;Axolotl;Ambystoma mexicanum;3,306899735;3;LOC101928882;180744588;0,000943347;hg38
57;cg23410163;29;;0;0;TxEnh8;-0,33046917;0,000946554;0,071836143;97;0,091393139;Axolotl;Ambystoma mexicanum;-3,305948781;2;MAPRE3;27022224;0,000946554;hg38
58;cg02951257;30;;0;1;BivProm1;-0,328580067;0,001016484;0,075813266;97;0,091520874;Axolotl;Ambystoma mexicanum;-3,285924;13;FAM155A;107866416;0,001016484;hg38
59;cg26163447;;29;0;0;EnhWk1;0,327582512;0,001055281;0,077372821;97;0,09158803;Axolotl;Ambystoma mexicanum;3,275358266;7;AUTS2;70171766;0,001055281;hg38
60;cg12178922;31;;0;0;ReprPC3;-0,323935472;0,001208867;0,087156505;97;0,091831814;Axolotl;Ambystoma mexicanum;-3,236779679;2;THORLNC;118183067;0,001208867;hg38
61;cg08496735;;30;1;0;EnhA9;0,320059492;0,00139413;0,097127828;97;0,09208791;Axolotl;Ambystoma mexicanum;3,195863554;1;ZBTB18;244052231;0,00139413;hg38
62;cg17977572;;31;0;0;TxWk1;0,319519761;0,001421878;0,097127828;97;0,092123327;Axolotl;Ambystoma mexicanum;3,19017277;1;ERI3;44257165;0,001421878;hg38
63;cg27311928;;32;0;0;Quies3;0,319507366;0,001422521;0,097127828;97;0,09212414;Axolotl;Ambystoma mexicanum;3,190042104;14;LIN52;74188790;0,001422521;hg38
64;cg17425313;;33;0;0;EnhWk4;0,31894742;0,001451848;0,097127828;97;0,092160818;Axolotl;Ambystoma mexicanum;3,184139965;14;BCL11B;99000219;0,001451848;hg38
65;cg16118889;32;;1;1;ReprPC1;-0,318543514;0,001473342;0,097127828;97;0,092187236;Axolotl;Ambystoma mexicanum;-3,179883682;14;LINC01551;28778417;0,001473342;hg38
66;cg20218251;;34;0;0;TxEnh6;0,318384418;0,001481887;0,097127828;97;0,092197632;Axolotl;Ambystoma mexicanum;3,17820741;1;SDCCAG8;243415908;0,001481887;hg38
67;cg17357006;;35;0;0;Tx7;0,316461624;0,001588775;0,101714385;97;0,092322871;Axolotl;Ambystoma mexicanum;3,157959655;10;VTI1A;112538434;0,001588775;hg38
68;cg10217408;33;;0;0;TxEx2;-0,315913188;0,001620518;0,101714385;97;0,092358454;Axolotl;Ambystoma mexicanum;-3,152188212;1;RBBP5;205095004;0,001620518;hg38
69;cg03750331;34;;0;0;Acet5;-0,315281873;0,001657767;0,101714385;97;0,092399338;Axolotl;Ambystoma mexicanum;-3,145546674;8;ZFPM2-AS1;105732333;0,001657767;hg38
70;cg12910788;35;;0;0;Quies3;-0,315234209;0,001660611;0,101714385;97;0,092402421;Axolotl;Ambystoma mexicanum;-3,145045331;3;CADPS;62474264;0,001660611;hg38
71;cg26989810;;36;0;0;EnhA18;0,315086852;0,00166943;0,101714385;97;0,09241195;Axolotl;Ambystoma mexicanum;3,143495473;9;CNTLN;17395157;0,00166943;hg38
72;cg20408638;;37;0;0;TxEnh7;0,313894927;0,001742338;0,103669562;97;0,092488868;Axolotl;Ambystoma mexicanum;3,130963543;8;TNKS;9679769;0,001742338;hg38
73;cg11755934;;38;0;0;TxEnh2;0,313744458;0,001751744;0,103669562;97;0,092498557;Axolotl;Ambystoma mexicanum;3,129382067;19;URI1;30003972;0,001751744;hg38
74;cg26157931;;39;0;0;EnhA7;0,313100944;0,00179249;0,103669562;97;0,092539944;Axolotl;Ambystoma mexicanum;3,122619952;7;LOC105375304;26372308;0,00179249;hg38
75;cg02434126;36;;0;0;ReprPC2;-0,313024608;0,00179738;0,103669562;97;0,092544847;Axolotl;Ambystoma mexicanum;-3,121817956;17;MRM1;36655795;0,00179738;hg38
76;cg25214099;;40;0;0;TxEx2;0,312065872;0,001859831;0,103723077;97;0,092606334;Axolotl;Ambystoma mexicanum;3,111748068;8;HMBOX1;28970173;0,001859831;hg38
77;cg25539759;37;;0;0;TxEx1;-0,311987691;0,00186501;0,103723077;97;0,09261134;Axolotl;Ambystoma mexicanum;-3,110927139;13;ARGLU1;106559508;0,00186501;hg38
78;cg03601723;38;;0;1;BivProm2;-0,311641736;0,00188808;0,103723077;97;0,092633475;Axolotl;Ambystoma mexicanum;-3,107294862;10;PAX2;100715900;0,00188808;hg38
79;cg14305407;39;;0;0;TxEnh4;-0,311410179;0,001903665;0,103723077;97;0,092648277;Axolotl;Ambystoma mexicanum;-3,104864037;7;AMZ1;2731530;0,001903665;hg38
80;cg05328510;40;;0;0;BivProm3;-0,311195833;0,001918195;0,103723077;97;0,092661969;Axolotl;Ambystoma mexicanum;-3,102614163;18;MIR4527;47594875;0,001918195;hg38
81;cg10725603;41;;0;0;Quies2;-0,308946252;0,002076851;0,110915671;97;0,092805099;Axolotl;Ambystoma mexicanum;-3,079016565;6;KHDRBS2;61679533;0,002076851;hg38
82;cg07658653;;41;0;0;Tx8;0,308178018;0,002133687;0,112561373;97;0,09285374;Axolotl;Ambystoma mexicanum;3,070964243;2;LOC100132215;62967322;0,002133687;hg38
83;cg01171212;;42;0;1;BivProm2;0,307046531;0,002219954;0,114802776;97;0,09292516;Axolotl;Ambystoma mexicanum;3,059110232;2;HOXD3;176171708;0,002219954;hg38
84;cg09793883;42;;0;1;BivProm2;-0,306926964;0,002229252;0,114802776;97;0,092932692;Axolotl;Ambystoma mexicanum;-3,057857986;1;LINC02609;90835002;0,002229252;hg38
85;cg17527148;;43;0;0;EnhA18;0,305839508;0,002315437;0,114916569;97;0,093001059;Axolotl;Ambystoma mexicanum;3,046472429;5;RANBP17;171205524;0,002315437;hg38
86;cg19115985;43;;0;0;EnhWk4;-0,30577218;0,002320871;0,114916569;97;0,093005284;Axolotl;Ambystoma mexicanum;-3,045767721;9;PSAT1;78526270;0,002320871;hg38
87;cg22377555;44;;0;0;EnhA17;-0,305686019;0,002327841;0,114916569;97;0,093010689;Axolotl;Ambystoma mexicanum;-3,044865924;2;BCL11A;60535086;0,002327841;hg38
88;cg18913399;;44;0;0;EnhWk6;0,305415321;0,002349862;0,114916569;97;0,093027661;Axolotl;Ambystoma mexicanum;3,042032946;4;LEF1;108092157;0,002349862;hg38
89;cg25229850;45;;0;0;EnhWk8;-0,305239236;0,002364287;0,114916569;97;0,093038693;Axolotl;Ambystoma mexicanum;-3,040190352;9;CNTLN;17332620;0,002364287;hg38
90;cg25785694;;45;0;0;EnhWk3;0,3046489;0,002413231;0,115992251;97;0,093075632;Axolotl;Ambystoma mexicanum;3,034014114;2;LINC01798;66689072;0,002413231;hg38
91;cg25893293;46;;0;0;Tx7;-0,304276567;0,002444569;0,116207299;97;0,093098894;Axolotl;Ambystoma mexicanum;-3,030119631;15;ADAM10;58640827;0,002444569;hg38
92;cg26337676;47;;0;0;ReprPC8;-0,303280511;0,002530212;0,118630856;97;0,093160982;Axolotl;Ambystoma mexicanum;-3,019704808;23;FRMPD4;12721637;0,002530212;hg38
93;cg18584182;;46;0;0;Acet2;0,303050152;0,002550399;0,118630856;97;0,093175312;Axolotl;Ambystoma mexicanum;3,017296904;15;LINC00924;95550611;0,002550399;hg38
94;cg24773146;48;;0;1;ReprPC1;-0,302069289;0,002637988;0,119053146;97;0,093236208;Axolotl;Ambystoma mexicanum;-3,007047236;13;SOX1-OT;112062134;0,002637988;hg38
95;cg09140178;49;;0;0;EnhA12;-0,301908919;0,002652563;0,119053146;97;0,093246146;Axolotl;Ambystoma mexicanum;-3,005371903;5;LINC02162;3326104;0,002652563;hg38
96;cg10402101;;47;0;0;PromF5;0,301871214;0,002656;0,119053146;97;0,093248481;Axolotl;Ambystoma mexicanum;3,004978038;18;TCF4;55587100;0,002656;hg38
97;cg03665107;50;;0;0;PromF5;-0,301722874;0,002669562;0,119053146;97;0,093257668;Axolotl;Ambystoma mexicanum;-3,003428523;17;PPP1R1B;39618466;0,002669562;hg38
98;cg17201390;51;;0;0;EnhWk8;-0,300532039;0,002780713;0,122744649;97;0,093331249;Axolotl;Ambystoma mexicanum;-2,990993654;2;PABPC1P2;146041497;0,002780713;hg38
99;cg22763089;52;;0;0;EnhWk4;-0,299725081;0,002858379;0,124898473;97;0,093380946;Axolotl;Ambystoma mexicanum;-2,98257148;1;ESRRG;216550373;0,002858379;hg38
100;cg25609272;;48;0;0;EnhWk4;0,298848187;0,002944981;0,127395762;97;0,093434798;Axolotl;Ambystoma mexicanum;2,97342322;8;LINC00251;65189912;0,002944981;hg38
101;cg02473887;53;;0;0;TxEx2;-0,29813795;0,003016843;0,128836519;97;0,0934783;Axolotl;Ambystoma mexicanum;-2,966016526;12;GATC;120462080;0,003016843;hg38
102;cg02745872;;49;0;1;EnhA17;0,297933176;0,003037852;0,128836519;97;0,093490823;Axolotl;Ambystoma mexicanum;2,963881531;6;FOXP4;41555782;0,003037852;hg38
103;cg20211561;54;;0;0;Tx5;-0,297609428;0,003071336;0,128991954;97;0,093510604;Axolotl;Ambystoma mexicanum;-2,960506543;11;FAM168A;73419916;0,003071336;hg38
104;cg18324267;;50;0;0;Tx2;0,296698127;0,003167373;0,131746306;97;0,09356617;Axolotl;Ambystoma mexicanum;2,951009337;1;LHX4-AS1;180372996;0,003167373;hg38
105;cg14670966;55;;0;0;EnhA18;-0,29494162;0,003360114;0,136338628;97;0,093672792;Axolotl;Ambystoma mexicanum;-2,932715708;1;LINC01653;218034627;0,003360114;hg38
106;cg21090817;;51;0;0;BivProm4;0,294816164;0,003374274;0,136338628;97;0,093680383;Axolotl;Ambystoma mexicanum;2,931409712;5;TMEM161B-AS1;88397199;0,003374274;hg38
107;cg06645733;;52;0;0;ReprPC9;0,294231305;0,003440995;0,136338628;97;0,093715729;Axolotl;Ambystoma mexicanum;2,925322385;10;LRMDA;75451501;0,003440995;hg38
108;cg20141509;;53;0;0;EnhA17;0,293992444;0,003468583;0,136338628;97;0,093730145;Axolotl;Ambystoma mexicanum;2,92283677;1;CASZ1;10721374;0,003468583;hg38
109;cg05339574;56;;0;0;EnhA18;-0,293507553;0,003525196;0,136338628;97;0,093759372;Axolotl;Ambystoma mexicanum;-2,917791834;14;NRXN3;78645169;0,003525196;hg38
110;cg14649051;;54;0;0;EnhWk4;0,293389484;0,003539106;0,136338628;97;0,093766481;Axolotl;Ambystoma mexicanum;2,916563593;16;PMFBP1;72221459;0,003539106;hg38
111;cg09825499;;55;0;0;ReprPC5;0,293328977;0,003546253;0,136338628;97;0,093770124;Axolotl;Ambystoma mexicanum;2,915934176;11;NRXN2;64668586;0,003546253;hg38
112;cg17975449;;56;0;0;EnhWk4;0,293239964;0,003556791;0,136338628;97;0,093775481;Axolotl;Ambystoma mexicanum;2,915008267;15;SPATA8-AS1;96747027;0,003556791;hg38
113;cg08629536;;57;0;0;EnhA17;0,293200826;0,003561434;0,136338628;97;0,093777835;Axolotl;Ambystoma mexicanum;2,914601171;2;MRPS9;105081078;0,003561434;hg38
114;cg05664895;57;;0;0;HET6;-0,292605441;0,003632727;0,137847988;97;0,09381362;Axolotl;Ambystoma mexicanum;-2,908409159;5;MIR218-2;168768168;0,003632727;hg38
115;cg02136812;;58;0;0;EnhWk2;0,291803337;0,003730792;0,140338153;97;0,093861713;Axolotl;Ambystoma mexicanum;2,900070082;1;PBX1;164699900;0,003730792;hg38
116;cg22201504;58;;0;0;BivProm2;-0,291308614;0,003792451;0,141427726;97;0,09389131;Axolotl;Ambystoma mexicanum;-2,894928303;23;ZIC3;137568960;0,003792451;hg38
117;cg05132365;;59;0;0;EnhA17;0,290376994;0,003911041;0,143923058;97;0,093946909;Axolotl;Ambystoma mexicanum;2,885249041;2;CAMKMT;44706043;0,003911041;hg38
118;cg20670041;;60;0;0;TxEx2;0,290262009;0,003925906;0,143923058;97;0,093953759;Axolotl;Ambystoma mexicanum;2,884054685;5;KDM3B;138393368;0,003925906;hg38
119;cg17715469;;61;0;0;TxWk2;0,28967301;0,004002842;0,145510373;97;0,093988804;Axolotl;Ambystoma mexicanum;2,877937725;23;PDZD4;153803468;0,004002842;hg38
120;cg13320676;;62;0;0;ReprPC4;0,288768273;0,004123645;0,146614805;97;0,094042498;Axolotl;Ambystoma mexicanum;2,86854505;10;DRGX;49364497;0,004123645;hg38
121;cg07184727;59;;0;0;EnhA11;-0,288732711;0,004128459;0,146614805;97;0,094044605;Axolotl;Ambystoma mexicanum;-2,868175941;6;LOC101927082;51284311;0,004128459;hg38
122;cg09723068;60;;0;0;TxEnh5;-0,288630934;0,004142264;0,146614805;97;0,094050634;Axolotl;Ambystoma mexicanum;-2,867119602;4;PDGFRA;54001836;0,004142264;hg38
123;cg23597056;;63;0;0;EnhA17;0,288244039;0,004195122;0,146614805;97;0,094073532;Axolotl;Ambystoma mexicanum;2,863104488;17;CDK12;39563151;0,004195122;hg38
124;cg04181061;;64;0;0;EnhWk5;0,288189026;0,004202686;0,146614805;97;0,094076786;Axolotl;Ambystoma mexicanum;2,862533638;14;LINC00618;96965273;0,004202686;hg38
125;cg07374022;61;;0;0;ReprPC4;-0,287735926;0,004265455;0,147614096;97;0,094103559;Axolotl;Ambystoma mexicanum;-2,857832519;3;SCN5A;38614022;0,004265455;hg38
126;cg06649032;;65;0;0;TxWk1;0,287266625;0,004331348;0,148704813;97;0,094131245;Axolotl;Ambystoma mexicanum;2,852964373;5;AP3B1;78032576;0,004331348;hg38
127;cg03532626;;66;0;0;TxEx1;0,286781896;0,004400359;0,149884566;97;0,094159794;Axolotl;Ambystoma mexicanum;2,847937317;3;CTNNB1;41225406;0,004400359;hg38
128;cg01980251;;67;0;0;PromF2;0,28593414;0,004523415;0,152872379;97;0,094209607;Axolotl;Ambystoma mexicanum;2,839148121;4;RUFY3;70722667;0,004523415;hg38
129;cg19549330;62;;0;0;Tx8;-0,283989591;0,004817336;0,161543611;97;0,094323311;Axolotl;Ambystoma mexicanum;-2,819001025;8;OXR1;106737577;0,004817336;hg38
130;cg07270839;63;;0;0;TxEnh5;-0,283018583;0,004970376;0,163810223;97;0,094379798;Axolotl;Ambystoma mexicanum;-2,808947434;2;BCL11A;60460435;0,004970376;hg38
131;cg09450031;;68;0;0;EnhA17;0,28295319;0,004980837;0,163810223;97;0,094383595;Axolotl;Ambystoma mexicanum;2,808270529;21;C21orf62-AS1;32918929;0,004980837;hg38
132;cg14333389;;69;0;0;EnhWk4;0,282617274;0,005034879;0,163810223;97;0,094403087;Axolotl;Ambystoma mexicanum;2,804793702;10;LOC103344931;112818928;0,005034879;hg38
133;cg19980763;64;;0;0;Acet5;-0,282232602;0,005097406;0,163810223;97;0,09442538;Axolotl;Ambystoma mexicanum;-2,800812891;8;LINC01111;76460623;0,005097406;hg38
134;cg09102690;65;;0;0;ReprPC7;-0,282224821;0,005098678;0,163810223;97;0,09442583;Axolotl;Ambystoma mexicanum;-2,80073237;17;ASIC2;33111977;0,005098678;hg38
135;cg13163842;;70;0;1;BivProm4;0,282142607;0,005112134;0,163810223;97;0,094430591;Axolotl;Ambystoma mexicanum;2,799881669;4;MAB21L2;150583084;0,005112134;hg38
136;cg15022739;66;;0;0;ReprPC9;-0,281538142;0,00521204;0,165783509;97;0,094465549;Axolotl;Ambystoma mexicanum;-2,793628001;18;CELF4;37243082;0,00521204;hg38
137;cg27020803;;71;0;0;EnhWk1;0,281298648;0,005252101;0,165838362;97;0,094479378;Axolotl;Ambystoma mexicanum;2,791150732;7;AUTS2;70171753;0,005252101;hg38
138;cg26447634;67;;0;0;Tx6;-0,280565181;0,005376499;0,16853611;97;0,09452166;Axolotl;Ambystoma mexicanum;-2,78356562;6;STXBP5;147314011;0,005376499;hg38
139;cg09783341;;72;0;0;EnhA19;0,28006344;0,005463096;0,169785023;97;0,09455052;Axolotl;Ambystoma mexicanum;2,77837836;4;LRBA;150315380;0,005463096;hg38
140;cg14984405;;73;0;0;TxEnh1;0,2798813;0,005494838;0,169785023;97;0,094560983;Axolotl;Ambystoma mexicanum;2,776495593;8;EXT1;117837190;0,005494838;hg38
141;cg08192897;;74;0;0;EnhA18;0,279288634;0,005599259;0,171784484;97;0,094594984;Axolotl;Ambystoma mexicanum;2,770370353;5;RANBP17;171205535;0,005599259;hg38
142;cg00156720;;75;0;0;EnhWk4;0,278866109;0,005674775;0,172678373;97;0,09461918;Axolotl;Ambystoma mexicanum;2,766004536;15;SPATA8-AS1;96747008;0,005674775;hg38
143;cg08752411;;76;0;0;EnhA17;0,278680513;0,00570823;0,172678373;97;0,094629797;Axolotl;Ambystoma mexicanum;2,764087099;18;ZNF521;25113367;0,00570823;hg38
144;cg14920842;68;;0;0;TxEx2;-0,278068425;0,005819809;0,17483112;97;0,09466476;Axolotl;Ambystoma mexicanum;-2,75776462;11;ZBTB44;130236959;0,005819809;hg38
145;cg09360996;69;;0;0;EnhA2;-0,277665783;0,005894258;0,175846475;97;0,094687718;Axolotl;Ambystoma mexicanum;-2,753606546;1;PROX1;213996654;0,005894258;hg38
146;cg25700772;;77;0;0;TxEnh4;0,276911601;0,006035984;0,177876049;97;0,09473063;Axolotl;Ambystoma mexicanum;2,745820168;1;RNF11;51271194;0,006035984;hg38
147;cg20925142;70;;0;0;TxEx2;-0,27670673;0,006075002;0,177876049;97;0,094742266;Axolotl;Ambystoma mexicanum;-2,743705478;12;KMT2D;49021839;0,006075002;hg38
148;cg21826256;71;;0;0;TxEnh8;-0,276440916;0,006125959;0,177876049;97;0,094757352;Axolotl;Ambystoma mexicanum;-2,740962036;9;MAPKAP1;125545987;0,006125959;hg38
149;cg03705387;;78;0;1;BivProm4;0,276436725;0,006126765;0,177876049;97;0,094757589;Axolotl;Ambystoma mexicanum;2,740918781;12;HOXC4;54033695;0,006126765;hg38
150;cg01292679;72;;0;0;ReprPC5;-0,275687648;0,006272425;0,180890916;97;0,094800022;Axolotl;Ambystoma mexicanum;-2,733189394;12;FAM222A;109677491;0,006272425;hg38
151;cg25969031;73;;0;0;TxWk1;-0,275212287;0,006366444;0,182386423;97;0,09482689;Axolotl;Ambystoma mexicanum;-2,7282857;8;ZFHX4;76843616;0,006366444;hg38
152;cg04108195;;79;0;0;EnhWk4;0,274086567;0,006594087;0,186473241;97;0,094890332;Axolotl;Ambystoma mexicanum;2,716677278;1;LINC01364;87563426;0,006594087;hg38
153;cg11641322;;80;0;0;TxWk1;0,273971364;0,006617785;0,186473241;97;0,09489681;Axolotl;Ambystoma mexicanum;2,715489631;1;RNF220;44624731;0,006617785;hg38
154;cg26263695;74;;0;0;TxEnh8;-0,273272249;0,006763219;0,186473241;97;0,094936063;Axolotl;Ambystoma mexicanum;-2,708283668;9;MAPKAP1;125541911;0,006763219;hg38
155;cg16612602;75;;0;0;EnhA17;-0,273163616;0,006786069;0,186473241;97;0,094942153;Axolotl;Ambystoma mexicanum;-2,70716416;18;LINC01898;75655325;0,006786069;hg38
156;cg09709213;76;;0;0;ReprPC2;-0,27310853;0,006797682;0,186473241;97;0,09494524;Axolotl;Ambystoma mexicanum;-2,706596492;7;UNCX;1297889;0,006797682;hg38
157;cg11166718;77;;0;0;Tx8;-0,272908493;0,006840002;0,186473241;97;0,094956446;Axolotl;Ambystoma mexicanum;-2,704535223;13;DIAPH3;59879440;0,006840002;hg38
158;cg00072485;;81;0;1;BivProm2;0,272881012;0,006845834;0,186473241;97;0,094957985;Axolotl;Ambystoma mexicanum;2,704252062;5;TLX3;171311435;0,006845834;hg38
159;cg06096603;;82;0;0;EnhWk8;0,272842788;0,006853953;0,186473241;97;0,094960125;Axolotl;Ambystoma mexicanum;2,703858202;11;GRIA4;105966022;0,006853953;hg38
160;cg13016214;;83;0;0;EnhA2;0,272138419;0,0070051;0,188400377;97;0,094999509;Axolotl;Ambystoma mexicanum;2,696601738;2;TEX41;144651050;0,0070051;hg38
161;cg12723445;78;;0;0;TxEnh5;-0,272107088;0,00701189;0,188400377;97;0,095001259;Axolotl;Ambystoma mexicanum;-2,696279021;17;NLGN2;7408654;0,00701189;hg38
162;cg15561172;;84;0;0;GapArtf1;0,271763161;0,007086821;0,188743696;97;0,09502045;Axolotl;Ambystoma mexicanum;2,69273672;3;RSRC1;158308926;0,007086821;hg38
163;cg21583601;;85;0;0;TxEx2;0,271520929;0,007140019;0,188743696;97;0,095033952;Axolotl;Ambystoma mexicanum;2,690242167;10;LCOR;96954954;0,007140019;hg38
164;cg06915569;79;;0;0;EnhA10;-0,271326375;0,007183001;0,188743696;97;0,095044788;Axolotl;Ambystoma mexicanum;-2,688238802;3;FOXP1;71270233;0,007183001;hg38
165;cg20367539;;86;0;0;TxEnh2;0,271253344;0,007199194;0,188743696;97;0,095048853;Axolotl;Ambystoma mexicanum;2,687486833;2;XPO1;61533857;0,007199194;hg38
166;cg25383609;;87;0;0;EnhWk4;0,270956582;0,007265328;0,189010852;97;0,095065362;Axolotl;Ambystoma mexicanum;2,684431439;18;ZNF521;25138431;0,007265328;hg38
167;cg17880536;80;;0;1;ReprPC1;-0,270816328;0,007296771;0,189010852;97;0,095073158;Axolotl;Ambystoma mexicanum;-2,682987554;11;PAX6;31800799;0,007296771;hg38
168;cg22805522;81;;0;1;ReprPC1;-0,270325563;0,007407738;0,190743116;97;0,095100405;Axolotl;Ambystoma mexicanum;-2,677935943;1;LINC00466;63318178;0,007407738;hg38
169;cg26135564;;88;0;0;TxEx2;0,270034075;0,00747435;0,191319509;97;0,095116565;Axolotl;Ambystoma mexicanum;2,674936068;20;NAPB;23395192;0,00747435;hg38
170;cg10587356;;89;0;0;TxEx3;0,269444354;0,007610733;0,193664541;97;0,095149206;Axolotl;Ambystoma mexicanum;2,668868087;19;DOT1L;2202758;0,007610733;hg38
171;cg02628016;82;;0;0;TxEnh8;-0,269163932;0,007676353;0,194191999;97;0,095164702;Axolotl;Ambystoma mexicanum;-2,665983207;3;KLHL24;183664938;0,007676353;hg38
172;cg17384251;;90;0;0;TxEx1;0,268480396;0,007838396;0,197138424;97;0,095202406;Axolotl;Ambystoma mexicanum;2,658952724;14;TM9SF1;24192719;0,007838396;hg38
173;cg07274932;;91;0;0;EnhWk8;0,267623699;0,008045743;0,200622083;97;0,095249527;Axolotl;Ambystoma mexicanum;2,65014417;4;ADGRL3;62068159;0,008045743;hg38
174;cg18866778;;92;0;0;EnhWk4;0,267526119;0,008069664;0,200622083;97;0,095254885;Axolotl;Ambystoma mexicanum;2,64914106;1;USH2A;216090802;0,008069664;hg38
175;cg05911522;83;;0;1;ReprPC1;-0,266972602;0,008206545;0,202245684;97;0,095285239;Axolotl;Ambystoma mexicanum;-2,643451783;3;LOC440982;147406611;0,008206545;hg38
176;cg22782498;84;;0;0;Quies1;-0,266748618;0,008262514;0,202245684;97;0,095297504;Axolotl;Ambystoma mexicanum;-2,641149968;7;AUTS2;70515992;0,008262514;hg38
177;cg13325740;;93;0;0;ReprPC7;0,266697919;0,008275229;0,202245684;97;0,095300279;Axolotl;Ambystoma mexicanum;2,640628978;21;PCBP3;45914039;0,008275229;hg38
178;cg02793322;85;;0;0;EnhWk8;-0,266505729;0,008323585;0,202284665;97;0,095310793;Axolotl;Ambystoma mexicanum;-2,638654125;11;DLG2;83484212;0,008323585;hg38
179;cg21797039;86;;0;0;EnhA6;-0,265963907;0,008461255;0,202945012;97;0,095340393;Axolotl;Ambystoma mexicanum;-2,633087499;18;ZNF521;25187939;0,008461255;hg38
180;cg26225511;;94;0;0;PromF3;0,265849995;0,008490452;0,202945012;97;0,095346608;Axolotl;Ambystoma mexicanum;2,631917343;12;ARID2;45731313;0,008490452;hg38
181;cg23904344;87;;0;0;TxEx2;-0,265763083;0,008512788;0,202945012;97;0,095351348;Axolotl;Ambystoma mexicanum;-2,631024583;11;PCNX3;65629567;0,008512788;hg38
182;cg01261613;;95;0;0;TxEnh4;0,265663613;0,008538415;0,202945012;97;0,095356772;Axolotl;Ambystoma mexicanum;2,630002868;3;MIRLET7G;52268314;0,008538415;hg38
183;cg06142835;;96;0;0;EnhWk5;0,264958181;0,008722115;0,203669458;97;0,095395176;Axolotl;Ambystoma mexicanum;2,622758211;1;PROX1-AS1;213783603;0,008722115;hg38
184;cg09572652;;97;0;0;EnhWk4;0,264811293;0,0087608;0,203669458;97;0,09540316;Axolotl;Ambystoma mexicanum;2,621249978;2;KLHL29;23684432;0,0087608;hg38
185;cg01243312;;98;0;0;Tx8;0,264731922;0,008781766;0,203669458;97;0,095407472;Axolotl;Ambystoma mexicanum;2,620435046;2;R3HDM1;135665411;0,008781766;hg38
186;cg09129254;;99;0;1;BivProm2;0,264568975;0,008824947;0,203669458;97;0,095416321;Axolotl;Ambystoma mexicanum;2,618762079;8;CSMD3;113436974;0,008824947;hg38
187;cg11417778;;100;0;0;Tx7;0,264540064;0,008832628;0,203669458;97;0,09541789;Axolotl;Ambystoma mexicanum;2,618465265;21;PAXBP1;32755277;0,008832628;hg38
188;cg25739551;;101;0;0;TxWk1;0,264469556;0,008851385;0,203669458;97;0,095421717;Axolotl;Ambystoma mexicanum;2,617741419;3;TP63;189890797;0,008851385;hg38
189;cg00038872;88;;0;0;EnhWk4;-0,263837964;0,009020973;0,205573719;97;0,095455952;Axolotl;Ambystoma mexicanum;-2,611258303;5;PELO;52466266;0,009020973;hg38
190;cg13376897;;102;0;0;EnhA2;0,263720687;0,009052775;0,205573719;97;0,095462299;Axolotl;Ambystoma mexicanum;2,610054687;2;FIGN;163801138;0,009052775;hg38
191;cg25126076;;103;0;0;EnhWk8;0,263509797;0,00911021;0,205573719;97;0,095473707;Axolotl;Ambystoma mexicanum;2,607890456;5;KIAA0825;94251442;0,00911021;hg38
192;cg06438433;89;;0;0;TxEnh6;-0,263323653;0,009161172;0,205573719;97;0,095483768;Axolotl;Ambystoma mexicanum;-2,605980342;1;ZBTB7B;155016404;0,009161172;hg38
193;cg15496558;;104;0;0;ReprPC5;0,263285116;0,009171754;0,205573719;97;0,095485851;Axolotl;Ambystoma mexicanum;2,605584913;1;CAMTA1;7632464;0,009171754;hg38
194;cg23728569;;105;0;0;Tx6;0,26307725;0,009229016;0,205790905;97;0,095497076;Axolotl;Ambystoma mexicanum;2,60345212;5;NIPBL;37065242;0,009229016;hg38
195;cg10919728;;106;0;0;TxEnh5;0,2622759;0,009452718;0,209698155;97;0,095540269;Axolotl;Ambystoma mexicanum;2,595231671;3;IQSEC1;12902791;0,009452718;hg38
196;cg05346606;;107;0;0;EnhWk8;0,260603051;0,009935094;0,219274661;97;0,095630011;Axolotl;Ambystoma mexicanum;2,578080172;23;POLA1;24990722;0,009935094;hg38
197;cg20645305;;108;0;0;Acet5;0,260074789;0,01009184;0,220525218;97;0,095658231;Axolotl;Ambystoma mexicanum;2,572666489;15;C15orf41;36495641;0,01009184;hg38
198;cg17782734;;109;0;0;Acet4;0,259984134;0,010118956;0,220525218;97;0,095663068;Axolotl;Ambystoma mexicanum;2,571737568;9;BNC2;16484330;0,010118956;hg38
199;cg21140729;;110;0;0;PromF4;0,259823408;0,010167188;0,220525218;97;0,09567164;Axolotl;Ambystoma mexicanum;2,570090725;23;RAP2C-AS1;132217147;0,010167188;hg38
200;cg18245454;90;;0;0;ReprPC4;-0,259728813;0,010195669;0,220525218;97;0,095676682;Axolotl;Ambystoma mexicanum;-2,569121538;1;TAS1R2;18769029;0,010195669;hg38
201;cg21930209;;111;0;1;PromF3;0,259140173;0,010374474;0,223276255;97;0,095708018;Axolotl;Ambystoma mexicanum;2,563091386;2;ARL4C;234496492;0,010374474;hg38
202;cg00067701;;112;0;0;EnhA17;0,258644575;0,010527139;0,224065187;97;0,095734346;Axolotl;Ambystoma mexicanum;2,55801553;16;ZNF423;49491140;0,010527139;hg38
203;cg26992565;91;;0;0;Acet2;-0,258534082;0,010561443;0,224065187;97;0,095740209;Axolotl;Ambystoma mexicanum;-2,556884016;6;ADGRB3;68936631;0,010561443;hg38
204;cg17470778;92;;0;0;EnhA17;-0,25851775;0,010566521;0,224065187;97;0,095741075;Axolotl;Ambystoma mexicanum;-2,556716769;18;TCF4;55352154;0,010566521;hg38
205;cg14096781;93;;0;0;Acet2;-0,257842073;0,010778516;0,225227937;97;0,095776871;Axolotl;Ambystoma mexicanum;-2,549798622;5;LINC02106;51095791;0,010778516;hg38
206;cg09624428;;113;0;0;Acet4;0,257460253;0,01089995;0,225227937;97;0,095797057;Axolotl;Ambystoma mexicanum;2,545890083;18;ZNF407;74748992;0,01089995;hg38
207;cg10760299;94;;0;0;BivProm4;-0,257404946;0,010917639;0,225227937;97;0,095799979;Axolotl;Ambystoma mexicanum;-2,545323983;15;GATM;45376812;0,010917639;hg38
208;cg02939383;95;;0;0;EnhA17;-0,257345831;0,010936574;0,225227937;97;0,095803101;Axolotl;Ambystoma mexicanum;-2,544718912;9;TLE4;79395818;0,010936574;hg38
209;cg19195912;;114;0;0;EnhA6;0,257097811;0,011016327;0,225227937;97;0,095816192;Axolotl;Ambystoma mexicanum;2,542180486;2;FIGN;163944507;0,011016327;hg38
210;cg18428461;96;;0;0;Acet5;-0,257066246;0,011026514;0,225227937;97;0,095817857;Axolotl;Ambystoma mexicanum;-2,541857445;1;ADGRL2;81584057;0,011026514;hg38
211;cg20188742;;115;0;1;BivProm2;0,25702607;0,011039491;0,225227937;97;0,095819976;Axolotl;Ambystoma mexicanum;2,541446283;3;FEZF2;62370310;0,011039491;hg38
212;cg20014398;97;;0;1;BivProm2;-0,256894843;0,011081972;0,225227937;97;0,095826895;Axolotl;Ambystoma mexicanum;-2,540103353;11;PAX6;31804244;0,011081972;hg38
213;cg09347295;98;;0;0;Tx4,TxEx1;-0,256870265;0,011089944;0,225227937;97;0,095828191;Axolotl;Ambystoma mexicanum;-2,539851839;1;ZNF326;90007439;0,011089944;hg38
214;cg26105485;99;;0;0;PromF6;-0,256584926;0,011182865;0,22523153;97;0,095843222;Axolotl;Ambystoma mexicanum;-2,536932059;23;SAT1;23784331;0,011182865;hg38
215;cg24077904;;116;0;0;Quies3;0,256550099;0,011194253;0,22523153;97;0,095845056;Axolotl;Ambystoma mexicanum;2,536575717;3;RSRC1;158308429;0,011194253;hg38
216;cg18893738;;117;0;0;ReprPC5;0,256277679;0,011283682;0,225261528;97;0,095859389;Axolotl;Ambystoma mexicanum;2,533788491;20;LINC00237;20993616;0,011283682;hg38
217;cg09200783;100;;0;0;Tx8;-0,256090508;0,011345486;0,225261528;97;0,095869228;Axolotl;Ambystoma mexicanum;-2,531873668;14;TMEM260;56590439;0,011345486;hg38
218;cg10528602;;118;0;0;Quies2;0,256070942;0,011351964;0,225261528;97;0,095870256;Axolotl;Ambystoma mexicanum;2,531673507;16;CDH8;61653663;0,011351964;hg38
219;cg17299060;;119;0;0;EnhA19;0,255891035;0,011411678;0,225412462;97;0,095879706;Axolotl;Ambystoma mexicanum;2,529833141;4;CHIC2;54015634;0,011411678;hg38
220;cg13181002;;120;0;0;EnhA18;0,255501599;0,011541879;0,226947998;97;0,095900139;Axolotl;Ambystoma mexicanum;2,525849877;2;GPD2;156700851;0,011541879;hg38
221;cg03242214;;121;0;0;EnhWk5;0,25502976;0,011701367;0,229036738;97;0,095924854;Axolotl;Ambystoma mexicanum;2,521024616;14;BCL11B;99169358;0,011701367;hg38
222;cg21506362;;122;0;0;PromF1;0,254875284;0,011753998;0,229036738;97;0,095932935;Axolotl;Ambystoma mexicanum;2,519445072;11;PPP2R5B;64925885;0,011753998;hg38
223;cg21317790;;123;0;0;BivProm1;0,254714017;0,011809163;0,229079785;97;0,095941367;Axolotl;Ambystoma mexicanum;2,517796203;14;GALNT16;69260329;0,011809163;hg38
224;cg06619863;;124;0;0;TxWk1;0,253559396;0,012210771;0,235812919;97;0,096001578;Axolotl;Ambystoma mexicanum;2,505993943;9;CNTLN;17236496;0,012210771;hg38
225;cg01914744;101;;0;0;TxEx1;-0,251732006;0,012870733;0,246968064;97;0,096096313;Axolotl;Ambystoma mexicanum;-2,487326173;14;EIF5;103336767;0,012870733;hg38
226;cg07731972;102;;0;0;Acet3;-0,251645894;0,012902585;0,246968064;97;0,09610076;Axolotl;Ambystoma mexicanum;-2,486446837;8;RIMS2;104013618;0,012902585;hg38
227;cg13609514;103;;0;0;Quies2;-0,250928198;0,013170727;0,250990001;97;0,096137767;Axolotl;Ambystoma mexicanum;-2,479119225;6;GRIK2;101928515;0,013170727;hg38
228;cg16015033;104;;0;0;Quies2;-0,250109233;0,013482618;0,253886918;97;0,096179866;Axolotl;Ambystoma mexicanum;-2,470760251;9;TUSC1;25175930;0,013482618;hg38
229;cg18059870;;125;0;0;BivProm2;0,249793248;0,013604661;0,253886918;97;0,096196072;Axolotl;Ambystoma mexicanum;2,467535809;13;SLITRK1;83881453;0,013604661;hg38
230;cg13746386;;126;0;0;Tx4;0,249508723;0,013715375;0,253886918;97;0,096210648;Axolotl;Ambystoma mexicanum;2,464632746;4;CHIC2;54014038;0,013715375;hg38
231;cg24039458;;127;0;1;ReprPC2;0,249436199;0,01374372;0,253886918;97;0,09621436;Axolotl;Ambystoma mexicanum;2,463892827;19;LOC100505585;41933384;0,01374372;hg38
232;cg05958024;;128;0;0;TxEnh5;0,249337783;0,013782266;0,253886918;97;0,096219397;Axolotl;Ambystoma mexicanum;2,462888777;6;NHSL1;138442084;0,013782266;hg38
233;cg02779499;105;;0;1;PromF5;-0,249182252;0,013843374;0,253886918;97;0,096227351;Axolotl;Ambystoma mexicanum;-2,461302117;12;TBX3;114684280;0,013843374;hg38
234;cg26709901;106;;0;0;EnhWk8;-0,249131045;0,013863545;0,253886918;97;0,096229969;Axolotl;Ambystoma mexicanum;-2,460779743;2;NRXN1;50623318;0,013863545;hg38
235;cg12392571;;129;0;0;ReprPC4;0,249078942;0,013884094;0,253886918;97;0,096232633;Axolotl;Ambystoma mexicanum;2,460248246;1;LINC01739;62999555;0,013884094;hg38
236;cg13416912;;130;0;0;TxEx1;0,248818856;0,01398707;0,253886918;97;0,096245919;Axolotl;Ambystoma mexicanum;2,457595281;2;INO80D;206062835;0,01398707;hg38
237;cg06623498;107;;0;0;ReprPC4;-0,248677983;0,014043122;0,253886918;97;0,096253109;Axolotl;Ambystoma mexicanum;-2,456158447;10;EMX2OS;117719646;0,014043122;hg38
238;cg04952455;;131;0;0;ReprPC5;0,248611483;0,01406965;0,253886918;97;0,096256502;Axolotl;Ambystoma mexicanum;2,455480213;1;CASZ1;10827895;0,01406965;hg38
239;cg16545804;108;;0;0;ReprPC3;-0,248550843;0,014093878;0,253886918;97;0,096259595;Axolotl;Ambystoma mexicanum;-2,454861748;1;MIR3659;38095514;0,014093878;hg38
240;cg20787552;;132;0;0;HET2;0,248518875;0,014106665;0,253886918;97;0,096261226;Axolotl;Ambystoma mexicanum;2,454535723;20;LINC00237;20993521;0,014106665;hg38
241;cg21022384;;133;0;0;EnhA6;0,248424656;0,01414441;0,253886918;97;0,096266029;Axolotl;Ambystoma mexicanum;2,45357484;3;RSRC1;158272350;0,01414441;hg38
242;cg23446200;109;;0;0;Acet4;-0,247932275;0,014343095;0,254026195;97;0,096291104;Axolotl;Ambystoma mexicanum;-2,448553945;8;LOC102724710;92506383;0,014343095;hg38
243;cg25970241;;134;0;0;TxEx2;0,247910737;0,014351841;0,254026195;97;0,0962922;Axolotl;Ambystoma mexicanum;2,448334334;11;AMBRA1;46508305;0,014351841;hg38
244;cg07037105;;135;0;0;DNase1;0,247862453;0,014371465;0,254026195;97;0,096294656;Axolotl;Ambystoma mexicanum;2,447842033;8;ZNF703;37675403;0,014371465;hg38
245;cg15486257;;136;0;0;TxEnh8;0,247824121;0,01438706;0,254026195;97;0,096296605;Axolotl;Ambystoma mexicanum;2,447451206;2;ZEB2;144402436;0,01438706;hg38
246;cg05992953;;137;0;0;Tx2;0,247603511;0,014477102;0,254428597;97;0,096307819;Axolotl;Ambystoma mexicanum;2,445202027;9;PBX3;125910431;0,014477102;hg38
247;cg10113893;;138;0;0;EnhWk4;0,247480595;0,014527482;0,254428597;97;0,096314062;Axolotl;Ambystoma mexicanum;2,443948942;11;ELP4;31764953;0,014527482;hg38
248;cg10410822;110;;0;0;TxEnh4;-0,247302123;0,014600904;0,254683364;97;0,096323122;Axolotl;Ambystoma mexicanum;-2,442129606;6;QKI;163570836;0,014600904;hg38
249;cg24463619;111;;0;0;TxEx1;-0,247035941;0,014711007;0,255573351;97;0,096336622;Axolotl;Ambystoma mexicanum;-2,439416384;5;CLK4;178617424;0,014711007;hg38
250;cg04987336;;139;0;0;TxWk1;0,246505768;0,014932453;0,258382845;97;0,096363468;Axolotl;Ambystoma mexicanum;2,434013133;10;MCU;72884335;0,014932453;hg38
251;cg11023965;112;;0;0;ReprPC2;-0,245880585;0,015197292;0,260644384;97;0,096395051;Axolotl;Ambystoma mexicanum;-2,427643052;1;INSRR;156842504;0,015197292;hg38
252;cg24830181;;140;0;0;ReprPC4;0,24568087;0,015282749;0,260644384;97;0,096405123;Axolotl;Ambystoma mexicanum;2,425608451;4;TTC29;146880857;0,015282749;hg38
253;cg00902275;;141;0;0;ReprPC2;0,245574042;0,01532863;0,260644384;97;0,096410508;Axolotl;Ambystoma mexicanum;2,42452021;10;PAX2;100804026;0,01532863;hg38
254;cg14212421;;142;0;0;TxEx1;0,245344929;0,015427434;0,260644384;97;0,096422047;Axolotl;Ambystoma mexicanum;2,422186414;19;ILF3;10678676;0,015427434;hg38
255;cg01705052;113;;0;0;BivProm1;-0,245246881;0,015469885;0,260644384;97;0,096426982;Axolotl;Ambystoma mexicanum;-2,421187743;16;SHISA9;12902377;0,015469885;hg38
256;cg00211337;;143;0;0;TxEx2;0,245166862;0,015504606;0,260644384;97;0,096431009;Axolotl;Ambystoma mexicanum;2,420372732;2;TRIP12;229805834;0,015504606;hg38
257;cg16391501;114;;0;0;BivProm2;-0,244998275;0,015577976;0,260644384;97;0,096439487;Axolotl;Ambystoma mexicanum;-2,418655721;10;PAX2;100654689;0,015577976;hg38
258;cg03929725;;144;0;0;Acet2;0,24499631;0,015578833;0,260644384;97;0,096439586;Axolotl;Ambystoma mexicanum;2,418635709;8;CYP7B1;64702711;0,015578833;hg38
259;cg20759301;;145;0;0;ReprPC6,ReprPC7;0,24493538;0,015605426;0,260644384;97;0,096442648;Axolotl;Ambystoma mexicanum;2,418015185;8;LINC01299;65455364;0,015605426;hg38
260;cg12958327;115;;0;0;Tx7;-0,244605492;0,015750086;0,26066666;97;0,096459217;Axolotl;Ambystoma mexicanum;-2,414655787;4;CNOT6L;77774635;0,015750086;hg38
261;cg17742083;116;;0;0;Acet2;-0,244462395;0,015813196;0,26066666;97;0,096466397;Axolotl;Ambystoma mexicanum;-2,413198705;19;TSHZ3;31424274;0,015813196;hg38
262;cg22300018;;146;0;0;EnhWk4;0,244283861;0,015892242;0,26066666;97;0,09647535;Axolotl;Ambystoma mexicanum;2,411380892;15;SPATA8-AS1;96598726;0,015892242;hg38
263;cg15863913;;147;0;0;Quies1;0,244266132;0,01590011;0,26066666;97;0,096476239;Axolotl;Ambystoma mexicanum;2,411200386;6;LOC101927314;98022698;0,01590011;hg38
264;cg19561086;;148;0;0;EnhA5;0,244210024;0,015925033;0,26066666;97;0,096479051;Axolotl;Ambystoma mexicanum;2,410629129;2;VRK2;57891203;0,015925033;hg38
265;cg27070923;117;;0;0;TxEnh6;-0,244044917;0,015998569;0,26066666;97;0,096487321;Axolotl;Ambystoma mexicanum;-2,408948196;10;CELF2;11266510;0,015998569;hg38
266;cg25058672;118;;0;0;znf1;-0,243850602;0,016085489;0,26066666;97;0,096497048;Axolotl;Ambystoma mexicanum;-2,406970039;19;PTPRS;5256113;0,016085489;hg38
267;cg21303286;119;;0;0;BivProm4;-0,243843172;0,016088821;0,26066666;97;0,09649742;Axolotl;Ambystoma mexicanum;-2,406894399;10;BTRC;101486139;0,016088821;hg38
268;cg24089067;;149;0;0;ReprPC5;0,243264105;0,016350323;0,26357352;97;0,09652636;Axolotl;Ambystoma mexicanum;2,401000306;17;MRM1;36698437;0,016350323;hg38
269;cg14767257;120;;0;0;EnhWk5;-0,243176731;0,016390098;0,26357352;97;0,09653072;Axolotl;Ambystoma mexicanum;-2,400111076;23;CASK;41556546;0,016390098;hg38
270;cg02758817;121;;0;1;BivProm1;-0,242863983;0,016533154;0,264889337;97;0,096546316;Axolotl;Ambystoma mexicanum;-2,396928393;7;HOXA11-AS;27185128;0,016533154;hg38
271;cg12676910;122;;0;0;PromF4;-0,242341105;0,016774739;0,267768199;97;0,096572345;Axolotl;Ambystoma mexicanum;-2,391608197;19;ACTN4;38647854;0,016774739;hg38
272;cg18702811;;150;0;0;ReprPC4;0,241613473;0,017115997;0,272211098;97;0,096608474;Axolotl;Ambystoma mexicanum;2,384206447;1;LINC01343;38258533;0,017115997;hg38
273;cg15224507;123;;0;0;TxEx3;-0,240880714;0,017465701;0,276506531;97;0,096644748;Axolotl;Ambystoma mexicanum;-2,376754651;9;ZNF462;106932494;0,017465701;hg38
274;cg23577036;124;;0;0;EnhA17;-0,240780666;0,017513923;0,276506531;97;0,096649692;Axolotl;Ambystoma mexicanum;-2,375737379;20;KIZ;21234999;0,017513923;hg38
275;cg04517300;;151;0;0;Quies3;0,240426576;0,017685515;0,278200264;97;0,096667174;Axolotl;Ambystoma mexicanum;2,372137349;14;NRXN3;78649279;0,017685515;hg38
276;cg14662402;;152;0;0;TxEx3;0,240280807;0,017756575;0,27830604;97;0,096674363;Axolotl;Ambystoma mexicanum;2,370655461;1;AGO3;36055739;0,017756575;hg38
277;cg25647160;;153;0;0;ReprPC3;0,239983217;0,017902409;0,279578791;97;0,096689026;Axolotl;Ambystoma mexicanum;2,367630424;3;SHOX2;158058717;0,017902409;hg38
278;cg25644033;;154;0;0;EnhWk8;0,239448063;0,018167261;0,282160041;97;0,09671535;Axolotl;Ambystoma mexicanum;2,362191376;13;PCDH17;57724647;0,018167261;hg38
279;cg25362948;;155;0;0;Tx6;0,239386092;0,018198148;0,282160041;97;0,096718394;Axolotl;Ambystoma mexicanum;2,361561606;1;CEP170;243156359;0,018198148;hg38
280;cg05925239;125;;0;1;TSS1;-0,238995896;0,018393667;0,284145367;97;0,096737546;Axolotl;Ambystoma mexicanum;-2,357596639;1;BCAR3;93847656;0,018393667;hg38
281;cg05278305;;156;0;0;TxEx2;0,238869152;0,018457564;0,284145367;97;0,09674376;Axolotl;Ambystoma mexicanum;2,35630886;3;NR2C2;15020755;0,018457564;hg38
282;cg18728108;126;;0;0;Tx8;-0,238688347;0,018549046;0,284541094;97;0,096752618;Axolotl;Ambystoma mexicanum;-2,354471896;10;CELF2;11334262;0,018549046;hg38
283;cg11868140;;157;0;0;Tx7;0,238292032;0,018750937;0,285887093;97;0,096772013;Axolotl;Ambystoma mexicanum;2,350445827;3;MFN1;179375215;0,018750937;hg38
284;cg00487538;127;;0;1;ReprPC1;-0,238256817;0,018768967;0,285887093;97;0,096773735;Axolotl;Ambystoma mexicanum;-2,350088123;1;PAX7;18636277;0,018768967;hg38
285;cg22985336;;158;0;0;Tx5;0,23801248;0,018894481;0,286789096;97;0,096785674;Axolotl;Ambystoma mexicanum;2,34760629;1;PEX14;10623314;0,018894481;hg38
286;cg03625898;;159;0;0;EnhA3;0,2378776;0,018964077;0,286839001;97;0,09679226;Axolotl;Ambystoma mexicanum;2,346236359;2;TEX41;144938599;0,018964077;hg38
287;cg18099500;128;;0;0;PromF5;-0,237718558;0,019046423;0,287080736;97;0,09680002;Axolotl;Ambystoma mexicanum;-2,34462112;16;ZFHX3;72787847;0,019046423;hg38
288;cg15298624;129;;0;0;EnhA17;-0,237097297;0,019371044;0,289475741;97;0,096830285;Axolotl;Ambystoma mexicanum;-2,338312473;2;GPD2;156803705;0,019371044;hg38
289;cg02103833;;160;0;0;TxEx2;0,236814693;0,019520278;0,289475741;97;0,096844026;Axolotl;Ambystoma mexicanum;2,335443235;2;HAT1;171966368;0,019520278;hg38
290;cg07257404;130;;0;0;EnhWk4;-0,236759491;0,019549544;0,289475741;97;0,096846708;Axolotl;Ambystoma mexicanum;-2,33488281;1;PLD5;242124653;0,019549544;hg38
291;cg19090360;;161;0;0;EnhA17;0,236674688;0,019594575;0,289475741;97;0,096850827;Axolotl;Ambystoma mexicanum;2,334021901;1;PROX1;214027671;0,019594575;hg38
292;cg11218854;131;;0;1;BivProm1;-0,236652568;0,019606336;0,289475741;97;0,096851901;Axolotl;Ambystoma mexicanum;-2,333797343;13;OBI1-AS1;78609189;0,019606336;hg38
293;cg13984281;;162;0;0;EnhA6;0,236616381;0,019625589;0,289475741;97;0,096853658;Axolotl;Ambystoma mexicanum;2,333429986;1;ESRRG;216532516;0,019625589;hg38
294;cg13802429;;163;0;0;Tx7;0,236526007;0,019673743;0,289475741;97;0,096858045;Axolotl;Ambystoma mexicanum;2,332512567;3;TFRC;196050961;0,019673743;hg38
295;cg15722093;;164;0;0;Quies1;0,236358253;0,019763396;0,289809133;97;0,096866184;Axolotl;Ambystoma mexicanum;2,330809715;12;LMO3;16717035;0,019763396;hg38
296;cg15292174;;165;0;0;PromF3;0,235771477;0,020079754;0,29286636;97;0,096894607;Axolotl;Ambystoma mexicanum;2,32485427;2;SNX17;27371311;0,020079754;hg38
297;cg21137565;132;;0;0;TxEx1;-0,235643428;0,020149366;0,29286636;97;0,096900801;Axolotl;Ambystoma mexicanum;-2,323554822;2;TRIP12;229880016;0,020149366;hg38
298;cg14918356;133;;0;0;EnhWk4;-0,235380113;0,020293166;0,29286636;97;0,096913526;Axolotl;Ambystoma mexicanum;-2,320882882;19;ZNF536;30512296;0,020293166;hg38
299;cg16282799;134;;0;0;TxEx2;-0,235205611;0,020388948;0,29286636;97;0,096921951;Axolotl;Ambystoma mexicanum;-2,319112299;2;MAP4K4;101871694;0,020388948;hg38
300;cg11692953;135;;0;0;BivProm4;-0,235071968;0,020462565;0,29286636;97;0,096928399;Axolotl;Ambystoma mexicanum;-2,317756372;10;BTRC;101486179;0,020462565;hg38
301;cg04404249;136;;0;0;EnhWk4;-0,235049949;0,020474717;0,29286636;97;0,096929461;Axolotl;Ambystoma mexicanum;-2,317532969;10;LINC02667;128695065;0,020474717;hg38
302;cg12564910;137;;0;1;PromF3;-0,235025822;0,020488038;0,29286636;97;0,096930625;Axolotl;Ambystoma mexicanum;-2,31728819;17;SOCS3;78358987;0,020488038;hg38
303;cg14255803;;166;0;0;EnhWk4;0,234965262;0,020521509;0,29286636;97;0,096933545;Axolotl;Ambystoma mexicanum;2,316673784;3;KCNH8;18986974;0,020521509;hg38
304;cg17127214;;167;0;0;PromF5;0,234783063;0,020622489;0,29286636;97;0,096942326;Axolotl;Ambystoma mexicanum;2,314825397;2;LINC01798;66574747;0,020622489;hg38
305;cg13484553;138;;0;0;Acet1;-0,234735546;0,020648895;0,29286636;97;0,096944615;Axolotl;Ambystoma mexicanum;-2,314343368;9;OLFM1;135098484;0,020648895;hg38
306;cg05985706;139;;0;0;Quies5;-0,233936826;0,021097111;0,297631609;97;0,096983021;Axolotl;Ambystoma mexicanum;-2,306242055;23;HDX;84344426;0,021097111;hg38
307;cg17970179;140;;0;0;EnhA18;-0,233784588;0,021183482;0,297631609;97;0,096990327;Axolotl;Ambystoma mexicanum;-2,304698204;18;MIR4527HG;47561294;0,021183482;hg38
308;cg16007161;;168;0;0;EnhA6;0,233770863;0,021191283;0,297631609;97;0,096990985;Axolotl;Ambystoma mexicanum;2,304559028;3;RSRC1;158272331;0,021191283;hg38
309;cg04899689;141;;0;0;HET1;-0,233626283;0,021273616;0,297821023;97;0,096997918;Axolotl;Ambystoma mexicanum;-2,303092917;14;NRXN3;79861745;0,021273616;hg38
310;cg14287475;;169;0;0;Tx7;0,233354806;0,021428952;0,298638503;97;0,097010925;Axolotl;Ambystoma mexicanum;2,30034023;3;FOXP1;70972666;0,021428952;hg38
311;cg14155777;;170;0;0;Tx7;0,23328321;0,02147008;0,298638503;97;0,097014353;Axolotl;Ambystoma mexicanum;2,299614316;16;CHD9;53263011;0,02147008;hg38
312;cg01750916;;171;0;0;TxEnh5;0,232913459;0,021683561;0,300641222;97;0,097032038;Axolotl;Ambystoma mexicanum;2,295865711;9;DENND1A;123422882;0,021683561;hg38
313;cg01823853;142;;0;0;EnhA4;-0,232691218;0,021812747;0,301466145;97;0,097042655;Axolotl;Ambystoma mexicanum;-2,29361284;7;HIBADH;27606525;0,021812747;hg38
314;cg18018509;;172;0;0;Tx6;0,232474197;0,021939535;0,301854906;97;0,097053012;Axolotl;Ambystoma mexicanum;2,291413062;17;TAOK1;29542624;0,021939535;hg38
315;cg14748273;143;;0;0;TxWk2;-0,232404418;0,021980434;0,301854906;97;0,09705634;Axolotl;Ambystoma mexicanum;-2,290705809;10;EBF3;129849705;0,021980434;hg38
316;cg13852425;;173;0;0;EnhA17;0,232086956;0,022167336;0,303318168;97;0,097071469;Axolotl;Ambystoma mexicanum;2,287488335;7;LOC441204;26439699;0,022167336;hg38
317;cg06645865;144;;0;0;PromF1;-0,231906406;0,022274237;0,303318168;97;0,097080064;Axolotl;Ambystoma mexicanum;-2,285658635;1;UTP11;38029488;0,022274237;hg38
318;cg05108018;145;;0;0;BivProm2;-0,231867487;0,022297338;0,303318168;97;0,097081916;Axolotl;Ambystoma mexicanum;-2,285264241;10;PAX2;100715915;0,022297338;hg38
319;cg10378662;146;;0;0;EnhA17;-0,231744679;0,022370368;0,303357664;97;0,097087757;Axolotl;Ambystoma mexicanum;-2,284019783;12;SOX5;24281487;0,022370368;hg38
320;cg16121787;147;;0;0;Acet2;-0,231574559;0,022471871;0,303781819;97;0,097095844;Axolotl;Ambystoma mexicanum;-2,282295989;9;ELAVL2;23701577;0,022471871;hg38
321;cg05666493;148;;0;0;EnhWk4;-0,231376633;0,02259046;0,30404228;97;0,097105245;Axolotl;Ambystoma mexicanum;-2,28029059;22;LINC01638;27258657;0,02259046;hg38
322;cg05551621;;174;0;1;BivProm1;0,231307997;0,022631708;0,30404228;97;0,097108503;Axolotl;Ambystoma mexicanum;2,279595197;1;FOXD3-AS1;63323562;0,022631708;hg38
323;cg12505751;;175;0;0;Acet1;0,230926913;0,022861904;0,304168702;97;0,097126576;Axolotl;Ambystoma mexicanum;2,275734522;9;OLFM1;135098429;0,022861904;hg38
324;cg05121253;149;;0;0;TxWk1;-0,230827466;0,022922304;0,304168702;97;0,097131287;Axolotl;Ambystoma mexicanum;-2,274727133;2;MYCN;15946737;0,022922304;hg38
325;cg18026227;150;;0;1;PromF5;-0,230728461;0,02298257;0,304168702;97;0,097135976;Axolotl;Ambystoma mexicanum;-2,273724267;8;ZFHX4-AS1;76681236;0,02298257;hg38
326;cg25637862;;176;0;0;EnhA17;0,230725743;0,022984227;0,304168702;97;0,097136104;Axolotl;Ambystoma mexicanum;2,273696733;2;CAMKMT;44706928;0,022984227;hg38
327;cg26495571;151;;0;0;TxEnh4;-0,230711861;0,022992689;0,304168702;97;0,097136761;Axolotl;Ambystoma mexicanum;-2,273556115;19;DAZAP1;1425942;0,022992689;hg38
328;cg27242082;152;;0;1;BivProm2;-0,23056053;0,023085104;0,304196126;97;0,097143923;Axolotl;Ambystoma mexicanum;-2,272023291;2;NR4A2;156328905;0,023085104;hg38
329;cg10418984;;177;0;0;TxEx1;0,230478383;0,023135402;0,304196126;97;0,097147809;Axolotl;Ambystoma mexicanum;2,271191259;1;CSDE1;114737482;0,023135402;hg38
330;cg22506418;;178;0;0;EnhWk2;0,229701341;0,023615835;0,30918988;97;0,097184496;Axolotl;Ambystoma mexicanum;2,263322193;1;PROX1;213997232;0,023615835;hg38
331;cg26019380;;179;0;0;TxEx1;0,229530498;0,023722599;0,30918988;97;0,097192545;Axolotl;Ambystoma mexicanum;2,261592376;3;SETD5;9428935;0,023722599;hg38
332;cg15920677;153;;0;0;ReprPC6;-0,229519283;0,023729623;0,30918988;97;0,097193073;Axolotl;Ambystoma mexicanum;-2,26147882;4;GPAT3;83665033;0,023729623;hg38
333;cg16525315;154;;0;0;PromF4;-0,229242364;0,023903596;0,309782368;97;0,097206107;Axolotl;Ambystoma mexicanum;-2,258675208;16;RBBP6;24540674;0,023903596;hg38
334;cg16865908;;180;0;0;BivProm4;0,229219009;0,023918318;0,309782368;97;0,097207206;Axolotl;Ambystoma mexicanum;2,258438763;11;MIR100HG;122099788;0,023918318;hg38
335;cg06554809;155;;0;0;Quies1;-0,229059259;0,024019228;0,310160686;97;0,097214717;Axolotl;Ambystoma mexicanum;-2,256821551;2;MIR4432HG;59829110;0,024019228;hg38
336;cg14419939;;181;0;0;Tx6;0,228391561;0,024444936;0,314718409;97;0,097246055;Axolotl;Ambystoma mexicanum;2,250063163;1;RSBN1;113767193;0,024444936;hg38
337;cg06454786;156;;0;0;Quies1;-0,2279501;0,024729921;0,315853263;97;0,097266724;Axolotl;Ambystoma mexicanum;-2,24559563;9;CNTLN;17323969;0,024729921;hg38
338;cg21841649;;182;0;0;ReprPC2;0,227922872;0,02474759;0,315853263;97;0,097267997;Axolotl;Ambystoma mexicanum;2,245320113;6;LINC01276;41469608;0,02474759;hg38
339;cg19961913;157;;0;0;EnhA19;-0,227915881;0,024752128;0,315853263;97;0,097268324;Axolotl;Ambystoma mexicanum;-2,245249372;7;HIBADH;27586981;0,024752128;hg38
340;cg24488067;;183;0;0;EnhWk3;0,227380247;0,025101972;0,318543086;97;0,097293345;Axolotl;Ambystoma mexicanum;2,239829844;1;CASZ1;10678684;0,025101972;hg38
341;cg24887531;158;;0;0;ReprPC4;-0,227367736;0,025110193;0,318543086;97;0,097293929;Axolotl;Ambystoma mexicanum;-2,239703279;16;LINC02140;54543051;0,025110193;hg38
342;cg12201163;;184;0;0;TxWk1;0,227148085;0,025254909;0,319442148;97;0,097304171;Axolotl;Ambystoma mexicanum;2,237481168;13;DIAPH3;59992498;0,025254909;hg38
343;cg02208929;159;;0;0;EnhWk4;-0,227001379;0,02535196;0,319734827;97;0,097311007;Axolotl;Ambystoma mexicanum;-2,235997114;15;LINC00924;95497763;0,02535196;hg38
344;cg18410307;;185;0;0;HET7;0,226882318;0,025430957;0,31979877;97;0,097316552;Axolotl;Ambystoma mexicanum;2,234792759;14;NPAS3;33095358;0,025430957;hg38
345;cg01065776;160;;0;0;EnhA19;-0,226768071;0,025506957;0,319824751;97;0,097321869;Axolotl;Ambystoma mexicanum;-2,23363716;10;FGF8;101749509;0,025506957;hg38
346;cg00678608;;186;0;0;Tx6;0,226456599;0,025715138;0,321503183;97;0,097336352;Axolotl;Ambystoma mexicanum;2,230486875;10;TCF7L2;113145496;0,025715138;hg38
347;cg17320921;;187;0;0;EnhA18;0,225754959;0,026189403;0,324137326;97;0,097368906;Axolotl;Ambystoma mexicanum;2,223391646;9;BNC2;16730260;0,026189403;hg38
348;cg27263887;161;;0;0;BivProm4;-0,225609399;0,026288718;0,324137326;97;0,097375646;Axolotl;Ambystoma mexicanum;-2,221919923;2;VRK2;57759691;0,026288718;hg38
349;cg26899365;;188;0;0;TxEnh7;0,225458435;0,026392059;0,324137326;97;0,097382633;Axolotl;Ambystoma mexicanum;2,220393635;6;ARID1B;157051215;0,026392059;hg38
350;cg17906259;;189;0;0;BivProm3;0,225284979;0,026511223;0,324137326;97;0,097390654;Axolotl;Ambystoma mexicanum;2,218640049;1;LINC01653;218156741;0,026511223;hg38
351;cg24734899;162;;0;0;TxEx3;-0,225097683;0,026640408;0,324137326;97;0,097399309;Axolotl;Ambystoma mexicanum;-2,216746668;1;POU2F1;167396349;0,026640408;hg38
352;cg26714337;;190;0;0;TxEx2;0,225086796;0,026647933;0,324137326;97;0,097399812;Axolotl;Ambystoma mexicanum;2,216636616;15;ARIH1;72580731;0,026647933;hg38
353;cg01608205;163;;0;0;Tx7;-0,225067323;0,026661398;0,324137326;97;0,097400711;Axolotl;Ambystoma mexicanum;-2,216439772;2;ATAD2B;23786109;0,026661398;hg38
354;cg17749256;164;;0;0;TxWk2;-0,225047559;0,026675071;0,324137326;97;0,097401624;Axolotl;Ambystoma mexicanum;-2,216239984;4;TENM3;182601065;0,026675071;hg38
355;cg02503114;;191;0;0;Tx6;0,224952089;0,026741199;0,324137326;97;0,097406032;Axolotl;Ambystoma mexicanum;2,215274937;8;ATP6V1C1;103063145;0,026741199;hg38
356;cg18777747;165;;0;0;BivProm3;-0,224849212;0,026812613;0,324137326;97;0,097410779;Axolotl;Ambystoma mexicanum;-2,214235061;20;LINC01734;39282827;0,026812613;hg38
357;cg21753180;166;;0;0;EnhA2;-0,224792401;0,026852119;0,324137326;97;0,0974134;Axolotl;Ambystoma mexicanum;-2,213660836;1;PROX1;213996474;0,026852119;hg38
358;cg24206172;167;;0;0;ReprPC1;-0,224686275;0,026926051;0,324137326;97;0,097418294;Axolotl;Ambystoma mexicanum;-2,21258817;6;TFAP2A;10397004;0,026926051;hg38
359;cg17797814;;192;0;1;BivProm1;0,224631571;0,026964228;0,324137326;97;0,097420816;Axolotl;Ambystoma mexicanum;2,21203527;12;HOXC4;54028650;0,026964228;hg38
360;cg25338102;168;;0;0;Tx3;-0,224534607;0,02703201;0,324137326;97;0,097425284;Axolotl;Ambystoma mexicanum;-2,211055275;19;TSHZ3;31308052;0,02703201;hg38
361;cg11007962;;193;0;0;EnhA18;0,224398067;0,027127702;0,324137326;97;0,097431573;Axolotl;Ambystoma mexicanum;2,209675342;2;AGAP1;236014810;0,027127702;hg38
362;cg15007115;;194;0;0;Quies2;0,224328883;0,027176299;0,324137326;97;0,097434758;Axolotl;Ambystoma mexicanum;2,208976162;7;AUTS2;70446576;0,027176299;hg38
363;cg06630761;;195;0;0;EnhA8;0,224029497;0,027387448;0,324137326;97;0,09744853;Axolotl;Ambystoma mexicanum;2,205950756;14;BCL11B;99189061;0,027387448;hg38
364;cg14962578;;196;0;0;Tx6;0,223997035;0,027410426;0,324137326;97;0,097450022;Axolotl;Ambystoma mexicanum;2,205622737;17;TNRC6C;78086548;0,027410426;hg38
365;cg15237969;169;;0;0;Tx3;-0,22382354;0,027533511;0,324137326;97;0,097457994;Axolotl;Ambystoma mexicanum;-2,203869668;2;PSMD14;161356198;0,027533511;hg38
366;cg10137513;;197;0;0;Tx5;0,223717398;0,027609045;0,324137326;97;0,097462868;Axolotl;Ambystoma mexicanum;2,202797211;1;AKT3;243573023;0,027609045;hg38
367;cg21623089;170;;0;0;TxEx4;-0,223677156;0,027637728;0,324137326;97;0,097464715;Axolotl;Ambystoma mexicanum;-2,202390621;5;CSNK1A1;149517939;0,027637728;hg38
368;cg19438533;171;;0;0;TxWk1;-0,223670569;0,027642425;0,324137326;97;0,097465017;Axolotl;Ambystoma mexicanum;-2,202324072;2;ARHGAP15;143594379;0,027642425;hg38
369;cg02374677;172;;0;0;EnhA13;-0,223661042;0,02764922;0,324137326;97;0,097465454;Axolotl;Ambystoma mexicanum;-2,202227811;3;LINC01206;182105144;0,02764922;hg38
370;cg04449857;;198;0;0;Quies1;0,223201652;0,02797857;0,326683876;97;0,097486516;Axolotl;Ambystoma mexicanum;2,197586731;15;SPATA8;96978414;0,02797857;hg38
371;cg17096964;173;;0;0;EnhA18;-0,22314768;0,028017481;0,326683876;97;0,097488988;Axolotl;Ambystoma mexicanum;-2,197041517;9;BNC2;16803793;0,028017481;hg38
372;cg02071692;174;;0;0;TxEnh8;-0,222957464;0,028154985;0,327404678;97;0,097497694;Axolotl;Ambystoma mexicanum;-2,195120082;12;ETV6;11884567;0,028154985;hg38
373;cg09985350;;199;0;0;HET1;0,222832842;0,028245382;0,327417452;97;0,097503394;Axolotl;Ambystoma mexicanum;2,193861301;14;NRXN3;79861841;0,028245382;hg38
374;cg16913798;175;;0;0;ReprPC5;-0,222688442;0,028350434;0,327417452;97;0,097509994;Axolotl;Ambystoma mexicanum;-2,192402815;10;BTRC;101322983;0,028350434;hg38
375;cg19825690;;200;0;0;EnhWk2;0,222643566;0,028383149;0,327417452;97;0,097512044;Axolotl;Ambystoma mexicanum;2,191949563;18;ZNF521;25286038;0,028383149;hg38
376;cg26558476;;201;0;0;Tx6;0,222411351;0,028552946;0,328208414;97;0,097522648;Axolotl;Ambystoma mexicanum;2,189604319;1;FAF1;50578009;0,028552946;hg38
377;cg05847200;;202;0;0;BivProm3;0,222201321;0,028707262;0,328208414;97;0,097532228;Axolotl;Ambystoma mexicanum;2,187483286;14;OTX2-AS1;56888458;0,028707262;hg38
378;cg13341941;176;;0;0;Tx7;-0,222182401;0,028721198;0,328208414;97;0,097533091;Axolotl;Ambystoma mexicanum;-2,187292227;4;YTHDC1;68321372;0,028721198;hg38
379;cg01946401.2;177;;0;0;EnhA3;-0,22213627;0,028755201;0,328208414;97;0,097535194;Axolotl;Ambystoma mexicanum;-2,186826386;6;SUPT3H;45328364;0,028755201;hg38
380;cg00486031;;203;0;0;TxEx1;0,221829266;0,028982359;0,329001267;97;0,097549178;Axolotl;Ambystoma mexicanum;2,183726399;23;OGT;71544582;0,028982359;hg38
381;cg00577233;178;;0;0;BivProm4;-0,221599541;0,029153329;0,329001267;97;0,097559629;Axolotl;Ambystoma mexicanum;-2,181406966;9;TRPM3;70640594;0,029153329;hg38
382;cg06509306;;204;0;0;DNase1;0,221569047;0,029176088;0,329001267;97;0,097561016;Axolotl;Ambystoma mexicanum;2,181099091;2;MYT1L;1886586;0,029176088;hg38
383;cg05737603;;205;0;0;EnhA5;0,221539653;0,02919804;0,329001267;97;0,097562352;Axolotl;Ambystoma mexicanum;2,180802328;8;VPS13B;99440140;0,02919804;hg38
384;cg08783087;;206;0;0;Tx7;0,221530422;0,029204937;0,329001267;97;0,097562772;Axolotl;Ambystoma mexicanum;2,180709133;20;PTPRA;2988075;0,029204937;hg38
385;cg16602826;179;;0;0;TxEnh8;-0,220693201;0,02983622;0,333722094;97;0,097600757;Axolotl;Ambystoma mexicanum;-2,172257839;9;MAPKAP1;125541748;0,02983622;hg38
386;cg23279931;;207;0;0;EnhA17;0,220497821;0,029985192;0,333722094;97;0,097609601;Axolotl;Ambystoma mexicanum;2,170285931;23;POLA1;24877270;0,029985192;hg38
387;cg06893303;;208;0;1;BivProm4;0,220429498;0,030037434;0,333722094;97;0,097612692;Axolotl;Ambystoma mexicanum;2,169596411;7;HOXA-AS3;27141942;0,030037434;hg38
388;cg18647021;;209;0;0;TxEx1;0,220417189;0,030046854;0,333722094;97;0,097613249;Axolotl;Ambystoma mexicanum;2,169472189;2;AMMECR1L;127871330;0,030046854;hg38
389;cg05303585;180;;0;0;BivProm4;-0,22038822;0,030069034;0,333722094;97;0,097614559;Axolotl;Ambystoma mexicanum;-2,169179827;2;BCL11A;60533698;0,030069034;hg38
390;cg07419559;;210;0;0;EnhWk3;0,220122308;0,030273275;0,333722094;97;0,097626577;Axolotl;Ambystoma mexicanum;2,166496398;2;LINC01798;66689065;0,030273275;hg38
391;cg22197358;;211;0;0;TxEx3;0,219753174;0,030558742;0,333722094;97;0,097643236;Axolotl;Ambystoma mexicanum;2,162771713;19;TCF3;1615386;0,030558742;hg38
392;cg01759834;181;;0;0;EnhA7;-0,219746808;0,030563686;0,333722094;97;0,097643523;Axolotl;Ambystoma mexicanum;-2,162707479;17;SKAP1;48294318;0,030563686;hg38
393;cg07150184;;212;0;0;TxEx3;0,219735311;0,030572614;0,333722094;97;0,097644042;Axolotl;Ambystoma mexicanum;2,162591485;6;TMEM63B;44153728;0,030572614;hg38
394;cg04891054;182;;0;0;Tx8;-0,219692138;0,030606163;0,333722094;97;0,097645988;Axolotl;Ambystoma mexicanum;-2,162155883;14;TMEM260;56590667;0,030606163;hg38
395;cg26352755;183;;0;1;BivProm2;-0,219661164;0,030630251;0,333722094;97;0,097647384;Axolotl;Ambystoma mexicanum;-2,161843375;4;PITX2;110618251;0,030630251;hg38
396;cg19641975;;213;0;0;EnhWk3;0,219657273;0,030633278;0,333722094;97;0,09764756;Axolotl;Ambystoma mexicanum;2,161804119;15;SPATA8-AS1;96627092;0,030633278;hg38
397;cg00029755;184;;0;0;TxEnh7;-0,219627168;0,030656707;0,333722094;97;0,097648916;Axolotl;Ambystoma mexicanum;-2,161500384;2;ZEB2;144489621;0,030656707;hg38
398;cg09388140;;214;0;1;ReprPC1;0,21956641;0,030704039;0,333722094;97;0,097651654;Axolotl;Ambystoma mexicanum;2,160887389;7;DLX6-AS1;97012165;0,030704039;hg38
399;cg14411125;;215;0;0;EnhA17;0,219270708;0,030935281;0,335392766;97;0,097664968;Axolotl;Ambystoma mexicanum;2,157904197;11;CADM1;115198428;0,030935281;hg38
400;cg11922708;185;;0;1;BivProm3;-0,219134484;0,031042304;0,33559561;97;0,097671095;Axolotl;Ambystoma mexicanum;-2,15653;11;LMO1;8283151;0,031042304;hg38
401;cg17659328;186;;0;1;TSS2;-0,219023992;0,03112934;0,33559561;97;0,097676062;Axolotl;Ambystoma mexicanum;-2,155415429;15;POLG;89335144;0,03112934;hg38
402;cg14944561;187;;0;0;EnhA12;-0,218951281;0,031186727;0,33559561;97;0,09767933;Axolotl;Ambystoma mexicanum;-2,154681998;2;GTDC1;144004862;0,031186727;hg38
403;cg19411464;188;;0;0;Tx7;-0,218732961;0,031359575;0,335721899;97;0,097689133;Axolotl;Ambystoma mexicanum;-2,152479916;1;SRSF11;70231873;0,031359575;hg38
404;cg05866252;;216;0;0;BivProm2;0,218601641;0,031463933;0,335721899;97;0,097695026;Axolotl;Ambystoma mexicanum;2,15115544;1;FOXO6;41381046;0,031463933;hg38
405;cg24713149;189;;0;0;TxEnh5;-0,218599489;0,031465646;0,335721899;97;0,097695122;Axolotl;Ambystoma mexicanum;-2,15113373;2;LOC100132215;63013577;0,031465646;hg38
406;cg24001739;;217;0;0;TxEnh7;0,218545175;0,031508896;0,335721899;97;0,097697558;Axolotl;Ambystoma mexicanum;2,150585942;16;GSE1;85582875;0,031508896;hg38
407;cg22438797;;218;0;0;EnhA17;0,218388858;0,03163365;0,336223;97;0,097704566;Axolotl;Ambystoma mexicanum;2,149009458;16;ZNF423;49491234;0,03163365;hg38
408;cg14977462;;219;0;0;TxEnh2;0,218210391;0,031776592;0,336914477;97;0,09771256;Axolotl;Ambystoma mexicanum;2,147209687;19;URI1;30004170;0,031776592;hg38
409;cg17856261;190;;0;0;EnhWk8;-0,218088748;0,031874333;0,337124498;97;0,097718005;Axolotl;Ambystoma mexicanum;-2,14598303;6;LOC101927314;97886040;0,031874333;hg38
410;cg03804622;191;;0;0;TxEnh6;-0,217904632;0,032022753;0,33786821;97;0,097726241;Axolotl;Ambystoma mexicanum;-2,144126488;11;GRK2;67284927;0,032022753;hg38
411;cg14785049;;220;0;0;TxWk1;0,217768195;0,032133114;0,338129552;97;0,097732339;Axolotl;Ambystoma mexicanum;2,142750798;2;LOC100132215;63003360;0,032133114;hg38
412;cg06623258;192;;0;0;EnhWk4;-0,217638545;0,032238283;0,338129552;97;0,097738131;Axolotl;Ambystoma mexicanum;-2,141443592;1;ELAVL4;50105922;0,032238283;hg38
413;cg06665099;193;;0;0;PromF3;-0,217318196;0,032499385;0,338129552;97;0,097752427;Axolotl;Ambystoma mexicanum;-2,13821392;14;ARF6;49894049;0,032499385;hg38
414;cg12086362;;221;0;0;TxEnh6;0,217304416;0,032510657;0,338129552;97;0,097753041;Axolotl;Ambystoma mexicanum;2,138075;5;ST8SIA4;100856145;0,032510657;hg38
415;cg02106733;;222;0;0;Tx7;0,217283852;0,032527483;0,338129552;97;0,097753958;Axolotl;Ambystoma mexicanum;2,137867695;3;DLG1;197075858;0,032527483;hg38
416;cg13078590;194;;0;0;ReprPC4;-0,217245338;0,032559017;0,338129552;97;0,097755675;Axolotl;Ambystoma mexicanum;-2,137479429;9;LOC101929116;126107793;0,032559017;hg38
417;cg04126539;;223;0;0;EnhA2;0,217199126;0,032596888;0,338129552;97;0,097757735;Axolotl;Ambystoma mexicanum;2,137013573;6;RUNX2;45538699;0,032596888;hg38
418;cg11518941;;224;0;1;BivProm4;0,21710658;0,03267284;0,338129552;97;0,097761859;Axolotl;Ambystoma mexicanum;2,136080653;16;FOXL1;86578285;0,03267284;hg38
419;cg18301725;;225;0;0;Quies3;0,216674633;0,033029316;0,340231534;97;0,097781083;Axolotl;Ambystoma mexicanum;2,131726749;4;LRBA;150628311;0,033029316;hg38
420;cg08642246;195;;0;0;TxEnh4;-0,216669886;0,033033252;0,340231534;97;0,097781294;Axolotl;Ambystoma mexicanum;-2,131678903;1;SMG7;183517743;0,033033252;hg38
421;cg23306187;196;;0;0;ReprPC2;-0,216149037;0,033467492;0,343030537;97;0,097804423;Axolotl;Ambystoma mexicanum;-2,126429764;4;POU4F2;146631616;0,033467492;hg38
422;cg05600721;197;;0;0;EnhWk4;-0,215967838;0,033619683;0,343030537;97;0,097812456;Axolotl;Ambystoma mexicanum;-2,124603847;19;ZNF536;30512280;0,033619683;hg38
423;cg23272565;198;;0;0;Quies3;-0,215888051;0,033686881;0,343030537;97;0,097815991;Axolotl;Ambystoma mexicanum;-2,123799881;10;MGMT;129571632;0,033686881;hg38
424;cg17609877;;226;0;0;ReprPC9;0,215796594;0,033764047;0,343030537;97;0,097820042;Axolotl;Ambystoma mexicanum;2,122878354;8;SULF1;69586413;0,033764047;hg38
425;cg04989360;199;;0;0;EnhA5;-0,21577717;0,033780455;0,343030537;97;0,097820902;Axolotl;Ambystoma mexicanum;-2,122682635;8;ZFPM2;105139514;0,033780455;hg38
426;cg01503390;200;;0;0;TxEx1;-0,215776768;0,033780795;0,343030537;97;0,09782092;Axolotl;Ambystoma mexicanum;-2,122678585;11;SF1;64773478;0,033780795;hg38
427;cg06222302;201;;0;0;EnhA17;-0,215635449;0,033900373;0,343438618;97;0,097827175;Axolotl;Ambystoma mexicanum;-2,12125471;10;LRMDA;75904879;0,033900373;hg38
428;cg02057025;202;;0;0;Quies2;-0,2155347;0,033985842;0,34350003;97;0,097831632;Axolotl;Ambystoma mexicanum;-2,120239634;16;RBFOX1;7710728;0,033985842;hg38
429;cg23650312;;227;0;0;BivProm2;0,215349092;0,034143771;0,343696665;97;0,097839837;Axolotl;Ambystoma mexicanum;2,118369685;23;ZIC3;137568964;0,034143771;hg38
430;cg03039203;203;;0;0;Acet1;-0,215324669;0,034164598;0,343696665;97;0,097840916;Axolotl;Ambystoma mexicanum;-2,118123636;7;PCLO;82822506;0,034164598;hg38
431;cg15850080;204;;0;0;TxEx1;-0,215168156;0,034298319;0,343696665;97;0,097847829;Axolotl;Ambystoma mexicanum;-2,116546919;11;EIF4G2;10802149;0,034298319;hg38
432;cg17137627;;228;0;0;EnhA17;0,215079063;0,034374635;0,343696665;97;0,097851762;Axolotl;Ambystoma mexicanum;2,115649422;11;SOX6;16192022;0,034374635;hg38
433;cg16451976;205;;0;0;EnhA17;-0,21504651;0,034402555;0,343696665;97;0,097853198;Axolotl;Ambystoma mexicanum;-2,115321506;2;ARHGAP15;143347326;0,034402555;hg38
434;cg11781618;206;;0;0;Quies1;-0,214834135;0,034585172;0,343978228;97;0,097862565;Axolotl;Ambystoma mexicanum;-2,113182249;2;NRXN1;50621300;0,034585172;hg38
435;cg25049678;207;;0;0;Tx7;-0,214828798;0,034589771;0,343978228;97;0,0978628;Axolotl;Ambystoma mexicanum;-2,113128495;4;FBXW7;152322031;0,034589771;hg38
436;cg07039889;208;;0;0;TxEx1;-0,214731823;0,034673439;0,344019408;97;0,097867074;Axolotl;Ambystoma mexicanum;-2,112151714;1;CCNL2;1393423;0,034673439;hg38
437;cg03334831;209;;0;0;ReprPC7;-0,214380081;0,034978339;0,346250385;97;0,09788256;Axolotl;Ambystoma mexicanum;-2,108609075;14;MYH7;23429850;0,034978339;hg38
438;cg26955784;;229;0;1;BivProm2;0,214020982;0,035291937;0,34855708;97;0,097898343;Axolotl;Ambystoma mexicanum;2,104992772;2;HOXD10;176119184;0,035291937;hg38
439;cg02112277;210;;0;0;Acet5;-0,213842144;0,035448994;0,349310719;97;0,097906194;Axolotl;Ambystoma mexicanum;-2,103191948;4;MIR297;111501384;0,035448994;hg38
440;cg22815188;;230;0;0;TxEnh1;0,213747018;0,035532773;0,349340507;97;0,097910367;Axolotl;Ambystoma mexicanum;2,102234111;16;CRNDE;54921261;0,035532773;hg38
441;cg22209761;211;;0;0;TxEx1;-0,213611607;0,035652318;0,349720995;97;0,097916304;Axolotl;Ambystoma mexicanum;-2,100870697;23;OGT;71546378;0,035652318;hg38
442;cg23413592;;231;0;0;TxEnh1;0,213412409;0,035828791;0,350210201;97;0,097925032;Axolotl;Ambystoma mexicanum;2,098865135;9;MAPKAP1;125644740;0,035828791;hg38
443;cg14399158;;232;0;0;TxEx2;0,213372646;0,035864105;0,350210201;97;0,097926773;Axolotl;Ambystoma mexicanum;2,098464813;11;ZBTB44;130236994;0,035864105;hg38
444;cg19697564;212;;0;0;Tx7;-0,213122884;0,036086592;0,351589111;97;0,097937702;Axolotl;Ambystoma mexicanum;-2,095950392;1;PKN2;88833311;0,036086592;hg38
445;cg06177598;;233;0;0;EnhA15;0,212906063;0,036280673;0,352685692;97;0,097947179;Axolotl;Ambystoma mexicanum;2,093767767;2;SATB2;198968098;0,036280673;hg38
446;cg18819444;213;;0;0;EnhA17;-0,212530505;0,036618913;0,353619751;97;0,097963571;Axolotl;Ambystoma mexicanum;-2,089987604;1;LINC01364;87643113;0,036618913;hg38
447;cg00542737;214;;0;0;EnhA1;-0,212508626;0,0366387;0,353619751;97;0,097964526;Axolotl;Ambystoma mexicanum;-2,089767394;6;CASC15;22149950;0,0366387;hg38
448;cg12810600;215;;0;0;Tx7;-0,212349962;0,036782455;0,353619751;97;0,097971442;Axolotl;Ambystoma mexicanum;-2,088170526;1;LMO4;87341222;0,036782455;hg38
449;cg11481170;216;;0;0;ReprPC4;-0,212332337;0,036798453;0,353619751;97;0,09797221;Axolotl;Ambystoma mexicanum;-2,087993145;4;PHOX2B;41784861;0,036798453;hg38
450;cg26420826;217;;0;0;EnhA8;-0,212274517;0,036850977;0,353619751;97;0,097974728;Axolotl;Ambystoma mexicanum;-2,08741124;6;MAPK14;36100214;0,036850977;hg38
451;cg03225524;;234;0;0;TxEx2;0,212211188;0,036908577;0,353619751;97;0,097977487;Axolotl;Ambystoma mexicanum;2,086773902;19;CNOT3;54143459;0,036908577;hg38
452;cg22661206;;235;0;0;EnhWk6;0,212166819;0,036948978;0,353619751;97;0,097979418;Axolotl;Ambystoma mexicanum;2,086327383;7;IKZF1;50382076;0,036948978;hg38
453;cg09430010;;236;0;0;TxEx3;0,2116547;0,037417977;0,356476667;97;0,098001687;Axolotl;Ambystoma mexicanum;2,081174063;6;DST;56463137;0,037417977;hg38
454;cg15513100;218;;0;0;Tx2;-0,211625863;0,037444534;0,356476667;97;0,098002939;Axolotl;Ambystoma mexicanum;-2,080883904;16;ZFHX3;72802371;0,037444534;hg38
455;cg07733185;;237;0;0;TxWk2;0,211561002;0,037504323;0,356476667;97;0,098005755;Axolotl;Ambystoma mexicanum;2,080231298;7;GRM3;86839681;0,037504323;hg38
456;cg14627595;;238;0;0;TxEnh4;0,211441675;0,037614528;0,356476667;97;0,098010934;Axolotl;Ambystoma mexicanum;2,079030706;1;STX6;180988269;0,037614528;hg38
457;cg14550429;;239;0;1;TSS2;0,211046971;0,037980995;0,356476667;97;0,098028043;Axolotl;Ambystoma mexicanum;2,075059779;6;FOXC1;1610455;0,037980995;hg38
458;cg01211648;219;;0;0;HET1;-0,211007971;0,038017367;0,356476667;97;0,098029732;Axolotl;Ambystoma mexicanum;-2,074667444;6;LOC101927314;98272249;0,038017367;hg38
459;cg07405789;220;;0;0;Tx7;-0,210862723;0,038153082;0,356476667;97;0,098036019;Axolotl;Ambystoma mexicanum;-2,07320632;7;CAPZA2;116917784;0,038153082;hg38
460;cg25424883;221;;0;0;TxEx2;-0,210853988;0,038161257;0,356476667;97;0,098036397;Axolotl;Ambystoma mexicanum;-2,073118454;2;WDR33;127763116;0,038161257;hg38
461;cg25820456;222;;0;0;TxEnh7;-0,210795948;0,03821561;0,356476667;97;0,098038907;Axolotl;Ambystoma mexicanum;-2,07253463;12;RARG;53215725;0,03821561;hg38
462;cg22661055;223;;0;0;ReprPC3;-0,210748881;0,038259736;0,356476667;97;0,098040943;Axolotl;Ambystoma mexicanum;-2,072061181;18;SMIM21;75363241;0,038259736;hg38
463;cg12613198;224;;0;0;Quies3;-0,210741315;0,038266833;0,356476667;97;0,09804127;Axolotl;Ambystoma mexicanum;-2,071985076;1;LINC01364;87965693;0,038266833;hg38
464;cg00240849;;240;0;0;EnhA4;0,210727785;0,038279527;0,356476667;97;0,098041855;Axolotl;Ambystoma mexicanum;2,071848981;4;SLC4A4;71560146;0,038279527;hg38
465;cg19319707;;241;0;0;EnhA6;0,210685984;0,038318768;0,356476667;97;0,098043663;Axolotl;Ambystoma mexicanum;2,071428516;8;LINC01605;37380796;0,038318768;hg38
466;cg21909259;;242;0;0;EnhA6;0,210574634;0,038423464;0,356683578;97;0,098048475;Axolotl;Ambystoma mexicanum;2,070308505;9;DENND1A;123473552;0,038423464;hg38
467;cg11244870;;243;0;0;BivProm3;0,21031271;0,038670677;0,358209759;97;0,098059786;Axolotl;Ambystoma mexicanum;2,067674122;6;FNDC1;159229836;0,038670677;hg38
468;cg06795284;225;;0;0;EnhWk8;-0,209959167;0,039006473;0,360548217;97;0,09807503;Axolotl;Ambystoma mexicanum;-2,064118596;5;MGC32805;122571567;0,039006473;hg38
469;cg09075048;226;;0;0;BivProm3;-0,209833599;0,039126322;0,360884892;97;0,098080438;Axolotl;Ambystoma mexicanum;-2,062855891;10;LINC02667;129034263;0,039126322;hg38
470;cg18120675;227;;0;1;BivProm2;-0,209377476;0,039564266;0,364147874;97;0,098100056;Axolotl;Ambystoma mexicanum;-2,058269541;2;SIX3;44942756;0,039564266;hg38
471;cg26385432;;244;0;0;Tx8;0,209260473;0,039677263;0,364412544;97;0,098105082;Axolotl;Ambystoma mexicanum;2,057093187;9;DENND1A;123450706;0,039677263;hg38
472;cg06887993;;245;0;0;ReprPC6;0,209152091;0,039782174;0,364551759;97;0,098109734;Axolotl;Ambystoma mexicanum;2,056003546;3;MECOM-AS1;169476617;0,039782174;hg38
473;cg12675036;;246;0;0;TxEnh4;0,209068084;0,039863652;0,364551759;97;0,098113339;Axolotl;Ambystoma mexicanum;2,055158982;12;C2CD5;22519233;0,039863652;hg38
474;cg20807423;228;;0;0;EnhA17;-0,208984106;0,039945239;0,364551759;97;0,098116941;Axolotl;Ambystoma mexicanum;-2,054314744;12;SOX5;23703084;0,039945239;hg38
475;cg18086725;229;;0;0;EnhA2;-0,208689082;0,040232971;0,365915583;97;0,098129583;Axolotl;Ambystoma mexicanum;-2,051349008;8;LINC01605;37452875;0,040232971;hg38
476;cg13912499;;247;0;0;EnhA6;0,208607291;0,040313046;0,365915583;97;0,098133085;Axolotl;Ambystoma mexicanum;2,050526858;9;MVB12B;126437695;0,040313046;hg38
477;cg08399485;230;;0;0;EnhA17;-0,20857118;0,040348441;0,365915583;97;0,098134631;Axolotl;Ambystoma mexicanum;-2,05016388;5;LINC00461;88555871;0,040348441;hg38
478;cg20008438;231;;0;0;TxEx2;-0,208189965;0,040723689;0,368546029;97;0,098150931;Axolotl;Ambystoma mexicanum;-2,046332288;11;DDB1;61309822;0,040723689;hg38
479;cg08831341;;248;0;0;EnhA1;0,208079253;0,040833212;0,368765728;97;0,098155659;Axolotl;Ambystoma mexicanum;2,045219608;18;TCF4;55423709;0,040833212;hg38
480;cg07504030;;249;0;0;TxEx1;0,207811965;0,041098642;0,370389571;97;0,098167064;Axolotl;Ambystoma mexicanum;2,042533483;5;SMAD5;136153809;0,041098642;hg38
481;cg12421693;232;;0;0;Acet2;-0,207629043;0,04128112;0,371260644;97;0,098174861;Axolotl;Ambystoma mexicanum;-2,04069533;1;ESRRG;216518256;0,04128112;hg38
482;cg27188233;;250;0;0;EnhWk4;0,207363778;0,04154694;0,372530939;97;0,098186155;Axolotl;Ambystoma mexicanum;2,038029925;3;KCNH8;18986964;0,04154694;hg38
483;cg06182411;;251;0;0;ReprPC1;0,207316367;0,041594601;0,372530939;97;0,098188172;Axolotl;Ambystoma mexicanum;2,037553559;1;RNF220;44409556;0,041594601;hg38
484;cg10991266;;252;0;0;Quies1;0,207216536;0,041695105;0,37265953;97;0,098192418;Axolotl;Ambystoma mexicanum;2,036550524;13;DACH1;71587212;0,041695105;hg38
485;cg20059238;;253;0;0;EnhA20;0,206886771;0,042028536;0,374865126;97;0,098206429;Axolotl;Ambystoma mexicanum;2,033237485;2;WDPCP;63434717;0,042028536;hg38
486;cg03843987;233;;0;0;TxEnh4;-0,206725379;0,042192528;0,375449036;97;0,098213277;Axolotl;Ambystoma mexicanum;-2,031616175;9;PTBP3;112250991;0,042192528;hg38
487;cg04481096;;254;0;1;BivProm4;0,206651687;0,042267585;0,375449036;97;0,098216403;Axolotl;Ambystoma mexicanum;2,0308759;7;HOXA2;27102481;0,042267585;hg38
488;cg23664745;234;;0;0;ReprPC5;-0,206266799;0,042661409;0,376855741;97;0,098232709;Axolotl;Ambystoma mexicanum;-2,027009813;17;SSTR2;73169665;0,042661409;hg38
489;cg12574219;;255;0;0;EnhA17;0,206247811;0,042680917;0,376855741;97;0,098233512;Axolotl;Ambystoma mexicanum;2,026819096;2;CAMKMT;44706946;0,042680917;hg38
490;cg24570290;;256;0;0;EnhA2;0,206221243;0,042708224;0,376855741;97;0,098234636;Axolotl;Ambystoma mexicanum;2,026552247;13;DACH1;71524893;0,042708224;hg38
491;cg01631669;235;;0;0;TxEnh1;-0,206151181;0,042780305;0,376855741;97;0,098237601;Axolotl;Ambystoma mexicanum;-2,025848565;19;TSHZ3;31346540;0,042780305;hg38
492;cg04110052;236;;0;0;TxEx2;-0,205992625;0,042943807;0,376855741;97;0,098244305;Axolotl;Ambystoma mexicanum;-2,024256113;1;LMO4;87340068;0,042943807;hg38
493;cg24546928;237;;0;0;TxEx3;-0,205987934;0,042948652;0,376855741;97;0,098244503;Axolotl;Ambystoma mexicanum;-2,024209002;1;ARHGEF10L;17623068;0,042948652;hg38
494;cg20733004;;257;0;0;ReprPC5;0,205891968;0,043047873;0,37688984;97;0,098248559;Axolotl;Ambystoma mexicanum;2,023245208;10;HIF1AN;100615304;0,043047873;hg38
495;cg25860089;;258;0;1;BivProm1;0,205762025;0,043182525;0,37688984;97;0,098254047;Axolotl;Ambystoma mexicanum;2,021940245;12;HOXC4;54053966;0,043182525;hg38
496;cg00887670;238;;0;0;TxEx2;-0,205731785;0,043213912;0,37688984;97;0,098255324;Axolotl;Ambystoma mexicanum;-2,021636558;2;CLASP1;121418681;0,043213912;hg38
497;cg15772697;239;;0;0;Quies2;-0,205643427;0,043305729;0,376918626;97;0,098259053;Axolotl;Ambystoma mexicanum;-2,02074925;5;LINC01947;166553976;0,043305729;hg38
498;cg19142614;240;;0;0;EnhA4;-0,20556105;0,043391476;0,376918626;97;0,098262528;Axolotl;Ambystoma mexicanum;-2,019922029;2;TEX41;145028404;0,043391476;hg38
499;cg03214411;241;;0;0;TxWk2;-0,20527595;0,043689331;0,377879645;97;0,098274546;Axolotl;Ambystoma mexicanum;-2,017059246;4;GRIA2;157362920;0,043689331;hg38
500;cg08766364;242;;0;0;EnhA10;-0,205249723;0,043716817;0,377879645;97;0,09827565;Axolotl;Ambystoma mexicanum;-2,016795904;8;ZFPM2-AS1;105747638;0,043716817;hg38
501;cg00811020;243;;0;0;PromF3;-0,205194539;0,043774696;0,377879645;97;0,098277974;Axolotl;Ambystoma mexicanum;-2,016241818;14;NAA30;57391617;0,043774696;hg38
502;cg14155184;244;;0;0;TxEnh5;-0,205095238;0,043879007;0,377879645;97;0,098282154;Axolotl;Ambystoma mexicanum;-2,015244791;6;TMEM63B;44152688;0,043879007;hg38
503;cg08193095;245;;0;0;ReprPC3;-0,204986209;0,043993774;0,377879645;97;0,098286741;Axolotl;Ambystoma mexicanum;-2,01415013;1;LHX9;197931958;0,043993774;hg38
504;cg10736991;246;;0;0;EnhWk4;-0,204955417;0,044026232;0,377879645;97;0,098288036;Axolotl;Ambystoma mexicanum;-2,01384098;2;ATP5MC3;175402888;0,044026232;hg38
505;cg14412072;;259;0;0;EnhA15;0,20473216;0,044262161;0,379152352;97;0,098297421;Axolotl;Ambystoma mexicanum;2,011599607;3;ZBTB20;114716274;0,044262161;hg38
506;cg01918593;;260;0;0;EnhA17;0,204511929;0,044495921;0,379909744;97;0,098306667;Axolotl;Ambystoma mexicanum;2,009388765;2;CAMKMT;44680366;0,044495921;hg38
507;cg08691554;;261;0;0;TxEnh4;0,204453727;0,044557869;0,379909744;97;0,09830911;Axolotl;Ambystoma mexicanum;2,008804513;17;CAVIN1;42405177;0,044557869;hg38
508;cg16986738;;262;0;0;EnhA14;0,204401005;0,044614047;0,379909744;97;0,098311321;Axolotl;Ambystoma mexicanum;2,008275278;12;CACNA1C;2633643;0,044614047;hg38
509;cg27388341;;263;0;0;Tx5;0,204069277;0,044968867;0,381188143;97;0,098325223;Axolotl;Ambystoma mexicanum;2,004945562;3;STAG1;136521329;0,044968867;hg38
510;cg16981766;;264;0;0;TxEx1;0,203967234;0,045078483;0,381188143;97;0,098329495;Axolotl;Ambystoma mexicanum;2,003921375;2;INO80D;206062971;0,045078483;hg38
511;cg13996934;247;;0;1;ReprPC2;-0,203904563;0,045145915;0,381188143;97;0,098332118;Axolotl;Ambystoma mexicanum;-2,003292381;10;PTF1A;23198470;0,045145915;hg38
512;cg15169047;248;;0;0;Acet1;-0,20385834;0,045195704;0,381188143;97;0,098334052;Axolotl;Ambystoma mexicanum;-2,002828464;9;BRINP1;119167743;0,045195704;hg38
513;cg14497036;249;;0;0;EnhA19;-0,203744092;0,045318959;0,381188143;97;0,098338829;Axolotl;Ambystoma mexicanum;-2,00168186;4;ANTXR2;79964480;0,045318959;hg38
514;cg15047244;250;;0;0;EnhWk4;-0,203680378;0,045387817;0,381188143;97;0,098341493;Axolotl;Ambystoma mexicanum;-2,001042437;18;ZNF521;25176418;0,045387817;hg38
515;cg18271972;;265;0;0;EnhA5;0,20358101;0,045495381;0,381188143;97;0,098345645;Axolotl;Ambystoma mexicanum;2,000045224;16;LINC02140;54459960;0,045495381;hg38
516;cg20408384;;266;0;0;TxEnh7;0,203439197;0,045649256;0,381188143;97;0,098351567;Axolotl;Ambystoma mexicanum;1,998622109;9;NFIB;14303666;0,045649256;hg38
517;cg14819454;;267;0;0;EnhA17;0,203343234;0,045753627;0,381188143;97;0,098355572;Axolotl;Ambystoma mexicanum;1,997659139;5;EBF1;158824378;0,045753627;hg38
518;cg24993070;;268;0;0;EnhA17;0,203318716;0,045780325;0,381188143;97;0,098356595;Axolotl;Ambystoma mexicanum;1,997413107;7;LINC02860;26657687;0,045780325;hg38
519;cg15412281;;269;0;0;EnhA17;0,203312322;0,045787289;0,381188143;97;0,098356861;Axolotl;Ambystoma mexicanum;1,997348953;8;ST18;52254667;0,045787289;hg38
520;cg26160460;251;;0;0;Tx4;-0,203078987;0,046042048;0,381188143;97;0,09836659;Axolotl;Ambystoma mexicanum;-1,995007624;1;MIR181A1HG;198859080;0,046042048;hg38
521;cg16480545;252;;0;0;EnhWk3;-0,203077515;0,046043658;0,381188143;97;0,098366652;Axolotl;Ambystoma mexicanum;-1,994992862;19;THEG5;31718172;0,046043658;hg38
522;cg07919628;;270;0;0;EnhA17;0,203069746;0,046052162;0,381188143;97;0,098366975;Axolotl;Ambystoma mexicanum;1,994914903;12;SOX5;23810452;0,046052162;hg38
523;cg03215611;;271;0;0;Tx7;0,203005506;0,046122518;0,381188143;97;0,098369652;Axolotl;Ambystoma mexicanum;1,994270345;3;SLC25A36;140966995;0,046122518;hg38
524;cg13944966;253;;0;0;ReprPC2,BivProm3;-0,202957772;0,046174856;0,381188143;97;0,09837164;Axolotl;Ambystoma mexicanum;-1,993791402;1;AIM2;159141660;0,046174856;hg38
525;cg12433048;254;;0;0;TxEx4;-0,20287822;0,046262188;0,381188143;97;0,098374952;Axolotl;Ambystoma mexicanum;-1,992993236;5;CSNK1A1;149517958;0,046262188;hg38
526;cg04098553;255;;0;0;BivProm4;-0,202770036;0,046381171;0,381255331;97;0,098379455;Axolotl;Ambystoma mexicanum;-1,991907835;11;TEAD1;12864906;0,046381171;hg38
527;cg02002334;;272;0;0;Tx8;0,202710635;0,04644661;0,381255331;97;0,098381926;Axolotl;Ambystoma mexicanum;1,991311883;3;IQCJ-SCHIP1;159888876;0,04644661;hg38
528;cg13540307;;273;0;0;EnhWk4;0,202489308;0,046691108;0,381510847;97;0,098391127;Axolotl;Ambystoma mexicanum;1,989091465;5;NR2F1-AS1;93402107;0,046691108;hg38
529;cg04243635;;274;0;1;ReprPC2;0,202464325;0,046718774;0,381510847;97;0,098392165;Axolotl;Ambystoma mexicanum;1,988840839;4;PHOX2B;41748101;0,046718774;hg38
530;cg02376954;256;;0;0;TxEnh4;-0,20243343;0,046753004;0,381510847;97;0,098393448;Axolotl;Ambystoma mexicanum;-1,988530906;19;DAZAP1;1425897;0,046753004;hg38
531;cg24025580;;275;0;0;TxEnh5;0,202304655;0,046895907;0,381510847;97;0,098398796;Axolotl;Ambystoma mexicanum;1,987239097;11;GRAMD1B;123594824;0,046895907;hg38
532;cg22225812;;276;0;0;HET1;0,202284142;0,046918703;0,381510847;97;0,098399647;Axolotl;Ambystoma mexicanum;1,98703333;21;DSCAM;40339149;0,046918703;hg38
533;cg21504673;257;;0;0;BivProm3;-0,202013448;0,047220396;0,383243623;97;0,098410876;Axolotl;Ambystoma mexicanum;-1,984318042;22;CACNG2;36587464;0,047220396;hg38
534;cg11551674;;277;0;0;Acet3;0,201919559;0,047325411;0,383376648;97;0,098414767;Axolotl;Ambystoma mexicanum;1,983376314;6;LOC100506207;8468859;0,047325411;hg38
535;cg19632501;258;;0;0;TxEx3;-0,201628334;0,047652376;0,384717735;97;0,098426824;Axolotl;Ambystoma mexicanum;-1,980455436;17;FLOT2;28884264;0,047652376;hg38
536;cg26132310;259;;0;0;TxEnh6;-0,201613724;0,047668828;0,384717735;97;0,098427429;Axolotl;Ambystoma mexicanum;-1,98030891;2;BCL11A;60546038;0,047668828;hg38
537;cg06299803;260;;0;0;Tx6;-0,201508403;0,047787567;0,38495783;97;0,098431785;Axolotl;Ambystoma mexicanum;-1,979252653;3;LOC101928323;42621482;0,047787567;hg38
538;cg21801213;261;;0;0;Tx5;-0,201303051;0,048019786;0,386109483;97;0,098440272;Axolotl;Ambystoma mexicanum;-1,977193285;16;ZFHX3;72957986;0,048019786;hg38
539;cg18628648;262;;0;1;PromF5;-0,200640444;0,048775455;0,391112527;97;0,098467596;Axolotl;Ambystoma mexicanum;-1,970549264;15;NR2F2;96332493;0,048775455;hg38
540;cg01711379;263;;0;0;BivProm3;-0,200540331;0,048890478;0,391112527;97;0,098471717;Axolotl;Ambystoma mexicanum;-1,969545546;12;MGST1;16600724;0,048890478;hg38
541;cg21197193;;278;0;1;ReprPC1;0,200520539;0,048913244;0,391112527;97;0,098472532;Axolotl;Ambystoma mexicanum;1,969347113;7;UNCX;1238600;0,048913244;hg38
542;cg16299341;264;;0;0;PromF4;-0,200406952;0,04904407;0,391220118;97;0,098477204;Axolotl;Ambystoma mexicanum;-1,968208349;1;OSBPL9;51617152;0,04904407;hg38
543;cg13449577;265;;0;0;TxEnh8;-0,200322569;0,049141446;0,391220118;97;0,098480673;Axolotl;Ambystoma mexicanum;-1,967362399;1;NEK7;198295406;0,049141446;hg38
544;cg10586028;266;;0;0;TxWk1;-0,200273614;0,049198013;0,391220118;97;0,098482685;Axolotl;Ambystoma mexicanum;-1,966871624;13;CDK8;26382853;0,049198013;hg38
545;cg18486719;267;;0;0;BivProm3;-0,200193137;0,049291119;0,391241305;97;0,098485992;Axolotl;Ambystoma mexicanum;-1,966064856;20;CFAP61;20199821;0,049291119;hg38
546;cg18840480;;279;0;0;Tx6;0,199953014;0,049569789;0,391896968;97;0,09849585;Axolotl;Ambystoma mexicanum;1,963657809;12;KRAS;25215520;0,049569789;hg38
547;cg24128008;268;;0;0;ReprPC2;-0,199940385;0,049584482;0,391896968;97;0,098496368;Axolotl;Ambystoma mexicanum;-1,963531209;13;LINC00557;94967006;0,049584482;hg38
548;cg23695418;269;;0;0;ReprPC4;-0,199810493;0,049735803;0,391896968;97;0,098501695;Axolotl;Ambystoma mexicanum;-1,96222922;20;LINC01524;52763789;0,049735803;hg38
549;cg05066539;270;;1;0;PromF3;-0,199791908;0,049757485;0,391896968;97;0,098502457;Axolotl;Ambystoma mexicanum;-1,962042939;7;ACHE;100890290;0,049757485;hg38
550;cg02261822;271;;0;1;BivProm4;-0,199706181;0,049857601;0,391896968;97;0,098505971;Axolotl;Ambystoma mexicanum;-1,961183674;19;NFIX;13025451;0,049857601;hg38
551;cg01319431;272;;0;0;Quies5;-0,199655139;0,049917288;0,391896968;97;0,098508062;Axolotl;Ambystoma mexicanum;-1,96067208;23;DMD;32816552;0,049917288;hg38
552;cg04477970;;280;0;0;PromF6;0,199569586;0,050017464;0,391972061;97;0,098511567;Axolotl;Ambystoma mexicanum;1,959814599;3;EIF1B;40310921;0,050017464;hg38
553;cg07275387;;281;0;0;EnhWk4;0,199417218;0,050196287;0,39205538;97;0,098517804;Axolotl;Ambystoma mexicanum;1,958287497;1;PRDM16;3274368;0,050196287;hg38
554;cg09543858;;282;0;0;Tx7;0,199406099;0,050209357;0,39205538;97;0,098518259;Axolotl;Ambystoma mexicanum;1,958176059;10;SGMS1;50343639;0,050209357;hg38
555;cg10133742;273;;0;0;ReprPC7;-0,199153335;0,050507233;0,392379012;97;0,098528595;Axolotl;Ambystoma mexicanum;-1,955642921;6;GRM4;34028252;0,050507233;hg38
556;cg09911517;;283;0;0;EnhA17;0,199057355;0,050620724;0,392379012;97;0,098532516;Axolotl;Ambystoma mexicanum;1,954681087;17;ACACA;37132112;0,050620724;hg38
557;cg05757789;;284;0;1;ReprPC1;0,198991136;0,050699147;0,392379012;97;0,09853522;Axolotl;Ambystoma mexicanum;1,954017509;2;TBR1;161417723;0,050699147;hg38
558;cg24959302;;285;0;0;EnhA2;0,198953872;0,050743323;0,392379012;97;0,098536742;Axolotl;Ambystoma mexicanum;1,953644086;8;ZFPM2-AS1;105662051;0,050743323;hg38
559;cg23939000;;286;0;0;EnhA4;0,198928816;0,050773044;0,392379012;97;0,098537765;Axolotl;Ambystoma mexicanum;1,953393009;20;PLCB4;9409141;0,050773044;hg38
560;cg01434508;274;;0;0;EnhA1;-0,198908196;0,050797514;0,392379012;97;0,098538606;Axolotl;Ambystoma mexicanum;-1,953186381;11;TEAD1;12864752;0,050797514;hg38
561;cg23245556;275;;0;1;PromF2;-0,198758017;0,050976027;0,392379012;97;0,098544733;Axolotl;Ambystoma mexicanum;-1,951681532;6;UTRN;144583518;0,050976027;hg38
562;cg13220278;276;;0;0;EnhWk3;-0,198697597;0,051047991;0,392379012;97;0,098547197;Axolotl;Ambystoma mexicanum;-1,95107612;7;NEUROD6;31235443;0,051047991;hg38
563;cg19221572;;287;0;0;TxEnh5;0,198681521;0,051067153;0,392379012;97;0,098547853;Axolotl;Ambystoma mexicanum;1,950915044;9;CNTLN;17342817;0,051067153;hg38
564;cg01899622;;288;0;0;EnhA2;0,198328453;0,05148949;0,394922614;97;0,098562234;Axolotl;Ambystoma mexicanum;1,947377532;9;MAPKAP1;125462944;0,05148949;hg38
565;cg25810458;;289;0;0;Quies3;0,19824141;0,051594051;0,3950242;97;0,098565776;Axolotl;Ambystoma mexicanum;1,946505472;18;ZNF407;74878520;0,051594051;hg38
566;cg10450703;;290;0;0;Tx7;0,198007593;0,051875791;0,395959211;97;0,098575281;Axolotl;Ambystoma mexicanum;1,944163056;1;SSBP3;54239136;0,051875791;hg38
567;cg01080993;277;;0;0;EnhWk8;-0,197920003;0,05198166;0,395959211;97;0,098578839;Axolotl;Ambystoma mexicanum;-1,943285606;23;POLA1;24982099;0,05198166;hg38
568;cg26422848;;291;0;0;TxEx2;0,19791247;0,051990772;0,395959211;97;0,098579145;Axolotl;Ambystoma mexicanum;1,943210152;9;UBE2R2;33917144;0,051990772;hg38
569;cg08933237;;292;0;0;Tx5;0,197835662;0,052083768;0,395970333;97;0,098582264;Axolotl;Ambystoma mexicanum;1,942440735;3;MAGI1;65375855;0,052083768;hg38
570;cg19163499;;293;0;0;TxEnh6;0,197460322;0,052540185;0,396547393;97;0,098597486;Axolotl;Ambystoma mexicanum;1,938681071;1;SDCCAG8;243416048;0,052540185;hg38
571;cg27643844;;294;0;0;ReprPC9;0,197412984;0,052597982;0,396547393;97;0,098599404;Axolotl;Ambystoma mexicanum;1,938206928;8;LINC00251;65274624;0,052597982;hg38
572;cg09227751;;295;0;0;EnhA2;0,197362216;0,052660023;0,396547393;97;0,09860146;Axolotl;Ambystoma mexicanum;1,937698447;18;ZNF521;25285242;0,052660023;hg38
573;cg20928174;;296;0;0;Tx5;0,197234163;0,052816782;0,396547393;97;0,098606645;Axolotl;Ambystoma mexicanum;1,936415914;2;BCL11A;60461725;0,052816782;hg38
574;cg07189644;;297;0;1;ReprPC1;0,197217505;0,052837202;0,396547393;97;0,098607319;Axolotl;Ambystoma mexicanum;1,936249082;7;UNCX;1226427;0,052837202;hg38
575;cg17589528;;298;0;0;TxEnh5;0,197171907;0,052893131;0,396547393;97;0,098609164;Axolotl;Ambystoma mexicanum;1,935792406;23;DLG3;70497208;0,052893131;hg38
576;cg12154271;;299;0;0;TxEnh3;0,197138118;0,052934609;0,396547393;97;0,098610531;Axolotl;Ambystoma mexicanum;1,935453996;19;HNRNPM;8462545;0,052934609;hg38
577;cg00389116;;300;0;0;EnhWk8;0,197105005;0,052975281;0,396547393;97;0,09861187;Axolotl;Ambystoma mexicanum;1,935122369;18;ASXL3;33644943;0,052975281;hg38
578;cg05722263;278;;0;0;BivProm1;-0,197097346;0,052984692;0,396547393;97;0,09861218;Axolotl;Ambystoma mexicanum;-1,935045663;5;RGS7BP;64506655;0,052984692;hg38
579;cg02514296;279;;0;0;Quies3;-0,196352226;0,05390687;0,402752343;97;0,098642258;Axolotl;Ambystoma mexicanum;-1,927584162;9;PTPRD;8527323;0,05390687;hg38
580;cg11215720;;301;0;0;TxEx2;0,196188112;0,054111743;0,403585521;97;0,098648868;Axolotl;Ambystoma mexicanum;1,925940982;2;YPEL5;30158670;0,054111743;hg38
581;cg14397701;;302;0;0;TxEnh5;0,196113594;0,05420498;0,403585521;97;0,098651867;Axolotl;Ambystoma mexicanum;1,925194898;23;NLGN3;71167202;0,05420498;hg38
582;cg01280744;;303;0;0;Tx3;0,195879805;0,054498351;0,405072624;97;0,098661269;Axolotl;Ambystoma mexicanum;1,922854299;9;PBX3;125845497;0,054498351;hg38
583;cg00194417;;304;0;0;Quies1;0,195774283;0,054631191;0,405269699;97;0,09866551;Axolotl;Ambystoma mexicanum;1,92179791;19;THEG5;31593790;0,054631191;hg38
584;cg02730271;280;;0;0;ReprPC3;-0,195621312;0,054824237;0,405269699;97;0,098671652;Axolotl;Ambystoma mexicanum;-1,920266567;1;LHX9;197931955;0,054824237;hg38
585;cg23346326;281;;0;0;EnhWk4;-0,195568257;0,054891322;0,405269699;97;0,098673782;Axolotl;Ambystoma mexicanum;-1,919735465;9;LINC01507;80508051;0,054891322;hg38
586;cg21738950;;305;0;0;Tx2;0,195561709;0,054899606;0,405269699;97;0,098674044;Axolotl;Ambystoma mexicanum;1,919669918;10;TCF7L2;113120130;0,054899606;hg38
587;cg19971484;282;;0;0;EnhWk4;-0,195332122;0,055190718;0,40672462;97;0,098683252;Axolotl;Ambystoma mexicanum;-1,917371771;8;LOC102724710;92437795;0,055190718;hg38
588;cg22069272;;306;0;0;Acet3;0,195119383;0,055461595;0,407430057;97;0,098691774;Axolotl;Ambystoma mexicanum;1,915242418;13;PCDH9;66631276;0,055461595;hg38
589;cg16314644;;307;0;0;EnhA2;0,195051083;0,055548791;0,407430057;97;0,098694508;Axolotl;Ambystoma mexicanum;1,91455882;1;FOXD2;47579058;0,055548791;hg38
590;cg01648457;;308;0;0;TxEx1;0,195017658;0,055591505;0,407430057;97;0,098695846;Axolotl;Ambystoma mexicanum;1,914224278;1;CCNL2;1393454;0,055591505;hg38
591;cg18160843;283;;0;0;TxEx3;-0,194961615;0,055663181;0,407430057;97;0,098698088;Axolotl;Ambystoma mexicanum;-1,913663376;2;LOC100132215;62979230;0,055663181;hg38
592;cg25295401;;309;0;0;ReprPC4;0,194872541;0,05577726;0,407575426;97;0,098701651;Axolotl;Ambystoma mexicanum;1,912771898;1;PROX1;214067135;0,05577726;hg38
593;cg24605458;284;;0;0;EnhA19;-0,194568885;0,056167599;0,40973559;97;0,098713784;Axolotl;Ambystoma mexicanum;-1,909733003;6;PDSS2;107154360;0,056167599;hg38
594;cg15053735;;310;0;0;EnhA17;0,194388959;0,056399943;0,410403442;97;0,098720964;Axolotl;Ambystoma mexicanum;1,907932485;2;ZEB2;144445361;0,056399943;hg38
595;cg12907232;285;;0;0;TxEx1;-0,194351128;0,056448894;0,410403442;97;0,098722473;Axolotl;Ambystoma mexicanum;-1,90755393;23;USP9X;41123639;0,056448894;hg38
596;cg09336446;286;;0;0;EnhA6;-0,194263261;0,056562726;0,41054105;97;0,098725976;Axolotl;Ambystoma mexicanum;-1,906674696;2;LINC01935;103176677;0,056562726;hg38
597;cg12207173;;311;0;0;EnhWk1;0,194071234;0,056812152;0,410892402;97;0,098733627;Axolotl;Ambystoma mexicanum;1,904753265;11;GRIK4;120940449;0,056812152;hg38
598;cg08712796;287;;0;0;BivProm4;-0,194019359;0,056879686;0,410892402;97;0,098735692;Axolotl;Ambystoma mexicanum;-1,904234228;6;SIM1;100281482;0,056879686;hg38
599;cg07224849;288;;0;0;EnhA2;-0,193935913;0,05698846;0,410892402;97;0,098739014;Axolotl;Ambystoma mexicanum;-1,903399318;2;FIGN;164014433;0,05698846;hg38
600;cg02633867;289;;0;0;ReprPC2;-0,193892029;0,057045734;0,410892402;97;0,09874076;Axolotl;Ambystoma mexicanum;-1,90296024;13;OBI1-AS1;78588752;0,057045734;hg38
601;cg19258430;;312;0;0;znf1;0,193830761;0,057125772;0,410892402;97;0,098743197;Axolotl;Ambystoma mexicanum;1,90234725;9;CNTLN;17437119;0,057125772;hg38
602;cg16098283;;313;0;0;Acet2;0,193788492;0,057181044;0,410892402;97;0,098744878;Axolotl;Ambystoma mexicanum;1,901924358;2;LINC01876;155630962;0,057181044;hg38
603;cg23269439;;314;0;0;Quies5;0,193613549;0,057410273;0,41185545;97;0,098751832;Axolotl;Ambystoma mexicanum;1,900174126;23;CNKSR2;21516531;0,057410273;hg38
604;cg21762834;;315;0;0;Quies1;0,193163551;0,058003363;0,414669937;97;0,098769689;Axolotl;Ambystoma mexicanum;1,895672503;18;LINC01898;75658977;0,058003363;hg38
605;cg01052727;290;;0;0;BivProm2;-0,193136167;0,058039617;0,414669937;97;0,098770774;Axolotl;Ambystoma mexicanum;-1,89539858;2;BCL11A;60557581;0,058039617;hg38
606;cg05928030;;316;0;0;ReprPC9;0,193098004;0,058090171;0,414669937;97;0,098772286;Axolotl;Ambystoma mexicanum;1,895016838;8;SULF1;69586443;0,058090171;hg38
607;cg05787618;;317;0;0;EnhWk3;0,19288709;0,058370214;0,415553736;97;0,098780639;Axolotl;Ambystoma mexicanum;1,892907183;10;LRMDA;75646814;0,058370214;hg38
608;cg09731876;;318;0;0;EnhA15;0,192748299;0,058555095;0,415553736;97;0,09878613;Axolotl;Ambystoma mexicanum;1,891519012;18;WDR7;56911329;0,058555095;hg38
609;cg18548562;;319;0;0;EnhWk4;0,192682816;0,058642491;0,415553736;97;0,098788719;Axolotl;Ambystoma mexicanum;1,890864074;15;IQCH-AS1;67373890;0,058642491;hg38
610;cg00162326;291;;0;0;TxEx1;-0,192613731;0,05873481;0,415553736;97;0,09879145;Axolotl;Ambystoma mexicanum;-1,890173125;5;BRD9;886735;0,05873481;hg38
611;cg05719620;;320;0;0;ReprPC5;0,192542133;0,058830612;0,415553736;97;0,09879428;Axolotl;Ambystoma mexicanum;1,889457054;11;GRIK4;120962606;0,058830612;hg38
612;cg08339603;;321;0;0;EnhWk3;0,192520964;0,058858961;0,415553736;97;0,098795116;Axolotl;Ambystoma mexicanum;1,88924535;10;LRMDA;75646834;0,058858961;hg38
613;cg18758604;;322;0;0;ReprPC3;0,192500469;0,058886419;0,415553736;97;0,098795926;Axolotl;Ambystoma mexicanum;1,889040373;14;LINC00643;62127836;0,058886419;hg38
614;cg25279235;;323;0;0;Quies3;0,192367516;0,059064793;0,415894706;97;0,098801176;Axolotl;Ambystoma mexicanum;1,887710747;1;GPATCH2;217593352;0,059064793;hg38
615;cg25424749;292;;0;1;TSS2;-0,192159993;0,059344096;0,415894706;97;0,098809363;Axolotl;Ambystoma mexicanum;-1,885635457;19;LOC100505585;41928659;0,059344096;hg38
616;cg17944695;;324;0;0;ReprPC2;0,192078054;0,059454672;0,415894706;97;0,098812593;Axolotl;Ambystoma mexicanum;1,884816088;10;PAX2;100687893;0,059454672;hg38
617;cg20407054;;325;0;0;TxEnh2;0,192042217;0,059503088;0,415894706;97;0,098814005;Axolotl;Ambystoma mexicanum;1,884457727;3;UBA3;69077871;0,059503088;hg38
618;cg22850070;293;;0;0;EnhWk4;-0,191981042;0,059585808;0,415894706;97;0,098816415;Axolotl;Ambystoma mexicanum;-1,88384601;5;LINC01019;3512649;0,059585808;hg38
619;cg22346366;294;;0;0;EnhA5;-0,19197024;0,059600424;0,415894706;97;0,098816841;Axolotl;Ambystoma mexicanum;-1,883737999;15;MRPL46;88382297;0,059600424;hg38
620;cg10626997;;326;0;0;TxEx3;0,191886598;0,0597137;0,415894706;97;0,098820135;Axolotl;Ambystoma mexicanum;1,882901633;3;FOXP1;70972024;0,0597137;hg38
621;cg04647605;;327;0;0;Quies3;0,191833445;0,059785774;0,415894706;97;0,098822228;Axolotl;Ambystoma mexicanum;1,882370161;9;MAPKAP1;125669886;0,059785774;hg38
622;cg03476420;;328;0;0;TxWk1;0,191768585;0,059873822;0,415894706;97;0,09882478;Axolotl;Ambystoma mexicanum;1,881721628;9;RFX3;3301609;0,059873822;hg38
623;cg04777174;295;;0;0;EnhA1;-0,191752148;0,059896152;0,415894706;97;0,098825427;Axolotl;Ambystoma mexicanum;-1,881557277;2;LTBP1;33134810;0,059896152;hg38
624;cg17879286;296;;0;0;ReprPC3;-0,191533914;0,060193268;0,416479936;97;0,098834009;Axolotl;Ambystoma mexicanum;-1,879375287;4;SORBS2;185638083;0,060193268;hg38
625;cg20237169;297;;0;0;Tx6;-0,191527527;0,060201982;0,416479936;97;0,09883426;Axolotl;Ambystoma mexicanum;-1,87931143;2;ACVR2A;147927876;0,060201982;hg38
626;cg19022322;;329;0;0;TxEx1;0,191425335;0,060341541;0,416479936;97;0,098838275;Axolotl;Ambystoma mexicanum;1,878289731;1;YTHDF2;28743656;0,060341541;hg38
627;cg18308012;;330;0;1;BivProm2;0,191379916;0,060403653;0,416479936;97;0,098840059;Axolotl;Ambystoma mexicanum;1,877835641;2;HOXD3;176171711;0,060403653;hg38
628;cg05187404;298;;0;0;Tx6;-0,191337416;0,060461819;0,416479936;97;0,098841728;Axolotl;Ambystoma mexicanum;-1,877410753;1;PPP2R5A;212357284;0,060461819;hg38
629;cg26154615;;331;0;0;Quies2;0,191154286;0,06071298;0,416951908;97;0,098848914;Axolotl;Ambystoma mexicanum;1,875579959;7;AUTS2;70446597;0,06071298;hg38
630;cg09656189;;332;0;0;TxEx2;0,191146914;0,060723108;0,416951908;97;0,098849203;Axolotl;Ambystoma mexicanum;1,875506265;5;ZSWIM6;61543994;0,060723108;hg38
631;cg16382039;299;;0;0;Quies3;-0,190851656;0,061129899;0,417099642;97;0,098860775;Axolotl;Ambystoma mexicanum;-1,87255472;10;MGMT;129567808;0,061129899;hg38
632;cg02052767;300;;0;1;TSS2;-0,190814438;0,061181333;0,417099642;97;0,098862233;Axolotl;Ambystoma mexicanum;-1,87218269;7;CREB5;28409375;0,061181333;hg38
633;cg05122695;301;;0;0;TxEnh8;-0,190774452;0,061236631;0,417099642;97;0,098863798;Axolotl;Ambystoma mexicanum;-1,871782997;9;MAPKAP1;125541908;0,061236631;hg38
634;cg07843244;302;;0;0;EnhA18;-0,19064149;0,061420805;0,417099642;97;0,098869001;Axolotl;Ambystoma mexicanum;-1,87045396;18;SALL3;78722543;0,061420805;hg38
635;cg01486146;;333;0;0;BivProm2;0,190593213;0,061487787;0,417099642;97;0,09887089;Axolotl;Ambystoma mexicanum;1,869971417;10;PAX2;100655554;0,061487787;hg38
636;cg18036792;303;;0;0;Tx3;-0,190578044;0,061508846;0,417099642;97;0,098871483;Axolotl;Ambystoma mexicanum;-1,8698198;10;BTRC;101451801;0,061508846;hg38
637;cg22745397;;334;0;0;EnhA18;0,190525744;0,061581498;0,417099642;97;0,098873528;Axolotl;Ambystoma mexicanum;1,869297051;4;BEND4;42120144;0,061581498;hg38
638;cg14118069;304;;0;0;TxWk2;-0,190477005;0,061649266;0,417099642;97;0,098875433;Axolotl;Ambystoma mexicanum;-1,868809908;10;EBF3;129845412;0,061649266;hg38
639;cg26986270;305;;0;1;BivProm2;-0,19041197;0,061739787;0,417099642;97;0,098877974;Axolotl;Ambystoma mexicanum;-1,868159892;2;CAMKMT;44768942;0,061739787;hg38
640;cg02232023;;335;0;0;Quies3;0,190378832;0,061785953;0,417099642;97;0,098879269;Axolotl;Ambystoma mexicanum;1,86782869;15;RORA;60726820;0,061785953;hg38
641;cg19325836;306;;0;0;Acet5;-0,190309045;0,061883268;0,417099642;97;0,098881995;Axolotl;Ambystoma mexicanum;-1,867131201;1;LINC01364;87560790;0,061883268;hg38
642;cg20831889;307;;0;0;Tx3;-0,190175864;0,062069329;0,417099642;97;0,098887194;Axolotl;Ambystoma mexicanum;-1,865800165;2;SPRED2;65344841;0,062069329;hg38
643;cg21630674;308;;0;0;EnhA12;-0,190125111;0,062140354;0,417099642;97;0,098889174;Axolotl;Ambystoma mexicanum;-1,865292943;2;GTDC1;144004924;0,062140354;hg38
644;cg19494369;309;;0;0;Quies3;-0,190042617;0,062255939;0,417099642;97;0,098892392;Axolotl;Ambystoma mexicanum;-1,864468517;2;LINC01122;59078464;0,062255939;hg38
645;cg15085822;;336;0;0;ReprPC4;0,189999383;0,062316586;0,417099642;97;0,098894077;Axolotl;Ambystoma mexicanum;1,864036452;7;DNAH11;21881315;0,062316586;hg38
646;cg03639871;;337;0;0;Acet3;0,189961767;0,06236939;0,417099642;97;0,098895544;Axolotl;Ambystoma mexicanum;1,86366054;6;LOC100506207;8468944;0,06236939;hg38
647;cg05275337;310;;1;1;EnhA9;-0,189849094;0,062527777;0,417099642;97;0,098899934;Axolotl;Ambystoma mexicanum;-1,862534572;8;CHD7;60792955;0,062527777;hg38
648;cg13618394;311;;0;0;TxEnh4;-0,18980328;0,062592272;0,417099642;97;0,098901719;Axolotl;Ambystoma mexicanum;-1,862076755;12;LRP6;12159014;0,062592272;hg38
649;cg12508577;312;;0;0;EnhA9;-0,189736603;0,062686234;0,417099642;97;0,098904315;Axolotl;Ambystoma mexicanum;-1,861410461;3;FOXP1;71444404;0,062686234;hg38
650;cg09909000;;338;0;0;TxEx2;0,189691877;0,062749327;0,417099642;97;0,098906056;Axolotl;Ambystoma mexicanum;1,860963528;8;HMBOX1;29048949;0,062749327;hg38
651;cg06659440;313;;0;0;BivProm2;-0,189610446;0,06286433;0,417099642;97;0,098909225;Axolotl;Ambystoma mexicanum;-1,860149833;2;BCL11A;60569263;0,06286433;hg38
652;cg05454653;314;;0;1;ReprPC1;-0,189599222;0,062880195;0,417099642;97;0,098909662;Axolotl;Ambystoma mexicanum;-1,860037683;2;EN1;118849947;0,062880195;hg38
653;cg03119474;315;;0;0;BivProm3;-0,189541182;0,062962285;0,417099642;97;0,09891192;Axolotl;Ambystoma mexicanum;-1,859457736;14;PAPOLA;96614577;0,062962285;hg38
654;cg04414191;;339;0;0;EnhA19;0,189420578;0,063133142;0,417592006;97;0,098916609;Axolotl;Ambystoma mexicanum;1,858252666;8;ZFHX4;76707737;0,063133142;hg38
655;cg23384838;;340;0;0;BivProm3;0,189010902;0,063716343;0,420806134;97;0,098932515;Axolotl;Ambystoma mexicanum;1,854159508;23;DCX;111410166;0,063716343;hg38
656;cg26555185;316;;0;0;Acet2;-0,188870647;0,063917008;0,420887916;97;0,098937953;Axolotl;Ambystoma mexicanum;-1,852758313;13;LINC00331;79034602;0,063917008;hg38
657;cg12799227;317;;0;0;TxWk1;-0,188813989;0,063998215;0,420887916;97;0,098940148;Axolotl;Ambystoma mexicanum;-1,85219229;2;SCN1A-AS1;166304285;0,063998215;hg38
658;cg26620916;;341;0;0;Tx3;0,188625202;0,064269406;0,420887916;97;0,098947459;Axolotl;Ambystoma mexicanum;1,850306361;8;NRG1;32742700;0,064269406;hg38
659;cg13246416;318;;0;0;TxEx2;-0,188582793;0,064330455;0,420887916;97;0,0989491;Axolotl;Ambystoma mexicanum;-1,849882722;19;TNPO2;12701614;0,064330455;hg38
660;cg17224156;319;;0;0;Quies2;-0,188505605;0,064441688;0,420887916;97;0,098952086;Axolotl;Ambystoma mexicanum;-1,849111683;18;LINC01029;78034657;0,064441688;hg38
661;cg26074551;320;;0;0;Tx4;-0,188501402;0,06444775;0,420887916;97;0,098952249;Axolotl;Ambystoma mexicanum;-1,849069691;12;CNOT2;70311003;0,06444775;hg38
662;cg19490575;;342;0;0;TxEx3;0,188480813;0,064477448;0,420887916;97;0,098953045;Axolotl;Ambystoma mexicanum;1,848864034;3;RBM6;49999492;0,064477448;hg38
663;cg11718387;;343;0;0;Quies2;0,188458367;0,06450984;0,420887916;97;0,098953913;Axolotl;Ambystoma mexicanum;1,848639813;5;LINC02114;4425085;0,06450984;hg38
664;cg24855432;321;;0;0;EnhA17;-0,188320521;0,064709046;0,420887916;97;0,098959242;Axolotl;Ambystoma mexicanum;-1,847262905;5;FAM172A;93891717;0,064709046;hg38
665;cg15881760;322;;0;0;EnhWk4;-0,18821771;0,064857947;0,420887916;97;0,098963214;Axolotl;Ambystoma mexicanum;-1,84623599;12;SOX5;24139360;0,064857947;hg38
666;cg04712261;323;;0;0;EnhWk4;-0,188159796;0,064941947;0,420887916;97;0,09896545;Axolotl;Ambystoma mexicanum;-1,845657531;2;FIGN;163493886;0,064941947;hg38
667;cg13611779;324;;0;0;TxWk2;-0,188117751;0,065002985;0,420887916;97;0,098967073;Axolotl;Ambystoma mexicanum;-1,845237589;23;DMD;31147375;0,065002985;hg38
668;cg12166181;325;;0;0;EnhA7;-0,18800443;0,065167728;0,420887916;97;0,098971446;Axolotl;Ambystoma mexicanum;-1,844105765;19;LOC100505622;42134830;0,065167728;hg38
669;cg04839060;326;;0;0;EnhA5;-0,187846837;0,065397396;0,420887916;97;0,098977523;Axolotl;Ambystoma mexicanum;-1,842531824;2;ARHGAP15;143398953;0,065397396;hg38
670;cg00656055;327;;0;0;TxWk1;-0,187840451;0,065406718;0,420887916;97;0,09897777;Axolotl;Ambystoma mexicanum;-1,842468037;3;ARPP21;35707032;0,065406718;hg38
671;cg09482204;328;;0;0;EnhWk4;-0,187816303;0,065441971;0,420887916;97;0,0989787;Axolotl;Ambystoma mexicanum;-1,842226871;18;ZNF407;74651247;0,065441971;hg38
672;cg15131523;329;;0;1;BivProm2;-0,187674108;0,065649878;0,420887916;97;0,098984178;Axolotl;Ambystoma mexicanum;-1,840806787;8;OSR2;98951645;0,065649878;hg38
673;cg14512347;330;;0;0;Tx3;-0,187608542;0,065745923;0,420887916;97;0,098986703;Axolotl;Ambystoma mexicanum;-1,840152015;10;BTRC;101451762;0,065745923;hg38
674;cg21219688;331;;0;0;TxEx2;-0,187483489;0,065929426;0,420887916;97;0,098991515;Axolotl;Ambystoma mexicanum;-1,838903196;2;SPTBN1;54660051;0,065929426;hg38
675;cg22245041;;344;0;0;TxEnh5;0,187481262;0,065932696;0,420887916;97;0,098991601;Axolotl;Ambystoma mexicanum;1,838880963;18;SS18;26035895;0,065932696;hg38
676;cg01683044;332;;0;1;BivProm4;-0,187336478;0,06614568;0,420887916;97;0,098997169;Axolotl;Ambystoma mexicanum;-1,837435163;12;HOXC5;54016848;0,06614568;hg38
677;cg14127056;;345;0;0;TxEnh7;0,187333564;0,066149972;0,420887916;97;0,098997281;Axolotl;Ambystoma mexicanum;1,837406067;8;TNKS;9679769;0,066149972;hg38
678;cg26672432;;346;0;0;EnhWk4;0,187332552;0,066151463;0,420887916;97;0,09899732;Axolotl;Ambystoma mexicanum;1,837395958;4;ADAMTS3;72306008;0,066151463;hg38
679;cg15973802;;347;0;0;Tx6;0,187268669;0,066245621;0,420887916;97;0,098999775;Axolotl;Ambystoma mexicanum;1,836758049;7;CUL1;148757106;0,066245621;hg38
680;cg02052087;;348;0;0;EnhA6;0,187242062;0,06628487;0,420887916;97;0,099000797;Axolotl;Ambystoma mexicanum;1,836492367;3;SAMMSON;70042768;0,06628487;hg38
681;cg25135002;;349;0;0;TxEnh2;0,187226665;0,066307591;0,420887916;97;0,099001389;Axolotl;Ambystoma mexicanum;1,836338625;3;FOXP1;71054462;0,066307591;hg38
682;cg06879344;;350;0;1;BivProm2;0,18719407;0,066355712;0,420887916;97;0,099002641;Axolotl;Ambystoma mexicanum;1,836013151;5;NR2F1;93588122;0,066355712;hg38
683;cg12926657;333;;0;0;TxEnh6;-0,187052763;0,066564653;0,421595037;97;0,099008067;Axolotl;Ambystoma mexicanum;-1,834602196;3;SATB1;18370111;0,066564653;hg38
684;cg08717144;334;;0;0;TxWk2;-0,186980484;0,066671733;0,421655884;97;0,09901084;Axolotl;Ambystoma mexicanum;-1,833880509;9;ELAVL2;23692615;0,066671733;hg38
685;cg21121559;335;;0;0;TxWk2;-0,186828354;0,066897569;0,422040035;97;0,099016675;Axolotl;Ambystoma mexicanum;-1,832361577;5;TENM2;168126807;0,066897569;hg38
686;cg21310266;;351;0;0;EnhWk4;0,186808156;0,066927599;0,422040035;97;0,099017449;Axolotl;Ambystoma mexicanum;1,832159913;1;ESRRG;216550103;0,066927599;hg38
687;cg01618051;336;;0;0;BivProm3;-0,186421035;0,06750528;0,425063216;97;0,099032273;Axolotl;Ambystoma mexicanum;-1,828295068;19;ZNF536;30360861;0,06750528;hg38
688;cg08374054;337;;0;0;TxWk1;-0,18616163;0,06789463;0,426893469;97;0,099042189;Axolotl;Ambystoma mexicanum;-1,825705525;13;PCCA;100304099;0,06789463;hg38
689;cg22314954;;352;0;0;EnhWk4;0,185902542;0,068285319;0,428726809;97;0,099052079;Axolotl;Ambystoma mexicanum;1,823119333;1;PBX1;164668788;0,068285319;hg38
690;cg19545900;338;;0;0;Quies3;-0,185212062;0,069335406;0,433214624;97;0,09907837;Axolotl;Ambystoma mexicanum;-1,81622799;6;LOC100506207;8369746;0,069335406;hg38
691;cg01836225;339;;0;0;TxWk1;-0,185147377;0,069434444;0,433214624;97;0,099080827;Axolotl;Ambystoma mexicanum;-1,815582472;9;PTPRD;8341195;0,069434444;hg38
692;cg05097610;340;;0;0;TxWk2;-0,185110601;0,069490803;0,433214624;97;0,099082225;Axolotl;Ambystoma mexicanum;-1,815215473;4;GRIA2;157362971;0,069490803;hg38
693;cg03926377;;353;0;0;Quies2;0,185041736;0,069596436;0,433214624;97;0,09908484;Axolotl;Ambystoma mexicanum;1,81452826;19;LINC01791;30887670;0,069596436;hg38
694;cg20738648;;354;0;0;TxEx1;0,184946401;0,069742886;0,433214624;97;0,099088459;Axolotl;Ambystoma mexicanum;1,813576924;17;DERL2;5481351;0,069742886;hg38
695;cg11956374;341;;0;0;EnhA17;-0,184931123;0,069766378;0,433214624;97;0,099089038;Axolotl;Ambystoma mexicanum;-1,813424469;1;LINC01364;87643100;0,069766378;hg38
696;cg26059055;;355;0;0;TxEx3;0,184929097;0,069769493;0,433214624;97;0,099089115;Axolotl;Ambystoma mexicanum;1,813404258;8;FGFR1;38423056;0,069769493;hg38
697;cg12206270;342;;0;0;Tx5;-0,184908435;0,069801277;0,433214624;97;0,099089899;Axolotl;Ambystoma mexicanum;-1,813198074;14;FUT8;65561567;0,069801277;hg38
698;cg11702192;;356;0;0;TxEx1;0,184723523;0,070086233;0,433816034;97;0,099096912;Axolotl;Ambystoma mexicanum;1,811352956;20;ZMYND8;47298835;0,070086233;hg38
699;cg04492620;343;;0;0;TxEnh4;-0,184628138;0,070233593;0,433816034;97;0,099100526;Axolotl;Ambystoma mexicanum;-1,810401203;5;ARRDC3;91375133;0,070233593;hg38
700;cg01403803;344;;0;0;PromF2;-0,184617355;0,070250267;0,433816034;97;0,099100935;Axolotl;Ambystoma mexicanum;-1,810293616;5;ZNF608;124651525;0,070250267;hg38
701;cg15666331;345;;0;0;ReprPC3;-0,184585648;0,070299316;0,433816034;97;0,099102136;Axolotl;Ambystoma mexicanum;-1,809977247;10;DRGX;49389953;0,070299316;hg38
702;cg21411486;346;;0;1;BivProm2;-0,18439132;0,070600532;0,434440222;97;0,099109493;Axolotl;Ambystoma mexicanum;-1,808038348;2;HOXD-AS2;176123637;0,070600532;hg38
703;cg15601638;;357;0;0;TxEx3;0,184390811;0,070601322;0,434440222;97;0,099109512;Axolotl;Ambystoma mexicanum;1,808033276;2;LOC100132215;62996748;0,070601322;hg38
704;cg15221004;347;;0;1;PromF5;-0,184163006;0,070955758;0,435764011;97;0,099118126;Axolotl;Ambystoma mexicanum;-1,805760498;15;NR2F2;96332451;0,070955758;hg38
705;cg08534137;;358;0;0;TxWk1;0,184123146;0,071017921;0,435764011;97;0,099119632;Axolotl;Ambystoma mexicanum;1,805362844;1;AKT3;243637627;0,071017921;hg38
706;cg09571697;348;;0;0;EnhA10;-0,184042681;0,071143546;0,435916521;97;0,099122671;Axolotl;Ambystoma mexicanum;-1,8045601;4;LRBA;150573223;0,071143546;hg38
707;cg10592669;;359;0;0;Acet3;0,183872809;0,071409346;0,436014671;97;0,099129083;Axolotl;Ambystoma mexicanum;1,802865466;6;RIMS1;72333628;0,071409346;hg38
708;cg01990759;349;;0;1;BivProm1;-0,183861865;0,071426497;0,436014671;97;0,099129496;Axolotl;Ambystoma mexicanum;-1,802756293;10;SPOCK2;72088232;0,071426497;hg38
709;cg20435403;;360;0;1;BivProm1;0,183807413;0,071511884;0,436014671;97;0,09913155;Axolotl;Ambystoma mexicanum;1,802213101;12;HOXC4;54053848;0,071511884;hg38
710;cg00982312;350;;0;0;BivProm2;-0,183750517;0,071601191;0,436014671;97;0,099133696;Axolotl;Ambystoma mexicanum;-1,801645544;16;RBFOX1;7304421;0,071601191;hg38
711;cg07372260;351;;0;0;Acet3;-0,183684849;0,071704379;0,436014671;97;0,099136172;Axolotl;Ambystoma mexicanum;-1,800990489;6;SNAP91;83594431;0,071704379;hg38
712;cg20943240;352;;0;0;Acet5;-0,1835713;0,071883088;0,436014671;97;0,09914045;Axolotl;Ambystoma mexicanum;-1,79985784;8;ZFPM2-AS1;105732344;0,071883088;hg38
713;cg18501094;353;;0;0;EnhWk3;-0,183528585;0,071950407;0,436014671;97;0,099142059;Axolotl;Ambystoma mexicanum;-1,799431776;19;THEG5;31718187;0,071950407;hg38
714;cg21552156;354;;0;0;EnhA5;-0,183518756;0,071965906;0,436014671;97;0,099142429;Axolotl;Ambystoma mexicanum;-1,79933373;23;FGF13;138857583;0,071965906;hg38
715;cg03953623;;361;0;0;Quies3;0,183338062;0,072251295;0,436372711;97;0,09914923;Axolotl;Ambystoma mexicanum;1,797531416;3;RSRC1;158308745;0,072251295;hg38
716;cg07250129;;362;0;0;EnhWk4;0,183206231;0,072460086;0,436372711;97;0,099154188;Axolotl;Ambystoma mexicanum;1,796216536;16;CASC22;52308203;0,072460086;hg38
717;cg08826468;355;;0;0;TxEnh4;-0,183195214;0,072477556;0,436372711;97;0,099154602;Axolotl;Ambystoma mexicanum;-1,796106654;16;SRCAP;30713283;0,072477556;hg38
718;cg16643400;;363;0;0;TxWk1;0,183169898;0,072517714;0,436372711;97;0,099155554;Axolotl;Ambystoma mexicanum;1,795854162;2;IKZF2;213056922;0,072517714;hg38
719;cg07982601;356;;0;0;EnhWk3;-0,183162547;0,072529378;0,436372711;97;0,09915583;Axolotl;Ambystoma mexicanum;-1,795780845;5;FAM172A;93675926;0,072529378;hg38
720;cg15810562;357;;0;0;TxEnh2;-0,182771133;0,073152633;0,439026196;97;0,099170525;Axolotl;Ambystoma mexicanum;-1,791877235;3;FOXP1;71054581;0,073152633;hg38
721;cg15417124;;364;0;0;TxEx2;0,182758143;0,073173391;0,439026196;97;0,099171012;Axolotl;Ambystoma mexicanum;1,791747695;2;BAZ2B;159337636;0,073173391;hg38
722;cg00444649;;365;0;0;TxWk1;0,182651992;0,073343197;0,439435518;97;0,099174992;Axolotl;Ambystoma mexicanum;1,79068912;3;RSRC1;158133946;0,073343197;hg38
723;cg19002093;;366;0;0;EnhA6;0,182332298;0,073856517;0,441437521;97;0,099186963;Axolotl;Ambystoma mexicanum;1,787501211;2;FIGN;163611787;0,073856517;hg38
724;cg05618746;;367;0;0;Quies4;0,182301094;0,073906774;0,441437521;97;0,099188131;Axolotl;Ambystoma mexicanum;1,787190066;16;LOC390705;33928147;0,073906774;hg38
725;cg01349535;;368;0;0;EnhA2;0,182210371;0,074053051;0,441437521;97;0,099191524;Axolotl;Ambystoma mexicanum;1,786285456;21;MIR99AHG;16286036;0,074053051;hg38
726;cg07188186;;369;0;0;TSS2;0,182190251;0,074085522;0,441437521;97;0,099192276;Axolotl;Ambystoma mexicanum;1,786084842;19;ZNF536;30450201;0,074085522;hg38
727;cg15309974;358;;0;0;BivProm2;-0,182006158;0,074383161;0,442601356;97;0,099199155;Axolotl;Ambystoma mexicanum;-1,784249322;23;POU3F4;83508483;0,074383161;hg38
728;cg16532688;359;;0;0;EnhWk8;-0,181765748;0,0747733;0,44431164;97;0,099208127;Axolotl;Ambystoma mexicanum;-1,781852425;2;LINC01876;155730861;0,0747733;hg38
729;cg16528290;;370;0;0;EnhWk7;0,181689492;0,074897392;0,444438517;97;0,099210971;Axolotl;Ambystoma mexicanum;1,781092184;2;TEX41;144680058;0,074897392;hg38
730;cg02365170;;371;0;0;EnhWk8;0,181591805;0,075056601;0,444773138;97;0,099214612;Axolotl;Ambystoma mexicanum;1,780118311;8;RUNX1T1;92279882;0,075056601;hg38
731;cg11690772;360;;0;0;EnhA17;-0,181373145;0,075413955;0,445782875;97;0,099222754;Axolotl;Ambystoma mexicanum;-1,777938505;7;LINC01162;21128576;0,075413955;hg38
732;cg14428370;361;;0;0;EnhA17;-0,181361456;0,075433098;0,445782875;97;0,09922319;Axolotl;Ambystoma mexicanum;-1,777821978;13;OBI1-AS1;78383217;0,075433098;hg38
733;cg08212358;362;;0;0;ReprPC6;-0,181154632;0,075772432;0,446946648;97;0,099230882;Axolotl;Ambystoma mexicanum;-1,77576031;16;LINC02140;54508694;0,075772432;hg38
734;cg21692907;;372;0;0;EnhWk4;0,181115567;0,075836665;0,446946648;97;0,099232334;Axolotl;Ambystoma mexicanum;1,775370905;11;DCDC1;31161469;0,075836665;hg38
735;cg16670181;363;;0;1;BivProm1;-0,18104966;0,075945128;0,446976921;97;0,099234783;Axolotl;Ambystoma mexicanum;-1,774713966;14;PAX9;36662943;0,075945128;hg38
736;cg20610965;;373;0;0;Quies3;0,180872963;0,076236537;0,447376427;97;0,099241344;Axolotl;Ambystoma mexicanum;1,772952748;1;ATG4C;62904305;0,076236537;hg38
737;cg12732110;;374;0;0;Quies1;0,180861611;0,07625529;0,447376427;97;0,099241765;Axolotl;Ambystoma mexicanum;1,772839595;19;THEG5;31535446;0,07625529;hg38
738;cg18491911;364;;0;0;TxEnh6;-0,180799627;0,076357747;0,447376427;97;0,099244065;Axolotl;Ambystoma mexicanum;-1,772221797;10;CELF2;11266604;0,076357747;hg38
739;cg13655781;365;;0;0;PromF5;-0,180666163;0,07657873;0,447376427;97;0,099249015;Axolotl;Ambystoma mexicanum;-1,770891595;3;P2RY1;152835992;0,07657873;hg38
740;cg05825700;;375;0;0;ReprPC1;0,180636342;0,076628178;0,447376427;97;0,09925012;Axolotl;Ambystoma mexicanum;1,770594374;8;KCNS2;98428294;0,076628178;hg38
741;cg05998656;366;;0;0;ReprPC8;-0,180633029;0,076633672;0,447376427;97;0,099250243;Axolotl;Ambystoma mexicanum;-1,770561359;23;ATP2B3;153569632;0,076633672;hg38
742;cg09899974;367;;0;0;EnhWk4;-0,180570801;0,076736941;0,447376427;97;0,099252549;Axolotl;Ambystoma mexicanum;-1,769941174;1;RNF220;44569352;0,076736941;hg38
743;cg05938033;;376;0;0;TxEx2;0,180491498;0,07686871;0,447541485;97;0,099255487;Axolotl;Ambystoma mexicanum;1,769150813;11;CKAP5;46760364;0,07686871;hg38
744;cg05296643;;377;0;1;BivProm4;0,180311058;0,0771692;0,448211055;97;0,099262166;Axolotl;Ambystoma mexicanum;1,767352577;12;HOXC5;54016742;0,0771692;hg38
745;cg26365036;;378;0;0;EnhA6;0,180298027;0,077190938;0,448211055;97;0,099262649;Axolotl;Ambystoma mexicanum;1,76722271;9;LOC101929116;126276572;0,077190938;hg38
746;cg05872315;368;;0;0;TxWk1;-0,180139918;0,077455073;0,44914189;97;0,099268495;Axolotl;Ambystoma mexicanum;-1,765647097;16;CDH11;64946876;0,077455073;hg38
747;cg17461673;;379;0;0;TxEnh5;0,179784967;0,078050691;0,450219847;97;0,099281603;Axolotl;Ambystoma mexicanum;1,762110136;10;STAMBPL1;88941238;0,078050691;hg38
748;cg13347187;369;;0;0;ReprPC6;-0,179572632;0,078408745;0,450219847;97;0,099289432;Axolotl;Ambystoma mexicanum;-1,759994463;1;DMBX1;46510511;0,078408745;hg38
749;cg16907016;;380;0;0;EnhA7;0,179520998;0,078496012;0,450219847;97;0,099291334;Axolotl;Ambystoma mexicanum;1,759480011;3;SATB1;18369809;0,078496012;hg38
750;cg23034244;370;;0;0;TxWk2;-0,1794472;0,078620875;0,450219847;97;0,099294052;Axolotl;Ambystoma mexicanum;-1,758744736;12;KIF5A;57580962;0,078620875;hg38
751;cg02311543;;381;0;0;EnhWk4;0,179394379;0,078710343;0,450219847;97;0,099295996;Axolotl;Ambystoma mexicanum;1,758218473;18;CCDC178;33123988;0,078710343;hg38
752;cg04769602;371;;0;0;EnhA6;-0,179350247;0,078785155;0,450219847;97;0,099297621;Axolotl;Ambystoma mexicanum;-1,757778793;4;GRIA2;157363551;0,078785155;hg38
753;cg12784380;;382;0;0;ReprPC2;0,179334853;0,078811265;0,450219847;97;0,099298187;Axolotl;Ambystoma mexicanum;1,757625423;1;LINC00862;200247423;0,078811265;hg38
754;cg15855685;;383;0;0;EnhWk4;0,179333167;0,078814125;0,450219847;97;0,099298249;Axolotl;Ambystoma mexicanum;1,757608625;4;MAPK10-AS1;86159461;0,078814125;hg38
755;cg24587040;372;;0;0;EnhWk4;-0,179312339;0,078849464;0,450219847;97;0,099299016;Axolotl;Ambystoma mexicanum;-1,757401112;9;ELAVL2;23701385;0,078849464;hg38
756;cg20260587;373;;0;1;BivProm2;-0,179291995;0,078883992;0,450219847;97;0,099299764;Axolotl;Ambystoma mexicanum;-1,757198435;2;PANTR1;104851921;0,078883992;hg38
757;cg17718742;374;;0;0;EnhA12;-0,179279718;0,078904836;0,450219847;97;0,099300216;Axolotl;Ambystoma mexicanum;-1,757076116;21;ERG;38402580;0,078904836;hg38
758;cg24202924;;384;0;0;ReprPC2;0,179270142;0,078921096;0,450219847;97;0,099300568;Axolotl;Ambystoma mexicanum;1,756980716;12;AGAP2;57728371;0,078921096;hg38
759;cg02718192;375;;0;0;EnhA3;-0,179199748;0,079040711;0,450219847;97;0,099303157;Axolotl;Ambystoma mexicanum;-1,756279411;2;ARHGAP15;143524227;0,079040711;hg38
760;cg18335478;;385;0;0;EnhWk6;0,179051327;0,079293388;0,450219847;97;0,099308612;Axolotl;Ambystoma mexicanum;1,754800791;2;ARHGAP15;143161158;0,079293388;hg38
761;cg27594013;376;;0;0;EnhWk5;-0,179019291;0,079348012;0,450219847;97;0,099309789;Axolotl;Ambystoma mexicanum;-1,754481646;14;LINC00618;96965347;0,079348012;hg38
762;cg26024182;377;;0;0;BivProm3;-0,178951364;0,079463933;0,450219847;97;0,099312284;Axolotl;Ambystoma mexicanum;-1,753804961;5;LINC00461;88656305;0,079463933;hg38
763;cg27182356;;386;0;0;Quies1;0,178942845;0,079478479;0,450219847;97;0,099312597;Axolotl;Ambystoma mexicanum;1,753720101;1;SPATA17;217813299;0,079478479;hg38
764;cg19501726;378;;0;0;BivProm4;-0,178921849;0,079514343;0,450219847;97;0,099313368;Axolotl;Ambystoma mexicanum;-1,753510942;2;SLC8A1;40512565;0,079514343;hg38
765;cg22535472;379;;0;0;Acet5;-0,178747485;0,079812674;0,451318305;97;0,099319766;Axolotl;Ambystoma mexicanum;-1,751774013;4;MIR297;111501310;0,079812674;hg38
766;cg24641397;380;;0;0;EnhA8;-0,178680527;0,079927476;0,451377439;97;0,099322222;Axolotl;Ambystoma mexicanum;-1,751107028;5;RAPGEF6;131532138;0,079927476;hg38
767;cg19584522;381;;0;0;EnhWk4;-0,178426056;0,080364976;0,451647343;97;0,099331545;Axolotl;Ambystoma mexicanum;-1,748572314;5;LINC02106;51095740;0,080364976;hg38
768;cg03706094;382;;0;0;TxWk1;-0,17838241;0,080440206;0,451647343;97;0,099333143;Axolotl;Ambystoma mexicanum;-1,748137585;8;SLC7A2;17554655;0,080440206;hg38
769;cg25139089;383;;0;0;Tx7;-0,178358631;0,080481217;0,451647343;97;0,099334013;Axolotl;Ambystoma mexicanum;-1,747900738;7;DMTF1;87179671;0,080481217;hg38
770;cg08887457;384;;0;0;EnhA12;-0,178349636;0,080496734;0,451647343;97;0,099334342;Axolotl;Ambystoma mexicanum;-1,747811148;2;NRP2;205776268;0,080496734;hg38
771;cg15779913;385;;0;0;EnhWk4;-0,178288907;0,080601562;0,451647343;97;0,099336565;Axolotl;Ambystoma mexicanum;-1,747206285;7;AUTS2;70426647;0,080601562;hg38
772;cg11327514;;387;0;0;GapArtf1;0,178280442;0,080616183;0,451647343;97;0,099336874;Axolotl;Ambystoma mexicanum;1,747121969;5;RANBP17;171172262;0,080616183;hg38
773;cg06860536;;388;0;0;Quies1;0,178228401;0,080706114;0,451647343;97;0,099338778;Axolotl;Ambystoma mexicanum;1,746603651;15;LINC02254;97515652;0,080706114;hg38
774;cg09655528;;389;0;0;ReprPC3;0,17803967;0,08103293;0,452249111;97;0,099345676;Axolotl;Ambystoma mexicanum;1,744723964;14;LINC00618;97024033;0,08103293;hg38
775;cg20279791;386;;0;0;EnhWk4;-0,177980298;0,081135958;0,452249111;97;0,099347845;Axolotl;Ambystoma mexicanum;-1,744132671;1;ESRRG;217020769;0,081135958;hg38
776;cg21815569;;390;0;0;ReprPC4;0,177924579;0,081232744;0,452249111;97;0,09934988;Axolotl;Ambystoma mexicanum;1,743577762;3;SHOX2;158062267;0,081232744;hg38
777;cg01234044;;391;0;1;ReprPC1;0,177808739;0,081434257;0,452249111;97;0,099354107;Axolotl;Ambystoma mexicanum;1,742424127;7;UNCX;1237949;0,081434257;hg38
778;cg14632261;;392;0;0;ReprPC4;0,177736985;0,081559279;0,452249111;97;0,099356725;Axolotl;Ambystoma mexicanum;1,741709561;4;TENM3;182686735;0,081559279;hg38
779;cg21299339;387;;0;0;ReprPC1;-0,177736719;0,081559743;0,452249111;97;0,099356735;Axolotl;Ambystoma mexicanum;-1,741706909;12;KCNA1;4912587;0,081559743;hg38
780;cg07511181;388;;0;0;EnhA15;-0,177691212;0,081639113;0,452249111;97;0,099358394;Axolotl;Ambystoma mexicanum;-1,741253727;10;SLIT1;97001275;0,081639113;hg38
781;cg14113480;389;;0;0;TxEnh7;-0,177684967;0,081650009;0,452249111;97;0,099358622;Axolotl;Ambystoma mexicanum;-1,741191544;6;ARID1B;157051173;0,081650009;hg38
782;cg17443147;;393;0;0;Tx2;0,177623537;0,08175726;0,452264078;97;0,099360861;Axolotl;Ambystoma mexicanum;1,740579806;16;ZFHX3;72901992;0,08175726;hg38
783;cg04190578;390;;0;0;ReprPC7;-0,177227533;0,082451344;0,453974933;97;0,099375278;Axolotl;Ambystoma mexicanum;-1,736636548;14;ESRRB;76491523;0,082451344;hg38
784;cg01093365;391;;0;1;BivProm3;-0,177189816;0,082517697;0,453974933;97;0,09937665;Axolotl;Ambystoma mexicanum;-1,736260991;1;RNF220;44505820;0,082517697;hg38
785;cg16448185;392;;0;0;Acet3;-0,177143283;0,082599617;0,453974933;97;0,099378342;Axolotl;Ambystoma mexicanum;-1,735797665;11;GRIA4;105972035;0,082599617;hg38
786;cg00331900;393;;0;0;PromF4;-0,177141218;0,082603253;0,453974933;97;0,099378417;Axolotl;Ambystoma mexicanum;-1,735777108;12;NAA25;112108733;0,082603253;hg38
787;cg20556027;;394;0;0;Tx5;0,177097359;0,082680527;0,453974933;97;0,099380011;Axolotl;Ambystoma mexicanum;1,735340414;18;RELCH;62221084;0,082680527;hg38
788;cg02382880;394;;0;0;TxWk2;-0,177088466;0,082696203;0,453974933;97;0,099380334;Axolotl;Ambystoma mexicanum;-1,735251867;12;KIF5A;57581020;0,082696203;hg38
789;cg27362456;395;;0;0;EnhWk4;-0,176956528;0,082929044;0,45467615;97;0,099385126;Axolotl;Ambystoma mexicanum;-1,73393823;5;LINC01019;3512918;0,082929044;hg38
790;cg24242146;;395;0;0;ReprPC5;0,176844327;0,083127466;0,454683919;97;0,099389199;Axolotl;Ambystoma mexicanum;1,732821131;9;LINC01230;1032364;0,083127466;hg38
791;cg19968738;;396;0;0;TxWk2;0,176836864;0,083140677;0,454683919;97;0,09938947;Axolotl;Ambystoma mexicanum;1,732746828;12;KIF5A;57578012;0,083140677;hg38
792;cg25431896;396;;0;1;ReprPC1;-0,176769157;0,083260612;0,4547649;97;0,099391926;Axolotl;Ambystoma mexicanum;-1,73207274;2;EVX2;176078729;0,083260612;hg38
793;cg05955690;;397;0;0;ReprPC6;0,176643562;0,083483452;0,455227295;97;0,09939648;Axolotl;Ambystoma mexicanum;1,730822361;7;POU6F2;39460627;0,083483452;hg38
794;cg27526225;;398;0;0;BivProm2;0,176602879;0,083555738;0,455227295;97;0,099397955;Axolotl;Ambystoma mexicanum;1,730417342;10;PAX2;100716036;0,083555738;hg38
795;cg23352252;397;;0;0;Tx6;-0,176509946;0,083721046;0,455554179;97;0,099401322;Axolotl;Ambystoma mexicanum;-1,729492176;2;EPC2;148787436;0,083721046;hg38
796;cg22310572;;399;0;0;TxEx1;0,176208764;0,084258579;0,457687111;97;0,099412221;Axolotl;Ambystoma mexicanum;1,726493994;4;HNRNPDL;82425573;0,084258579;hg38
797;cg06678170;;400;0;1;BivProm2;0,176094147;0,084463861;0,457687111;97;0,099416364;Axolotl;Ambystoma mexicanum;1,725353083;10;EBF3;129960588;0,084463861;hg38
798;cg13224508;398;;0;0;Tx8;-0,176072844;0,084502059;0,457687111;97;0,099417133;Axolotl;Ambystoma mexicanum;-1,725141033;4;CNOT6L;77742162;0,084502059;hg38
799;cg27269484;;401;0;0;EnhA3;0,176033784;0,084572133;0,457687111;97;0,099418544;Axolotl;Ambystoma mexicanum;1,724752237;4;CAMK2D;113547654;0,084572133;hg38
800;cg18366518;399;;0;0;EnhWk8;-0,175891624;0,084827559;0,457687111;97;0,099423677;Axolotl;Ambystoma mexicanum;-1,723337228;10;LINC00708;8502746;0,084827559;hg38
801;cg20769452;;402;0;0;EnhWk4;0,175677155;0,08521407;0,457687111;97;0,099431413;Axolotl;Ambystoma mexicanum;1,721202579;2;LOC101928386;143957783;0,08521407;hg38
802;cg10245372;400;;0;0;EnhA2;-0,175650034;0,085263046;0,457687111;97;0,099432391;Axolotl;Ambystoma mexicanum;-1,720932648;1;PRDM16;3219350;0,085263046;hg38
803;cg13613666;401;;0;0;PromF4;-0,175597776;0,085357479;0,457687111;97;0,099434274;Axolotl;Ambystoma mexicanum;-1,720412543;17;MED13;62065185;0,085357479;hg38
804;cg16869898;402;;0;1;BivProm2;-0,175581771;0,085386418;0,457687111;97;0,099434851;Axolotl;Ambystoma mexicanum;-1,720253247;2;SIX3;44942815;0,085386418;hg38
805;cg23110932;403;;0;0;EnhWk8;-0,175511591;0,0855134;0,457687111;97;0,099437379;Axolotl;Ambystoma mexicanum;-1,719554789;6;LOC101927314;97885405;0,0855134;hg38
806;cg01676132;404;;0;0;TxEx1;-0,175508347;0,085519275;0,457687111;97;0,099437496;Axolotl;Ambystoma mexicanum;-1,719522495;9;CLTA;36209300;0,085519275;hg38
807;cg17459848;;403;0;0;TxEx1;0,175484291;0,085562838;0,457687111;97;0,099438362;Axolotl;Ambystoma mexicanum;1,719283089;16;C16orf72;9116754;0,085562838;hg38
808;cg27478856;;404;0;0;EnhWk4;0,175468219;0,085591954;0,457687111;97;0,099438941;Axolotl;Ambystoma mexicanum;1,719123132;12;SOX5;24139266;0,085591954;hg38
809;cg13309444;405;;0;1;ReprPC1;-0,175466941;0,085594268;0,457687111;97;0,099438987;Axolotl;Ambystoma mexicanum;-1,719110416;7;DLX6-AS1;97012156;0,085594268;hg38
810;cg08041259;406;;0;0;Tx6;-0,175257675;0,085974093;0,459091157;97;0,099446517;Axolotl;Ambystoma mexicanum;-1,717027798;16;PRKCB;24214685;0,085974093;hg38
811;cg12134769;407;;0;0;EnhA16;-0,175193146;0,086091486;0,459091157;97;0,099448837;Axolotl;Ambystoma mexicanum;-1,716385624;3;SYN2;12183357;0,086091486;hg38
812;cg18418719;;405;0;0;Tx7;0,175147157;0,086175227;0,459091157;97;0,09945049;Axolotl;Ambystoma mexicanum;1,715927968;3;FOXP1;70972083;0,086175227;hg38
813;cg10238972;;406;0;1;BivProm3;0,175025939;0,086396263;0,459598982;97;0,099454845;Axolotl;Ambystoma mexicanum;1,714721701;6;TFAP2A;10398521;0,086396263;hg38
814;cg07687140;;407;0;0;EnhA6;0,174978418;0,086483039;0,459598982;97;0,099456551;Axolotl;Ambystoma mexicanum;1,714248815;8;LINC01605;37380844;0,086483039;hg38
815;cg06233792;408;;0;0;TxEx1;-0,174903338;0,08662028;0,459697065;97;0,099459247;Axolotl;Ambystoma mexicanum;-1,713501704;8;RBM12B;93736369;0,08662028;hg38
816;cg21456069;409;;0;0;EnhA17;-0,174834657;0,086745976;0,459697065;97;0,099461711;Axolotl;Ambystoma mexicanum;-1,71281828;2;LINC01831;104052678;0,086745976;hg38
817;cg08962452;410;;0;1;BivProm2;-0,174765444;0,086872792;0,459697065;97;0,099464194;Axolotl;Ambystoma mexicanum;-1,712129575;12;HOTAIR;53973032;0,086872792;hg38
818;cg26979561;;408;0;0;EnhA1;0,174685675;0,087019132;0,459697065;97;0,099467054;Axolotl;Ambystoma mexicanum;1,711335852;2;MEIS1;66508651;0,087019132;hg38
819;cg14973983;411;;0;0;EnhWk8;-0,174635602;0,087111093;0,459697065;97;0,099468848;Axolotl;Ambystoma mexicanum;-1,71083762;2;CAMKMT;44743622;0,087111093;hg38
820;cg26249364;412;;0;1;PromF5;-0,174620361;0,087139099;0,459697065;97;0,099469394;Axolotl;Ambystoma mexicanum;-1,710685972;17;NOG;56594767;0,087139099;hg38
821;cg21193029;;409;0;0;TxWk1;0,174474693;0,087407131;0,460549407;97;0,099474612;Axolotl;Ambystoma mexicanum;1,709236605;2;OSBPL6;178339717;0,087407131;hg38
822;cg14035490;;410;0;0;EnhA2;0,174358589;0,087621234;0,461115866;97;0,099478767;Axolotl;Ambystoma mexicanum;1,708081433;13;DACH1;71525217;0,087621234;hg38
823;cg05024205;;411;0;0;Quies1;0,174201958;0,08791073;0,462077231;97;0,099484368;Axolotl;Ambystoma mexicanum;1,706523098;18;MIR4527HG;47511547;0,08791073;hg38
824;cg26640686;;412;0;1;PromF4;0,174112213;0,088076944;0,462112688;97;0,099487575;Axolotl;Ambystoma mexicanum;1,705630248;3;TRIM59-IFT80;160399655;0,088076944;hg38
825;cg10885769;413;;0;0;TxEx3;-0,174082987;0,088131127;0,462112688;97;0,099488619;Axolotl;Ambystoma mexicanum;-1,70533949;16;WWP2;69933172;0,088131127;hg38
826;cg07094804;;413;0;0;ReprPC4;0,173981174;0,088320085;0,462483802;97;0,099492255;Axolotl;Ambystoma mexicanum;1,704326616;3;SLITRK3;165187968;0,088320085;hg38
827;cg24033437;;414;0;0;EnhWk4;0,173929708;0,088415726;0,462483802;97;0,099494092;Axolotl;Ambystoma mexicanum;1,70381462;11;SOX6;16453794;0,088415726;hg38
828;cg13077070;;415;0;0;EnhA17;0,173770603;0,088711914;0,463472674;97;0,099499768;Axolotl;Ambystoma mexicanum;1,70223185;9;PTCH1;95496385;0,088711914;hg38
829;cg24491983;;416;0;0;TxEx2;0,173700358;0,088842932;0,463597272;97;0,099502272;Axolotl;Ambystoma mexicanum;1,701533078;12;CAND1;67306090;0,088842932;hg38
830;cg07439922;414;;0;0;TxEnh5;-0,173610293;0,08901114;0,463915402;97;0,099505482;Axolotl;Ambystoma mexicanum;-1,700637169;15;MEIS2;36892283;0,08901114;hg38
831;cg12013003;415;;0;0;EnhA5;-0,173524679;0,089171269;0,464190709;97;0,099508531;Axolotl;Ambystoma mexicanum;-1,699785557;10;LRMDA;76282294;0,089171269;hg38
832;cg09473919;416;;0;0;TxEx1;-0,173440167;0,089329563;0,464455812;97;0,099511539;Axolotl;Ambystoma mexicanum;-1,698944917;1;ZNF326;90007444;0,089329563;hg38
833;cg07608115;417;;0;0;TxWk1;-0,173274236;0,089641003;0,465140361;97;0,099517442;Axolotl;Ambystoma mexicanum;-1,697294466;1;CASZ1;10660797;0,089641003;hg38
834;cg22316499;418;;0;0;EnhA13;-0,173255473;0,089676274;0,465140361;97;0,099518109;Axolotl;Ambystoma mexicanum;-1,697107841;2;LINC01812;67854264;0,089676274;hg38
835;cg11884042;419;;0;0;TxEx3;-0,173151325;0,089872252;0,465598605;97;0,09952181;Axolotl;Ambystoma mexicanum;-1,696071964;3;FOXP1;70972053;0,089872252;hg38
836;cg14102676;420;;0;1;BivProm1;-0,173019166;0,090121428;0,465783609;97;0,099526504;Axolotl;Ambystoma mexicanum;-1,694757525;20;MAFB;40687994;0,090121428;hg38
837;cg09784334;;417;0;0;EnhA11;0,173018168;0,090123311;0,465783609;97;0,09952654;Axolotl;Ambystoma mexicanum;1,694747602;20;MAFB;40719095;0,090123311;hg38
838;cg01267062;421;;0;0;EnhA17;-0,172853901;0,090433791;0,466134782;97;0,099532369;Axolotl;Ambystoma mexicanum;-1,69311389;11;LMO1;8329950;0,090433791;hg38
839;cg01346827;;418;0;0;TxEnh4;0,172808913;0,090518971;0,466134782;97;0,099533964;Axolotl;Ambystoma mexicanum;1,69266647;17;THRA;40089305;0,090518971;hg38
840;cg09609922;;419;0;0;PromF6;0,172737086;0,090655098;0,466134782;97;0,099536511;Axolotl;Ambystoma mexicanum;1,691952149;3;EIF1B;40310973;0,090655098;hg38
841;cg27456893;422;;0;0;EnhA11;-0,172702542;0,090720624;0,466134782;97;0,099537735;Axolotl;Ambystoma mexicanum;-1,69160861;2;PABPC1P2;145845691;0,090720624;hg38
842;cg27005625;;420;0;0;TxWk1;0,172618907;0,090879423;0,466134782;97;0,099540698;Axolotl;Ambystoma mexicanum;1,690776887;8;SLC7A2;17554607;0,090879423;hg38
843;cg18897599;423;;0;0;TxEnh6;-0,172607835;0,090900464;0,466134782;97;0,09954109;Axolotl;Ambystoma mexicanum;-1,690666772;11;GRK2;67284924;0,090900464;hg38
844;cg17396081;;421;0;0;EnhWk3;0,172584117;0,090945546;0,466134782;97;0,09954193;Axolotl;Ambystoma mexicanum;1,690430906;11;ZBTB16;114229338;0,090945546;hg38
845;cg07362651;;422;0;1;ReprPC1;0,172470133;0,091162451;0,466456022;97;0,099545965;Axolotl;Ambystoma mexicanum;1,689297404;7;UNCX;1239196;0,091162451;hg38
846;cg24265558;;423;0;1;ReprPC1;0,172402084;0,091292138;0,466456022;97;0,099548373;Axolotl;Ambystoma mexicanum;1,688620717;15;ONECUT1;52797689;0,091292138;hg38
847;cg16455903;;424;0;0;ReprPC3;0,172328526;0,091432488;0,466456022;97;0,099550975;Axolotl;Ambystoma mexicanum;1,687889264;3;CADPS;62536488;0,091432488;hg38
848;cg00383766;424;;0;0;TxEnh7;-0,172324832;0,091439541;0,466456022;97;0,099551106;Axolotl;Ambystoma mexicanum;-1,68785253;15;NPTN;73597322;0,091439541;hg38
849;cg11736686;425;;0;0;ReprPC7;-0,172158434;0,091757682;0,466846115;97;0,099556987;Axolotl;Ambystoma mexicanum;-1,686197931;14;MYH7;23429807;0,091757682;hg38
850;cg20779412;;425;0;0;ReprPC1;0,172129142;0,091813779;0,466846115;97;0,099558021;Axolotl;Ambystoma mexicanum;1,685906661;1;RNF220;44409594;0,091813779;hg38
851;cg00464610;426;;0;0;EnhA6;-0,172080611;0,091906775;0,466846115;97;0,099559735;Axolotl;Ambystoma mexicanum;-1,685424109;1;ESRRG;216532384;0,091906775;hg38
852;cg26156471;427;;0;0;TxEx2;-0,171969643;0,092119698;0,466846115;97;0,099563652;Axolotl;Ambystoma mexicanum;-1,684320748;6;GTPBP2;43625040;0,092119698;hg38
853;cg06398214;;426;0;0;Tx4;0,171903108;0,092247551;0,466846115;97;0,099566;Axolotl;Ambystoma mexicanum;1,683659201;8;PPP2R2A;26363810;0,092247551;hg38
854;cg01019040;428;;0;1;BivProm2;-0,171866703;0,092317566;0,466846115;97;0,099567284;Axolotl;Ambystoma mexicanum;-1,683297233;7;LHFPL3;104328968;0,092317566;hg38
855;cg21920032;;427;0;0;Acet8;0,171836841;0,092375026;0,466846115;97;0,099568337;Axolotl;Ambystoma mexicanum;1,683000336;14;NRXN3;78709394;0,092375026;hg38
856;cg08562853;;428;0;0;TxWk2;0,171834585;0,092379369;0,466846115;97;0,099568416;Axolotl;Ambystoma mexicanum;1,682977901;9;BNC2;16527715;0,092379369;hg38
857;cg27573809;;429;0;0;ReprPC3;0,171764886;0,092513603;0,466978939;97;0,099570873;Axolotl;Ambystoma mexicanum;1,682284924;3;SHOX2;158058696;0,092513603;hg38
858;cg01580681;429;;0;1;BivProm1;-0,171542221;0,092943469;0,468241648;97;0,099578716;Axolotl;Ambystoma mexicanum;-1,68007117;4;HAND2-AS1;173528865;0,092943469;hg38
859;cg00470955;430;;0;0;BivProm3;-0,17152321;0,092980244;0,468241648;97;0,099579385;Axolotl;Ambystoma mexicanum;-1,679882165;16;RBFOX1;7304431;0,092980244;hg38
860;cg05569793;;430;0;0;EnhA6;0,171261252;0,093488144;0,469649628;97;0,099588598;Axolotl;Ambystoma mexicanum;1,67727794;15;MEIS2;36925836;0,093488144;hg38
861;cg06926372;;431;0;0;EnhA2;0,17125511;0,093500079;0,469649628;97;0,099588814;Axolotl;Ambystoma mexicanum;1,67721688;5;MARCHF3;126918158;0,093500079;hg38
862;cg10505126;431;;0;0;Quies2;-0,171155105;0,093694571;0,469649628;97;0,099592327;Axolotl;Ambystoma mexicanum;-1,676222741;13;MIR1297;54615144;0,093694571;hg38
863;cg24268265;;432;0;0;TxEx1;0,171112745;0,093777051;0,469649628;97;0,099593815;Axolotl;Ambystoma mexicanum;1,67580165;1;FUBP1;77945541;0,093777051;hg38
864;cg01009870;;433;0;0;TxWk2;0,171077647;0,093845433;0,469649628;97;0,099595047;Axolotl;Ambystoma mexicanum;1,675452758;10;EBF3;129869867;0,093845433;hg38
865;cg06047944;432;;0;0;EnhA2;-0,17104389;0,093911239;0,469649628;97;0,099596232;Axolotl;Ambystoma mexicanum;-1,675117199;21;MIR99AHG;16605821;0,093911239;hg38
866;cg22342392;433;;0;1;BivProm1;-0,170948098;0,094098178;0,470041111;97;0,099599593;Axolotl;Ambystoma mexicanum;-1,674164987;3;SHOX2;158098249;0,094098178;hg38
867;cg09415540;;434;0;0;Quies3;0,170710404;0,094563305;0,471505378;97;0,099607925;Axolotl;Ambystoma mexicanum;1,671802339;2;CAMKMT;44743629;0,094563305;hg38
868;cg19415472;;435;0;0;ReprPC3;0,170686947;0,094609306;0,471505378;97;0,099608746;Axolotl;Ambystoma mexicanum;1,671569182;1;LINC01739;62999327;0,094609306;hg38
869;cg09200936;434;;0;0;EnhWk6;-0,170590246;0,094799125;0,471767912;97;0,099612132;Axolotl;Ambystoma mexicanum;-1,670608032;14;LINC01550;98135480;0,094799125;hg38
870;cg09871685;435;;0;1;BivProm4;-0,170549041;0,094880099;0,471767912;97;0,099613575;Axolotl;Ambystoma mexicanum;-1,670198486;1;PBX1;164320942;0,094880099;hg38
871;cg17324187;436;;0;0;TxEnh4;-0,17041992;0,095134196;0,472488254;97;0,099618091;Axolotl;Ambystoma mexicanum;-1,668915154;10;ZMIZ1;79201672;0,095134196;hg38
872;cg11722817;;436;0;0;EnhA7;0,170312193;0,095346602;0,473000127;97;0,099621857;Axolotl;Ambystoma mexicanum;1,667844485;17;SKAP1;48445037;0,095346602;hg38
873;cg02729610;;437;0;0;EnhWk6;0,17020664;0,095555083;0,473491375;97;0,099625545;Axolotl;Ambystoma mexicanum;1,666795459;1;ERI3;44274251;0,095555083;hg38
874;cg08909571;;438;0;0;TxEx4;0,170114834;0,095736704;0,473500012;97;0,099628751;Axolotl;Ambystoma mexicanum;1,665883082;14;EIF5;103336115;0,095736704;hg38
875;cg26112867;;439;0;0;Tx5;0,170073002;0,095819552;0,473500012;97;0,099630211;Axolotl;Ambystoma mexicanum;1,665467351;23;RBM10;47174993;0,095819552;hg38
876;cg14999831;;440;0;0;Acet2;0,170020199;0,095924208;0,473500012;97;0,099632053;Axolotl;Ambystoma mexicanum;1,664942602;15;LOC440311;94971048;0,095924208;hg38
877;cg09751476;;441;0;0;EnhWk4;0,169984679;0,095994659;0,473500012;97;0,099633292;Axolotl;Ambystoma mexicanum;1,664589616;11;ELP4;31764153;0,095994659;hg38
878;cg11577476;;442;0;0;Tx6;0,16977304;0,096415274;0,474601379;97;0,09964067;Axolotl;Ambystoma mexicanum;1,662486469;2;GALNT3;165757186;0,096415274;hg38
879;cg11003079;437;;0;0;ReprPC6;-0,169710829;0,096539188;0,474601379;97;0,099642836;Axolotl;Ambystoma mexicanum;-1,661868279;4;FAM53A;1593807;0,096539188;hg38
880;cg22029056;;443;0;0;TxEx2;0,169706869;0,096547081;0,474601379;97;0,099642974;Axolotl;Ambystoma mexicanum;1,661828924;23;DDX3X;41347812;0,096547081;hg38
881;cg02344882;;444;0;0;ReprPC2;0,169601058;0,096758142;0,475099016;97;0,099646658;Axolotl;Ambystoma mexicanum;1,660777499;6;TFAP2B;50854148;0,096758142;hg38
882;cg07766762;438;;0;0;HET9;-0,169476103;0,097007857;0,475188098;97;0,099651005;Axolotl;Ambystoma mexicanum;-1,659535878;5;LINC01947;166587040;0,097007857;hg38
883;cg21007832;;445;0;0;EnhA17;0,169456688;0,097046702;0,475188098;97;0,09965168;Axolotl;Ambystoma mexicanum;1,659342967;1;PBX1;164731653;0,097046702;hg38
884;cg13445226;439;;0;0;Tx5;-0,169427148;0,097105829;0,475188098;97;0,099652707;Axolotl;Ambystoma mexicanum;-1,659049447;16;ZFHX3;72957966;0,097105829;hg38
885;cg17731968;440;;0;0;Tx1;-0,169314489;0,097331584;0,475754649;97;0,099656622;Axolotl;Ambystoma mexicanum;-1,657930059;5;TBCA;77725662;0,097331584;hg38
886;cg17112923;441;;0;0;EnhA18;-0,169165153;0,097631472;0,476116618;97;0,099661808;Axolotl;Ambystoma mexicanum;-1,656446298;12;SOX5-AS1;24252937;0,097631472;hg38
887;cg12272162;;446;0;0;BivProm2;0,168974361;0,098015666;0,476116618;97;0,099668427;Axolotl;Ambystoma mexicanum;1,654550722;6;LINC01276;41469726;0,098015666;hg38
888;cg11997548;442;;0;0;TxWk2;-0,168962033;0,098040532;0,476116618;97;0,099668855;Axolotl;Ambystoma mexicanum;-1,654428244;4;GRIA2;157361434;0,098040532;hg38
889;cg02349046;;447;0;0;TxEx3;0,168915757;0,098133916;0,476116618;97;0,099670459;Axolotl;Ambystoma mexicanum;1,653968488;20;KIF16B;16504427;0,098133916;hg38
890;cg23356959;;448;0;0;ReprPC3;0,168910989;0,09814354;0,476116618;97;0,099670624;Axolotl;Ambystoma mexicanum;1,653921124;9;LOC101929116;126183547;0,09814354;hg38
891;cg21639828;;449;0;0;Tx6;0,16890357;0,09815852;0,476116618;97;0,099670882;Axolotl;Ambystoma mexicanum;1,65384741;1;DOCK7;62543723;0,09815852;hg38
892;cg08845119;443;;0;0;EnhWk4;-0,168894875;0,098176077;0,476116618;97;0,099671183;Axolotl;Ambystoma mexicanum;-1,653761029;2;FIGN;163493912;0,098176077;hg38
893;cg02056060;;450;0;0;ReprPC1;0,168559094;0,098855992;0,478843781;97;0,099682808;Axolotl;Ambystoma mexicanum;1,65042524;4;POU4F2;146653275;0,098855992;hg38
894;cg04663705;;451;0;1;ReprPC1;0,168480188;0,099016301;0,478843781;97;0,099685537;Axolotl;Ambystoma mexicanum;1,649641406;1;BARHL2;90713546;0,099016301;hg38
895;cg00753997;444;;0;0;TxWk1;-0,168453533;0,099070503;0,478843781;97;0,099686458;Axolotl;Ambystoma mexicanum;-1,649376614;9;NFIB;14086826;0,099070503;hg38
896;cg00929516;445;;0;1;ReprPC1;-0,168348152;0,099285011;0,479344995;97;0,0996901;Axolotl;Ambystoma mexicanum;-1,64832981;3;PTPRG-AS1;62365464;0,099285011;hg38
897;cg13656236;446;;0;1;BivProm2;-0,168282027;0,099419798;0,47946063;97;0,099692383;Axolotl;Ambystoma mexicanum;-1,64767297;20;NKX2-2;21516099;0,099419798;hg38
898;cg18428441;447;;0;0;Tx7;-0,168191033;0,099605514;0,479497621;97;0,099695525;Axolotl;Ambystoma mexicanum;-1,646769106;17;NCOR1;16146529;0,099605514;hg38
899;cg10695556;448;;0;0;EnhWk3;-0,168129266;0,099731732;0,479497621;97;0,099697656;Axolotl;Ambystoma mexicanum;-1,646155578;3;CACNA1D;53673124;0,099731732;hg38
900;cg13242767;449;;0;0;EnhA17;-0,16808306;0,099826233;0,479497621;97;0,09969925;Axolotl;Ambystoma mexicanum;-1,645696629;23;POLA1;24877029;0,099826233;hg38
901;cg14375924;;452;0;0;EnhA17;0,168060216;0,099872982;0,479497621;97;0,099700038;Axolotl;Ambystoma mexicanum;1,645469718;12;SOX5;24015266;0,099872982;hg38
902;cg24451994;;453;0;0;Acet2;0,168007126;0,09998169;0,479497621;97;0,099701868;Axolotl;Ambystoma mexicanum;1,644942399;1;BRINP3;190454724;0,09998169;hg38
903;cg16274762;;454;0;0;EnhWk3;0,167830576;0,100343867;0,48070164;97;0,099707952;Axolotl;Ambystoma mexicanum;1,643188844;11;BRSK2;1460549;0,100343867;hg38
904;cg22159540;450;;1;1;PromF5;-0,167718761;0,100573777;0,481091044;97;0,099711801;Axolotl;Ambystoma mexicanum;-1,642078308;7;IGF2BP3;23470662;0,100573777;hg38
905;cg09998451;451;;0;0;TxEnh7;-0,16768291;0,100647579;0,481091044;97;0,099713035;Axolotl;Ambystoma mexicanum;-1,641722248;19;RAB3A;18202619;0,100647579;hg38
906;cg26518080;;455;0;0;TxEnh8;0,167601405;0,100815525;0,481215615;97;0,099715838;Axolotl;Ambystoma mexicanum;1,640912766;12;ETV6;11884497;0,100815525;hg38
907;cg12249063;;456;0;0;EnhWk5;0,167562327;0,100896123;0,481215615;97;0,099717182;Axolotl;Ambystoma mexicanum;1,640524672;14;LINC01550;98156664;0,100896123;hg38
908;cg13885848;452;;0;0;Tx7;-0,167318789;0,101399568;0,481515891;97;0,09972555;Axolotl;Ambystoma mexicanum;-1,638106073;6;MCM9;118905730;0,101399568;hg38
909;cg06437093;453;;0;0;ReprPC9;-0,167277972;0,101484139;0,481515891;97;0,099726951;Axolotl;Ambystoma mexicanum;-1,637700729;15;MEIS2;36891315;0,101484139;hg38
910;cg08154911;454;;0;0;ReprPC6;-0,16723451;0,10157425;0,481515891;97;0,099728442;Axolotl;Ambystoma mexicanum;-1,637269123;20;CDH22;46265183;0,10157425;hg38
911;cg12220474;455;;0;0;ReprPC4;-0,167171376;0,101705258;0,481515891;97;0,099730609;Axolotl;Ambystoma mexicanum;-1,636642174;10;LINC00867;118358385;0,101705258;hg38
912;cg08924415;456;;0;0;TxEnh4;-0,167017888;0,102024312;0,481515891;97;0,099735871;Axolotl;Ambystoma mexicanum;-1,635118009;8;PUF60;143820666;0,102024312;hg38
913;cg22559021;;457;0;1;BivProm4;0,166927683;0,102212187;0,481515891;97;0,099738962;Axolotl;Ambystoma mexicanum;1,634222274;19;NFIX;13025179;0,102212187;hg38
914;cg25957641;;458;0;1;PromF5;0,166922055;0,102223918;0,481515891;97;0,099739155;Axolotl;Ambystoma mexicanum;1,63416639;10;CNNM2;102919824;0,102223918;hg38
915;cg11164048;457;;0;0;EnhA1;-0,166916143;0,10223624;0,481515891;97;0,099739357;Axolotl;Ambystoma mexicanum;-1,634107693;11;ZBTB16;114164023;0,10223624;hg38
916;cg26596008;458;;0;0;Quies1;-0,166881769;0,102307917;0,481515891;97;0,099740534;Axolotl;Ambystoma mexicanum;-1,633766367;12;LMO3;16786831;0,102307917;hg38
917;cg06106091;459;;0;0;EnhWk4;-0,166826291;0,102423683;0,481515891;97;0,099742434;Axolotl;Ambystoma mexicanum;-1,633215492;1;SNORD3G;90672038;0,102423683;hg38
918;cg18563768;;459;0;0;EnhA1;0,166823259;0,102430013;0,481515891;97;0,099742537;Axolotl;Ambystoma mexicanum;1,633185383;5;ADAMTS6;65262816;0,102430013;hg38
919;cg04202135;460;;0;0;BivProm4;-0,166804959;0,102468224;0,481515891;97;0,099743164;Axolotl;Ambystoma mexicanum;-1,633003674;6;LOC101927314;97668867;0,102468224;hg38
920;cg26857113;461;;0;0;EnhWk4;-0,166751463;0,102579987;0,481515891;97;0,099744995;Axolotl;Ambystoma mexicanum;-1,632472499;19;URI1;30060099;0,102579987;hg38
921;cg14050475;;460;0;0;Tx7;0,166733346;0,10261786;0,481515891;97;0,099745614;Axolotl;Ambystoma mexicanum;1,632292608;2;KIAA1841;61076984;0,10261786;hg38
922;cg07291439;;461;0;1;BivProm2;0,166728139;0,102628747;0,481515891;97;0,099745793;Axolotl;Ambystoma mexicanum;1,632240905;3;LOC440982;147408139;0,102628747;hg38
923;cg04102296;;462;0;0;TxEnh5;0,166441223;0,10323003;0,483004363;97;0,0997556;Axolotl;Ambystoma mexicanum;1,629392147;11;NCAM1-AS1;113272960;0,10323003;hg38
924;cg02036163;;463;0;0;Tx7;0,166420592;0,103273372;0,483004363;97;0,099756305;Axolotl;Ambystoma mexicanum;1,629187311;1;AGO3;36040334;0,103273372;hg38
925;cg22163848;;464;0;1;TSS1;0,166416981;0,10328096;0,483004363;97;0,099756428;Axolotl;Ambystoma mexicanum;1,629151457;1;BCAR3;93847595;0,10328096;hg38
926;cg23732608;;465;0;0;BivProm3;0,166262079;0,103606854;0,48400519;97;0,099761715;Axolotl;Ambystoma mexicanum;1,627613552;20;CFAP61;20199825;0,103606854;hg38
927;cg10372263;;466;0;1;ReprPC1;0,166095693;0,103957804;0,485120787;97;0,099767389;Axolotl;Ambystoma mexicanum;1,625961695;10;PAX2;100826173;0,103957804;hg38
928;cg24243995;;467;0;0;EnhA6;0,165934736;0,104298187;0,486184719;97;0,099772872;Axolotl;Ambystoma mexicanum;1,624363804;9;LOC101929116;126276575;0,104298187;hg38
929;cg23526975;;468;0;0;EnhWk4;0,165769087;0,104649401;0,487296795;97;0,099778509;Axolotl;Ambystoma mexicanum;1,622719404;19;KCTD15;33875076;0,104649401;hg38
930;cg01428630;;469;0;0;EnhWk4;0,165524576;0,10516951;0,488855612;97;0,09978682;Axolotl;Ambystoma mexicanum;1,620292265;11;DCDC1;31161275;0,10516951;hg38
931;cg15119729;;470;0;0;EnhA5;0,165504068;0,105213225;0,488855612;97;0,099787517;Axolotl;Ambystoma mexicanum;1,620088698;8;ZFPM2;104950257;0,105213225;hg38
932;cg18623536;462;;0;0;EnhWk4;-0,165434124;0,105362424;0,488855612;97;0,099789892;Axolotl;Ambystoma mexicanum;-1,619394432;8;ST18;52225630;0,105362424;hg38
933;cg06999458;463;;0;0;EnhA17;-0,165399569;0,105436196;0,488855612;97;0,099791064;Axolotl;Ambystoma mexicanum;-1,619051438;2;LINC01412;144567926;0,105436196;hg38
934;cg01668584;;471;0;1;ReprPC1;0,165294569;0,105660607;0,489371579;97;0,099794627;Axolotl;Ambystoma mexicanum;1,618009239;7;UNCX;1239465;0,105660607;hg38
935;cg20589448;464;;0;0;Tx7;-0,165201345;0,105860162;0,489516278;97;0,099797788;Axolotl;Ambystoma mexicanum;-1,617083946;5;MAP3K1;56865889;0,105860162;hg38
936;cg18991419;;472;0;1;ReprPC1;0,165168404;0,105930748;0,489516278;97;0,099798905;Axolotl;Ambystoma mexicanum;1,616756986;5;OTP;77644395;0,105930748;hg38
937;cg20532002;;473;0;0;TxEnh8;0,165027975;0,106232061;0,489516278;97;0,099803662;Axolotl;Ambystoma mexicanum;1,615363215;15;TCF12;57252427;0,106232061;hg38
938;cg26144663;465;;0;0;ReprPC3;-0,164999743;0,106292717;0,489516278;97;0,099804618;Axolotl;Ambystoma mexicanum;-1,615083021;19;ZNF536;30154564;0,106292717;hg38
939;cg17958658;466;;0;1;BivProm1;-0,164996954;0,106298712;0,489516278;97;0,099804712;Axolotl;Ambystoma mexicanum;-1,615055337;10;SPOCK2;72088205;0,106298712;hg38
940;cg12896068;;474;0;0;EnhWk8;0,164960573;0,106376921;0,489516278;97;0,099805944;Axolotl;Ambystoma mexicanum;1,61469426;15;MAP2K5;67748056;0,106376921;hg38
941;cg01787584;;475;0;1;BivProm1;0,1648772;0,106556318;0,489516278;97;0,099808765;Axolotl;Ambystoma mexicanum;1,613866817;12;HOXC4;54053982;0,106556318;hg38
942;cg24274564;;476;0;0;Tx6;0,164822464;0,106674224;0,489516278;97;0,099810617;Axolotl;Ambystoma mexicanum;1,613323592;1;RPS6KC1;213242555;0,106674224;hg38
943;cg06800074;467;;0;0;EnhWk4;-0,164786795;0,106751114;0,489516278;97;0,099811823;Axolotl;Ambystoma mexicanum;-1,612969591;5;LINC00461;88552682;0,106751114;hg38
944;cg25200027;;477;0;0;Tx8;0,164719495;0,106896305;0,489516278;97;0,099814098;Axolotl;Ambystoma mexicanum;1,612301692;6;RUNX2;45492054;0,106896305;hg38
945;cg13080172;468;;0;0;znf1;-0,164648982;0,107048594;0,489516278;97;0,099816481;Axolotl;Ambystoma mexicanum;-1,611601916;14;BCL11B;99175441;0,107048594;hg38
946;cg03699276;469;;0;0;ReprPC7;-0,164648435;0,107049774;0,489516278;97;0,099816499;Axolotl;Ambystoma mexicanum;-1,611596494;22;LINC02554;27442284;0,107049774;hg38
947;cg23141081;470;;0;0;Tx7;-0,164497955;0,107375336;0,490486522;97;0,099821581;Axolotl;Ambystoma mexicanum;-1,610103164;11;PIK3C2A;17101363;0,107375336;hg38
948;cg11752557;;478;0;0;BivProm3;0,164423072;0,107537634;0,49070972;97;0,099824108;Axolotl;Ambystoma mexicanum;1,609360056;12;MVK;109622179;0,107537634;hg38
949;cg09566123;471;;0;0;TxEnh5;-0,164279076;0,107850257;0,491617678;97;0,099828964;Axolotl;Ambystoma mexicanum;-1,607931158;12;SCN8A;51770600;0,107850257;hg38
950;cg17656306;;479;0;0;TxEx4;0,164194062;0,10803516;0,491643521;97;0,099831829;Axolotl;Ambystoma mexicanum;1,60708757;16;C16orf72;9103139;0,10803516;hg38
951;cg03436378;;480;0;1;ReprPC1;0,164171979;0,108083231;0,491643521;97;0,099832573;Axolotl;Ambystoma mexicanum;1,606868441;2;DLX1;172093731;0,108083231;hg38
952;cg20244288;;481;0;0;EnhA3;0,164026341;0,108400673;0,492569537;97;0,099837477;Axolotl;Ambystoma mexicanum;1,605423333;18;TCF4;55234997;0,108400673;hg38
953;cg03826688;472;;0;0;BivProm3;-0,163910598;0,108653471;0,49272521;97;0,099841372;Axolotl;Ambystoma mexicanum;-1,604274899;12;MGST1;16603728;0,108653471;hg38
954;cg23242411;473;;0;1;PromF5;-0,16390636;0,108662737;0,49272521;97;0,099841514;Axolotl;Ambystoma mexicanum;-1,604232849;7;HOXA-AS3;27143557;0,108662737;hg38
955;cg09684469;;482;0;1;ReprPC1;0,163727819;0,109053618;0,493515177;97;0,099847516;Axolotl;Ambystoma mexicanum;1,602461393;7;UNCX;1226507;0,109053618;hg38
956;cg07334368;;483;0;0;EnhA2;0,163645791;0,109233572;0,493515177;97;0,099850271;Axolotl;Ambystoma mexicanum;1,601647541;15;LINC00924;95464574;0,109233572;hg38
957;cg03262217;;484;0;0;EnhWk8;0,163642208;0,109241437;0,493515177;97;0,099850391;Axolotl;Ambystoma mexicanum;1,601611994;23;POLA1;24876810;0,109241437;hg38
958;cg26322742;;485;0;0;Quies3;0,16358887;0,109358578;0,493515177;97;0,099852182;Axolotl;Ambystoma mexicanum;1,601082813;15;LINC00924;95550795;0,109358578;hg38
959;cg15885344;;486;0;0;EnhA2;0,163566487;0,109407766;0,493515177;97;0,099852933;Axolotl;Ambystoma mexicanum;1,600860744;8;ZFPM2-AS1;105662059;0,109407766;hg38
960;cg06998540;;487;0;0;EnhA14;0,16351478;0,10952146;0,493515177;97;0,099854668;Axolotl;Ambystoma mexicanum;1,600347746;23;MIR2114;150269692;0,10952146;hg38
961;cg14918572;;488;0;0;TxEx3;0,163446535;0,109671658;0,493677734;97;0,099856958;Axolotl;Ambystoma mexicanum;1,599670688;1;TMEM39B;32102602;0,109671658;hg38
962;cg02798601;;489;0;0;TxEx3;0,163048844;0,110550111;0,496549074;97;0,099870279;Axolotl;Ambystoma mexicanum;1,595725418;23;RBM10;47175065;0,110550111;hg38
963;cg01802683;;490;0;0;PromF2;0,163029094;0,110593879;0,496549074;97;0,09987094;Axolotl;Ambystoma mexicanum;1,595529497;1;ARID1A;26723865;0,110593879;hg38
964;cg27189050;;491;0;0;EnhWk4;0,162973674;0,110716767;0,496549074;97;0,099872794;Axolotl;Ambystoma mexicanum;1,594979737;18;TSHZ1;75297343;0,110716767;hg38
965;cg08570512;;492;0;0;Acet3;0,162912284;0,110853017;0,496549074;97;0,099874846;Axolotl;Ambystoma mexicanum;1,594370764;7;DGKI;137623483;0,110853017;hg38
966;cg25751494;474;;0;0;PromF1;-0,162898573;0,110883464;0,496549074;97;0,099875305;Axolotl;Ambystoma mexicanum;-1,594234761;1;UTP11;38029451;0,110883464;hg38
967;cg11970204;475;;0;0;BivProm4;-0,162777677;0,111152218;0,497237848;97;0,099879344;Axolotl;Ambystoma mexicanum;-1,593035543;10;BTRC;101486150;0,111152218;hg38
968;cg14760338;;493;0;0;ReprPC3;0,162652296;0,111431476;0,497489517;97;0,099883531;Axolotl;Ambystoma mexicanum;1,591791875;1;LINC01763;90854555;0,111431476;hg38
969;cg03885761;;494;0;0;TxEx1;0,162649154;0,111438483;0,497489517;97;0,099883635;Axolotl;Ambystoma mexicanum;1,591760703;23;OGT;71544618;0,111438483;hg38
970;cg07025752;476;;0;0;Acet6;-0,162491958;0,111789388;0,497675837;97;0,099888879;Axolotl;Ambystoma mexicanum;-1,590201519;8;ZFHX4-AS1;76535599;0,111789388;hg38
971;cg17398634;;495;0;0;PromF5;0,162404816;0,111984284;0,497675837;97;0,099891784;Axolotl;Ambystoma mexicanum;1,5893372;17;SPAG9;51046610;0,111984284;hg38
972;cg09663651;477;;0;0;ReprPC2;-0,162372998;0,112055511;0,497675837;97;0,099892844;Axolotl;Ambystoma mexicanum;-1,589021622;4;LINC00682;41857719;0,112055511;hg38
973;cg07322750;478;;0;1;BivProm2;-0,162342158;0,112124584;0,497675837;97;0,099893872;Axolotl;Ambystoma mexicanum;-1,588715738;4;HELT;185018304;0,112124584;hg38
974;cg26248706;479;;0;0;EnhWk4;-0,162339684;0,112130125;0,497675837;97;0,099893954;Axolotl;Ambystoma mexicanum;-1,588691208;11;ELP4;31764524;0,112130125;hg38
975;cg19603931;;496;0;0;EnhWk5;0,162321665;0,112170499;0,497675837;97;0,099894554;Axolotl;Ambystoma mexicanum;1,588512491;1;ERI3;44274443;0,112170499;hg38
976;cg26374905;;497;0;1;ReprPC1;0,162150292;0,112555043;0,498150778;97;0,099900259;Axolotl;Ambystoma mexicanum;1,586812826;7;UNCX;1229364;0,112555043;hg38
977;cg13651150;480;;0;0;EnhWk4;-0,162135646;0,112587954;0,498150778;97;0,099900747;Axolotl;Ambystoma mexicanum;-1,586667573;8;LINC01414;63704303;0,112587954;hg38
978;cg26178630;;498;0;0;ReprPC4;0,162120048;0,112623015;0,498150778;97;0,099901266;Axolotl;Ambystoma mexicanum;1,586512872;10;MGMT;129309745;0,112623015;hg38
979;cg12321152;481;;0;0;TxEx2;-0,161924574;0,113063093;0,499586495;97;0,099907764;Axolotl;Ambystoma mexicanum;-1,584574278;2;CNOT9;218594196;0,113063093;hg38
980;cg19829166;;499;0;1;ReprPC2;0,161835587;0,113263874;0,499846597;97;0,09991072;Axolotl;Ambystoma mexicanum;1,58369179;10;NEUROG3;69577135;0,113263874;hg38
981;cg09568244;482;;0;0;TxWk2;-0,161787367;0,113372788;0,499846597;97;0,099912321;Axolotl;Ambystoma mexicanum;-1,5832136;9;OLFM1;135098296;0,113372788;hg38
982;cg17899985;;500;0;0;EnhA6;0,161664327;0,113651065;0,499846597;97;0,099916404;Axolotl;Ambystoma mexicanum;1,581993452;2;TEX41;144770966;0,113651065;hg38
983;cg00696623;;501;0;0;TxEx1;0,161659808;0,113661296;0,499846597;97;0,099916554;Axolotl;Ambystoma mexicanum;1,581948641;4;ANKRD17;73161263;0,113661296;hg38
984;cg21180487;;502;0;0;TxEx1;0,161606374;0,11378232;0,499846597;97;0,099918327;Axolotl;Ambystoma mexicanum;1,581418763;1;TPM3;154171419;0,11378232;hg38
985;cg09065756;;503;0;0;Acet6;0,161591843;0,113815248;0,499846597;97;0,099918808;Axolotl;Ambystoma mexicanum;1,581274671;2;TMEFF2;191950323;0,113815248;hg38
986;cg19766752;;504;0;0;EnhWk4;0,161417047;0,114211935;0,500656002;97;0,099924601;Axolotl;Ambystoma mexicanum;1,579541373;20;TSHZ2;53141471;0,114211935;hg38
987;cg21908704;;505;0;0;Tx2;0,161388621;0,114276545;0,500656002;97;0,099925543;Axolotl;Ambystoma mexicanum;1,579259509;15;TCF12;57091834;0,114276545;hg38
988;cg01567668;;506;0;0;EnhA17;0,161357746;0,114346757;0,500656002;97;0,099926565;Axolotl;Ambystoma mexicanum;1,578953353;17;ACACA;37117541;0,114346757;hg38
989;cg07630183;;507;0;0;EnhA18;0,161027249;0,115100408;0,502709367;97;0,099937496;Axolotl;Ambystoma mexicanum;1,575676361;4;ADGRL3;62063589;0,115100408;hg38
990;cg20537035;;508;0;0;EnhWk3;0,160993823;0,115176844;0,502709367;97;0,099938601;Axolotl;Ambystoma mexicanum;1,57534495;5;CETN3;90356862;0,115176844;hg38
991;cg20970027;;509;0;0;ReprPC4;0,16090587;0,115378159;0,502709367;97;0,099941506;Axolotl;Ambystoma mexicanum;1,574472913;10;DRGX;49364361;0,115378159;hg38
992;cg04135292;483;;0;0;PromF3;-0,160889005;0,115416792;0,502709367;97;0,099942062;Axolotl;Ambystoma mexicanum;-1,574305703;14;ARF6;49894064;0,115416792;hg38
993;cg15977208;484;;0;0;ReprPC3;-0,160839098;0,115531173;0,502709367;97;0,09994371;Axolotl;Ambystoma mexicanum;-1,573810902;14;GPATCH2L;76134473;0,115531173;hg38
994;cg25352707;;510;0;0;ReprPC4;0,160796839;0,115628095;0,502709367;97;0,099945104;Axolotl;Ambystoma mexicanum;1,573391928;4;TTC29;146880861;0,115628095;hg38
995;cg09782540;485;;0;1;BivProm3;-0,160791528;0,115640281;0,502709367;97;0,099945279;Axolotl;Ambystoma mexicanum;-1,573339269;6;TFAP2A;10398465;0,115640281;hg38
996;cg04040539;;511;0;0;TxEx2;0,160745723;0,115745415;0,502709367;97;0,099946791;Axolotl;Ambystoma mexicanum;1,572885147;16;CNOT1;58586695;0,115745415;hg38
997;cg19977128;;512;0;0;EnhA17;0,160682338;0,115891021;0,502836913;97;0,099948881;Axolotl;Ambystoma mexicanum;1,57225674;9;PTCH1;95496390;0,115891021;hg38
998;cg15033935;;513;0;0;ReprPC4;0,160628009;0,116015937;0,502874521;97;0,099950672;Axolotl;Ambystoma mexicanum;1,571718122;10;LRMDA;75907377;0,116015937;hg38
999;cg05919078;486;;0;0;EnhA6;-0,160538564;0,116221821;0,50319399;97;0,099953619;Axolotl;Ambystoma mexicanum;-1,57083138;2;LINC01935;103176696;0,116221821;hg38
1000;cg16905958;487;;0;0;EnhWk8;-0,160494963;0,116322285;0,50319399;97;0,099955055;Axolotl;Ambystoma mexicanum;-1,570399128;7;VSTM2A;54569012;0,116322285;hg38
1001;cg20688459;488;;0;0;Quies2;-0,160376164;0,116596356;0,503875705;97;0,099958966;Axolotl;Ambystoma mexicanum;-1,569221416;18;LINC01029;78034598;0,116596356;hg38
1002;cg06504521;;514;0;0;EnhWk8;0,160243696;0,116902549;0,504232076;97;0,099963324;Axolotl;Ambystoma mexicanum;1,567908237;1;LINC01653;218079583;0,116902549;hg38
1003;cg05191856;;515;0;0;Acet2;0,160232075;0,116929439;0,504232076;97;0,099963706;Axolotl;Ambystoma mexicanum;1,567793044;1;LINC01343;38258564;0,116929439;hg38
1004;cg23791942;;516;0;0;ReprPC5;0,160111433;0,117208887;0,504232076;97;0,099967671;Axolotl;Ambystoma mexicanum;1,566597138;1;C1orf127;10907582;0,117208887;hg38
1005;cg24625193;489;;0;0;ReprPC3;-0,160098547;0,117238767;0,504232076;97;0,099968094;Axolotl;Ambystoma mexicanum;-1,566469398;16;LINC02140;54543335;0,117238767;hg38
1006;cg05894516;490;;0;0;TxEnh2;-0,160088688;0,117261631;0,504232076;97;0,099968418;Axolotl;Ambystoma mexicanum;-1,566371671;2;CDCA7;173358782;0,117261631;hg38
1007;cg07342607;491;;0;0;Quies2;-0,160005931;0,117453688;0,504556388;97;0,099971136;Axolotl;Ambystoma mexicanum;-1,565551343;18;LINC01029;77833136;0,117453688;hg38
1008;cg14392375;492;;0;0;TxWk2;-0,159763687;0,118017274;0,506263344;97;0,099979083;Axolotl;Ambystoma mexicanum;-1,563150184;14;TRIM9;50981811;0,118017274;hg38
1009;cg23891259;493;;0;0;EnhWk3;-0,159715198;0,118130335;0,506263344;97;0,099980673;Axolotl;Ambystoma mexicanum;-1,562669572;1;NFIA-AS2;60952960;0,118130335;hg38
1010;cg11742933;;517;0;0;TxEnh6;0,15964972;0,118283142;0,506263344;97;0,099982818;Axolotl;Ambystoma mexicanum;1,562020576;11;APBB1;6401629;0,118283142;hg38
1011;cg11221149;;518;0;0;EnhWk6;0,15963429;0,118319171;0,506263344;97;0,099983324;Axolotl;Ambystoma mexicanum;1,561867648;1;ERI3;44274344;0,118319171;hg38
1012;cg27012235;494;;0;0;EnhA4;-0,159540086;0,118539336;0,506440492;97;0,099986409;Axolotl;Ambystoma mexicanum;-1,56093395;8;KCNU1;36880246;0,118539336;hg38
1013;cg15667675;495;;0;0;PromF4;-0,15951641;0,118594718;0,506440492;97;0,099987184;Axolotl;Ambystoma mexicanum;-1,560699293;23;RAP2C-AS1;132217136;0,118594718;hg38
1014;cg13116110;496;;0;0;HET2;-0,159396379;0,118875802;0,506939747;97;0,099991111;Axolotl;Ambystoma mexicanum;-1,559509651;18;SALL3;78991944;0,118875802;hg38
1015;cg24922711;;519;0;0;EnhA18;0,159366434;0,118946007;0,506939747;97;0,09999209;Axolotl;Ambystoma mexicanum;1,559212866;17;LHX1-DT;36837576;0,118946007;hg38
1016;cg18492509;;520;0;0;TxEx2;0,15925166;0,119215381;0,507587716;97;0,099995842;Axolotl;Ambystoma mexicanum;1,558075376;16;WWP2;69937608;0,119215381;hg38
1017;cg12911542;497;;0;1;BivProm4;-0,158984387;0,119844496;0,509764585;97;0,100004569;Axolotl;Ambystoma mexicanum;-1,55542663;7;HOXA-AS3;27147857;0,119844496;hg38
1018;cg08539704;;521;0;1;TSS1;0,158862696;0,120131783;0,510484621;97;0,100008537;Axolotl;Ambystoma mexicanum;1,554220696;1;BCAR3;93847650;0,120131783;hg38
1019;cg22073028;498;;0;0;EnhWk8;-0,158620843;0,120704321;0,511317846;97;0,100016415;Axolotl;Ambystoma mexicanum;-1,551824088;2;NRXN1;50621165;0,120704321;hg38
1020;cg13234083;499;;0;0;EnhA18;-0,158599709;0,120754451;0,511317846;97;0,100017103;Axolotl;Ambystoma mexicanum;-1,551614671;14;OTX2-AS1;57009727;0,120754451;hg38
1021;cg14818212;;522;0;0;ReprPC6;0,158588619;0,120780762;0,511317846;97;0,100017464;Axolotl;Ambystoma mexicanum;1,551504785;20;TOP1;40913923;0,120780762;hg38
1022;cg27038794;;523;0;0;EnhA17;0,158580231;0,120800666;0,511317846;97;0,100017737;Axolotl;Ambystoma mexicanum;1,551421669;7;GLI3;42213535;0,120800666;hg38
1023;cg12853958;500;;0;0;EnhA17;-0,158454361;0,121099651;0,51184158;97;0,100021831;Axolotl;Ambystoma mexicanum;-1,550174449;2;AGAP1;236054644;0,121099651;hg38
1024;cg26773629;;524;0;0;EnhA2;0,158391405;0,121249408;0,51184158;97;0,100023877;Axolotl;Ambystoma mexicanum;1,549550642;21;MIR99AHG;16309490;0,121249408;hg38
1025;cg13856487;501;;0;1;ReprPC2;-0,158377616;0,121282228;0,51184158;97;0,100024326;Axolotl;Ambystoma mexicanum;-1,54941401;10;PTF1A;23198491;0,121282228;hg38
1026;cg24770312;;525;0;0;EnhA14;0,158225169;0,121645525;0,51184158;97;0,100029277;Axolotl;Ambystoma mexicanum;1,547903528;18;ZNF407;74902320;0,121645525;hg38
1027;cg12724076;;526;0;0;BivProm4;0,158215582;0,121668401;0,51184158;97;0,100029589;Axolotl;Ambystoma mexicanum;1,547808534;8;ZFHX4;76698864;0,121668401;hg38
1028;cg08957853;502;;0;0;TxEx1;-0,158212365;0,121676078;0,51184158;97;0,100029693;Axolotl;Ambystoma mexicanum;-1,547776658;3;RBM5-AS1;50100540;0,121676078;hg38
1029;cg25821659;503;;0;0;EnhA18;-0,158139679;0,121849625;0,51184158;97;0,100032052;Axolotl;Ambystoma mexicanum;-1,547056486;1;LINC00466;63199892;0,121849625;hg38
1030;cg04567893;504;;0;0;Quies3;-0,158130744;0,12187097;0,51184158;97;0,100032342;Axolotl;Ambystoma mexicanum;-1,546967967;12;SYT1;79449453;0,12187097;hg38
1031;cg23156157;;527;0;0;Tx7;0,158034706;0,122100598;0,512308597;97;0,100035458;Axolotl;Ambystoma mexicanum;1,54601644;3;U2SURP;143024773;0,122100598;hg38
1032;cg03032396;;528;0;0;EnhWk4;0,157910811;0,12239732;0,512938816;97;0,100039474;Axolotl;Ambystoma mexicanum;1,544788955;5;FAM172A;93808061;0,12239732;hg38
1033;cg20275043;505;;0;0;EnhWk6;-0,157873015;0,12248795;0,512938816;97;0,100040698;Axolotl;Ambystoma mexicanum;-1,544414497;2;ARHGAP15;143161245;0,12248795;hg38
1034;cg08828602;;529;0;0;Tx5;0,157771168;0,122732423;0,513008765;97;0,100043996;Axolotl;Ambystoma mexicanum;1,543405487;9;CNTLN;17342742;0,122732423;hg38
1035;cg08356801;506;;0;0;EnhWk4;-0,15776725;0,122741836;0,513008765;97;0,100044123;Axolotl;Ambystoma mexicanum;-1,543366669;19;ZNF536;30512303;0,122741836;hg38
1036;cg14107729;507;;0;0;TxWk2;-0,157641828;0,123043431;0,51338913;97;0,100048182;Axolotl;Ambystoma mexicanum;-1,542124137;10;KCNMA1;76887473;0,123043431;hg38
1037;cg01168718;508;;0;0;Quies1;-0,157630707;0,1230702;0,51338913;97;0,100048542;Axolotl;Ambystoma mexicanum;-1,542013966;5;GABRG2;162757771;0,1230702;hg38
1038;cg22000069;509;;0;0;BivProm1;-0,157535266;0,123300123;0,513852738;97;0,100051628;Axolotl;Ambystoma mexicanum;-1,54106847;2;KIF5C;148875663;0,123300123;hg38
1039;cg18705379;510;;0;0;TxEnh7;-0,157462419;0,123475836;0,513852859;97;0,100053982;Axolotl;Ambystoma mexicanum;-1,540346825;2;ZEB2;144489734;0,123475836;hg38
1040;cg00619575;;530;0;0;EnhWk4;0,157423159;0,123570615;0,513852859;97;0,10005525;Axolotl;Ambystoma mexicanum;1,539957903;3;CTNNB1;41195472;0,123570615;hg38
1041;cg06611078;;531;0;0;EnhA5;0,157387598;0,12365651;0,513852859;97;0,100056399;Axolotl;Ambystoma mexicanum;1,539605638;2;TEX41;145028437;0,12365651;hg38
1042;cg26045379;;532;0;0;TxWk1;0,157268111;0,123945466;0,513998147;97;0,100060256;Axolotl;Ambystoma mexicanum;1,538422003;9;STRBP;123160413;0,123945466;hg38
1043;cg14322760;511;;0;0;PromF6;-0,157228767;0,124040725;0,513998147;97;0,100061526;Axolotl;Ambystoma mexicanum;-1,538032269;3;TRIM59-IFT80;160402676;0,124040725;hg38
1044;cg25065919;;533;0;0;Quies3;0,157210379;0,124085263;0,513998147;97;0,100062119;Axolotl;Ambystoma mexicanum;1,537850129;1;KCNH1;211090651;0,124085263;hg38
1045;cg12185545;512;;0;0;ReprPC2;-0,15717675;0,124166753;0,513998147;97;0,100063204;Axolotl;Ambystoma mexicanum;-1,53751701;7;UNCX;1297837;0,124166753;hg38
1046;cg25741469;;534;0;0;Tx7;0,157020606;0,124545653;0,514966664;97;0,100068237;Axolotl;Ambystoma mexicanum;1,535970349;9;SCAI;125001995;0,124545653;hg38
1047;cg13749551;513;;0;0;ReprPC3;-0,156982274;0,124638806;0,514966664;97;0,100069472;Axolotl;Ambystoma mexicanum;-1,535590663;1;LINC01763;90854750;0,124638806;hg38
1048;cg02166926;514;;0;0;EnhA6;-0,156869424;0,124913359;0,515608565;97;0,100073106;Axolotl;Ambystoma mexicanum;-1,534472886;2;FIGN;163612497;0,124913359;hg38
1049;cg16972496;515;;0;0;TxEx1;-0,156782688;0,125124694;0,51587035;97;0,100075897;Axolotl;Ambystoma mexicanum;-1,533613788;11;FAM76B;95786141;0,125124694;hg38
1050;cg26035859;516;;0;0;TxEnh6;-0,156693658;0,125341905;0,51587035;97;0,100078761;Axolotl;Ambystoma mexicanum;-1,532731983;3;SATB1;18369938;0,125341905;hg38
1051;cg01524853;;535;0;1;BivProm1;0,156690762;0,125348976;0,51587035;97;0,100078854;Axolotl;Ambystoma mexicanum;1,5327033;12;HOXC4;54054023;0,125348976;hg38
1052;cg19785357;517;;0;0;EnhWk8;-0,156647844;0,12545379;0,51587035;97;0,100080233;Axolotl;Ambystoma mexicanum;-1,532278232;14;NRXN3;79861433;0,12545379;hg38
1053;cg14556101;;536;0;0;EnhA6;0,156598829;0,125573579;0,515872552;97;0,100081809;Axolotl;Ambystoma mexicanum;1,531792777;3;SOX2-OT;181561481;0,125573579;hg38
1054;cg26536257;;537;0;0;Quies1;0,156484696;0,125852852;0,51652931;97;0,100085475;Axolotl;Ambystoma mexicanum;1,530662397;3;SOX14;137467516;0,125852852;hg38
1055;cg20452324;518;;0;0;TxEx4;-0,156356999;0,126165879;0,517272234;97;0,100089573;Axolotl;Ambystoma mexicanum;-1,529397713;9;HNRNPK;83975672;0,126165879;hg38
1056;cg11251514;519;;0;1;BivProm3;-0,156313348;0,126273019;0,517272234;97;0,100090974;Axolotl;Ambystoma mexicanum;-1,528965409;11;LMO1;8283204;0,126273019;hg38
1057;cg19494088;520;;0;0;Tx2;-0,1562441;0,126443128;0,517479039;97;0,100093194;Axolotl;Ambystoma mexicanum;-1,52827962;9;MAPKAP1;125670221;0,126443128;hg38
1058;cg10052190;521;;0;0;TSS1;-0,156170325;0,12662455;0,517617516;97;0,100095559;Axolotl;Ambystoma mexicanum;-1,527549009;16;MOSMO;22008307;0,12662455;hg38
1059;cg10248578;522;;0;0;EnhWk5;-0,156118275;0,126752668;0,517617516;97;0,100097227;Axolotl;Ambystoma mexicanum;-1,527033555;3;TBC1D5;18128394;0,126752668;hg38
1060;cg27358967;523;;0;0;ReprPC3;-0,156084469;0,126835934;0,517617516;97;0,10009831;Axolotl;Ambystoma mexicanum;-1,52669877;1;LINC01739;62998049;0,126835934;hg38
1061;cg07598624;;538;0;0;EnhWk4;0,155964094;0,12713276;0,518339866;97;0,100102164;Axolotl;Ambystoma mexicanum;1,525506714;4;LRBA;150497877;0,12713276;hg38
1062;cg26491213;524;;1;1;BivProm1;-0,155851775;0,127410199;0,518920336;97;0,100105757;Axolotl;Ambystoma mexicanum;-1,524394479;2;SIX3-AS1;44941680;0,127410199;hg38
1063;cg15411900;525;;0;0;EnhA4;-0,1557182;0,127740747;0,518920336;97;0,100110027;Axolotl;Ambystoma mexicanum;-1,523071785;11;LINC02546;29294055;0,127740747;hg38
1064;cg27573301;;539;0;0;TxEx2;0,155683245;0,127827357;0,518920336;97;0,100111143;Axolotl;Ambystoma mexicanum;1,522725654;16;TNRC6A;24822964;0,127827357;hg38
1065;cg08613037;;540;0;1;BivProm1;0,155666648;0,127868494;0,518920336;97;0,100111674;Axolotl;Ambystoma mexicanum;1,522561315;12;CALCOCO1;53739784;0,127868494;hg38
1066;cg02534659;;541;0;0;EnhA6;0,155605213;0,128020861;0,518920336;97;0,100113636;Axolotl;Ambystoma mexicanum;1,521952987;5;CTD-2194D22.4;2112447;0,128020861;hg38
1067;cg01915599;526;;0;1;PromF4;-0,155587749;0,128064197;0,518920336;97;0,100114193;Axolotl;Ambystoma mexicanum;-1,521780068;5;PURA;140114671;0,128064197;hg38
1068;cg01085196;527;;0;0;EnhA16;-0,155533579;0,128198695;0,518920336;97;0,100115922;Axolotl;Ambystoma mexicanum;-1,52124369;2;LINC01122;58769753;0,128198695;hg38
1069;cg25069748;528;;0;0;TxEnh4;-0,155515865;0,128242701;0,518920336;97;0,100116488;Axolotl;Ambystoma mexicanum;-1,521068288;15;TPM1;63059666;0,128242701;hg38
1070;cg14366285;;542;0;0;TxEnh8;0,155447049;0,128413764;0,518920336;97;0,100118683;Axolotl;Ambystoma mexicanum;1,520386902;2;MRPS9;105081457;0,128413764;hg38
1071;cg00598724;;543;0;0;ReprPC2;0,15540856;0,128509516;0,518920336;97;0,100119911;Axolotl;Ambystoma mexicanum;1,520005808;10;HIF1AN;100622882;0,128509516;hg38
1072;cg00323590;529;;0;0;TxEx3;-0,155288123;0,128809488;0,518920336;97;0,10012375;Axolotl;Ambystoma mexicanum;-1,518813337;3;FOXP1;70972077;0,128809488;hg38
1073;cg07555721;530;;0;0;Quies1;-0,155279345;0,128831372;0,518920336;97;0,10012403;Axolotl;Ambystoma mexicanum;-1,518726427;15;SPATA8;97005921;0,128831372;hg38
1074;cg14791398;531;;0;0;EnhWk6;-0,155278057;0,128834582;0,518920336;97;0,100124071;Axolotl;Ambystoma mexicanum;-1,518713679;3;SATB1;18420952;0,128834582;hg38
1075;cg03141679;532;;0;0;EnhA2;-0,155228952;0,12895706;0,518930477;97;0,100125635;Axolotl;Ambystoma mexicanum;-1,51822749;1;PROX1;213997031;0,12895706;hg38
1076;cg07683485;533;;0;0;EnhWk4;-0,155019422;0,129480671;0,520203924;97;0,100132304;Axolotl;Ambystoma mexicanum;-1,516152992;19;THEG5;31546594;0,129480671;hg38
1077;cg01036197;;544;0;0;EnhWk4;0,155006096;0,129514027;0,520203924;97;0,100132728;Axolotl;Ambystoma mexicanum;1,516021061;5;FAM172A;93912023;0,129514027;hg38
1078;cg04561751;534;;0;0;Quies3;-0,154849563;0,129906333;0,520819488;97;0,100137705;Axolotl;Ambystoma mexicanum;-1,514471358;13;CDK8;26393429;0,129906333;hg38
1079;cg25450666;;545;0;0;EnhA17;0,154848869;0,129908076;0,520819488;97;0,100137727;Axolotl;Ambystoma mexicanum;1,51446448;7;AUTS2;70405383;0,129908076;hg38
1080;cg26845448;;546;0;0;BivProm1;0,154780623;0,1300794;0,521023474;97;0,100139895;Axolotl;Ambystoma mexicanum;1,513788855;5;KCNN2;114362796;0,1300794;hg38
1081;cg16620594;535;;0;0;TxEnh2;-0,154678675;0,130335654;0,521416821;97;0,100143131;Axolotl;Ambystoma mexicanum;-1,512779592;3;UBA3;69077841;0,130335654;hg38
1082;cg12559355;536;;0;0;Acet1;-0,154629773;0,130458709;0,521416821;97;0,100144683;Axolotl;Ambystoma mexicanum;-1,512295485;9;BRINP1;119167730;0,130458709;hg38
1083;cg19186858;537;;0;0;ReprPC5;-0,15456998;0,130609291;0,521416821;97;0,10014658;Axolotl;Ambystoma mexicanum;-1,511703566;5;UNC5A;176877574;0,130609291;hg38
1084;cg07680280;538;;0;0;BivProm4;-0,154549958;0,130659743;0,521416821;97;0,100147215;Axolotl;Ambystoma mexicanum;-1,511505364;2;BCL11A;60533646;0,130659743;hg38
1085;cg11982879;;547;0;0;TxEnh4;0,154498871;0,130788543;0,521449775;97;0,100148835;Axolotl;Ambystoma mexicanum;1,510999637;4;DHX15;24537148;0,130788543;hg38
1086;cg06328360;;548;0;0;ReprPC3;0,154281679;0,131337207;0,521619361;97;0,100155716;Axolotl;Ambystoma mexicanum;1,508849658;9;DMRT1;927340;0,131337207;hg38
1087;cg05984294;;549;0;0;Acet2;0,154277958;0,131346622;0,521619361;97;0,100155834;Axolotl;Ambystoma mexicanum;1,508812826;2;GPD2;156695189;0,131346622;hg38
1088;cg07866089;539;;0;0;ReprPC7;-0,154224361;0,131482292;0,521619361;97;0,10015753;Axolotl;Ambystoma mexicanum;-1,508282297;22;SCUBE1;43255502;0,131482292;hg38
1089;cg09578958;540;;0;0;EnhWk4;-0,154205384;0,131530356;0,521619361;97;0,10015813;Axolotl;Ambystoma mexicanum;-1,508094448;7;AUTS2;70426548;0,131530356;hg38
1090;cg21372540;541;;0;0;EnhWk8;-0,154196008;0,131554108;0,521619361;97;0,100158427;Axolotl;Ambystoma mexicanum;-1,508001638;23;POLA1;24898312;0,131554108;hg38
1091;cg16750853;542;;0;0;ReprPC4;-0,154195826;0,131554568;0,521619361;97;0,100158433;Axolotl;Ambystoma mexicanum;-1,507999839;13;DACH1;72195609;0,131554568;hg38
1092;cg05296751;;550;0;0;HET2;0,154142076;0,131690792;0,521681324;97;0,100160133;Axolotl;Ambystoma mexicanum;1,5074678;8;XKR6;10924736;0,131690792;hg38
1093;cg04316160;;551;0;0;TxEx1;0,154019187;0,132002645;0,522438279;97;0,100164019;Axolotl;Ambystoma mexicanum;1,506251417;11;RAB6A;73718714;0,132002645;hg38
1094;cg12961579;543;;0;0;EnhWk4,Acet2;-0,153865393;0,132393718;0,523203252;97;0,100168877;Axolotl;Ambystoma mexicanum;-1,504729179;7;LINC01162;20958783;0,132393718;hg38
1095;cg20217113;544;;0;0;EnhWk5;-0,15384807;0,132437823;0,523203252;97;0,100169424;Axolotl;Ambystoma mexicanum;-1,50455772;3;ZBTB20;114314891;0,132437823;hg38
1096;cg21539484;545;;0;1;BivProm4;-0,153714123;0,132779235;0,524073414;97;0,10017365;Axolotl;Ambystoma mexicanum;-1,503231973;7;HOXA-AS3;27143727;0,132779235;hg38
1097;cg01444080;546;;0;0;TxEnh5;-0,153456937;0,133436643;0,525829462;97;0,100181756;Axolotl;Ambystoma mexicanum;-1,500686589;5;AP3B1;78002933;0,133436643;hg38
1098;cg10561550;547;;0;1;BivProm1;-0,153444984;0,133467257;0,525829462;97;0,100182132;Axolotl;Ambystoma mexicanum;-1,500568293;10;LINC02681;101292918;0,133467257;hg38
1099;cg27093665;548;;0;1;BivProm2;-0,153370682;0,13365768;0,526100536;97;0,100184471;Axolotl;Ambystoma mexicanum;-1,499832951;12;CUX2;111036074;0,13365768;hg38
1100;cg18219506;;552;0;0;TxEx2;0,15331788;0,133793127;0,526130153;97;0,100186132;Axolotl;Ambystoma mexicanum;1,499310395;10;OGA;101794031;0,133793127;hg38
1101;cg02628151;;553;0;0;EnhWk4;0,153270314;0,13391523;0,526130153;97;0,100187628;Axolotl;Ambystoma mexicanum;1,498839671;15;SPATA8-AS1;96599625;0,13391523;hg38
1102;cg13688373;549;;0;0;TxEx1;-0,153225606;0,134030077;0,526130153;97;0,100189034;Axolotl;Ambystoma mexicanum;-1,498397225;16;C16orf72;9116895;0,134030077;hg38
1103;cg08495577;550;;0;0;TxWk2;-0,153061332;0,134452709;0,526515687;97;0,100194197;Axolotl;Ambystoma mexicanum;-1,496771561;4;GRIA2;157363014;0,134452709;hg38
1104;cg09045691;;554;0;0;TxEx1;0,15306128;0,13445284;0,526515687;97;0,100194198;Axolotl;Ambystoma mexicanum;1,496771055;9;VCP;35062302;0,13445284;hg38
1105;cg27395845;;555;0;0;Quies3;0,152977043;0,134669953;0,526515687;97;0,100196843;Axolotl;Ambystoma mexicanum;1,495937462;1;BRINP3;190097746;0,134669953;hg38
1106;cg02750490;551;;0;0;TxEx1;-0,152942376;0,134759379;0,526515687;97;0,100197931;Axolotl;Ambystoma mexicanum;-1,495594416;3;MBNL1;152455564;0,134759379;hg38
1107;cg02301930;;556;0;0;EnhA17;0,15286232;0,134966068;0,526515687;97;0,100200443;Axolotl;Ambystoma mexicanum;1,494802217;3;LOC101928882;180744483;0,134966068;hg38
1108;cg25667790;552;;0;0;TxWk2;-0,152806664;0,1351099;0,526515687;97;0,100202188;Axolotl;Ambystoma mexicanum;-1,494251486;3;SIDT1;113611064;0,1351099;hg38
1109;cg21067017;553;;0;1;BivProm1;-0,152781779;0,135174249;0,526515687;97;0,100202969;Axolotl;Ambystoma mexicanum;-1,494005242;1;FOXD3-AS1;63323499;0,135174249;hg38
1110;cg13988953;554;;0;0;EnhWk8;-0,152778926;0,135181627;0,526515687;97;0,100203058;Axolotl;Ambystoma mexicanum;-1,493977015;5;MCTP1;94864498;0,135181627;hg38
1111;cg10839671;555;;0;0;Acet2;-0,152762656;0,135223712;0,526515687;97;0,100203568;Axolotl;Ambystoma mexicanum;-1,493816024;4;LOC101928978;84363250;0,135223712;hg38
1112;cg14825374;556;;0;1;ReprPC1;-0,152708602;0,135363607;0,526523882;97;0,100205262;Axolotl;Ambystoma mexicanum;-1,493281154;6;TFAP2D;50715127;0,135363607;hg38
1113;cg08029162;;557;0;0;EnhA17;0,152667812;0,135469248;0,526523882;97;0,10020654;Axolotl;Ambystoma mexicanum;1,492877531;5;ARL15;54098356;0,135469248;hg38
1114;cg20829343;;558;0;1;BivProm2;0,152583524;0,135687737;0,526795384;97;0,10020918;Axolotl;Ambystoma mexicanum;1,492043519;2;HOXD3;176157271;0,135687737;hg38
1115;cg20096325;557;;0;1;BivProm2;-0,152546938;0,135782659;0,526795384;97;0,100210325;Axolotl;Ambystoma mexicanum;-1,491681509;7;LHFPL3;104328879;0,135782659;hg38
1116;cg12233827;558;;0;0;Tx4;-0,152164113;0,136778912;0,530185041;97;0,100222293;Axolotl;Ambystoma mexicanum;-1,487893766;1;ZNF326;90007366;0,136778912;hg38
1117;cg19365920;559;;0;0;TxEx3;-0,152046394;0,137086373;0,530629819;97;0,100225968;Axolotl;Ambystoma mexicanum;-1,486729104;2;LOC100132215;62996957;0,137086373;hg38
1118;cg16590914;560;;0;0;EnhA5;-0,152000885;0,137205375;0,530629819;97;0,100227387;Axolotl;Ambystoma mexicanum;-1,486278864;18;ZNF407;74796813;0,137205375;hg38
1119;cg24431884;561;;0;0;BivProm3;-0,151950527;0,137337149;0,530629819;97;0,100228958;Axolotl;Ambystoma mexicanum;-1,485780652;10;LINC02667;129033833;0,137337149;hg38
1120;cg03795866;562;;0;0;ReprPC5;-0,15190185;0,137464616;0,530629819;97;0,100230475;Axolotl;Ambystoma mexicanum;-1,48529908;10;PAX2;100808170;0,137464616;hg38
1121;cg14299268;563;;0;0;Acet5;-0,151811845;0,13770054;0,530629819;97;0,10023328;Axolotl;Ambystoma mexicanum;-1,484408656;20;PLCB4;9373073;0,13770054;hg38
1122;cg12143541;;559;0;0;Tx4;0,15181007;0,137705195;0,530629819;97;0,100233335;Axolotl;Ambystoma mexicanum;1,484391097;18;VAPA;9931899;0,137705195;hg38
1123;cg16862911;564;;0;0;EnhA16;-0,15179211;0,137752309;0,530629819;97;0,100233894;Axolotl;Ambystoma mexicanum;-1,484213425;2;LINC01122;58769883;0,137752309;hg38
1124;cg09800018;565;;0;0;TxEx2;-0,151638068;0,138156919;0,531714921;97;0,10023869;Axolotl;Ambystoma mexicanum;-1,482689526;5;ANKHD1-EIF4EBP3;140458646;0,138156919;hg38
1125;cg18519316;566;;0;0;ReprPC2;-0,151515724;0,138478909;0,532421448;97;0,100242495;Axolotl;Ambystoma mexicanum;-1,481479257;10;PAX2;100687942;0,138478909;hg38
1126;cg00111333;;560;0;0;Tx4;0,151411538;0,13875356;0,532421448;97;0,100245733;Axolotl;Ambystoma mexicanum;1,480448631;1;MIR181A1HG;198859120;0,13875356;hg38
1127;cg18454322;567;;0;0;BivProm4;-0,151335282;0,138954843;0,532421448;97;0,100248102;Axolotl;Ambystoma mexicanum;-1,479694318;4;CXXC4;104425234;0,138954843;hg38
1128;cg03271930;568;;0;1;ReprPC1;-0,151322104;0,138989651;0,532421448;97;0,100248511;Axolotl;Ambystoma mexicanum;-1,479563959;5;LINC00461;88663630;0,138989651;hg38
1129;cg03592357;569;;0;0;EnhWk4;-0,151273592;0,139117841;0,532421448;97;0,100250017;Axolotl;Ambystoma mexicanum;-1,479084094;7;AUTS2;70426619;0,139117841;hg38
1130;cg14763613;;561;0;0;TxEnh5;0,151268667;0,139130861;0,532421448;97;0,10025017;Axolotl;Ambystoma mexicanum;1,479035373;4;TRIM2;153270470;0,139130861;hg38
1131;cg21715653;570;;0;0;EnhA5;-0,151195325;0,139324848;0,532421448;97;0,100252446;Axolotl;Ambystoma mexicanum;-1,478309905;2;EN1;118671063;0,139324848;hg38
1132;cg21588080;571;;0;0;Acet2;-0,151195219;0,139325128;0,532421448;97;0,100252449;Axolotl;Ambystoma mexicanum;-1,478308859;2;VRK2;57741083;0,139325128;hg38
1133;cg21609270;572;;0;0;Tx2;-0,150944935;0,139988665;0,53403702;97;0,100260208;Axolotl;Ambystoma mexicanum;-1,47583324;10;EBF3;129879751;0,139988665;hg38
1134;cg15672744;;562;0;0;EnhA15;0,150942471;0,139995209;0,53403702;97;0,100260284;Axolotl;Ambystoma mexicanum;1,475808871;8;CHD7;60878100;0,139995209;hg38
1135;cg23001174;573;;1;1;BivProm2;-0,150740713;0,140531856;0,53403702;97;0,100266529;Axolotl;Ambystoma mexicanum;-1,473813337;10;GATA3;8035445;0,140531856;hg38
1136;cg02248486;574;;0;1;BivProm4;-0,150738192;0,140538571;0,53403702;97;0,100266607;Axolotl;Ambystoma mexicanum;-1,473788404;7;HOXA-AS3;27143577;0,140538571;hg38
1137;cg07381383;;563;0;0;TxEx2;0,150716022;0,140597636;0,53403702;97;0,100267293;Axolotl;Ambystoma mexicanum;1,473569139;5;NIPBL;37045553;0,140597636;hg38
1138;cg20109969;;564;0;0;EnhWk7;0,15070029;0,140639561;0,53403702;97;0,100267779;Axolotl;Ambystoma mexicanum;1,473413543;2;GRB14;164252815;0,140639561;hg38
1139;cg01718371;575;;0;0;Acet2;-0,150696456;0,140649781;0,53403702;97;0,100267898;Axolotl;Ambystoma mexicanum;-1,473375619;20;TSHZ2;53427087;0,140649781;hg38
1140;cg07024948;576;;0;1;ReprPC1;-0,150542804;0,141059775;0,53403702;97;0,100272647;Axolotl;Ambystoma mexicanum;-1,471855973;7;SP8;20793742;0,141059775;hg38
1141;cg01468874;577;;0;0;EnhA18;-0,150506888;0,141155741;0,53403702;97;0,100273756;Axolotl;Ambystoma mexicanum;-1,471500765;2;ARHGAP15;143347518;0,141155741;hg38
1142;cg14337931;578;;0;0;EnhWk4;-0,150426363;0,14137108;0,53403702;97;0,100276242;Axolotl;Ambystoma mexicanum;-1,470704386;2;ARHGAP15;143354728;0,14137108;hg38
1143;cg24859789;;565;0;0;EnhA17;0,150360459;0,141547503;0,53403702;97;0,100278276;Axolotl;Ambystoma mexicanum;1,470052619;8;ST18;52254672;0,141547503;hg38
1144;cg21528042;579;;0;0;EnhWk4;-0,150331565;0,141624905;0,53403702;97;0,100279167;Axolotl;Ambystoma mexicanum;-1,469766869;12;CUX2;111151217;0,141624905;hg38
1145;cg19245883;580;;0;0;EnhWk8;-0,150321993;0,141650555;0,53403702;97;0,100279463;Axolotl;Ambystoma mexicanum;-1,469672201;10;KCNMA1;77108554;0,141650555;hg38
1146;cg26653463;581;;0;0;EnhA2;-0,150077136;0,142307856;0,53403702;97;0,100287009;Axolotl;Ambystoma mexicanum;-1,467250751;12;SOX5;23771429;0,142307856;hg38
1147;cg23856718;;566;0;0;TxEnh2;0,150041347;0,14240412;0,53403702;97;0,100288111;Axolotl;Ambystoma mexicanum;1,466896839;19;URI1;30004110;0,14240412;hg38
1148;cg17913249;;567;0;0;TxEx1;0,1499823;0,142563051;0,53403702;97;0,100289929;Axolotl;Ambystoma mexicanum;1,466312941;11;RAB6A;73718847;0,142563051;hg38
1149;cg07091001;;568;0;0;TxEx1;0,149961364;0,142619436;0,53403702;97;0,100290573;Axolotl;Ambystoma mexicanum;1,466105909;5;CLK4;178617559;0,142619436;hg38
1150;cg02441231;;569;0;0;ReprPC3;0,149904836;0,142771761;0,53403702;97;0,100292312;Axolotl;Ambystoma mexicanum;1,465546921;10;PAX2;100767758;0,142771761;hg38
1151;cg20527060;582;;0;0;EnhWk4;-0,149875074;0,142852007;0,53403702;97;0,100293227;Axolotl;Ambystoma mexicanum;-1,465252624;5;ARRDC3;92147931;0,142852007;hg38
1152;cg10662112;;570;0;0;EnhWk4;0,149844093;0,142935579;0,53403702;97;0,10029418;Axolotl;Ambystoma mexicanum;1,464946266;2;FIGN;163624734;0,142935579;hg38
1153;cg21916159;583;;0;0;EnhA6;-0,149835319;0,142959253;0,53403702;97;0,10029445;Axolotl;Ambystoma mexicanum;-1,464859507;3;LINC02032;148084061;0,142959253;hg38
1154;cg02058618;;571;0;0;TxEnh3;0,149826143;0,142984016;0,53403702;97;0,100294732;Axolotl;Ambystoma mexicanum;1,464768765;5;CSNK1A1;149520303;0,142984016;hg38
1155;cg12836107;584;;0;0;EnhA17;-0,149815743;0,143012084;0,53403702;97;0,100295052;Axolotl;Ambystoma mexicanum;-1,464665931;7;FOXP2;114662074;0,143012084;hg38
1156;cg08165785;585;;0;0;Tx2;-0,149755122;0,143175783;0,53403702;97;0,100296915;Axolotl;Ambystoma mexicanum;-1,464066488;16;ZFHX3;72902011;0,143175783;hg38
1157;cg15523513;586;;0;0;ReprPC2;-0,1497424;0,143210153;0,53403702;97;0,100297306;Axolotl;Ambystoma mexicanum;-1,463940695;23;PCDH19;100412621;0,143210153;hg38
1158;cg25304096;;572;0;0;EnhWk1;0,149667752;0,14341196;0,53403702;97;0,100299599;Axolotl;Ambystoma mexicanum;1,463202564;11;LOC102724957;15750595;0,14341196;hg38
1159;cg01691914;;573;0;1;ReprPC1;0,149662722;0,143425565;0,53403702;97;0,100299753;Axolotl;Ambystoma mexicanum;1,463152829;7;MNX1-AS1;157020509;0,143425565;hg38
1160;cg12642535;587;;0;0;EnhWk1;-0,149659291;0,143434846;0,53403702;97;0,100299859;Axolotl;Ambystoma mexicanum;-1,463118904;2;R3HDM1;135665417;0,143434846;hg38
1161;cg11349601;;574;0;0;TxWk2;0,149633639;0,143504252;0,53403702;97;0,100300647;Axolotl;Ambystoma mexicanum;1,462865258;13;NBEA;35198893;0,143504252;hg38
1162;cg07000689;588;;0;0;TxEx4;-0,149602697;0,143588005;0,53403702;97;0,100301596;Axolotl;Ambystoma mexicanum;-1,462559308;5;CSNK1A1;149517942;0,143588005;hg38
1163;cg25380047;589;;0;0;EnhA19;-0,149523062;0,143803727;0,53403702;97;0,10030404;Axolotl;Ambystoma mexicanum;-1,461771898;2;OTOF;26463567;0,143803727;hg38
1164;cg14181386;590;;0;1;BivProm4;-0,149519541;0,143813272;0,53403702;97;0,100304148;Axolotl;Ambystoma mexicanum;-1,461737079;1;PBX1;164320879;0,143813272;hg38
1165;cg22358587;;575;0;0;EnhA18;0,149502972;0,14385819;0,53403702;97;0,100304657;Axolotl;Ambystoma mexicanum;1,461573248;2;GPD2;156700923;0,14385819;hg38
1166;cg22958407;591;;0;0;TxEx2;-0,149470861;0,143945269;0,53403702;97;0,100305642;Axolotl;Ambystoma mexicanum;-1,46125575;11;DDX6;118756277;0,143945269;hg38
1167;cg05444660;592;;0;0;EnhWk4;-0,149394018;0,144153816;0,534162178;97;0,100307998;Axolotl;Ambystoma mexicanum;-1,460495965;1;LINC01748;60563309;0,144153816;hg38
1168;cg02714730;593;;0;0;TxEx3;-0,149367023;0,144227132;0,534162178;97;0,100308825;Axolotl;Ambystoma mexicanum;-1,460229056;9;PBX3;125962193;0,144227132;hg38
1169;cg03295030;;576;0;0;HET1;0,149271292;0,14448736;0,534162178;97;0,100311759;Axolotl;Ambystoma mexicanum;1,459282538;4;EPHA5;65490642;0,14448736;hg38
1170;cg16442886;;577;0;0;EnhWk3;0,149262286;0,144511858;0,534162178;97;0,100312034;Axolotl;Ambystoma mexicanum;1,459193496;20;MIR8062;7516894;0,144511858;hg38
1171;cg21108662;594;;0;0;TxEnh5;-0,149224825;0,144613799;0,534162178;97;0,100313182;Axolotl;Ambystoma mexicanum;-1,458823115;10;SORBS1;95351345;0,144613799;hg38
1172;cg07933800;595;;0;1;BivProm1;-0,149185859;0,144719891;0,534162178;97;0,100314375;Axolotl;Ambystoma mexicanum;-1,458437862;14;SIX1;60648651;0,144719891;hg38
1173;cg13990083;;578;0;0;TxEnh5;0,149061993;0,145057531;0,534951967;97;0,100318165;Axolotl;Ambystoma mexicanum;1,457213226;1;CELSR2;109265861;0,145057531;hg38
1174;cg23204033;;579;0;0;TxEx1;0,148952425;0,145356691;0,535598623;97;0,100321515;Axolotl;Ambystoma mexicanum;1,456129979;21;U2AF1L5;6492172;0,145356691;hg38
1175;cg00133606;;580;0;0;TxEnh6;0,148816339;0,145728901;0,536343462;97;0,100325672;Axolotl;Ambystoma mexicanum;1,454784606;14;AREL1;74684545;0,145728901;hg38
1176;cg16820308;;581;0;0;Acet5;0,148773252;0,145846901;0,536343462;97;0,100326988;Axolotl;Ambystoma mexicanum;1,45435864;5;NR2F1-AS1;93190977;0,145846901;hg38
1177;cg24207957;596;;0;0;TxEx2;-0,148699317;0,146049545;0,536343462;97;0,100329245;Axolotl;Ambystoma mexicanum;-1,453627727;1;PPIE;39748965;0,146049545;hg38
1178;cg05484434;597;;0;1;ReprPC1;-0,14869741;0,146054776;0,536343462;97;0,100329303;Axolotl;Ambystoma mexicanum;-1,453608873;2;ERBB4;212536057;0,146054776;hg38
1179;cg19826810;598;;0;1;TSS1;-0,148585471;0,146361996;0,53701577;97;0,100332717;Axolotl;Ambystoma mexicanum;-1,452502278;18;TCF4;55322391;0,146361996;hg38
1180;cg12949849;599;;0;0;Tx5;-0,14852045;0,146540671;0,537211919;97;0,100334699;Axolotl;Ambystoma mexicanum;-1,451859517;9;PPP6C;125149713;0,146540671;hg38
1181;cg15099692;600;;0;0;TxEnh5;-0,148475667;0,146663828;0,537211919;97;0,100336063;Axolotl;Ambystoma mexicanum;-1,451416822;13;MBNL2;97356741;0,146663828;hg38
1182;cg19719499;;582;0;0;Tx2;0,148398;0,146877605;0,5375398;97;0,100338429;Axolotl;Ambystoma mexicanum;1,450649066;3;GSK3B;119923407;0,146877605;hg38
1183;cg07661299;601;;0;1;BivProm2;-0,148228756;0,147344259;0,538589547;97;0,10034358;Axolotl;Ambystoma mexicanum;-1,448976094;2;CAMKMT;44768960;0,147344259;hg38
1184;cg14647057;602;;0;1;BivProm4;-0,14817523;0,147492077;0,538589547;97;0,100345208;Axolotl;Ambystoma mexicanum;-1,448447004;7;HOXA-AS3;27133877;0,147492077;hg38
1185;cg02397231;;583;0;0;ReprPC4;0,148121458;0,147640687;0,538589547;97;0,100346842;Axolotl;Ambystoma mexicanum;1,44791549;15;MIR1469;96446736;0,147640687;hg38
1186;cg17410614;;584;0;0;TxEx2;0,148113584;0,147662457;0,538589547;97;0,100347081;Axolotl;Ambystoma mexicanum;1,447837663;9;BRD3;134036088;0,147662457;hg38
1187;cg23148651;;585;0;1;TSS2;0,147787978;0,148564841;0,541424423;97;0,100356966;Axolotl;Ambystoma mexicanum;1,444619328;6;SOX4;21593626;0,148564841;hg38
1188;cg02588333;603;;0;0;TxEx3;-0,147712487;0,148774647;0,541467702;97;0,100359255;Axolotl;Ambystoma mexicanum;-1,443873198;7;CUX1;102198849;0,148774647;hg38
1189;cg07893751;604;;0;0;Quies3;-0,147620876;0,149029554;0,541467702;97;0,100362031;Axolotl;Ambystoma mexicanum;-1,442967757;18;ZNF407;74878482;0,149029554;hg38
1190;cg22182330;605;;0;0;Tx7;-0,147615009;0,149045889;0,541467702;97;0,100362209;Axolotl;Ambystoma mexicanum;-1,442909775;18;TCF4;55232549;0,149045889;hg38
1191;cg02257599;606;;0;0;EnhWk4;-0,147603695;0,149077396;0,541467702;97;0,100362551;Axolotl;Ambystoma mexicanum;-1,442797952;10;LINC02667;128695069;0,149077396;hg38
1192;cg07849666;607;;0;0;Tx8;-0,147540537;0,149253365;0,541652055;97;0,100364464;Axolotl;Ambystoma mexicanum;-1,442173747;2;LOC101928386;143946887;0,149253365;hg38
1193;cg26198353;608;;0;1;ReprPC1;-0,147193224;0,150223832;0,544395277;97;0,100374966;Axolotl;Ambystoma mexicanum;-1,438741305;9;FOXB2;77012781;0,150223832;hg38
1194;cg27152642;609;;0;0;TxEnh4;-0,14717997;0,150260959;0,544395277;97;0,100375367;Axolotl;Ambystoma mexicanum;-1,438610327;13;MBNL2;97366475;0,150260959;hg38
1195;cg09841637;;586;0;0;Tx7;0,147070719;0,150567263;0,544919919;97;0,100378665;Axolotl;Ambystoma mexicanum;1,437530675;7;CNOT4;135438201;0,150567263;hg38
1196;cg20432508;610;;0;0;TxEx2;-0,146989576;0,150795062;0,544919919;97;0,100381113;Axolotl;Ambystoma mexicanum;-1,436728821;5;SREK1;66162474;0,150795062;hg38
1197;cg03603629;611;;0;1;BivProm2;-0,146949047;0,15090894;0,544919919;97;0,100382335;Axolotl;Ambystoma mexicanum;-1,436328316;10;KAZALD1;101050230;0,15090894;hg38
1198;cg11168180;612;;0;0;TxWk1;-0,146948799;0,150909639;0,544919919;97;0,100382343;Axolotl;Ambystoma mexicanum;-1,436325858;1;EGLN1;231370631;0,150909639;hg38
1199;cg23324815;613;;0;0;Tx6;-0,146896748;0,151055985;0,544993439;97;0,100383912;Axolotl;Ambystoma mexicanum;-1,435811505;2;INPP4A;98587578;0,151055985;hg38
1200;cg20272981;614;;0;0;HET2;-0,146833985;0,151232594;0,545004987;97;0,100385803;Axolotl;Ambystoma mexicanum;-1,435191295;18;LINC01029;78197506;0,151232594;hg38
1201;cg07815787;;587;0;0;EnhA6;0,146758618;0,151444872;0,545004987;97;0,100388074;Axolotl;Ambystoma mexicanum;1,434446549;13;ENOX1;43326453;0,151444872;hg38
1202;cg26252870;;588;0;0;TxEnh4;0,146718658;0,151557512;0,545004987;97;0,100389277;Axolotl;Ambystoma mexicanum;1,434051692;22;MICAL3;17872830;0,151557512;hg38
1203;cg17572860;;589;0;0;EnhWk4;0,146716663;0,151563136;0,545004987;97;0,100389337;Axolotl;Ambystoma mexicanum;1,434031982;1;PBX1;164668946;0,151563136;hg38
1204;cg18682631;;590;0;0;EnhWk8;0,146492988;0,152194823;0,54607277;97;0,100396066;Axolotl;Ambystoma mexicanum;1,431821812;5;MCTP1;94779139;0,152194823;hg38
1205;cg06941007;;591;0;1;ReprPC1;0,14644002;0,152344697;0,54607277;97;0,100397658;Axolotl;Ambystoma mexicanum;1,431298453;2;HOXD3;176149006;0,152344697;hg38
1206;cg22300823;615;;0;1;BivProm1;-0,14643455;0,152360182;0,54607277;97;0,100397822;Axolotl;Ambystoma mexicanum;-1,431244401;10;GATA3;8060200;0,152360182;hg38
1207;cg27192328;616;;0;0;PromF6;-0,146432841;0,152365019;0,54607277;97;0,100397873;Axolotl;Ambystoma mexicanum;-1,431227518;23;SAT1;23784311;0,152365019;hg38
1208;cg26047375;617;;0;0;EnhA2;-0,146315218;0,152698271;0,54628738;97;0,100401406;Axolotl;Ambystoma mexicanum;-1,430065325;8;LOC102724710;92516225;0,152698271;hg38
1209;cg14835946;618;;0;0;EnhWk1;-0,146310361;0,152712042;0,54628738;97;0,100401552;Axolotl;Ambystoma mexicanum;-1,430017342;1;USH2A;215715798;0,152712042;hg38
1210;cg09734589;619;;0;0;EnhWk8;-0,146278027;0,152803752;0,54628738;97;0,100402523;Axolotl;Ambystoma mexicanum;-1,429697869;4;PPARGC1A;23560809;0,152803752;hg38
1211;cg22018432;;592;0;0;EnhWk3;0,146162778;0,153130976;0,547005164;97;0,10040598;Axolotl;Ambystoma mexicanum;1,428559173;8;LOC102724710;92611369;0,153130976;hg38
1212;cg23451903;620;;0;0;Tx8;-0,146113037;0,153272366;0,54705849;97;0,100407472;Axolotl;Ambystoma mexicanum;-1,428067724;2;ARHGAP15;143624034;0,153272366;hg38
1213;cg15027745;621;;0;0;EnhA5;-0,145669865;0,154536405;0,550780076;97;0,100420739;Axolotl;Ambystoma mexicanum;-1,423689393;8;ZFHX4;76778953;0,154536405;hg38
1214;cg11815961;;593;0;0;TxWk2;0,145658226;0,154569709;0,550780076;97;0,100421087;Axolotl;Ambystoma mexicanum;1,423574407;3;KALRN;124679462;0,154569709;hg38
1215;cg11065917;;594;0;0;TxWk2;0,145579239;0,154795854;0,55113192;97;0,100423447;Axolotl;Ambystoma mexicanum;1,422794096;10;EBF3;129873512;0,154795854;hg38
1216;cg06020087;;595;0;0;Acet2;0,14549448;0,155038797;0,551284847;97;0,100425978;Axolotl;Ambystoma mexicanum;1,421956784;1;BRINP3;190454783;0,155038797;hg38
1217;cg23864212;622;;0;0;EnhA17;-0,145475344;0,155093685;0,551284847;97;0,100426549;Axolotl;Ambystoma mexicanum;-1,42176775;14;LINC02325;97573270;0,155093685;hg38
1218;cg04663744;;596;0;0;EnhA18;0,145429346;0,155225684;0,551301042;97;0,100427922;Axolotl;Ambystoma mexicanum;1,421313351;9;BNC2;16730233;0,155225684;hg38
1219;cg14726968;;597;0;0;TxEnh7;0,145262461;0,155705287;0,551963299;97;0,1004329;Axolotl;Ambystoma mexicanum;1,419664812;9;ZCCHC7;37324382;0,155705287;hg38
1220;cg26275174;;598;0;0;PromF2;0,145248577;0,155745239;0,551963299;97;0,100433313;Axolotl;Ambystoma mexicanum;1,41952766;9;SMARCA2;2159835;0,155745239;hg38
1221;cg01403858;;599;0;0;Tx4;0,145194836;0,155899947;0,551963299;97;0,100434915;Axolotl;Ambystoma mexicanum;1,418996805;11;MSANTD2;124774952;0,155899947;hg38
1222;cg03265769;623;;0;0;EnhWk4;-0,14514707;0,156037553;0,551963299;97;0,100436338;Axolotl;Ambystoma mexicanum;-1,418524974;14;NPAS3;33653507;0,156037553;hg38
1223;cg00522668;;600;0;0;EnhWk4;0,145132264;0,156080225;0,551963299;97;0,100436779;Axolotl;Ambystoma mexicanum;1,41837872;18;CCDC178;33124025;0,156080225;hg38
1224;cg05332877;624;;0;0;EnhA17;-0,145008458;0,156437383;0,551963299;97;0,100440464;Axolotl;Ambystoma mexicanum;-1,417155795;10;CPEB3;92091844;0,156437383;hg38
1225;cg24142628;625;;0;0;EnhWk4;-0,145002438;0,156454763;0,551963299;97;0,100440643;Axolotl;Ambystoma mexicanum;-1,417096339;22;LINC02554;27381012;0,156454763;hg38
1226;cg08374320;;601;0;0;PromF2;0,144917937;0,156698903;0,551963299;97;0,100443157;Axolotl;Ambystoma mexicanum;1,416261678;4;RUFY3;70722597;0,156698903;hg38
1227;cg18055433;;602;0;1;BivProm2;0,144911102;0,156718664;0,551963299;97;0,10044336;Axolotl;Ambystoma mexicanum;1,416194164;10;FGF8;101774839;0,156718664;hg38
1228;cg03586106;626;;0;1;PromF5;-0,144861151;0,156863129;0,551963299;97;0,100444845;Axolotl;Ambystoma mexicanum;-1,415700784;11;SOX6;16607717;0,156863129;hg38
1229;cg06060112;627;;0;0;Quies1;-0,144820315;0,156981306;0,551963299;97;0,100446059;Axolotl;Ambystoma mexicanum;-1,415297436;2;MIR4432HG;59829164;0,156981306;hg38
1230;cg11822715;;603;0;0;EnhA6;0,144756785;0,15716529;0,551963299;97;0,100447946;Axolotl;Ambystoma mexicanum;1,414669947;15;MEIS2;36925840;0,15716529;hg38
1231;cg21858607;628;;0;0;EnhA9;-0,144671635;0,157412139;0,551963299;97;0,100450475;Axolotl;Ambystoma mexicanum;-1,413828924;3;FOXP1;71444499;0,157412139;hg38
1232;cg01204422;629;;0;0;EnhWk1;-0,144641604;0,157499268;0,551963299;97;0,100451366;Axolotl;Ambystoma mexicanum;-1,413532311;20;TSHZ2;53171305;0,157499268;hg38
1233;cg04359093;;604;0;0;EnhA18;0,144636977;0,157512694;0,551963299;97;0,100451503;Axolotl;Ambystoma mexicanum;1,413486614;9;BNC2;16803854;0,157512694;hg38
1234;cg12001273;;605;0;0;EnhWk5;0,144629825;0,157533451;0,551963299;97;0,100451716;Axolotl;Ambystoma mexicanum;1,413415974;8;TOX;58806823;0,157533451;hg38
1235;cg19604874;630;;0;0;EnhWk8;-0,144613346;0,157581286;0,551963299;97;0,100452205;Axolotl;Ambystoma mexicanum;-1,413253212;4;PCDH7;30920159;0,157581286;hg38
1236;cg06900751;631;;0;0;TxEnh6;-0,144519041;0,15785523;0,552232814;97;0,100455002;Axolotl;Ambystoma mexicanum;-1,412321801;3;SATB1;18370005;0,15785523;hg38
1237;cg09394345;632;;0;0;Quies3;-0,144467839;0,158004117;0,552232814;97;0,10045652;Axolotl;Ambystoma mexicanum;-1,4118161;15;LINC00924;95550936;0,158004117;hg38
1238;cg27188235;633;;0;0;ReprPC1;-0,144414453;0,158159462;0,552232814;97;0,100458103;Axolotl;Ambystoma mexicanum;-1,411288846;4;POU4F2;146653261;0,158159462;hg38
1239;cg08268145;634;;0;0;Quies3;-0,144411223;0,158168864;0,552232814;97;0,100458198;Axolotl;Ambystoma mexicanum;-1,411256947;8;RIMS2;104251626;0,158168864;hg38
1240;cg16434122;;606;0;0;EnhWk4;0,144360107;0,158317721;0,552269195;97;0,100459713;Axolotl;Ambystoma mexicanum;1,410752108;9;RORB;74634718;0,158317721;hg38
1241;cg19635296;635;;0;0;TxEnh8;-0,14431999;0,158434618;0,552269195;97;0,100460901;Axolotl;Ambystoma mexicanum;-1,410355907;1;LMO4;87338796;0,158434618;hg38
1242;cg16628256;;607;0;1;BivProm2;0,144104686;0,159063096;0,553305095;97;0,100467272;Axolotl;Ambystoma mexicanum;1,408229595;2;SIX3;44942813;0,159063096;hg38
1243;cg20237992;;608;0;0;Tx6;0,144092518;0,159098669;0,553305095;97;0,100467632;Axolotl;Ambystoma mexicanum;1,408109429;1;RPS6KC1;213242258;0,159098669;hg38
1244;cg12317253;;609;0;0;TxWk2;0,144086756;0,159115515;0,553305095;97;0,100467802;Axolotl;Ambystoma mexicanum;1,408052532;23;POLA1;24897823;0,159115515;hg38
1245;cg10553388;;610;0;0;TxEnh5;0,143948244;0,159520914;0,554269266;97;0,100471896;Axolotl;Ambystoma mexicanum;1,406684668;22;RBFOX2;35744198;0,159520914;hg38
1246;cg10718624;636;;0;0;ReprPC3;-0,143803313;0,159945924;0,555299976;97;0,100476174;Axolotl;Ambystoma mexicanum;-1,405253454;11;ZBTB16;114031301;0,159945924;hg38
1247;cg10147375;637;;0;0;Tx5;-0,14369454;0,160265454;0,555828603;97;0,100479383;Axolotl;Ambystoma mexicanum;-1,404179334;2;BCL11A;60461908;0,160265454;hg38
1248;cg17698820;;611;0;0;TxEx2;0,143664029;0,160355167;0,555828603;97;0,100480282;Axolotl;Ambystoma mexicanum;1,403878051;1;MTOR;11115442;0,160355167;hg38
1249;cg26845090;638;;0;0;EnhWk4;-0,143579305;0,160604482;0,556118952;97;0,100482779;Axolotl;Ambystoma mexicanum;-1,403041439;1;LINC01748;60563314;0,160604482;hg38
1250;cg21808200;;612;0;0;Tx4;0,143529622;0,160750816;0,556118952;97;0,100484243;Axolotl;Ambystoma mexicanum;1,402550854;5;MARCHF6;10381880;0,160750816;hg38
1251;cg23893180;;613;0;0;Tx4;0,143504584;0,160824602;0,556118952;97;0,10048498;Axolotl;Ambystoma mexicanum;1,402303612;1;PSMB2;35615584;0,160824602;hg38
1252;cg07739774;639;;0;0;EnhA17;-0,143442056;0,161008973;0,556311799;97;0,100486821;Axolotl;Ambystoma mexicanum;-1,401686201;9;BNC2;16422293;0,161008973;hg38
1253;cg15652120;;614;0;0;PromF4;0,143241488;0,161601436;0,557751763;97;0,10049272;Axolotl;Ambystoma mexicanum;1,3997058;12;ELK3;96194432;0,161601436;hg38
1254;cg26370521;;615;0;0;Acet5;0,143139895;0,161902151;0,557751763;97;0,100495705;Axolotl;Ambystoma mexicanum;1,39870271;4;DCLK2;150240472;0,161902151;hg38
1255;cg13364396;640;;0;0;Acet3;-0,14313014;0,161931048;0,557751763;97;0,100495992;Axolotl;Ambystoma mexicanum;-1,398606395;21;GRIK1-AS2;29579503;0,161931048;hg38
1256;cg05762489;;616;0;0;EnhWk4;0,143126623;0,161941468;0,557751763;97;0,100496095;Axolotl;Ambystoma mexicanum;1,398571667;9;CNTLN;17323563;0,161941468;hg38
1257;cg20476719;;617;0;0;BivProm4;0,143079077;0,162082372;0,557792957;97;0,100497491;Axolotl;Ambystoma mexicanum;1,398102224;1;RNF220;44524879;0,162082372;hg38
1258;cg12302541;;618;0;1;BivProm1;0,142748958;0,163063203;0,559729501;97;0,100507172;Axolotl;Ambystoma mexicanum;1,394842952;20;MAFB;40688097;0,163063203;hg38
1259;cg21924105;641;;0;0;TxEnh8;-0,142629686;0,16341866;0,559729501;97;0,100510664;Axolotl;Ambystoma mexicanum;-1,393665432;9;MAPKAP1;125484466;0,16341866;hg38
1260;cg14206377;642;;0;0;Quies3;-0,142539724;0,163687146;0,559729501;97;0,100513296;Axolotl;Ambystoma mexicanum;-1,392777298;1;ELAVL4;50201549;0,163687146;hg38
1261;cg06116160;;619;0;0;TxEx4;0,142539229;0,163688624;0,559729501;97;0,100513311;Axolotl;Ambystoma mexicanum;1,392772411;11;EIF4G2;10806876;0,163688624;hg38
1262;cg06813117;643;;0;1;BivProm2;-0,142530314;0,163715248;0,559729501;97;0,100513571;Axolotl;Ambystoma mexicanum;-1,392684401;3;LOC440982;147409404;0,163715248;hg38
1263;cg04785091;;620;0;0;EnhWk4;0,14252538;0,163729982;0,559729501;97;0,100513716;Axolotl;Ambystoma mexicanum;1,392635699;18;CCDC178;33123904;0,163729982;hg38
1264;cg20738998;644;;0;0;HET2;-0,142510074;0,163775704;0,559729501;97;0,100514163;Axolotl;Ambystoma mexicanum;-1,392484592;18;LINC01029;78304559;0,163775704;hg38
1265;cg01351677;645;;0;0;HET1;-0,142452093;0,163948987;0,559729501;97;0,100515858;Axolotl;Ambystoma mexicanum;-1,391912201;6;LOC101927314;98272227;0,163948987;hg38
1266;cg04762682;646;;0;0;TxEnh1;-0,14240482;0,164090369;0,559729501;97;0,10051724;Axolotl;Ambystoma mexicanum;-1,39144552;2;OLA1;174177378;0,164090369;hg38
1267;cg00149440;;621;0;0;EnhA7;0,142402049;0,16409866;0,559729501;97;0,100517321;Axolotl;Ambystoma mexicanum;1,391418165;19;LOC100505622;42134814;0,16409866;hg38
1268;cg11351443;647;;0;0;Quies2;-0,14225124;0,164550313;0,559729501;97;0,100521725;Axolotl;Ambystoma mexicanum;-1,389929412;6;ADGRB3;69338952;0,164550313;hg38
1269;cg22468877;648;;0;0;EnhA14;-0,142152624;0,164846152;0,559729501;97;0,100524603;Axolotl;Ambystoma mexicanum;-1,38895593;9;TLE1;81552913;0,164846152;hg38
1270;cg14814052;649;;0;0;EnhA18;-0,142150147;0,164853589;0,559729501;97;0,100524675;Axolotl;Ambystoma mexicanum;-1,388931473;14;OTX2-AS1;57009701;0,164853589;hg38
1271;cg01316866;;622;0;0;Acet4;0,142109068;0,164976943;0,559729501;97;0,100525873;Axolotl;Ambystoma mexicanum;1,388525969;3;MITF;69879246;0,164976943;hg38
1272;cg20483513;650;;0;0;TxEnh6;-0,142099289;0,165006315;0,559729501;97;0,100526158;Axolotl;Ambystoma mexicanum;-1,388429446;11;LOC100130987;67365224;0,165006315;hg38
1273;cg13687200;651;;0;0;TxEnh2;-0,142046146;0,16516602;0,559729501;97;0,100527708;Axolotl;Ambystoma mexicanum;-1,387904852;3;UBA3;69077812;0,16516602;hg38
1274;cg12044283;652;;0;0;ReprPC5;-0,142029829;0,165215076;0,559729501;97;0,100528183;Axolotl;Ambystoma mexicanum;-1,387743793;10;BTRC;101322866;0,165215076;hg38
1275;cg10136700;653;;0;0;EnhA4;-0,14201788;0,16525101;0,559729501;97;0,100528531;Axolotl;Ambystoma mexicanum;-1,387625836;8;KCNU1;36880256;0,16525101;hg38
1276;cg16385223;654;;0;0;Tx4;-0,142014243;0,165261947;0,559729501;97;0,100528637;Axolotl;Ambystoma mexicanum;-1,387589938;3;FOXP1;71042936;0,165261947;hg38
1277;cg06143578;;623;0;0;EnhA1;0,141982236;0,165358228;0,559729501;97;0,10052957;Axolotl;Ambystoma mexicanum;1,387273999;9;BNC2;16515559;0,165358228;hg38
1278;cg23854764;655;;0;0;Acet5;-0,14198088;0,16536231;0,559729501;97;0,10052961;Axolotl;Ambystoma mexicanum;-1,387260608;5;NR2F1-AS1;92635095;0,16536231;hg38
1279;cg14201821;;624;0;0;TxWk2;0,141845079;0,165771291;0,560675133;97;0,100533564;Axolotl;Ambystoma mexicanum;1,385920138;23;POLA1;24805431;0,165771291;hg38
1280;cg04441307;;625;0;0;TxEx3;0,141646981;0,16636923;0,56116687;97;0,100539326;Axolotl;Ambystoma mexicanum;1,38396481;23;RBM10;47175044;0,16636923;hg38
1281;cg20108459;656;;0;0;Acet4;-0,14161486;0,166466334;0,56116687;97;0,100540259;Axolotl;Ambystoma mexicanum;-1,383647769;5;NR2F1-AS1;93191293;0,166466334;hg38
1282;cg13879297;;626;0;0;Tx3;0,141604988;0,166496188;0,56116687;97;0,100540546;Axolotl;Ambystoma mexicanum;1,383550323;10;TCF7L2;113119001;0,166496188;hg38
1283;cg13016062;;627;1;0;PromF3;0,14158698;0,166550651;0,56116687;97;0,100541069;Axolotl;Ambystoma mexicanum;1,383372588;16;MAZ;29807728;0,166550651;hg38
1284;cg05044267;;628;0;0;TxWk1;0,141582138;0,166565298;0,56116687;97;0,10054121;Axolotl;Ambystoma mexicanum;1,383324796;14;SLC8A3;70167626;0,166565298;hg38
1285;cg03711808;657;;0;0;PromF4;-0,141529201;0,166725493;0,561269448;97;0,100542748;Axolotl;Ambystoma mexicanum;-1,382802301;11;PCF11;83157543;0,166725493;hg38
1286;cg01429475;658;;0;0;Tx3;-0,141464912;0,166920194;0,561487937;97;0,100544614;Axolotl;Ambystoma mexicanum;-1,382167771;10;BTRC;101451718;0,166920194;hg38
1287;cg21598510;659;;0;0;ReprPC3;-0,1413962;0,167128476;0,56159908;97;0,100546608;Axolotl;Ambystoma mexicanum;-1,381489593;3;SHOX2;158058850;0,167128476;hg38
1288;cg15346644;;629;0;1;EnhA19;0,141315978;0,167371889;0,56159908;97;0,100548935;Axolotl;Ambystoma mexicanum;1,380697829;16;ZNF423;49702229;0,167371889;hg38
1289;cg19477942;;630;0;0;HET1;0,141294943;0,167435759;0,56159908;97;0,100549545;Axolotl;Ambystoma mexicanum;1,38049022;21;DSCAM;40692859;0,167435759;hg38
1290;cg11682995;660;;0;0;TxEx1;-0,141247633;0,167579471;0,56159908;97;0,100550917;Axolotl;Ambystoma mexicanum;-1,380023298;21;U2AF1L5;6493060;0,167579471;hg38
1291;cg00300233;661;;0;0;TxEnh4;-0,141118654;0,167971737;0,56159908;97;0,100554653;Axolotl;Ambystoma mexicanum;-1,378750359;1;CHTOP;153638324;0,167971737;hg38
1292;cg03787614;662;;0;0;Quies2;-0,141087908;0,168065343;0,56159908;97;0,100555543;Axolotl;Ambystoma mexicanum;-1,378446929;6;GRIK2;101924725;0,168065343;hg38
1293;cg27379398;;631;0;0;EnhWk4;0,141054223;0,168167943;0,56159908;97;0,100556519;Axolotl;Ambystoma mexicanum;1,378114487;5;CDH6;30926492;0,168167943;hg38
1294;cg18340611;;632;0;0;TxWk2;0,141051424;0,168176472;0,56159908;97;0,1005566;Axolotl;Ambystoma mexicanum;1,378086861;5;CDH6;31322915;0,168176472;hg38
1295;cg21749099;;633;0;0;TxEx2;0,140957417;0,168463058;0,56159908;97;0,100559319;Axolotl;Ambystoma mexicanum;1,377159119;7;CNOT4;135394055;0,168463058;hg38
1296;cg11297878;663;;0;0;Tx7;-0,140930427;0,168545407;0,56159908;97;0,1005601;Axolotl;Ambystoma mexicanum;-1,376892756;2;AGFG1;227531151;0,168545407;hg38
1297;cg05613307;664;;0;1;ReprPC1;-0,140889692;0,168669747;0,56159908;97;0,100561278;Axolotl;Ambystoma mexicanum;-1,376490757;4;NKX1-1;1405335;0,168669747;hg38
1298;cg19629739;;634;0;0;TxWk1;0,140844863;0,168806664;0,56159908;97;0,100562574;Axolotl;Ambystoma mexicanum;1,376048352;8;TRPS1;115412462;0,168806664;hg38
1299;cg12483296;;635;0;0;Quies2;0,140761973;0,16906004;0,56159908;97;0,100564969;Axolotl;Ambystoma mexicanum;1,375230355;2;LINC01831;103816587;0,16906004;hg38
1300;cg24046726;665;;0;0;ReprPC7;-0,140742436;0,169119802;0,56159908;97;0,100565533;Axolotl;Ambystoma mexicanum;-1,375037556;8;LINC01605;37375304;0,169119802;hg38
1301;cg19535301;666;;0;0;TxEx2;-0,140713915;0,169207071;0,56159908;97;0,100566356;Axolotl;Ambystoma mexicanum;-1,374756105;17;FAM222B;28759060;0,169207071;hg38
1302;cg06723671;667;;0;0;EnhWk4;-0,140705379;0,169233198;0,56159908;97;0,100566603;Axolotl;Ambystoma mexicanum;-1,374671865;8;ST18;52244813;0,169233198;hg38
1303;cg04132830;668;;0;0;TxEnh5;-0,140693652;0,169269093;0,56159908;97;0,100566941;Axolotl;Ambystoma mexicanum;-1,374556143;6;NHSL1;138442048;0,169269093;hg38
1304;cg05776266;669;;0;0;TxEx2;-0,140673975;0,169329339;0,56159908;97;0,100567509;Axolotl;Ambystoma mexicanum;-1,374361962;14;MAX;65077984;0,169329339;hg38
1305;cg16809235;670;;0;1;ReprPC1;-0,140644411;0,169419884;0,56159908;97;0,100568363;Axolotl;Ambystoma mexicanum;-1,374070219;14;FOXG1-AS1;28762235;0,169419884;hg38
1306;cg22024010;671;;0;0;ReprPC4;-0,14056795;0,169654226;0,56167383;97;0,100570569;Axolotl;Ambystoma mexicanum;-1,373315694;2;LINC01795;58298306;0,169654226;hg38
1307;cg08070857;672;;0;0;BivProm3;-0,140552334;0,169702116;0,56167383;97;0,100571019;Axolotl;Ambystoma mexicanum;-1,373161596;2;LINC01793;59250248;0,169702116;hg38
1308;cg26328207;;636;0;0;Tx7;0,140342581;0,170346336;0,563197741;97;0,100577064;Axolotl;Ambystoma mexicanum;1,371091814;2;CLASP1;121447459;0,170346336;hg38
1309;cg15046169;;637;0;0;ReprPC6;0,140313548;0,170435649;0,563197741;97;0,1005779;Axolotl;Ambystoma mexicanum;1,37080533;3;MECOM-AS1;169476591;0,170435649;hg38
1310;cg06410870;;638;0;0;Tx7;0,140275377;0,170553125;0,563197741;97;0,100578999;Axolotl;Ambystoma mexicanum;1,37042868;16;USP7;8900619;0,170553125;hg38
1311;cg25007534;673;;0;0;TxEnh1;-0,140116433;0,171042931;0,564050659;97;0,100583571;Axolotl;Ambystoma mexicanum;-1,368860354;1;LMO4;87338047;0,171042931;hg38
1312;cg03626038;674;;0;0;TxEx1;-0,140076736;0,171165424;0,564050659;97;0,100584713;Axolotl;Ambystoma mexicanum;-1,368468664;16;C16orf72;9116780;0,171165424;hg38
1313;cg09571004;675;;0;0;BivProm4;-0,140064698;0,171202585;0,564050659;97;0,100585059;Axolotl;Ambystoma mexicanum;-1,368349879;2;ZEB2;144431440;0,171202585;hg38
1314;cg15682828;676;;0;1;BivProm2;-0,139794193;0,172039139;0,566131319;97;0,100592826;Axolotl;Ambystoma mexicanum;-1,365680908;13;ZIC2;99982907;0,172039139;hg38
1315;cg12510047;;639;0;0;EnhA18;0,139775888;0,172095857;0,566131319;97;0,100593351;Axolotl;Ambystoma mexicanum;1,365500307;6;LOC101927314;98044497;0,172095857;hg38
1316;cg13050201;677;;0;1;BivProm2;-0,139657765;0,172462194;0,566388015;97;0,100596737;Axolotl;Ambystoma mexicanum;-1,364334876;5;NR2F1;93587925;0,172462194;hg38
1317;cg07601545;678;;0;0;TxEnh8;-0,13965511;0,172470434;0,566388015;97;0,100596813;Axolotl;Ambystoma mexicanum;-1,364308683;6;ARID1B;157150773;0,172470434;hg38
1318;cg02471603;;640;0;0;EnhA17;0,139584649;0,172689236;0,566388015;97;0,100598832;Axolotl;Ambystoma mexicanum;1,363613516;17;CDK12;39563113;0,172689236;hg38
1319;cg13853803;;641;0;0;Tx5;0,139581953;0,172697611;0,566388015;97;0,100598909;Axolotl;Ambystoma mexicanum;1,363586919;1;RASAL2;178454592;0,172697611;hg38
1320;cg03927796;;642;0;0;TxEnh6;0,139451842;0,173102195;0,567284821;97;0,100602634;Axolotl;Ambystoma mexicanum;1,362303274;10;WBP1L;102812642;0,173102195;hg38
1321;cg23350964;;643;0;0;EnhA7;0,139389759;0,173295488;0,567488358;97;0,10060441;Axolotl;Ambystoma mexicanum;1,361690794;17;SKAP1;48445041;0,173295488;hg38
1322;cg12338698;679;;0;0;TxEnh8;-0,13930152;0,173570493;0,567855892;97;0,100606933;Axolotl;Ambystoma mexicanum;-1,360820276;1;PHC2;33334138;0,173570493;hg38
1323;cg17911320;680;;0;0;EnhWk4;-0,139269532;0,173670263;0,567855892;97;0,100607847;Axolotl;Ambystoma mexicanum;-1,360504713;2;LINC01876;155947338;0,173670263;hg38
1324;cg26080060;;644;0;0;PromF2;0,139147406;0,174051568;0,568415766;97;0,100611336;Axolotl;Ambystoma mexicanum;1,359299924;21;LINC02246;15005493;0,174051568;hg38
1325;cg04984522;;645;0;0;Quies1;0,139130536;0,174104291;0,568415766;97;0,100611818;Axolotl;Ambystoma mexicanum;1,359133495;2;LINC01793;59791683;0,174104291;hg38
1326;cg17969607;;646;0;0;Quies3;0,138965758;0,174619853;0,569669034;97;0,100616519;Axolotl;Ambystoma mexicanum;1,357508002;3;STXBP5L;121413171;0,174619853;hg38
1327;cg11326474;681;;0;0;Acet3;-0,138734537;0,175345195;0,571604272;97;0,100623107;Axolotl;Ambystoma mexicanum;-1,355227157;11;GRIA4;105974482;0,175345195;hg38
1328;cg11589094;682;;0;0;EnhA2;-0,138632907;0,175664709;0,57216757;97;0,100625999;Axolotl;Ambystoma mexicanum;-1,354224675;21;MIR99AHG;16605786;0,175664709;hg38
1329;cg26012912;;647;0;0;Quies2;0,138595467;0,175782526;0,57216757;97;0,100627064;Axolotl;Ambystoma mexicanum;1,353855367;16;RBFOX1;7693330;0,175782526;hg38
1330;cg09070708;683;;0;0;EnhA17;-0,13851362;0,176040281;0,572381012;97;0,100629391;Axolotl;Ambystoma mexicanum;-1,353048049;19;ZNF536;30277076;0,176040281;hg38
1331;cg19455778;684;;0;0;HET2;-0,13849063;0,176112732;0,572381012;97;0,100630044;Axolotl;Ambystoma mexicanum;-1,352821283;18;MIR4527HG;47334076;0,176112732;hg38
1332;cg24788898;;648;0;0;EnhWk4;0,138405765;0,176380363;0,572820467;97;0,100632455;Axolotl;Ambystoma mexicanum;1,351984221;12;SOX5;24139284;0,176380363;hg38
1333;cg13019008;685;;0;0;TxEnh4;-0,138228745;0,17693958;0,57420552;97;0,100637479;Axolotl;Ambystoma mexicanum;-1,350238225;12;TAOK3;118152285;0,17693958;hg38
1334;cg05684493;686;;0;0;TxWk1;-0,138180841;0,177091135;0,57426654;97;0,100638838;Axolotl;Ambystoma mexicanum;-1,349765747;12;PLEKHA5;19314749;0,177091135;hg38
1335;cg12504100;687;;0;0;EnhA19;-0,137973288;0,177748871;0,575704637;97;0,100644718;Axolotl;Ambystoma mexicanum;-1,347718713;8;ZFHX4;76800609;0,177748871;hg38
1336;cg07724970;;649;0;0;TxEnh4;0,137953089;0,177812978;0,575704637;97;0,10064529;Axolotl;Ambystoma mexicanum;1,347519499;2;LRPPRC;43944338;0,177812978;hg38
1337;cg09744081;688;;0;0;TxEx3;-0,137876275;0,17805692;0,575704637;97;0,100647464;Axolotl;Ambystoma mexicanum;-1,346761928;14;GPHN;67181005;0,17805692;hg38
1338;cg03917360;689;;0;0;ReprPC4;-0,137788056;0,178337384;0,575704637;97;0,100649959;Axolotl;Ambystoma mexicanum;-1,345891891;16;LINC02140;54543200;0,178337384;hg38
1339;cg19044429;;650;0;0;EnhA4;0,137768887;0,178398371;0,575704637;97;0,100650501;Axolotl;Ambystoma mexicanum;1,345702838;13;DIAPH3;59774760;0,178398371;hg38
1340;cg12918088;;651;0;0;EnhWk1;0,137714812;0,178570485;0,575704637;97;0,100652029;Axolotl;Ambystoma mexicanum;1,345169556;5;RANBP17;171156954;0,178570485;hg38
1341;cg16698248;690;;0;0;PromF5;-0,137705576;0,178599897;0,575704637;97;0,10065229;Axolotl;Ambystoma mexicanum;-1,345078464;18;TCF4;55321663;0,178599897;hg38
1342;cg19176697;691;;0;0;Tx7;-0,137654869;0,178761423;0,575704637;97;0,100653723;Axolotl;Ambystoma mexicanum;-1,3445784;2;TRIP12;229829234;0,178761423;hg38
1343;cg19327672;;652;0;0;TxEx1;0,137597862;0,178943146;0,575704637;97;0,100655333;Axolotl;Ambystoma mexicanum;1,344016207;2;LRPPRC;43905717;0,178943146;hg38
1344;cg26485928;692;;0;0;EnhA2;-0,137525449;0,179174174;0,575704637;97;0,100657377;Axolotl;Ambystoma mexicanum;-1,343302096;5;PRDM6;123157890;0,179174174;hg38
1345;cg09483526;693;;0;0;TxEx4;-0,137484431;0,179305135;0,575704637;97;0,100658534;Axolotl;Ambystoma mexicanum;-1,342897596;2;CLK1;200860234;0,179305135;hg38
1346;cg02050559;694;;0;0;TxEnh1;-0,137465635;0,179365172;0,575704637;97;0,100659064;Axolotl;Ambystoma mexicanum;-1,342712233;21;MIR99AHG;16539105;0,179365172;hg38
1347;cg02788988;;653;0;0;EnhWk4;0,137431493;0,179474261;0,575704637;97;0,100660027;Axolotl;Ambystoma mexicanum;1,342375543;16;RBFOX1;7437592;0,179474261;hg38
1348;cg18804410;695;;0;0;ReprPC5;-0,137421126;0,179507392;0,575704637;97;0,10066032;Axolotl;Ambystoma mexicanum;-1,342273316;14;GPATCH2L;76134436;0,179507392;hg38
1349;cg14194584;;654;0;0;TxWk1;0,137413778;0,179530879;0,575704637;97;0,100660527;Axolotl;Ambystoma mexicanum;1,342200856;11;TEAD1;12944513;0,179530879;hg38
1350;cg23319205;696;;0;0;ReprPC6;-0,137350952;0,17973179;0,575921977;97;0,100662298;Axolotl;Ambystoma mexicanum;-1,341581308;17;RGS9;65210624;0,17973179;hg38
1351;cg07866455;697;;0;0;EnhA2;-0,137282849;0,179949762;0,576046761;97;0,100664217;Axolotl;Ambystoma mexicanum;-1,340909733;7;AUTS2;70631130;0,179949762;hg38
1352;cg16578808;698;;0;0;Quies2;-0,137255591;0,180037059;0,576046761;97;0,100664985;Axolotl;Ambystoma mexicanum;-1,340640937;18;LINC01029;78034605;0,180037059;hg38
1353;cg05217279;;655;0;0;ReprPC3;0,136951646;0,181012573;0,578032407;97;0,100673536;Axolotl;Ambystoma mexicanum;1,33764382;8;EBF2;25918505;0,181012573;hg38
1354;cg19788669;;656;0;0;EnhWk8;0,136906264;0,181158557;0,578032407;97;0,100674811;Axolotl;Ambystoma mexicanum;1,337196339;3;MECOM;169506150;0,181158557;hg38
1355;cg26947144;699;;0;0;TxEx2;-0,136904927;0,18116286;0,578032407;97;0,100674848;Axolotl;Ambystoma mexicanum;-1,337183153;1;MACF1;39469573;0,18116286;hg38
1356;cg22154099;;657;0;0;EnhA6;0,13687866;0,181247396;0,578032407;97;0,100675586;Axolotl;Ambystoma mexicanum;1,336924151;9;LOC101929116;126276473;0,181247396;hg38
1357;cg02030045;700;;0;0;EnhA17;-0,136802963;0,181491175;0,578032407;97;0,100677712;Axolotl;Ambystoma mexicanum;-1,336177772;2;ARHGAP15;143347329;0,181491175;hg38
1358;cg09537576;;658;0;0;EnhA17;0,136787159;0,181542103;0,578032407;97;0,100678155;Axolotl;Ambystoma mexicanum;1,336021938;1;CASZ1;10735183;0,181542103;hg38
1359;cg24957775;701;;0;0;Tx5;-0,136737526;0,181702105;0,578032407;97;0,100679548;Axolotl;Ambystoma mexicanum;-1,335532562;1;RASAL2;178466046;0,181702105;hg38
1360;cg01537460;;659;0;0;EnhWk1;0,136729921;0,181726631;0,578032407;97;0,100679761;Axolotl;Ambystoma mexicanum;1,335457576;6;SUPT3H;45337584;0,181726631;hg38
1361;cg16569295;;660;0;0;BivProm1;0,136451307;0,182626813;0,580468872;97;0,10068757;Axolotl;Ambystoma mexicanum;1,332710539;1;HPCA;32893573;0,182626813;hg38
1362;cg10993031;702;;0;0;BivProm1;-0,136281124;0,183178262;0,581401645;97;0,100692332;Axolotl;Ambystoma mexicanum;-1,331032669;1;LINC01763;90852044;0,183178262;hg38
1363;cg09882129;703;;0;0;EnhA5;-0,136155415;0,183586378;0,581401645;97;0,100695846;Axolotl;Ambystoma mexicanum;-1,329793317;22;LOC110091768;26893230;0,183586378;hg38
1364;cg03466012;704;;0;0;TxEx2;-0,136143809;0,183624091;0,581401645;97;0,10069617;Axolotl;Ambystoma mexicanum;-1,329678897;18;ATP5F1A;46087144;0,183624091;hg38
1365;cg22566291;705;;0;0;Quies3;-0,136116928;0,18371146;0,581401645;97;0,100696921;Axolotl;Ambystoma mexicanum;-1,329413882;2;LINC01122;59078469;0,18371146;hg38
1366;cg23616040;706;;0;0;EnhWk4;-0,136113445;0,183722782;0,581401645;97;0,100697018;Axolotl;Ambystoma mexicanum;-1,329379547;5;CTD-2194D22.4;2253420;0,183722782;hg38
1367;cg27371176;707;;0;0;EnhA2;-0,136079706;0,183832489;0,581401645;97;0,100697961;Axolotl;Ambystoma mexicanum;-1,329046926;9;MAPKAP1;125549822;0,183832489;hg38
1368;cg19665414;708;;0;0;Tx3;-0,1360698;0,183864709;0,581401645;97;0,100698237;Axolotl;Ambystoma mexicanum;-1,328949263;8;NRG1;32742737;0,183864709;hg38
1369;cg11124915;709;;0;0;TxEx4;-0,136026433;0,184005809;0,581401645;97;0,100699448;Axolotl;Ambystoma mexicanum;-1,328521734;11;EIF4G2;10806872;0,184005809;hg38
1370;cg22589574;710;;0;0;TxEx1;-0,135988316;0,184129894;0,581401645;97;0,100700512;Axolotl;Ambystoma mexicanum;-1,328145956;1;PTBP2;96806357;0,184129894;hg38
1371;cg16745091;711;;0;0;TxEx2;-0,135791863;0,184770388;0,582183845;97;0,10070599;Axolotl;Ambystoma mexicanum;-1,326209273;2;CLASP1;121418657;0,184770388;hg38
1372;cg06385312;712;;0;0;ReprPC1;-0,135784318;0,184795019;0,582183845;97;0,1007062;Axolotl;Ambystoma mexicanum;-1,326134898;12;KCNA1;4912539;0,184795019;hg38
1373;cg06788975;713;;0;0;TxEnh5;-0,13575842;0,184879582;0,582183845;97;0,100706921;Axolotl;Ambystoma mexicanum;-1,325879599;14;VRK1;96874425;0,184879582;hg38
1374;cg24642372;714;;0;0;BivProm1;-0,135710887;0,185034863;0,582183845;97;0,100708245;Axolotl;Ambystoma mexicanum;-1,325411023;5;CHSY3;129905604;0,185034863;hg38
1375;cg25054515;715;;0;0;ReprPC4;-0,135698129;0,185076558;0,582183845;97;0,100708601;Axolotl;Ambystoma mexicanum;-1,325285254;8;LINC01605;37365300;0,185076558;hg38
1376;cg23111024;;661;0;0;EnhA5;0,135664923;0,18518511;0,582183845;97;0,100709525;Axolotl;Ambystoma mexicanum;1,324957915;6;MDGA1;37615936;0,18518511;hg38
1377;cg19814508;;662;0;0;TxEx3;0,13553429;0,185612606;0,582867148;97;0,10071316;Axolotl;Ambystoma mexicanum;1,323670182;17;FLOT2;28884272;0,185612606;hg38
1378;cg20156837;;663;0;0;TxEx3;0,135482656;0,185781773;0,582867148;97;0,100714596;Axolotl;Ambystoma mexicanum;1,323161209;8;CYHR1;144453402;0,185781773;hg38
1379;cg15634098;;664;0;0;Tx8;0,135466205;0,185835696;0,582867148;97;0,100715053;Axolotl;Ambystoma mexicanum;1,322999044;4;RAPGEF2;159359509;0,185835696;hg38
1380;cg13112264;;665;0;0;EnhA17;0,135354179;0,186203193;0,582867148;97;0,100718166;Axolotl;Ambystoma mexicanum;1,321894775;2;ARHGAP15;143685648;0,186203193;hg38
1381;cg16807421;716;;0;0;TxEnh6;-0,135333093;0,186272423;0,582867148;97;0,100718751;Axolotl;Ambystoma mexicanum;-1,321686929;3;SATB1;18369946;0,186272423;hg38
1382;cg27344462;;666;0;0;TxEx3;0,135282916;0,186437242;0,582867148;97;0,100720144;Axolotl;Ambystoma mexicanum;1,321192332;9;FAM219A;34401076;0,186437242;hg38
1383;cg21498538;;667;0;0;Quies3;0,135271021;0,18647633;0,582867148;97;0,100720474;Axolotl;Ambystoma mexicanum;1,321075085;14;LIN52;74188713;0,18647633;hg38
1384;cg00300224;;668;0;0;Quies3;0,135266825;0,186490118;0,582867148;97;0,100720591;Axolotl;Ambystoma mexicanum;1,32103373;23;CNKSR2;21595037;0,186490118;hg38
1385;cg00724499;717;;0;0;PromF5;-0,135228799;0,186615122;0,582867148;97;0,100721646;Axolotl;Ambystoma mexicanum;-1,320658907;7;COL1A2-AS1;94395053;0,186615122;hg38
1386;cg01811415;;669;0;0;EnhA6;0,135081495;0,187099928;0,583247234;97;0,100725731;Axolotl;Ambystoma mexicanum;1,319206972;7;SNORA25B;115707919;0,187099928;hg38
1387;cg20921483;;670;0;0;Acet5;0,135081141;0,187101095;0,583247234;97;0,100725741;Axolotl;Ambystoma mexicanum;1,31920348;7;SNORA25B;115673897;0,187101095;hg38
1388;cg09877681;718;;0;0;EnhA17;-0,135038939;0,187240156;0,583247234;97;0,100726911;Axolotl;Ambystoma mexicanum;-1,318787524;2;MAP3K20-AS1;173250498;0,187240156;hg38
1389;cg25278451;719;;0;0;Acet3;-0,135028028;0,187276125;0,583247234;97;0,100727213;Axolotl;Ambystoma mexicanum;-1,318679973;18;MIR924HG;39321941;0,187276125;hg38
1390;cg20468890;720;;0;0;BivProm3;-0,134832962;0,187919971;0,584443118;97;0,100732614;Axolotl;Ambystoma mexicanum;-1,316757355;21;LOC101928107;33113412;0,187919971;hg38
1391;cg20582188;;671;0;0;EnhA2;0,13482983;0,187930323;0,584443118;97;0,100732701;Axolotl;Ambystoma mexicanum;1,316726485;8;LINC01111;76403981;0,187930323;hg38
1392;cg10583293;;672;0;0;ReprPC4;0,134747048;0,188204055;0,584873927;97;0,10073499;Axolotl;Ambystoma mexicanum;1,315910586;15;SPATA8-AS1;96581486;0,188204055;hg38
1393;cg12262659;721;;0;0;EnhA10;-0,134678375;0,188431351;0,585159912;97;0,100736889;Axolotl;Ambystoma mexicanum;-1,315233763;17;BCAS3;61145107;0,188431351;hg38
1394;cg03986120;722;;0;1;BivProm1;-0,134579645;0,188758483;0,585340715;97;0,100739616;Axolotl;Ambystoma mexicanum;-1,314260714;2;SIX2;45008755;0,188758483;hg38
1395;cg16157644;;673;0;0;EnhA7;0,134554751;0,188841032;0,585340715;97;0,100740303;Axolotl;Ambystoma mexicanum;1,314015369;10;LRMDA;75924630;0,188841032;hg38
1396;cg25836410;;674;0;0;EnhA6;0,134534066;0,188909644;0,585340715;97;0,100740874;Axolotl;Ambystoma mexicanum;1,313811508;3;FOXP1;70822939;0,188909644;hg38
1397;cg25789800;723;;0;0;HET2;-0,134497547;0,189030821;0,585340715;97;0,100741882;Axolotl;Ambystoma mexicanum;-1,313451598;19;LINC01533;32011908;0,189030821;hg38
1398;cg16670758;;675;0;0;Quies3;0,134452781;0,189179438;0,585381885;97;0,100743118;Axolotl;Ambystoma mexicanum;1,313010417;11;DCDC1;30982751;0,189179438;hg38
1399;cg10331358;;676;0;0;EnhA17;0,134356774;0,189498456;0,585879045;97;0,100745765;Axolotl;Ambystoma mexicanum;1,312064252;11;HTATIP2;20276581;0,189498456;hg38
1400;cg15751632;;677;0;0;EnhA17;0,134322939;0,189610979;0,585879045;97;0,100746698;Axolotl;Ambystoma mexicanum;1,311730805;12;SOX5;24020735;0,189610979;hg38
1401;cg21122960;;678;0;1;BivProm2;0,134141354;0,19021569;0,586519799;97;0,1007517;Axolotl;Ambystoma mexicanum;1,309941313;8;LOC401463;64577739;0,19021569;hg38
1402;cg26575318;724;;0;0;EnhWk4;-0,134139507;0,190221847;0,586519799;97;0,100751751;Axolotl;Ambystoma mexicanum;-1,309923113;12;SOX5;24139405;0,190221847;hg38
1403;cg01052352;725;;0;0;HET2;-0,134103972;0,190340354;0,586519799;97;0,100752729;Axolotl;Ambystoma mexicanum;-1,309572922;1;AJAP1;4774505;0,190340354;hg38
1404;cg23976139;;679;0;0;TxWk2;0,134097876;0,190360688;0,586519799;97;0,100752896;Axolotl;Ambystoma mexicanum;1,309512851;2;IKZF2;213056915;0,190360688;hg38
1405;cg02699795;726;;0;0;EnhWk5;-0,134015279;0,190636365;0,586747855;97;0,100755168;Axolotl;Ambystoma mexicanum;-1,3086989;3;TBC1D5;18128382;0,190636365;hg38
1406;cg26736720;727;;0;0;PromF1;-0,133994435;0,19070598;0,586747855;97;0,100755742;Axolotl;Ambystoma mexicanum;-1,308493494;17;MRPS23;57811568;0,19070598;hg38
1407;cg02572224;728;;0;1;ReprPC1;-0,133821782;0,191283316;0,588105871;97;0,100760486;Axolotl;Ambystoma mexicanum;-1,306792138;2;EVX2;176078762;0,191283316;hg38
1408;cg21607628;729;;0;1;BivProm2;-0,133754207;0,191509625;0,588343434;97;0,100762341;Axolotl;Ambystoma mexicanum;-1,306126259;15;SKOR1;67832934;0,191509625;hg38
1409;cg24557436;;680;0;0;PromF5;0,133698193;0,191697361;0,588343434;97;0,100763878;Axolotl;Ambystoma mexicanum;1,305574312;9;TLE1;81687376;0,191697361;hg38
1410;cg15679520;;681;0;0;TxEx3;0,133676948;0,191768603;0,588343434;97;0,10076446;Axolotl;Ambystoma mexicanum;1,305364964;1;PBX1;164822206;0,191768603;hg38
1411;cg24475906;730;;0;0;BivProm3;-0,133545719;0,192209073;0,589010127;97;0,100768058;Axolotl;Ambystoma mexicanum;-1,304071887;11;LMO1;8283283;0,192209073;hg38
1412;cg16947830;;682;0;0;Quies4;0,133531087;0,192258229;0,589010127;97;0,100768459;Axolotl;Ambystoma mexicanum;1,303927715;13;RBM26;79269513;0,192258229;hg38
1413;cg18724036;;683;0;0;EnhWk6;0,133359881;0,19283409;0,590011914;97;0,100773147;Axolotl;Ambystoma mexicanum;1,302240776;20;TSHZ2;53003678;0,19283409;hg38
1414;cg03078535;;684;0;1;BivProm1;0,133308433;0,193007382;0,590011914;97;0,100774555;Axolotl;Ambystoma mexicanum;1,301733856;1;KCNA3;110674379;0,193007382;hg38
1415;cg24977387;;685;0;0;EnhWk4;0,133301389;0,193031116;0,590011914;97;0,100774748;Axolotl;Ambystoma mexicanum;1,301664454;7;FOXP2;114431542;0,193031116;hg38
1416;cg27649360;;686;0;0;EnhA6;0,133271815;0,193130789;0,590011914;97;0,100775556;Axolotl;Ambystoma mexicanum;1,301373063;8;ZFHX4;76735831;0,193130789;hg38
1417;cg01399875;;687;0;0;EnhA18;0,133152434;0,193533518;0,59056122;97;0,10077882;Axolotl;Ambystoma mexicanum;1,300196827;2;AGAP1;236014846;0,193533518;hg38
1418;cg05530690;731;;0;1;BivProm1;-0,133124905;0,193626472;0,59056122;97;0,100779572;Axolotl;Ambystoma mexicanum;-1,299925596;1;FOXD3-AS1;63323501;0,193626472;hg38
1419;cg03078414;;688;0;0;EnhA2;0,13309717;0,193720152;0,59056122;97;0,100780329;Axolotl;Ambystoma mexicanum;1,299652341;1;PROX1;213997119;0,193720152;hg38
1420;cg03504115;;689;0;1;BivProm1;0,133035244;0,193929445;0,590782919;97;0,10078202;Axolotl;Ambystoma mexicanum;1,299042207;4;STOX2;183906863;0,193929445;hg38
1421;cg04609744;;690;0;0;EnhA5;0,132971069;0,194146508;0,591027957;97;0,100783772;Axolotl;Ambystoma mexicanum;1,298409933;6;SIM1;100230295;0,194146508;hg38
1422;cg16849682;732;;0;0;EnhWk4;-0,132823562;0,194646094;0,591776703;97;0,100787794;Axolotl;Ambystoma mexicanum;-1,296956675;2;LOC100506274;7595403;0,194646094;hg38
1423;cg22158106;;691;0;0;EnhA2;0,132817672;0,194666062;0,591776703;97;0,100787955;Axolotl;Ambystoma mexicanum;1,296898646;9;MAPKAP1;125463139;0,194666062;hg38
1424;cg00533774;733;;0;0;TxEx4;-0,132728122;0,194969834;0,591998817;97;0,100790394;Axolotl;Ambystoma mexicanum;-1,296016402;2;SPTBN1;54599097;0,194969834;hg38
1425;cg01566077;734;;0;0;TxEx2;-0,132592956;0,195428989;0,591998817;97;0,100794074;Axolotl;Ambystoma mexicanum;-1,294684791;14;METTL3;21500663;0,195428989;hg38
1426;cg02791630;;692;0;0;ReprPC6;0,132546577;0,195586714;0,591998817;97;0,100795335;Axolotl;Ambystoma mexicanum;1,294227895;6;FBXL4;98998388;0,195586714;hg38
1427;cg13219590;;693;0;0;EnhA18;0,132498714;0,195749587;0,591998817;97;0,100796637;Axolotl;Ambystoma mexicanum;1,293756372;14;LINC00618;97025854;0,195749587;hg38
1428;cg14946072;;694;0;0;BivProm2;0,132470648;0,195845136;0,591998817;97;0,1007974;Axolotl;Ambystoma mexicanum;1,293479888;16;RBFOX1;7304492;0,195845136;hg38
1429;cg14333709;;695;0;1;PromF5;0,132397365;0,196094785;0,591998817;97;0,100799391;Axolotl;Ambystoma mexicanum;1,292757959;17;HOXB-AS1;48544833;0,196094785;hg38
1430;cg05425369;;696;0;0;EnhA2;0,13236115;0,196218239;0,591998817;97;0,100800375;Axolotl;Ambystoma mexicanum;1,292401206;2;VRK2;57759572;0,196218239;hg38
1431;cg13187690;;697;0;0;EnhA17;0,132268225;0,196535276;0,591998817;97;0,100802898;Axolotl;Ambystoma mexicanum;1,2914858;7;ETV1;13467303;0,196535276;hg38
1432;cg10668448;;698;0;0;EnhWk6;0,132235557;0,196646819;0,591998817;97;0,100803785;Axolotl;Ambystoma mexicanum;1,291163989;4;LEF1;108081642;0,196646819;hg38
1433;cg25048251;735;;0;0;Tx3;-0,132228525;0,196670833;0,591998817;97;0,100803975;Axolotl;Ambystoma mexicanum;-1,291094724;19;TSHZ3;31337106;0,196670833;hg38
1434;cg15783852;;699;0;0;EnhWk4;0,132214597;0,196718408;0,591998817;97;0,100804353;Axolotl;Ambystoma mexicanum;1,290957519;18;ZNF521;25112872;0,196718408;hg38
1435;cg17513136;;700;0;0;EnhWk3;0,132173142;0,196860056;0,591998817;97;0,100805478;Axolotl;Ambystoma mexicanum;1,290549158;11;ZBTB16;114229448;0,196860056;hg38
1436;cg20345626;736;;0;0;EnhWk4;-0,132151351;0,196934544;0,591998817;97;0,100806069;Axolotl;Ambystoma mexicanum;-1,290334499;18;ZNF521;25176283;0,196934544;hg38
1437;cg15023125;;701;0;0;EnhA6;0,132126317;0,197020142;0,591998817;97;0,100806747;Axolotl;Ambystoma mexicanum;1,290087897;16;ZFHX3;73329415;0,197020142;hg38
1438;cg16547543;;702;0;1;ReprPC1;0,132089503;0,197146065;0,591998817;97;0,100807745;Axolotl;Ambystoma mexicanum;1,289725262;7;UNCX;1228774;0,197146065;hg38
1439;cg22149755;;703;0;0;Tx7;0,132024631;0,197368106;0,591998817;97;0,100809503;Axolotl;Ambystoma mexicanum;1,289086241;6;QKI;163566749;0,197368106;hg38
1440;cg07302069;737;;0;1;BivProm1;-0,132021754;0,19737796;0,591998817;97;0,100809581;Axolotl;Ambystoma mexicanum;-1,289057896;7;HOXA7;27156667;0,19737796;hg38
1441;cg13948651;738;;0;0;TxEnh5;-0,132009016;0,19742158;0,591998817;97;0,100809926;Axolotl;Ambystoma mexicanum;-1,288932427;2;BCL11A;60460866;0,19742158;hg38
1442;cg12932612;;704;0;0;TxEnh5;0,131968325;0,197560974;0,591998817;97;0,100811028;Axolotl;Ambystoma mexicanum;1,288531606;2;FMNL2;152645503;0,197560974;hg38
1443;cg26626645;;705;0;0;EnhA6;0,131871943;0,197891432;0,591998817;97;0,100813637;Axolotl;Ambystoma mexicanum;1,28758222;8;ZFHX4;76866652;0,197891432;hg38
1444;cg24043916;739;;0;1;BivProm4;-0,131851436;0,197961791;0,591998817;97;0,100814192;Axolotl;Ambystoma mexicanum;-1,287380231;1;PBX1;164321004;0,197961791;hg38
1445;cg09596855;740;;0;0;TxEx2;-0,131842674;0,197991861;0,591998817;97;0,100814429;Axolotl;Ambystoma mexicanum;-1,287293923;7;MKLN1;131437857;0,197991861;hg38
1446;cg13999128;;706;0;0;EnhWk8;0,131823807;0,198056621;0,591998817;97;0,10081494;Axolotl;Ambystoma mexicanum;1,287108077;19;LINC01533;32036010;0,198056621;hg38
1447;cg18489876;741;;0;0;EnhA5;-0,131659596;0,198620889;0,591998817;97;0,100819379;Axolotl;Ambystoma mexicanum;-1,285490629;2;LOC101928386;143952178;0,198620889;hg38
1448;cg07042258;;707;0;0;EnhA17;0,131563391;0,198952012;0,591998817;97;0,100821977;Axolotl;Ambystoma mexicanum;1,284543046;15;SPATA8;96891511;0,198952012;hg38
1449;cg02993437;;708;0;0;EnhWk4;0,131554178;0,198983743;0,591998817;97;0,100822226;Axolotl;Ambystoma mexicanum;1,284452302;2;METAP1D;172073253;0,198983743;hg38
1450;cg23225221;742;;0;0;ReprPC5;-0,13143288;0,199401844;0,591998817;97;0,100825498;Axolotl;Ambystoma mexicanum;-1,283257596;14;VSX2;74214319;0,199401844;hg38
1451;cg06404927;;709;0;0;ReprPC5;0,131397604;0,199523553;0,591998817;97;0,10082645;Axolotl;Ambystoma mexicanum;1,282910159;7;UNCX;1298067;0,199523553;hg38
1452;cg25831669;;710;0;0;EnhWk4;0,131391273;0,199545404;0,591998817;97;0,10082662;Axolotl;Ambystoma mexicanum;1,282847801;4;UNC5C;95452387;0,199545404;hg38
1453;cg12407846;743;;0;0;EnhWk4;-0,131379037;0,199587635;0,591998817;97;0,10082695;Axolotl;Ambystoma mexicanum;-1,28272729;18;SETBP1;45025382;0,199587635;hg38
1454;cg07904962;;711;0;0;Tx5;0,13137806;0,199591009;0,591998817;97;0,100826977;Axolotl;Ambystoma mexicanum;1,282717664;7;SMO;129205730;0,199591009;hg38
1455;cg26575201;744;;0;0;ReprPC3;-0,131332991;0,199746624;0,591998817;97;0,100828191;Axolotl;Ambystoma mexicanum;-1,282273776;2;LINC01833;44841537;0,199746624;hg38
1456;cg18508649;745;;0;0;TSS1;-0,131293415;0,199883343;0,591998817;97;0,100829258;Axolotl;Ambystoma mexicanum;-1,281883996;2;GPD2;156400792;0,199883343;hg38
1457;cg12487068;746;;0;0;Tx4;-0,131278608;0,199934515;0,591998817;97;0,100829657;Axolotl;Ambystoma mexicanum;-1,281738158;4;CHIC2;54014115;0,199934515;hg38
1458;cg09774165;747;;0;0;Quies3;-0,131274004;0,199950425;0,591998817;97;0,100829781;Axolotl;Ambystoma mexicanum;-1,281692819;8;LOC102724874;77261301;0,199950425;hg38
1459;cg13082148;748;;0;0;EnhA7;-0,131271879;0,199957771;0,591998817;97;0,100829838;Axolotl;Ambystoma mexicanum;-1,281671887;3;SATB1;18369783;0,199957771;hg38
1460;cg20177885;749;;0;0;Tx4;-0,131267538;0,199972778;0,591998817;97;0,100829955;Axolotl;Ambystoma mexicanum;-1,281629126;17;SMURF2;64586113;0,199972778;hg38
1461;cg09213135;;712;0;0;EnhWk3;0,131196719;0,200217675;0,591998817;97;0,100831862;Axolotl;Ambystoma mexicanum;1,28093165;11;LOC102724957;15603059;0,200217675;hg38
1462;cg06042645;750;;0;0;EnhWk4;-0,131136062;0,200427607;0,591998817;97;0,100833494;Axolotl;Ambystoma mexicanum;-1,28033425;2;ARHGAP15;143354726;0,200427607;hg38
1463;cg02416191;751;;0;0;Tx3;-0,131133258;0,200437314;0,591998817;97;0,10083357;Axolotl;Ambystoma mexicanum;-1,280306637;8;NRG1;32742714;0,200437314;hg38
1464;cg20152954;752;;0;0;BivProm2;-0,131075073;0,200638843;0,591998817;97;0,100835135;Axolotl;Ambystoma mexicanum;-1,279733602;10;C1QL3;16520525;0,200638843;hg38
1465;cg20197952;;713;0;0;TxEnh5;0,131056846;0,200702004;0,591998817;97;0,100835625;Axolotl;Ambystoma mexicanum;1,279554093;2;LOC100132215;63013693;0,200702004;hg38
1466;cg25238025;;714;0;0;TxEnh5;0,131018498;0,200834939;0,591998817;97;0,100836656;Axolotl;Ambystoma mexicanum;1,279176416;6;FOXP4;41588383;0,200834939;hg38
1467;cg23626248;753;;0;0;BivProm4;-0,130951613;0,201066943;0,591998817;97;0,100838454;Axolotl;Ambystoma mexicanum;-1,278517714;3;MECOM;169242647;0,201066943;hg38
1468;cg16317038;754;;0;0;PromF1;-0,130888216;0,201287027;0,591998817;97;0,100840157;Axolotl;Ambystoma mexicanum;-1,277893366;1;UTP11;38029379;0,201287027;hg38
1469;cg11470772;;715;0;0;EnhA18;0,130840348;0,201453317;0,591998817;97;0,100841443;Axolotl;Ambystoma mexicanum;1,277421958;10;LRMDA;75451079;0,201453317;hg38
1470;cg09670972;;716;0;0;TxEx2;0,130779471;0,201664943;0,591998817;97;0,100843077;Axolotl;Ambystoma mexicanum;1,276822434;2;YPEL5;30158652;0,201664943;hg38
1471;cg03373557;755;;0;0;Quies3;-0,130709003;0,201910107;0,591998817;97;0,100844967;Axolotl;Ambystoma mexicanum;-1,276128475;13;DACH1;71438261;0,201910107;hg38
1472;cg01602213;756;;0;0;EnhA6;-0,130662265;0,202072829;0,591998817;97;0,100846221;Axolotl;Ambystoma mexicanum;-1,275668215;18;ZNF521;25188194;0,202072829;hg38
1473;cg19002453;;717;0;0;EnhWk4;0,130590969;0,202321235;0,591998817;97;0,100848132;Axolotl;Ambystoma mexicanum;1,274966118;9;PTPRD;8314369;0,202321235;hg38
1474;cg21390528;;718;0;0;TSS2;0,130579005;0,202362941;0,591998817;97;0,100848452;Axolotl;Ambystoma mexicanum;1,274848301;11;PHF21A;46121844;0,202362941;hg38
1475;cg02268652;757;;0;0;BivProm4;-0,130555298;0,202445601;0,591998817;97;0,100849087;Axolotl;Ambystoma mexicanum;-1,274614842;10;BTRC;101486335;0,202445601;hg38
1476;cg22864641;;719;0;0;TxWk1;0,130544394;0,202483627;0,591998817;97;0,100849379;Axolotl;Ambystoma mexicanum;1,274507469;14;VRK1;96874283;0,202483627;hg38
1477;cg06222547;;720;0;0;EnhA6;0,130522344;0,202560542;0,591998817;97;0,10084997;Axolotl;Ambystoma mexicanum;1,274290332;8;ZFHX4;76866707;0,202560542;hg38
1478;cg16218119;;721;0;0;TxEnh5;0,130519766;0,202569535;0,591998817;97;0,100850039;Axolotl;Ambystoma mexicanum;1,274264947;23;MID1;10566940;0,202569535;hg38
1479;cg07276805;758;;0;0;EnhA17;-0,130512732;0,202594076;0,591998817;97;0,100850227;Axolotl;Ambystoma mexicanum;-1,27419568;2;ARHGAP15;143347410;0,202594076;hg38
1480;cg08749684;759;;0;0;EnhA1;-0,13049624;0,202651625;0,591998817;97;0,100850669;Axolotl;Ambystoma mexicanum;-1,274033271;11;TEAD1;12864877;0,202651625;hg38
1481;cg13160963;760;;0;1;TSS1;-0,130489115;0,202676491;0,591998817;97;0,10085086;Axolotl;Ambystoma mexicanum;-1,273963107;6;TMEM170B;11538349;0,202676491;hg38
1482;cg16076776;761;;0;0;EnhA1;-0,130259382;0,203479411;0,592761445;97;0,100857006;Axolotl;Ambystoma mexicanum;-1,271700898;2;MEIS1;66508709;0,203479411;hg38
1483;cg13475927;;722;0;0;ReprPC2;0,130258501;0,203482494;0,592761445;97;0,100857029;Axolotl;Ambystoma mexicanum;1,271692225;1;CASZ1;10834684;0,203482494;hg38
1484;cg06771612;;723;0;0;TxEnh4,TxEx2;0,130197961;0,203694464;0,592761445;97;0,100858647;Axolotl;Ambystoma mexicanum;1,271096095;14;AP4S1;31129395;0,203694464;hg38
1485;cg17214349;762;;0;0;EnhA17;-0,130195465;0,203703207;0,592761445;97;0,100858714;Axolotl;Ambystoma mexicanum;-1,271071518;2;FIGN;163594682;0,203703207;hg38
1486;cg26845017;763;;0;0;BivProm2;-0,13017841;0,203762952;0,592761445;97;0,100859169;Axolotl;Ambystoma mexicanum;-1,270903581;10;PAX2;100655556;0,203762952;hg38
1487;cg03375386;764;;0;0;TxEx3;-0,130150012;0,203862462;0,592761445;97;0,100859928;Axolotl;Ambystoma mexicanum;-1,270623951;11;PPP2R5B;64932774;0,203862462;hg38
1488;cg04837182;765;;0;0;Quies2;-0,130046755;0,204224577;0,592761445;97;0,100862684;Axolotl;Ambystoma mexicanum;-1,269607219;19;ZNF536;30442802;0,204224577;hg38
1489;cg12099383;;724;0;0;ReprPC7;0,130031942;0,204276563;0,592761445;97;0,10086308;Axolotl;Ambystoma mexicanum;1,269461362;22;SCUBE1;43255511;0,204276563;hg38
1490;cg15042350;766;;0;0;EnhA18;-0,129993565;0,204411291;0,592761445;97;0,100864103;Axolotl;Ambystoma mexicanum;-1,269083483;2;LINC01122;58543535;0,204411291;hg38
1491;cg27109335;;725;0;0;TxEx2;0,129865754;0,204860443;0,592761445;97;0,100867511;Axolotl;Ambystoma mexicanum;1,267825027;20;PTPRA;3022084;0,204860443;hg38
1492;cg04996684;767;;0;0;BivProm4;-0,129852736;0,204906232;0,592761445;97;0,100867858;Axolotl;Ambystoma mexicanum;-1,267696844;1;DENND1B;197675972;0,204906232;hg38
1493;cg22351690;;726;0;0;Tx4;0,129838703;0,204955596;0,592761445;97;0,100868232;Axolotl;Ambystoma mexicanum;1,267558678;16;NFAT5;69640167;0,204955596;hg38
1494;cg09689442;;727;0;0;EnhWk8;0,129815163;0,205038428;0,592761445;97;0,100868859;Axolotl;Ambystoma mexicanum;1,267326895;5;AP3B1;78211132;0,205038428;hg38
1495;cg18562542;;728;0;0;TxEx1;0,129813895;0,205042889;0,592761445;97;0,100868893;Axolotl;Ambystoma mexicanum;1,267314413;5;TNPO1;72900020;0,205042889;hg38
1496;cg20415069;;729;0;0;BivProm1;0,129777048;0,205172589;0,592761445;97;0,100869874;Axolotl;Ambystoma mexicanum;1,266951621;23;NDP;43973568;0,205172589;hg38
1497;cg16143691;;730;0;0;EnhWk4;0,129756158;0,205246148;0,592761445;97;0,10087043;Axolotl;Ambystoma mexicanum;1,26674594;17;NPEPPSP1;36315241;0,205246148;hg38
1498;cg15771070;;731;0;0;BivProm2;0,129750223;0,20526705;0,592761445;97;0,100870588;Axolotl;Ambystoma mexicanum;1,266687503;1;FOXO6;41381040;0,20526705;hg38
1499;cg10543626;;732;0;0;TxEx2;0,129672095;0,205542347;0,593160467;97;0,100872668;Axolotl;Ambystoma mexicanum;1,265918263;4;ZNF827;145761320;0,205542347;hg38
1500;cg02808705;768;;0;0;Acet3;-0,129589478;0,205833747;0,593605398;97;0,100874865;Axolotl;Ambystoma mexicanum;-1,265104842;16;WWOX;78672858;0,205833747;hg38
1501;cg23238433;;733;0;0;TxEnh6;0,129488245;0,206191212;0,593960476;97;0,100877556;Axolotl;Ambystoma mexicanum;1,264108148;1;ZBTB7B;155016347;0,206191212;hg38
1502;cg15813117;;734;0;0;TxEx3;0,129476849;0,206231481;0,593960476;97;0,100877859;Axolotl;Ambystoma mexicanum;1,26399595;2;LOC100132215;62996742;0,206231481;hg38
1503;cg18680222;769;;0;1;PromF5;-0,129425569;0,20641275;0,593964542;97;0,100879221;Axolotl;Ambystoma mexicanum;-1,263491082;11;SOX6;16607739;0,20641275;hg38
1504;cg26275002;;735;0;0;EnhA17;0,129360545;0,206642766;0,593964542;97;0,100880948;Axolotl;Ambystoma mexicanum;1,262850907;12;LOC101928441;23098624;0,206642766;hg38
1505;cg19835617;770;;0;1;PromF3;-0,129359968;0,206644809;0,593964542;97;0,100880963;Axolotl;Ambystoma mexicanum;-1,262845223;5;PURA;140114869;0,206644809;hg38
1506;cg04709860;771;;0;0;PromF2;-0,129229159;0,207108093;0,594900888;97;0,100884433;Axolotl;Ambystoma mexicanum;-1,261557401;2;ZEB2;144510908;0,207108093;hg38
1507;cg25768681;;736;0;1;BivProm2;0,129172272;0,207309797;0,595058775;97;0,100885942;Axolotl;Ambystoma mexicanum;1,260997362;7;FEZF1;122302323;0,207309797;hg38
1508;cg09057086;772;;0;0;EnhWk4;-0,129110341;0,20752955;0,595058775;97;0,100887583;Axolotl;Ambystoma mexicanum;-1,260387664;15;LINC00924;95497759;0,20752955;hg38
1509;cg19243613;773;;0;0;EnhA6;-0,129097331;0,207575735;0,595058775;97;0,100887927;Axolotl;Ambystoma mexicanum;-1,260259584;16;LINC01572;72427704;0,207575735;hg38
1510;cg09216664;;737;0;0;TxWk2;0,129057192;0,20771827;0,595073033;97;0,10088899;Axolotl;Ambystoma mexicanum;1,259864436;12;CACNA1C;2634323;0,20771827;hg38
1511;cg22776742;774;;0;0;ReprPC1;-0,128953178;0,208087961;0,595496008;97;0,100891744;Axolotl;Ambystoma mexicanum;-1,258840466;6;TFAP2A;10401171;0,208087961;hg38
1512;cg10257214;775;;0;0;TxEnh5;-0,1289382;0,208141234;0,595496008;97;0,10089214;Axolotl;Ambystoma mexicanum;-1,258693018;13;MBNL2;97356695;0,208141234;hg38
1513;cg05991704;776;;0;0;BivProm3;-0,128877392;0,208357614;0,595721078;97;0,100893749;Axolotl;Ambystoma mexicanum;-1,258094413;19;ZNF536;30361076;0,208357614;hg38
1514;cg18962526;777;;0;0;EnhA17;-0,1288007;0,208630748;0,596108014;97;0,100895776;Axolotl;Ambystoma mexicanum;-1,25733944;2;ARHGAP15;143356125;0,208630748;hg38
1515;cg17803853;778;;0;0;ReprPC3;-0,128721926;0,208911562;0,596195376;97;0,100897857;Axolotl;Ambystoma mexicanum;-1,256563989;20;TSHZ2;53194488;0,208911562;hg38
1516;cg20318739;;738;0;0;TxEnh7;0,128714803;0,208936966;0,596195376;97;0,100898046;Axolotl;Ambystoma mexicanum;1,256493872;18;TSHZ1;75218580;0,208936966;hg38
1517;cg12455961;779;;0;0;Quies3;-0,12856529;0,209470736;0,596949589;97;0,100901992;Axolotl;Ambystoma mexicanum;-1,255022103;1;PKN2-AS1;88290553;0,209470736;hg38
1518;cg09049858;780;;0;1;BivProm1;-0,128563461;0,209477272;0,596949589;97;0,10090204;Axolotl;Ambystoma mexicanum;-1,255004099;18;CELF4;37565454;0,209477272;hg38
1519;cg19880080;781;;0;0;TxEnh4;-0,128479027;0,209779143;0,597416279;97;0,100904267;Axolotl;Ambystoma mexicanum;-1,254172968;2;MAP4K4;101871512;0,209779143;hg38
1520;cg23194298;;739;0;1;BivProm2;0,128418668;0,20999513;0,597637933;97;0,100905858;Axolotl;Ambystoma mexicanum;1,25357883;2;HOXD10;176119193;0,20999513;hg38
1521;cg00587168;;740;0;1;ReprPC1;0,128343946;0,210262733;0,598006096;97;0,100907826;Axolotl;Ambystoma mexicanum;1,252843319;2;DLX1;172093840;0,210262733;hg38
1522;cg19261941;;741;0;0;TxWk1;0,128296692;0,210432088;0,598094531;97;0,100909071;Axolotl;Ambystoma mexicanum;1,252378196;9;PTPRD;8341141;0,210432088;hg38
1523;cg23266553;782;;0;0;Quies2;-0,128255472;0,210579898;0,598121657;97;0,100910156;Axolotl;Ambystoma mexicanum;-1,251972463;16;RBFOX1;7595595;0,210579898;hg38
1524;cg27659622;783;;0;0;EnhA8;-0,128175912;0,2108654;0,598539582;97;0,100912249;Axolotl;Ambystoma mexicanum;-1,251189359;6;SCML4;107824335;0,2108654;hg38
1525;cg15439774;;742;0;0;ReprPC9;0,128056359;0,211294935;0,598607033;97;0,100915392;Axolotl;Ambystoma mexicanum;1,250012626;8;CDCA2;25671234;0,211294935;hg38
1526;cg01548368;;743;0;0;EnhA17;0,128049396;0,211319972;0,598607033;97;0,100915575;Axolotl;Ambystoma mexicanum;1,249944089;17;ACACA;37117536;0,211319972;hg38
1527;cg23178698;;744;0;0;TxEnh6;0,128043822;0,211340014;0,598607033;97;0,100915721;Axolotl;Ambystoma mexicanum;1,249889232;1;SDCCAG8;243415936;0,211340014;hg38
1528;cg08796800;;745;0;0;ReprPC2;0,127992793;0,21152357;0,598607033;97;0,100917062;Axolotl;Ambystoma mexicanum;1,249386975;23;PCDH19;100412572;0,21152357;hg38
1529;cg20960038;;746;0;0;Tx4;0,127976819;0,211581056;0,598607033;97;0,100917481;Axolotl;Ambystoma mexicanum;1,249229743;3;NCK1;136948349;0,211581056;hg38
1530;cg26753700;;747;0;0;EnhA19;0,127775428;0,212306726;0,59960608;97;0,100922765;Axolotl;Ambystoma mexicanum;1,247247596;9;BNC2;16711069;0,212306726;hg38
1531;cg11563254;;748;0;0;ReprPC4;0,127708237;0,212549226;0,59960608;97;0,100924527;Axolotl;Ambystoma mexicanum;1,246586304;14;UNC79;93706825;0,212549226;hg38
1532;cg08776208;;749;0;0;BivProm3;0,127657279;0,212733273;0,59960608;97;0,100925862;Axolotl;Ambystoma mexicanum;1,246084777;2;CAMKMT;44777205;0,212733273;hg38
1533;cg11647274;784;;0;0;HET2;-0,127618769;0,212872435;0,59960608;97;0,10092687;Axolotl;Ambystoma mexicanum;-1,245705769;16;RBFOX1;7422459;0,212872435;hg38
1534;cg17161441;785;;0;0;EnhA17;-0,12760588;0,212919027;0,59960608;97;0,100927208;Axolotl;Ambystoma mexicanum;-1,245578915;16;FTO;54067692;0,212919027;hg38
1535;cg13388302;786;;0;1;BivProm2;-0,127595184;0,212957698;0,59960608;97;0,100927488;Axolotl;Ambystoma mexicanum;-1,245473643;10;FGF8;101774827;0,212957698;hg38
1536;cg12628365;;750;0;0;EnhA8;0,127586607;0,21298871;0,59960608;97;0,100927713;Axolotl;Ambystoma mexicanum;1,245389231;14;LINC01550;98137954;0,21298871;hg38
1537;cg14600868;787;;0;0;ReprPC2;-0,127512485;0,213256847;0,59960608;97;0,100929653;Axolotl;Ambystoma mexicanum;-1,244659749;22;LOC110091768;26952583;0,213256847;hg38
1538;cg10190905;;751;0;0;EnhA2;0,127502827;0,213291803;0,59960608;97;0,100929905;Axolotl;Ambystoma mexicanum;1,244564699;13;DACH1;71524855;0,213291803;hg38
1539;cg19891210;;752;0;0;EnhA19;0,127494962;0,213320272;0,59960608;97;0,100930111;Axolotl;Ambystoma mexicanum;1,244487297;10;CREM;35211273;0,213320272;hg38
1540;cg22411965;788;;0;0;TxEx2;-0,127318239;0,213960674;0,600136678;97;0,100934731;Axolotl;Ambystoma mexicanum;-1,242748096;5;KDM3B;138430330;0,213960674;hg38
1541;cg00401433;;753;0;0;EnhA2;0,127299125;0,21403002;0,600136678;97;0,10093523;Axolotl;Ambystoma mexicanum;1,242559993;8;ZFPM2-AS1;105662011;0,21403002;hg38
1542;cg24357055;789;;0;0;ReprPC3;-0,127294879;0,214045426;0,600136678;97;0,100935341;Axolotl;Ambystoma mexicanum;-1,242518209;8;EBF2;25932668;0,214045426;hg38
1543;cg09024503;;754;0;0;TxEnh5;0,127262306;0,214163645;0,600136678;97;0,100936192;Axolotl;Ambystoma mexicanum;1,242197653;4;LRBA;150599084;0,214163645;hg38
1544;cg23133047;790;;0;0;PromF6;-0,127210286;0,214352542;0,600136678;97;0,10093755;Axolotl;Ambystoma mexicanum;-1,241685717;14;HECTD1;31205796;0,214352542;hg38
1545;cg16676647;791;;0;0;ReprPC7;-0,127154515;0,214555189;0,600136678;97;0,100939006;Axolotl;Ambystoma mexicanum;-1,241136875;7;CAMK2B;44242258;0,214555189;hg38
1546;cg19057807;;755;0;0;TxEx3;0,127151306;0,214566854;0,600136678;97;0,100939089;Axolotl;Ambystoma mexicanum;1,241105295;2;LOC100132215;62996770;0,214566854;hg38
1547;cg07116727;;756;0;1;ReprPC1;0,127136989;0,2146189;0,600136678;97;0,100939463;Axolotl;Ambystoma mexicanum;1,240964402;7;UNCX;1228716;0,2146189;hg38
1548;cg14121771;;757;0;0;EnhWk3;0,126952747;0,21528946;0,601622862;97;0,100944266;Axolotl;Ambystoma mexicanum;1,239151332;4;NPNT;105937094;0,21528946;hg38
1549;cg00719175;;758;0;0;EnhWk4;0,126748347;0,216035124;0,602654574;97;0,100949586;Axolotl;Ambystoma mexicanum;1,237139967;16;LOC102724084;80317123;0,216035124;hg38
1550;cg20145008;;759;0;0;ReprPC1;0,126715161;0,216156361;0,602654574;97;0,100950449;Axolotl;Ambystoma mexicanum;1,236813413;1;BARHL2;90731872;0,216156361;hg38
1551;cg03772350;792;;0;1;BivProm2;-0,126653848;0,216380477;0,602654574;97;0,100952043;Axolotl;Ambystoma mexicanum;-1,2362101;14;FOXA1;37592253;0,216380477;hg38
1552;cg06245192;;760;0;0;BivProm3;0,126632203;0,216459638;0,602654574;97;0,100952606;Axolotl;Ambystoma mexicanum;1,235997109;13;LOC101927284;94662212;0,216459638;hg38
1553;cg02904401;;761;0;0;EnhA6;0,126618227;0,21651076;0,602654574;97;0,100952969;Axolotl;Ambystoma mexicanum;1,235859589;3;SOX2-OT;181692975;0,21651076;hg38
1554;cg11200278;793;;0;0;EnhA18;-0,126559235;0,216726642;0,602654574;97;0,100954501;Axolotl;Ambystoma mexicanum;-1,23527912;6;TFAP2D;50591439;0,216726642;hg38
1555;cg07291847;794;;0;0;TxEx3;-0,126428311;0,217206308;0,602654574;97;0,100957899;Axolotl;Ambystoma mexicanum;-1,233990867;2;FMNL2;152643457;0,217206308;hg38
1556;cg09216777;;762;0;0;TxWk1;0,126417862;0,217244619;0,602654574;97;0,10095817;Axolotl;Ambystoma mexicanum;1,23388806;7;FOXP2;114655440;0,217244619;hg38
1557;cg03315583;;763;0;0;TxEnh1;0,126414;0,217258784;0,602654574;97;0,100958271;Axolotl;Ambystoma mexicanum;1,233850053;9;PBX3;125884021;0,217258784;hg38
1558;cg24183611;795;;0;0;EnhA2;-0,126378303;0,217389717;0,602654574;97;0,100959196;Axolotl;Ambystoma mexicanum;-1,23349882;17;LOC101927855;61381018;0,217389717;hg38
1559;cg07392299;796;;0;0;EnhA19;-0,126352345;0,217484964;0,602654574;97;0,100959869;Axolotl;Ambystoma mexicanum;-1,233243409;5;LOC101927421;124980772;0,217484964;hg38
1560;cg20888163;;764;0;0;TxEnh8;0,126339779;0,217531086;0,602654574;97;0,100960195;Axolotl;Ambystoma mexicanum;1,233119759;2;MRPS9;105081332;0,217531086;hg38
1561;cg13802770;;765;0;0;TxEx3;0,126304932;0,217659016;0,602654574;97;0,100961099;Axolotl;Ambystoma mexicanum;1,232776889;8;EXT1;117799805;0,217659016;hg38
1562;cg06786029;797;;0;0;TxEx2;-0,12628354;0,217737576;0,602654574;97;0,100961653;Axolotl;Ambystoma mexicanum;-1,232566407;11;ZBTB44;130236916;0,217737576;hg38
1563;cg12999303;798;;0;0;TxEx2;-0,126280601;0,217748371;0,602654574;97;0,100961729;Axolotl;Ambystoma mexicanum;-1,23253749;9;FAM120A;93532236;0,217748371;hg38
1564;cg08924167;;766;0;1;ReprPC2;0,12620688;0,218019268;0,602689715;97;0,100963639;Axolotl;Ambystoma mexicanum;1,231812139;19;LOC100505585;41933390;0,218019268;hg38
1565;cg16420308;799;;0;0;HET7;-0,126201319;0,218039713;0,602689715;97;0,100963783;Axolotl;Ambystoma mexicanum;-1,23175742;14;NRXN3;79861542;0,218039713;hg38
1566;cg23164054;800;;0;0;TxEnh1;-0,12611503;0,218357115;0,603181634;97;0,100966017;Axolotl;Ambystoma mexicanum;-1,230908429;15;SPRED1;38299392;0,218357115;hg38
1567;cg03504911;801;;0;0;ReprPC6;-0,126045345;0,218613681;0,603504984;97;0,100967819;Axolotl;Ambystoma mexicanum;-1,230222807;8;XKR6;10924744;0,218613681;hg38
1568;cg17939749;802;;0;0;EnhA19;-0,125957441;0,218937631;0,60401382;97;0,100970092;Axolotl;Ambystoma mexicanum;-1,229357945;13;DACH1;71759768;0,218937631;hg38
1569;cg10903496;;767;0;1;ReprPC1;0,125908539;0,219117996;0,604097729;97;0,100971356;Axolotl;Ambystoma mexicanum;1,228876814;7;UNCX;1239479;0,219117996;hg38
1570;cg08880309;;768;0;0;TxWk2;0,125818817;0,219449186;0,604097729;97;0,100973673;Axolotl;Ambystoma mexicanum;1,22799409;18;ZNF407;74876991;0,219449186;hg38
1571;cg25622623;803;;0;1;BivProm1;-0,125794159;0,21954027;0,604097729;97;0,10097431;Axolotl;Ambystoma mexicanum;-1,227751492;17;LOC101927855;61399779;0,21954027;hg38
1572;cg12461019;;769;0;0;Tx2;0,125793958;0,219541014;0,604097729;97;0,100974315;Axolotl;Ambystoma mexicanum;1,227749512;18;ZNF521;25242044;0,219541014;hg38
1573;cg19214235;804;;0;0;TxWk2;-0,125723454;0,219801589;0,604097729;97;0,100976134;Axolotl;Ambystoma mexicanum;-1,227055879;23;IQSEC2;53248781;0,219801589;hg38
1574;cg24460327;805;;0;0;EnhWk4;-0,125689637;0,219926653;0,604097729;97;0,100977006;Axolotl;Ambystoma mexicanum;-1,226723177;1;GPATCH2;217403211;0,219926653;hg38
1575;cg00608008;;770;0;1;BivProm1;0,12568452;0,219945581;0,604097729;97;0,100977138;Axolotl;Ambystoma mexicanum;1,226672836;7;HOXA11;27185223;0,219945581;hg38
1576;cg05927178;;771;0;0;EnhA15;0,125450208;0,22081355;0,605912916;97;0,100983176;Axolotl;Ambystoma mexicanum;1,224367697;1;PROX1-AS1;213793721;0,22081355;hg38
1577;cg19960246;;772;0;0;Tx6;0,125430515;0,220886607;0,605912916;97;0,100983683;Axolotl;Ambystoma mexicanum;1,224173969;3;SATB1;18376815;0,220886607;hg38
1578;cg19818130;;773;0;0;EnhWk8;0,125322395;0,221288027;0,606209636;97;0,100986464;Axolotl;Ambystoma mexicanum;1,223110332;2;LINC01122;58812925;0,221288027;hg38
1579;cg14625788;806;;0;1;BivProm1;-0,1252827;0,221435533;0,606209636;97;0,100987485;Axolotl;Ambystoma mexicanum;-1,222719835;13;OBI1-AS1;78609191;0,221435533;hg38
1580;cg25097115;807;;0;0;Quies3;-0,125265927;0,221497881;0,606209636;97;0,100987916;Axolotl;Ambystoma mexicanum;-1,222554835;2;LINC01122;59078262;0,221497881;hg38
1581;cg27146044;;774;0;0;TxEx1;0,125250477;0,221555321;0,606209636;97;0,100988313;Axolotl;Ambystoma mexicanum;1,222402852;5;ZNF131;43161679;0,221555321;hg38
1582;cg01166712;;775;0;0;PromF7;0,125176297;0,221831263;0,60637575;97;0,100990219;Axolotl;Ambystoma mexicanum;1,221673126;6;MARCKS;113861729;0,221831263;hg38
1583;cg25149191;808;;0;0;TxEx3;-0,125158801;0,221896381;0,60637575;97;0,100990668;Axolotl;Ambystoma mexicanum;-1,221501015;15;PRC1-AS1;90969447;0,221896381;hg38
1584;cg03967706;809;;0;0;Quies3;-0,125009091;0,222454139;0,607469111;97;0,100994511;Axolotl;Ambystoma mexicanum;-1,22002832;6;ZDHHC14;157628351;0,222454139;hg38
1585;cg02634400;810;;0;0;Tx7;-0,124947128;0,222685278;0,607469111;97;0,1009961;Axolotl;Ambystoma mexicanum;-1,2194188;8;FAM91A1;123778726;0,222685278;hg38
1586;cg02482206;811;;0;0;TxWk2;-0,124896062;0,222875894;0,607469111;97;0,100997409;Axolotl;Ambystoma mexicanum;-1,218916481;23;PLP1;103786682;0,222875894;hg38
1587;cg17710254;812;;0;0;Quies3;-0,124890258;0,222897565;0,607469111;97;0,100997558;Axolotl;Ambystoma mexicanum;-1,218859392;2;LINC01876;155731119;0,222897565;hg38
1588;cg22807090;813;;0;0;TxEnh4;-0,1248632;0,222998621;0,607469111;97;0,100998251;Axolotl;Ambystoma mexicanum;-1,218593226;1;PHC2;33331411;0,222998621;hg38
1589;cg18166255;814;;0;0;EnhA19;-0,124777353;0,223319449;0,607893755;97;0,10100045;Axolotl;Ambystoma mexicanum;-1,217748793;9;TLE4;79651598;0,223319449;hg38
1590;cg03137308;;776;0;0;Tx8;0,12468678;0,223658289;0,607893755;97;0,101002768;Axolotl;Ambystoma mexicanum;1,216857891;8;ZFHX4;76779004;0,223658289;hg38
1591;cg21949818;815;;0;0;EnhWk4;-0,12464159;0,223827484;0,607893755;97;0,101003924;Axolotl;Ambystoma mexicanum;-1,216413396;18;NOL4;33957480;0,223827484;hg38
1592;cg17323990;816;;0;0;TxWk2;-0,124608471;0,223951543;0,607893755;97;0,101004771;Axolotl;Ambystoma mexicanum;-1,216087629;5;ADAMTS2;179154097;0,223951543;hg38
1593;cg26368124;;777;0;0;EnhWk4;0,124580832;0,224055111;0,607893755;97;0,101005477;Axolotl;Ambystoma mexicanum;1,215815767;7;FOXP2;114431321;0,224055111;hg38
1594;cg07290414;;778;0;0;TxEnh6;0,124557984;0,22414075;0,607893755;97;0,101006061;Axolotl;Ambystoma mexicanum;1,215591039;6;RUNX2;45431988;0,22414075;hg38
1595;cg00057767;817;;0;0;EnhWk8;-0,124551612;0,22416464;0,607893755;97;0,101006224;Axolotl;Ambystoma mexicanum;-1,215528357;18;ZNF521;25176415;0,22416464;hg38
1596;cg05260361;;779;0;0;Quies1;0,124475087;0,224451664;0,607893755;97;0,10100818;Axolotl;Ambystoma mexicanum;1,214775666;3;IL20RB;137349595;0,224451664;hg38
1597;cg11416350;818;;0;0;Tx5;-0,124449062;0,224549335;0,607893755;97;0,101008844;Axolotl;Ambystoma mexicanum;-1,214519691;2;HPCAL1;10420096;0,224549335;hg38
1598;cg27111554;819;;0;0;EnhWk4;-0,124419956;0,224658606;0,607893755;97;0,101009587;Axolotl;Ambystoma mexicanum;-1,214233408;2;ARHGAP15;143312698;0,224658606;hg38
1599;cg27556260;820;;0;0;TxEx1;-0,124372447;0,224837043;0,607893755;97;0,1010108;Axolotl;Ambystoma mexicanum;-1,213766131;14;PPP4R3A;91475944;0,224837043;hg38
1600;cg04958799;821;;1;0;TxEx3;-0,124362237;0,224875405;0,607893755;97;0,101011061;Axolotl;Ambystoma mexicanum;-1,213665707;11;LRP4;46886506;0,224875405;hg38
1601;cg17936504;822;;0;0;Tx2;-0,124334049;0,224981338;0,607893755;97;0,10101178;Axolotl;Ambystoma mexicanum;-1,213388457;18;ZNF407;74736076;0,224981338;hg38
1602;cg14736210;823;;0;0;BivProm3;-0,124196798;0,225497632;0,608908439;97;0,10101528;Axolotl;Ambystoma mexicanum;-1,21203853;20;KCNB1;49482105;0,225497632;hg38
1603;cg23525713;;780;0;0;EnhA17;0,124151144;0,225669553;0,608992531;97;0,101016443;Axolotl;Ambystoma mexicanum;1,211589507;18;ZNF521;25113360;0,225669553;hg38
1604;cg22531336;;781;0;0;EnhWk4;0,124104928;0,225843681;0,609082469;97;0,10101762;Axolotl;Ambystoma mexicanum;1,211134969;2;FIGN;163493782;0,225843681;hg38
1605;cg14365239;824;;0;0;EnhA18;-0,124065708;0,225991529;0,609101463;97;0,101018619;Axolotl;Ambystoma mexicanum;-1,210749229;13;RBM26;79288088;0,225991529;hg38
1606;cg11085831;;782;0;0;TxEx2;0,12396909;0,226356033;0,609612767;97;0,101021077;Axolotl;Ambystoma mexicanum;1,209798993;4;ZNF827;145761375;0,226356033;hg38
1607;cg04040316;825;;0;0;EnhA2;-0,123937545;0,226475127;0,609612767;97;0,10102188;Axolotl;Ambystoma mexicanum;-1,209488759;17;BCAS3;60941254;0,226475127;hg38
1608;cg15932297;;783;0;0;BivProm1;0,123903423;0,226604004;0,609612767;97;0,101022747;Axolotl;Ambystoma mexicanum;1,209153174;1;PKN2-AS1;88462564;0,226604004;hg38
1609;cg05879189;826;;0;1;ReprPC1;-0,123795371;0,227012447;0,610038802;97;0,101025493;Axolotl;Ambystoma mexicanum;-1,208090518;4;NKX1-1;1405506;0,227012447;hg38
1610;cg08700971;;784;0;0;TxEx2;0,123761342;0,227141188;0,610038802;97;0,101026358;Axolotl;Ambystoma mexicanum;1,207755851;1;LMO4;87340074;0,227141188;hg38
1611;cg23486454;827;;0;0;BivProm4;-0,12374965;0,227185432;0,610038802;97;0,101026654;Axolotl;Ambystoma mexicanum;-1,207640868;8;ZFPM2;105321699;0,227185432;hg38
1612;cg23091488;;785;0;0;Tx5;0,123674541;0,227469805;0,610117945;97;0,101028561;Axolotl;Ambystoma mexicanum;1,206902214;2;FMNL2;152645476;0,227469805;hg38
1613;cg05111000;828;;0;0;EnhA17;-0,123667365;0,227496985;0,610117945;97;0,101028743;Axolotl;Ambystoma mexicanum;-1,206831647;11;HTATIP2;20276512;0,227496985;hg38
1614;cg02298641;;786;0;0;TxEx2;0,123584511;0,227810999;0,610466015;97;0,101030845;Axolotl;Ambystoma mexicanum;1,206016835;12;CHD4;6583359;0,227810999;hg38
1615;cg25636273;829;;0;0;EnhA20;-0,1234771;0,228218535;0,610466015;97;0,101033568;Axolotl;Ambystoma mexicanum;-1,204960542;12;SCN8A;51688801;0,228218535;hg38
1616;cg15962733;;787;0;0;TxEnh8;0,123467924;0,228253373;0,610466015;97;0,1010338;Axolotl;Ambystoma mexicanum;1,204870307;9;TLE1;81613504;0,228253373;hg38
1617;cg07459029;;788;0;0;Quies3;0,123401153;0,228506997;0,610466015;97;0,101035491;Axolotl;Ambystoma mexicanum;1,204213687;13;CDK8;26393406;0,228506997;hg38
1618;cg14464509;830;;0;1;ReprPC1;-0,123381928;0,228580058;0,610466015;97;0,101035978;Axolotl;Ambystoma mexicanum;-1,204024632;7;UNCX;1225742;0,228580058;hg38
1619;cg22356523;;789;0;0;EnhA2;0,123354914;0,228682746;0,610466015;97;0,101036662;Axolotl;Ambystoma mexicanum;1,203758988;15;LINC00924;95471741;0,228682746;hg38
1620;cg09606114;831;;0;0;EnhA1;-0,123260271;0,229042774;0,610466015;97;0,101039057;Axolotl;Ambystoma mexicanum;-1,202828293;17;SMG6;2085784;0,229042774;hg38
1621;cg05817746;832;;0;0;TxEnh5;-0,123245616;0,229098558;0,610466015;97;0,101039427;Axolotl;Ambystoma mexicanum;-1,202684181;1;ERI3;44296999;0,229098558;hg38
1622;cg20677320;833;;0;0;DNase1;-0,12321233;0,229225294;0,610466015;97;0,101040269;Axolotl;Ambystoma mexicanum;-1,202356866;19;ZNF536;30650118;0,229225294;hg38
1623;cg08153906;;790;0;0;EnhA5;0,123143966;0,229485747;0,610466015;97;0,101041997;Axolotl;Ambystoma mexicanum;1,201684608;7;HDAC9;18835137;0,229485747;hg38
1624;cg16218569;834;;0;0;TxEx3;-0,123122738;0,229566663;0,610466015;97;0,101042533;Axolotl;Ambystoma mexicanum;-1,201475864;16;ZFHX3;72959467;0,229566663;hg38
1625;cg08267336;;791;0;0;EnhA10;0,123114151;0,2295994;0,610466015;97;0,10104275;Axolotl;Ambystoma mexicanum;1,201391427;1;POU2F1;167328912;0,2295994;hg38
1626;cg26472530;835;;0;1;PromF5;-0,123056936;0,229817609;0,610466015;97;0,101044195;Axolotl;Ambystoma mexicanum;-1,200828823;5;NR2F1-AS1;93585332;0,229817609;hg38
1627;cg00891226;;792;0;0;TxEnh4;0,123046425;0,229857716;0,610466015;97;0,101044461;Axolotl;Ambystoma mexicanum;1,200725457;15;MAN2A2;90907364;0,229857716;hg38
1628;cg14403641;836;;0;0;EnhWk4;-0,123040659;0,229879717;0,610466015;97;0,101044606;Axolotl;Ambystoma mexicanum;-1,200668759;14;NOVA1;26445005;0,229879717;hg38
1629;cg15680017;837;;0;0;EnhA2;-0,123039354;0,229884694;0,610466015;97;0,101044639;Axolotl;Ambystoma mexicanum;-1,200655935;8;TRPS1;115419734;0,229884694;hg38
1630;cg05202136;838;;0;0;EnhA17;-0,122948579;0,23023127;0,61049441;97;0,10104693;Axolotl;Ambystoma mexicanum;-1,19976333;4;MSANTD1;3249118;0,23023127;hg38
1631;cg25011187;839;;0;0;Quies3;-0,122865281;0,230549618;0,61049441;97;0,101049031;Axolotl;Ambystoma mexicanum;-1,198944265;7;FOXP2;114692903;0,230549618;hg38
1632;cg12482375;;793;0;0;TxEx2;0,122762632;0,230942346;0,61049441;97;0,101051618;Axolotl;Ambystoma mexicanum;1,19793494;17;CLTC;59682638;0,230942346;hg38
1633;cg25709820;840;;0;0;Quies3;-0,122747006;0,231002168;0,61049441;97;0,101052011;Axolotl;Ambystoma mexicanum;-1,197781304;2;TEX41;145300493;0,231002168;hg38
1634;cg14807945;;794;0;0;BivProm4;0,12269486;0,231201891;0,61049441;97;0,101053324;Axolotl;Ambystoma mexicanum;1,197268569;2;ZEB2;144431535;0,231201891;hg38
1635;cg23696633;;795;0;0;Quies2;0,122685494;0,231237778;0,61049441;97;0,10105356;Axolotl;Ambystoma mexicanum;1,197176473;2;LINC01831;103816573;0,231237778;hg38
1636;cg14812813;;796;0;0;Acet3;0,122661363;0,231330248;0,61049441;97;0,101054168;Axolotl;Ambystoma mexicanum;1,196939214;3;STXBP5L;121282322;0,231330248;hg38
1637;cg03237342;;797;0;0;TxEnh2;0,12265653;0,231348775;0,61049441;97;0,101054289;Axolotl;Ambystoma mexicanum;1,196891686;15;TCF12;57133559;0,231348775;hg38
1638;cg17109710;;798;0;0;EnhA17;0,12261473;0,231509028;0,61049441;97;0,101055341;Axolotl;Ambystoma mexicanum;1,196480694;5;RANBP17;171201482;0,231509028;hg38
1639;cg08768607;841;;0;0;Tx6;-0,122588529;0,231609519;0,61049441;97;0,101056;Axolotl;Ambystoma mexicanum;-1,196223073;15;TRPM7;50609581;0,231609519;hg38
1640;cg19270384;;799;0;0;EnhA5;0,122583516;0,231628748;0,61049441;97;0,101056126;Axolotl;Ambystoma mexicanum;1,196173787;23;FGF13;138857569;0,231628748;hg38
1641;cg01725297;;800;0;0;TxEx2;0,122504544;0,231931837;0,61049441;97;0,101058112;Axolotl;Ambystoma mexicanum;1,195397307;1;CLCN6;11828587;0,231931837;hg38
1642;cg14929816;842;;0;0;EnhA2;-0,122477499;0,232035697;0,61049441;97;0,101058792;Axolotl;Ambystoma mexicanum;-1,195131397;8;ZFHX4-AS1;76581769;0,232035697;hg38
1643;cg01655447;843;;0;0;TxEx1;-0,12234639;0,232539649;0,61049441;97;0,101062085;Axolotl;Ambystoma mexicanum;-1,193842332;4;DHX15;24527967;0,232539649;hg38
1644;cg22938044;;801;0;0;EnhWk4;0,122323989;0,23262583;0,61049441;97;0,101062648;Axolotl;Ambystoma mexicanum;1,193622086;2;FIGN;163493855;0,23262583;hg38
1645;cg06562912;844;;0;0;ReprPC4;-0,122274778;0,232815232;0,61049441;97;0,101063883;Axolotl;Ambystoma mexicanum;-1,193138255;17;ARHGAP44;12941123;0,232815232;hg38
1646;cg10024790;;802;0;0;EnhA15;0,122246752;0,232923146;0,61049441;97;0,101064586;Axolotl;Ambystoma mexicanum;1,192862709;6;DEFB112;50093685;0,232923146;hg38
1647;cg16670915;;803;0;0;ReprPC2;0,122128439;0,233379093;0,61049441;97;0,101067552;Axolotl;Ambystoma mexicanum;1,191699504;17;GUCY2D;8014694;0,233379093;hg38
1648;cg10562683;845;;0;0;TxWk1;-0,12212632;0,233387264;0,61049441;97;0,101067605;Axolotl;Ambystoma mexicanum;-1,191678671;7;CDK14;91114593;0,233387264;hg38
1649;cg17876210;846;;0;0;TxEnh4;-0,122095966;0,233504344;0,61049441;97;0,101068366;Axolotl;Ambystoma mexicanum;-1,191380247;16;ZFHX3;72811577;0,233504344;hg38
1650;cg23633223;;804;0;0;TxEnh4;0,122067857;0,233612804;0,61049441;97;0,10106907;Axolotl;Ambystoma mexicanum;1,191103888;22;EWSR1;29291547;0,233612804;hg38
1651;cg05661289;;805;0;0;Tx7;0,122055813;0,233659282;0,61049441;97;0,101069371;Axolotl;Ambystoma mexicanum;1,190985487;4;UBE2K;39777718;0,233659282;hg38
1652;cg05371975;847;;0;0;TxEx1;-0,122054339;0,233664971;0,61049441;97;0,101069408;Axolotl;Ambystoma mexicanum;-1,190970996;5;SREK1;66158827;0,233664971;hg38
1653;cg06191395;;806;0;0;BivProm3;0,122008577;0,233841645;0,61049441;97;0,101070554;Axolotl;Ambystoma mexicanum;1,190521092;6;LINC01276;41445442;0,233841645;hg38
1654;cg11730244;;807;0;0;Tx6;0,121972923;0,23397936;0,61049441;97;0,101071447;Axolotl;Ambystoma mexicanum;1,190170564;18;ROCK1;21045442;0,23397936;hg38
1655;cg09549073;848;;0;1;BivProm4;-0,121971612;0,233984422;0,61049441;97;0,10107148;Axolotl;Ambystoma mexicanum;-1,190157682;7;HOXA-AS3;27143655;0,233984422;hg38
1656;cg19247998;849;;0;0;EnhA15;-0,121958841;0,234033765;0,61049441;97;0,101071799;Axolotl;Ambystoma mexicanum;-1,190032128;10;SLIT1;97001338;0,234033765;hg38
1657;cg26100255;;808;0;0;HET7;0,121815084;0,234589693;0,61049441;97;0,101075395;Axolotl;Ambystoma mexicanum;1,188618835;7;NPSR1;34811835;0,234589693;hg38
1658;cg26285771;;809;0;0;Tx4;0,121791859;0,234679589;0,61049441;97;0,101075975;Axolotl;Ambystoma mexicanum;1,188390521;14;NAA30;57396784;0,234679589;hg38
1659;cg26151240;;810;0;0;EnhWk4;0,121787671;0,234695803;0,61049441;97;0,10107608;Axolotl;Ambystoma mexicanum;1,188349348;8;LINC00251;65189801;0,234695803;hg38
1660;cg03883593;;811;0;0;Tx1;0,1217602;0,234802176;0,61049441;97;0,101076766;Axolotl;Ambystoma mexicanum;1,188079281;9;PTBP3;112275941;0,234802176;hg38
1661;cg14505098;850;;0;0;EnhA17;-0,121755957;0,23481861;0,61049441;97;0,101076872;Axolotl;Ambystoma mexicanum;-1,188037565;5;RANBP17;171201555;0,23481861;hg38
1662;cg05496616;;812;0;1;ReprPC1;0,121753073;0,234829779;0,61049441;97;0,101076944;Axolotl;Ambystoma mexicanum;1,188009217;2;HOXD3;176152787;0,234829779;hg38
1663;cg25563382;851;;0;0;TSS1;-0,121736869;0,234892544;0,61049441;97;0,101077349;Axolotl;Ambystoma mexicanum;-1,187849918;11;WNT11;76235847;0,234892544;hg38
1664;cg19317509;852;;0;1;BivProm2;-0,12172733;0,234929498;0,61049441;97;0,101077587;Axolotl;Ambystoma mexicanum;-1,187756143;2;DLX1;172084009;0,234929498;hg38
1665;cg02744008;853;;0;0;EnhA6;-0,121695481;0,235052909;0,61049441;97;0,101078383;Axolotl;Ambystoma mexicanum;-1,187443047;1;ESRRG;216532513;0,235052909;hg38
1666;cg04305771;854;;0;0;TxEnh1;-0,121659354;0,235192956;0,61049441;97;0,101079285;Axolotl;Ambystoma mexicanum;-1,187087887;2;ZEB2;144494842;0,235192956;hg38
1667;cg13694139;;813;0;0;EnhA20;0,121642528;0,235258201;0,61049441;97;0,101079705;Axolotl;Ambystoma mexicanum;1,186922476;11;CLPB;72369960;0,235258201;hg38
1668;cg20867091;855;;0;0;PromF2;-0,1214142;0,236144815;0,611960362;97;0,101085399;Axolotl;Ambystoma mexicanum;-1,184677923;17;MRM1;36721897;0,236144815;hg38
1669;cg23495507;856;;0;0;TxEnh7;-0,121304755;0,236570622;0,611960362;97;0,101088124;Axolotl;Ambystoma mexicanum;-1,183602066;9;PBX3;125843738;0,236570622;hg38
1670;cg23174567;;814;0;0;TxEnh4;0,121293896;0,236612899;0,611960362;97;0,101088394;Axolotl;Ambystoma mexicanum;1,183495323;2;PSMD14;161371270;0,236612899;hg38
1671;cg25074583;;815;0;0;TxWk2;0,121229504;0,236863703;0,611960362;97;0,101089997;Axolotl;Ambystoma mexicanum;1,182862355;10;EBF3;129846757;0,236863703;hg38
1672;cg08159677;857;;0;0;ReprPC9;-0,121125337;0,23726982;0,611960362;97;0,101092587;Axolotl;Ambystoma mexicanum;-1,181838419;13;DACH1;71682449;0,23726982;hg38
1673;cg08071891;858;;0;0;TxEnh8;-0,121039322;0,237605533;0,611960362;97;0,101094724;Axolotl;Ambystoma mexicanum;-1,180992927;9;MAPKAP1;125461436;0,237605533;hg38
1674;cg04396213;;816;0;0;TxEx2;0,121035096;0,237622038;0,611960362;97;0,101094829;Axolotl;Ambystoma mexicanum;1,180951382;21;PAXBP1;32759120;0,237622038;hg38
1675;cg19367422;;817;0;0;EnhA13;0,12100712;0,237731304;0,611960362;97;0,101095524;Axolotl;Ambystoma mexicanum;1,180676391;14;SLC8A3;70060899;0,237731304;hg38
1676;cg21514135;;818;0;0;ReprPC4;0,121000702;0,237756375;0,611960362;97;0,101095683;Axolotl;Ambystoma mexicanum;1,180613306;10;GPR26;123457858;0,237756375;hg38
1677;cg16609170;;819;0;0;TxEx1;0,120979486;0,237839267;0,611960362;97;0,10109621;Axolotl;Ambystoma mexicanum;1,180404767;1;CAPZA1;112649423;0,237839267;hg38
1678;cg06019378;859;;0;0;EnhA17;-0,120977253;0,237847992;0,611960362;97;0,101096265;Axolotl;Ambystoma mexicanum;-1,18038282;6;TFAP2D;50520552;0,237847992;hg38
1679;cg20578837;;820;0;0;TxEnh4;0,12087787;0,238236568;0,611960362;97;0,101098731;Axolotl;Ambystoma mexicanum;1,179405946;5;CXXC5;139681373;0,238236568;hg38
1680;cg04584281;;821;0;0;EnhWk8;0,120877152;0,238239378;0,611960362;97;0,101098749;Axolotl;Ambystoma mexicanum;1,179398888;1;ELAVL4;50197459;0,238239378;hg38
1681;cg26917738;;822;0;0;EnhWk4;0,120854896;0,238326455;0,611960362;97;0,101099301;Axolotl;Ambystoma mexicanum;1,179180134;1;ESRRG;216518159;0,238326455;hg38
1682;cg11266260;;823;0;1;BivProm1;0,120825744;0,238440549;0,611960362;97;0,101100024;Axolotl;Ambystoma mexicanum;1,178893594;10;HHEX;92690881;0,238440549;hg38
1683;cg18460092;860;;0;0;EnhA17;-0,120801088;0,238537075;0,611960362;97;0,101100635;Axolotl;Ambystoma mexicanum;-1,178651249;10;TCF7L2;113125850;0,238537075;hg38
1684;cg20359134;861;;0;0;Acet5;-0,120788666;0,238585719;0,611960362;97;0,101100943;Axolotl;Ambystoma mexicanum;-1,178529147;5;NR2F1-AS1;92634965;0,238585719;hg38
1685;cg24357559;;824;0;0;Tx5;0,120758307;0,238704627;0,611960362;97;0,101101695;Axolotl;Ambystoma mexicanum;1,178230749;22;SMTN;31100965;0,238704627;hg38
1686;cg02791995;;825;0;0;EnhWk4;0,120750605;0,2387348;0,611960362;97;0,101101886;Axolotl;Ambystoma mexicanum;1,178155047;13;DACH1;71853930;0,2387348;hg38
1687;cg18406453;862;;0;0;TxEx2;-0,120709122;0,238897359;0,611960362;97;0,101102914;Axolotl;Ambystoma mexicanum;-1,177747312;14;ACTN1;68878997;0,238897359;hg38
1688;cg02645656;863;;0;0;Tx1;-0,120706085;0,238909263;0,611960362;97;0,101102989;Axolotl;Ambystoma mexicanum;-1,177717463;9;PSMB7;124385705;0,238909263;hg38
1689;cg19203457;;826;0;0;BivProm4;0,120699428;0,238935358;0,611960362;97;0,101103154;Axolotl;Ambystoma mexicanum;1,17765203;6;MARCKS;113860622;0,238935358;hg38
1690;cg04068658;;827;0;0;EnhA17;0,120612179;0,239277548;0,612355146;97;0,101105314;Axolotl;Ambystoma mexicanum;1,176794476;18;ZNF521;25168388;0,239277548;hg38
1691;cg13200141;;828;0;0;EnhA2;0,120536415;0,23957497;0,612355146;97;0,101107188;Axolotl;Ambystoma mexicanum;1,176049817;3;LINC01206;182242248;0,23957497;hg38
1692;cg18700826;864;;0;0;EnhWk4;-0,1205166;0,239652799;0,612355146;97;0,101107679;Axolotl;Ambystoma mexicanum;-1,175855061;7;LINC01162;20958812;0,239652799;hg38
1693;cg05317739;;829;0;1;BivProm1;0,120495652;0,239735099;0,612355146;97;0,101108197;Axolotl;Ambystoma mexicanum;1,175649168;5;OTP;77645487;0,239735099;hg38
1694;cg00707632;865;;0;0;EnhWk4;-0,120479827;0,239797283;0,612355146;97;0,101108588;Axolotl;Ambystoma mexicanum;-1,175493633;14;LINC02304;97070413;0,239797283;hg38
1695;cg27353147;;830;0;0;EnhWk4;0,120193581;0,240924019;0,612821747;97;0,101115656;Axolotl;Ambystoma mexicanum;1,172680339;9;PTPRD;8314347;0,240924019;hg38
1696;cg20352525;866;;0;0;TxWk1;-0,120088639;0,241338015;0,612821747;97;0,101118243;Axolotl;Ambystoma mexicanum;-1,171648979;2;ZEB2;144388195;0,241338015;hg38
1697;cg19362725;;831;0;0;TxEx1;0,120087853;0,241341118;0,612821747;97;0,101118262;Axolotl;Ambystoma mexicanum;1,171641253;16;CNOT1;58585449;0,241341118;hg38
1698;cg22037288;867;;0;0;TxEnh4;-0,120085303;0,241351184;0,612821747;97;0,101118325;Axolotl;Ambystoma mexicanum;-1,171616192;7;GNB2;100677769;0,241351184;hg38
1699;cg24751122;;832;0;0;ReprPC1;0,120065179;0,241430632;0,612821747;97;0,101118821;Axolotl;Ambystoma mexicanum;1,17141842;11;ROBO3;124846295;0,241430632;hg38
1700;cg18288070;868;;0;1;BivProm1;-0,120021766;0,241602087;0,612821747;97;0,10111989;Axolotl;Ambystoma mexicanum;-1,170991766;5;TBCA;77844499;0,241602087;hg38
1701;cg00780852;869;;0;0;ReprPC5;-0,119903486;0,242069645;0,612821747;97;0,101122802;Axolotl;Ambystoma mexicanum;-1,169829363;10;HIF1AN;100614211;0,242069645;hg38
1702;cg18224177;;833;0;0;Acet3;0,119896111;0,242098817;0,612821747;97;0,101122983;Axolotl;Ambystoma mexicanum;1,169756888;3;STXBP5L;121282311;0,242098817;hg38
1703;cg21479851;870;;0;1;ReprPC1;-0,119883622;0,242148228;0,612821747;97;0,101123291;Axolotl;Ambystoma mexicanum;-1,169634151;13;GSX1;27790376;0,242148228;hg38
1704;cg14420219;871;;0;0;EnhA16;-0,119855592;0,242259149;0,612821747;97;0,10112398;Axolotl;Ambystoma mexicanum;-1,169358683;2;GTDC1;144005088;0,242259149;hg38
1705;cg23485338;872;;0;0;EnhA19;-0,119750761;0,242674291;0,612821747;97;0,101126557;Axolotl;Ambystoma mexicanum;-1,168328482;2;LINC01798;66700284;0,242674291;hg38
1706;cg14044818;;834;0;0;HET1;0,11970574;0,242852729;0,612821747;97;0,101127663;Axolotl;Ambystoma mexicanum;1,167886058;12;MIR3974;17695767;0,242852729;hg38
1707;cg21590691;;835;0;0;EnhWk8;0,119676171;0,242969974;0,612821747;97;0,101128389;Axolotl;Ambystoma mexicanum;1,167595481;23;POLA1;24990455;0,242969974;hg38
1708;cg05603896;;836;0;0;EnhA8;0,119641361;0,243108052;0,612821747;97;0,101129244;Axolotl;Ambystoma mexicanum;1,1672534;6;SCML4;107824370;0,243108052;hg38
1709;cg17752622;873;;0;0;TxEnh4;-0,11962284;0,243181539;0,612821747;97;0,101129699;Axolotl;Ambystoma mexicanum;-1,167071395;2;MAP4K4;101871544;0,243181539;hg38
1710;cg06147822;874;;0;0;PromF4;-0,119618653;0,243198154;0,612821747;97;0,101129802;Axolotl;Ambystoma mexicanum;-1,16703025;20;GNAS;58891850;0,243198154;hg38
1711;cg24269597;;837;0;0;TxEx2;0,11959508;0,243291713;0,612821747;97;0,10113038;Axolotl;Ambystoma mexicanum;1,1667986;2;WDR33;127764910;0,243291713;hg38
1712;cg09192464;875;;0;0;ReprPC3;-0,119556396;0,2434453;0,612821747;97;0,101131329;Axolotl;Ambystoma mexicanum;-1,166418457;19;ZNF536;30154567;0,2434453;hg38
1713;cg26717518;;838;0;0;ReprPC4;0,1195067;0,243642707;0,612821747;97;0,101132548;Axolotl;Ambystoma mexicanum;1,165930103;9;PBX3;125987907;0,243642707;hg38
1714;cg00017737;876;;0;1;BivProm1;-0,119491684;0,243702377;0,612821747;97;0,101132916;Axolotl;Ambystoma mexicanum;-1,165782542;12;CALCOCO1;53739786;0,243702377;hg38
1715;cg20546778;877;;0;0;PromF6;-0,119484628;0,243730419;0,612821747;97;0,101133089;Axolotl;Ambystoma mexicanum;-1,165713206;8;GDAP1;74351364;0,243730419;hg38
1716;cg12185486;;839;0;0;TxWk2;0,119474121;0,243772179;0,612821747;97;0,101133347;Axolotl;Ambystoma mexicanum;1,16560996;10;PARD3;34399339;0,243772179;hg38
1717;cg01879724;878;;0;0;Quies3;-0,11946971;0,243789713;0,612821747;97;0,101133455;Axolotl;Ambystoma mexicanum;-1,165566614;2;FIGN;163444988;0,243789713;hg38
1718;cg23754860;879;;0;0;TxWk2;-0,119421624;0,243980909;0,612821747;97;0,101134634;Axolotl;Ambystoma mexicanum;-1,165094089;10;LDB3;86699297;0,243980909;hg38
1719;cg24611541;880;;0;0;TxEx2;-0,119412948;0,244015421;0,612821747;97;0,101134846;Axolotl;Ambystoma mexicanum;-1,165008825;5;NIPBL;37064854;0,244015421;hg38
1720;cg06700189;881;;0;0;Tx5;-0,119406365;0,244041604;0,612821747;97;0,101135008;Axolotl;Ambystoma mexicanum;-1,164944141;6;ITPR3;33688403;0,244041604;hg38
1721;cg06008935;882;;0;0;EnhA17;-0,119395984;0,244082899;0,612821747;97;0,101135262;Axolotl;Ambystoma mexicanum;-1,164842137;3;SOX2-OT;181610306;0,244082899;hg38
1722;cg12906630;883;;0;0;TxEx2;-0,119394962;0,244086966;0,612821747;97;0,101135287;Axolotl;Ambystoma mexicanum;-1,164832092;17;TAOK1;29508067;0,244086966;hg38
1723;cg08249407;884;;0;0;EnhWk4;-0,119394632;0,244088279;0,612821747;97;0,101135295;Axolotl;Ambystoma mexicanum;-1,164828847;2;FIGN;163493960;0,244088279;hg38
1724;cg00995852;885;;0;0;EnhA17;-0,119352321;0,244256651;0,612838505;97;0,101136331;Axolotl;Ambystoma mexicanum;-1,164413076;16;FTO;54048944;0,244256651;hg38
1725;cg02352577;886;;0;0;Acet5;-0,119296218;0,244480029;0,612838505;97;0,101137705;Axolotl;Ambystoma mexicanum;-1,163861783;5;NR2F1-AS1;93190950;0,244480029;hg38
1726;cg25769958;;840;0;0;Tx6;0,119286193;0,24451996;0,612838505;97;0,101137951;Axolotl;Ambystoma mexicanum;1,163763272;1;PTBP2;96814763;0,24451996;hg38
1727;cg21391782;;841;0;0;PromF5;0,119201846;0,244856098;0,613325619;97;0,101140014;Axolotl;Ambystoma mexicanum;1,162934453;16;ZFHX3;72787301;0,244856098;hg38
1728;cg05713651;;842;0;0;EnhA20;0,118996367;0,2456763;0,615023973;97;0,101145036;Axolotl;Ambystoma mexicanum;1,160915414;7;LOC441204;26485709;0,2456763;hg38
1729;cg23564585;887;;0;0;TxEx2;-0,118960328;0,245820351;0,615028671;97;0,101145916;Axolotl;Ambystoma mexicanum;-1,1605613;21;PAXBP1;32759144;0,245820351;hg38
1730;cg02032554;888;;0;0;EnhWk7;-0,118867588;0,24619131;0,615600743;97;0,101148179;Axolotl;Ambystoma mexicanum;-1,159650063;17;ACACA;37146575;0,24619131;hg38
1731;cg12936791;;843;0;0;TxEx3;0,118815779;0,246398711;0,615763417;97;0,101149442;Axolotl;Ambystoma mexicanum;1,159141012;8;FGFR1;38421849;0,246398711;hg38
1732;cg02806036;889;;0;0;EnhWk4;-0,118774727;0,246563136;0,615812225;97;0,101150443;Axolotl;Ambystoma mexicanum;-1,158737657;18;ZNF407;74651559;0,246563136;hg38
1733;cg13779125;;844;0;0;EnhWk8;0,118739834;0,246702954;0,615812225;97;0,101151293;Axolotl;Ambystoma mexicanum;1,158394816;1;ADGRL2;81980802;0,246702954;hg38
1734;cg02409454;890;;0;0;EnhWk5;-0,118525002;0,24756499;0,616996358;97;0,101156523;Axolotl;Ambystoma mexicanum;-1,156284052;14;LINC00618;96986326;0,24756499;hg38
1735;cg17189003;;845;0;0;ReprPC6;0,118521768;0,247577982;0,616996358;97;0,101156601;Axolotl;Ambystoma mexicanum;1,156252278;11;PKNOX2;125380259;0,247577982;hg38
1736;cg26212988;891;;0;1;BivProm1;-0,118488953;0,247709845;0,616996358;97;0,101157399;Axolotl;Ambystoma mexicanum;-1,155929868;8;SFRP1;41308949;0,247709845;hg38
1737;cg11707875;;846;0;0;BivProm3;0,118393225;0,248094785;0,616996358;97;0,101159726;Axolotl;Ambystoma mexicanum;1,154989357;18;KLHL14;32773150;0,248094785;hg38
1738;cg20561901;892;;0;0;Tx6;-0,118367424;0,248198607;0,616996358;97;0,101160353;Axolotl;Ambystoma mexicanum;-1,154735866;6;USP49;41798918;0,248198607;hg38
1739;cg11346223;893;;0;0;EnhWk8;-0,118328061;0,248357058;0,616996358;97;0,101161309;Axolotl;Ambystoma mexicanum;-1,15434914;2;PABPC1P2;146041448;0,248357058;hg38
1740;cg07249939;894;;0;0;TxEnh3;-0,118248161;0,248678905;0,616996358;97;0,101163248;Axolotl;Ambystoma mexicanum;-1,153564147;6;ZBTB12;31900170;0,248678905;hg38
1741;cg20280919;895;;0;0;TxEnh5;-0,118226102;0,24876781;0,616996358;97;0,101163783;Axolotl;Ambystoma mexicanum;-1,15334743;12;MAPKAPK5;111868757;0,24876781;hg38
1742;cg08609368;;847;0;0;EnhA17,EnhWk2;0,11821431;0,248815346;0,616996358;97;0,101164069;Axolotl;Ambystoma mexicanum;1,153231578;1;PBX1;164731714;0,248815346;hg38
1743;cg26326531;896;;0;0;TxEx1;-0,118182239;0,248944658;0,616996358;97;0,101164847;Axolotl;Ambystoma mexicanum;-1,152916502;10;WAPL;86500182;0,248944658;hg38
1744;cg14244296;;848;0;0;EnhA17;0,118177315;0,248964516;0,616996358;97;0,101164966;Axolotl;Ambystoma mexicanum;1,152868128;18;ZNF521;25078217;0,248964516;hg38
1745;cg15701281;897;;0;0;BivProm3;-0,118159816;0,249035097;0,616996358;97;0,101165391;Axolotl;Ambystoma mexicanum;-1,152696211;7;MICALL2;1422933;0,249035097;hg38
1746;cg00393155;;849;0;0;TxWk2;0,118154271;0,249057467;0,616996358;97;0,101165525;Axolotl;Ambystoma mexicanum;1,152641731;4;GRIA2;157360117;0,249057467;hg38
1747;cg25365217;;850;0;0;Tx8;0,118125351;0,24917415;0,616996358;97;0,101166226;Axolotl;Ambystoma mexicanum;1,152357616;10;VTI1A;112530864;0,24917415;hg38
1748;cg08489213;898;;0;0;TxEx2;-0,117973882;0,249785903;0,61815732;97;0,101169895;Axolotl;Ambystoma mexicanum;-1,150869558;15;ARIH1;72580800;0,249785903;hg38
1749;cg26927031;899;;0;1;BivProm2;-0,11791712;0,250015419;0,618351353;97;0,101171269;Axolotl;Ambystoma mexicanum;-1,150311929;12;HOXC4;54054882;0,250015419;hg38
1750;cg07399752;;851;0;0;ReprPC4;0,117873966;0,250190009;0,618351353;97;0,101172313;Axolotl;Ambystoma mexicanum;1,149887989;17;MRM1;36746254;0,250190009;hg38
1751;cg10708287;900;;0;1;BivProm2;-0,117848485;0,250293137;0,618351353;97;0,101172929;Axolotl;Ambystoma mexicanum;-1,149637668;10;FGF8;101774836;0,250293137;hg38
1752;cg17660794;;852;0;0;Tx8;0,117812528;0,250438713;0,618357854;97;0,101173799;Axolotl;Ambystoma mexicanum;1,149284437;1;GPATCH2;217564301;0,250438713;hg38
1753;cg17076630;;853;0;0;TxEnh7;0,117714163;0,250837259;0,618805821;97;0,101176176;Axolotl;Ambystoma mexicanum;1,148318125;15;TCF12;57133467;0,250837259;hg38
1754;cg18980984;901;;0;0;Acet5;-0,117672147;0,251007626;0,618805821;97;0,10117719;Axolotl;Ambystoma mexicanum;-1,147905383;5;NR2F1-AS1;92635077;0,251007626;hg38
1755;cg15061730;902;;0;0;TxEx1;-0,11760273;0,251289275;0,618805821;97;0,101178866;Axolotl;Ambystoma mexicanum;-1,147223466;18;MEX3C;51176512;0,251289275;hg38
1756;cg21329093;903;;0;0;EnhA6;-0,117593315;0,251327489;0,618805821;97;0,101179093;Axolotl;Ambystoma mexicanum;-1,147130986;12;PPFIA2;81440036;0,251327489;hg38
1757;cg06538073;;854;0;0;ReprPC3;0,117591248;0,25133588;0,618805821;97;0,101179143;Axolotl;Ambystoma mexicanum;1,147110681;2;INSIG2;118053502;0,25133588;hg38
1758;cg23015208;904;;0;0;Tx6;-0,11755488;0,251483544;0,618805821;97;0,10118002;Axolotl;Ambystoma mexicanum;-1,146753423;15;TRPM7;50648871;0,251483544;hg38
1759;cg00875779;;855;0;0;EnhA10;0,117520921;0,251621479;0,618805821;97;0,101180839;Axolotl;Ambystoma mexicanum;1,146419837;6;RUNX2;45433826;0,251621479;hg38
1760;cg10299183;905;;0;0;Quies3;-0,11744591;0,251926345;0,618813008;97;0,101182648;Axolotl;Ambystoma mexicanum;-1,14568299;2;LINC01122;58722209;0,251926345;hg38
1761;cg22692462;;856;0;0;TxEnh5;0,117425292;0,252010186;0,618813008;97;0,101183145;Axolotl;Ambystoma mexicanum;1,145480459;8;FAM110B;58147239;0,252010186;hg38
1762;cg26029998;;857;0;0;EnhA17;0,11741463;0,25205355;0,618813008;97;0,101183401;Axolotl;Ambystoma mexicanum;1,145375724;3;LOC101928882;180744583;0,25205355;hg38
1763;cg21974358;906;;0;0;BivProm2;-0,11727976;0,252602526;0,619404641;97;0,101186649;Axolotl;Ambystoma mexicanum;-1,144050906;12;SCN8A;51721894;0,252602526;hg38
1764;cg09451873;;858;0;0;EnhWk4;0,117154067;0,253114887;0,619404641;97;0,101189672;Axolotl;Ambystoma mexicanum;1,142816257;2;TEX41;145245839;0,253114887;hg38
1765;cg13671198;;859;0;0;TxEnh1;0,117109768;0,253295634;0,619404641;97;0,101190737;Axolotl;Ambystoma mexicanum;1,142381125;9;PBX3;125762538;0,253295634;hg38
1766;cg15675612;;860;0;0;EnhA4;0,117068242;0,253465141;0,619404641;97;0,101191735;Axolotl;Ambystoma mexicanum;1,141973244;2;HECW2;196292740;0,253465141;hg38
1767;cg18133238;907;;0;0;Quies3;-0,117057787;0,253507832;0,619404641;97;0,101191986;Axolotl;Ambystoma mexicanum;-1,141870549;1;ATG4C;62904327;0,253507832;hg38
1768;cg02583104;908;;0;0;ReprPC7;-0,117051264;0,25353447;0,619404641;97;0,101192142;Axolotl;Ambystoma mexicanum;-1,141806475;12;IQSEC3;174624;0,25353447;hg38
1769;cg25950972;909;;0;0;Tx7;-0,117046268;0,253554873;0,619404641;97;0,101192262;Axolotl;Ambystoma mexicanum;-1,141757403;1;SRSF11;70231878;0,253554873;hg38
1770;cg11999944;910;;0;0;BivProm1;-0,11702974;0,253622379;0,619404641;97;0,101192659;Axolotl;Ambystoma mexicanum;-1,141595058;13;FGF14;102401526;0,253622379;hg38
1771;cg00067370;911;;0;0;EnhWk4;-0,11702091;0,253658447;0,619404641;97;0,101192871;Axolotl;Ambystoma mexicanum;-1,141508331;2;TEX41;145245699;0,253658447;hg38
1772;cg15180682;912;;0;0;TxEnh5;-0,117004278;0,253726397;0,619404641;97;0,101193271;Axolotl;Ambystoma mexicanum;-1,141344965;8;ZFHX4;76706186;0,253726397;hg38
1773;cg26610667;;861;0;0;TxEx2;0,116959094;0,253911061;0,61950584;97;0,101194355;Axolotl;Ambystoma mexicanum;1,140901149;4;ZNF827;145761377;0,253911061;hg38
1774;cg09375284;913;;0;0;TxEnh4;-0,116852205;0,25434827;0,620222751;97;0,101196919;Axolotl;Ambystoma mexicanum;-1,139851268;7;GIGYF1;100682115;0,25434827;hg38
1775;cg19697359;914;;0;0;ReprPC5;-0,116634574;0,255240042;0,621565894;97;0,101202133;Axolotl;Ambystoma mexicanum;-1,137713722;1;EPHA8;22600805;0,255240042;hg38
1776;cg12749148;;862;0;0;Tx7;0,11661307;0,255328272;0,621565894;97;0,101202647;Axolotl;Ambystoma mexicanum;1,137502518;7;KMT2C;152182587;0,255328272;hg38
1777;cg23288914;;863;0;0;Tx4;0,116593761;0,255407516;0,621565894;97;0,101203109;Axolotl;Ambystoma mexicanum;1,137312872;20;XRN2;21330652;0,255407516;hg38
1778;cg14398345;;864;0;0;HET2;0,116577606;0,255473827;0,621565894;97;0,101203496;Axolotl;Ambystoma mexicanum;1,137154206;21;DSCAM;40708625;0,255473827;hg38
1779;cg13510732;;865;0;0;EnhWk4;0,116477251;0,255886022;0,621896952;97;0,101205896;Axolotl;Ambystoma mexicanum;1,136168571;11;DCDC1;31161254;0,255886022;hg38
1780;cg08838510;915;;0;0;PromF4;-0,116474477;0,255897422;0,621896952;97;0,101205962;Axolotl;Ambystoma mexicanum;-1,136141326;6;PBX2;32189708;0,255897422;hg38
1781;cg22964079;;866;0;0;EnhA14;0,116416146;0,256137223;0,622053795;97;0,101207356;Axolotl;Ambystoma mexicanum;1,135568441;18;ZNF407;74902335;0,256137223;hg38
1782;cg02473043;;867;0;0;EnhA19;0,116388834;0,256249557;0,622053795;97;0,101208008;Axolotl;Ambystoma mexicanum;1,135300203;11;LINC00900;116062908;0,256249557;hg38
1783;cg03927473;916;;0;0;PromF1;-0,116301598;0,256608586;0,622575979;97;0,101210091;Axolotl;Ambystoma mexicanum;-1,13444344;20;NOL4L;32527865;0,256608586;hg38
1784;cg20319604;917;;0;0;TxEnh4;-0,116232443;0,256893446;0,622848073;97;0,10121174;Axolotl;Ambystoma mexicanum;-1,133764261;2;PPM1B;44201797;0,256893446;hg38
1785;cg15167046;918;;0;0;PromF2;-0,116186561;0,257082557;0,622848073;97;0,101212835;Axolotl;Ambystoma mexicanum;-1,133313661;17;SMG6;2215680;0,257082557;hg38
1786;cg02102278;;868;0;0;ReprPC7;0,116169553;0,257152683;0,622848073;97;0,10121324;Axolotl;Ambystoma mexicanum;1,133146628;5;TENM2;168162687;0,257152683;hg38
1787;cg15535321;;869;0;0;EnhWk4;0,116131453;0,257309821;0,622879919;97;0,101214148;Axolotl;Ambystoma mexicanum;1,132772456;2;TEX41;145245551;0,257309821;hg38
1788;cg14072720;919;;0;0;EnhA17;-0,115920765;0,258179964;0,624081366;97;0,101219164;Axolotl;Ambystoma mexicanum;-1,130703366;7;ETV1;13467197;0,258179964;hg38
1789;cg07582800;;870;0;0;EnhWk4;0,115902525;0,258255392;0,624081366;97;0,101219598;Axolotl;Ambystoma mexicanum;1,130524236;12;SOX5;24139278;0,258255392;hg38
1790;cg06260064;920;;0;0;BivProm3;-0,115868209;0,258397336;0,624081366;97;0,101220414;Axolotl;Ambystoma mexicanum;-1,130187238;17;MRM1;36661523;0,258397336;hg38
1791;cg21988123;921;;0;1;BivProm2;-0,115832984;0,258543092;0,624081366;97;0,101221251;Axolotl;Ambystoma mexicanum;-1,129841323;20;NKX2-2;21515974;0,258543092;hg38
1792;cg01198746;;871;0;0;PromF2;0,115801993;0,258671379;0,624081366;97;0,101221988;Axolotl;Ambystoma mexicanum;1,12953698;15;LOC105370943;40907008;0,258671379;hg38
1793;cg26589497;;872;0;1;PromF3;0,115801905;0,25867174;0,624081366;97;0,10122199;Axolotl;Ambystoma mexicanum;1,129536122;5;PURA;140114941;0,25867174;hg38
1794;cg06063479;;873;0;0;EnhA1;0,115748091;0,258894605;0,624270885;97;0,101223268;Axolotl;Ambystoma mexicanum;1,129007655;2;ZEB2;144427326;0,258894605;hg38
1795;cg19847683;;874;0;1;PromF5;0,115633821;0,259368271;0,624614869;97;0,101225981;Axolotl;Ambystoma mexicanum;1,127885516;4;CXXC4;104490810;0,259368271;hg38
1796;cg02090160;;875;0;1;BivProm2;0,115610473;0,259465125;0,624614869;97;0,101226535;Axolotl;Ambystoma mexicanum;1,127656241;2;DLX1;172094152;0,259465125;hg38
1797;cg04189329;;876;0;1;BivProm1;0,115513348;0,259868288;0,624614869;97;0,101228838;Axolotl;Ambystoma mexicanum;1,126702492;7;HOXA11-AS;27185244;0,259868288;hg38
1798;cg01193810;922;;0;0;PromF4;-0,115512414;0,259872168;0,624614869;97;0,10122886;Axolotl;Ambystoma mexicanum;-1,12669332;12;MIRLET7I;62603733;0,259872168;hg38
1799;cg10040836;923;;0;1;PromF5;-0,115492381;0,259955378;0,624614869;97;0,101229335;Axolotl;Ambystoma mexicanum;-1,126496603;15;NR2F2;96332460;0,259955378;hg38
1800;cg26163178;924;;0;0;Tx7;-0,115435022;0,260193729;0,624614869;97;0,101230694;Axolotl;Ambystoma mexicanum;-1,125933357;3;ATR;142457718;0,260193729;hg38
1801;cg00860838;;877;0;1;BivProm2;0,115432517;0,260204143;0,624614869;97;0,101230753;Axolotl;Ambystoma mexicanum;1,125908754;3;LHFPL4;9552621;0,260204143;hg38
1802;cg06681001;;878;0;0;Tx6;0,115412044;0,260289255;0,624614869;97;0,101231238;Axolotl;Ambystoma mexicanum;1,12570772;14;PRPF39;45102569;0,260289255;hg38
1803;cg00740694;925;;0;0;PromF5;-0,115271154;0,260875489;0,624614869;97;0,101234573;Axolotl;Ambystoma mexicanum;-1,124324264;17;FZD2;44557766;0,260875489;hg38
1804;cg25076651;;879;0;1;BivProm2;0,115233256;0,261033333;0,624614869;97;0,101235469;Axolotl;Ambystoma mexicanum;1,123952134;12;HOXC5;53989414;0,261033333;hg38
1805;cg27071008;;880;0;0;TxEnh4;0,115212534;0,261119669;0,624614869;97;0,101235959;Axolotl;Ambystoma mexicanum;1,123748655;2;KLF7;207123827;0,261119669;hg38
1806;cg02820423;;881;0;0;ReprPC5;0,115156168;0,261354606;0,624614869;97;0,101237291;Axolotl;Ambystoma mexicanum;1,123195187;16;ACSF3;89044653;0,261354606;hg38
1807;cg07987507;926;;0;0;EnhWk8;-0,115052014;0,261789104;0,624614869;97;0,101239751;Axolotl;Ambystoma mexicanum;-1,122172497;11;DLG2;83484266;0,261789104;hg38
1808;cg03046590;927;;0;0;TxEx2;-0,114997588;0,26201635;0,624614869;97;0,101241036;Axolotl;Ambystoma mexicanum;-1,12163809;11;ZBTB44;130237024;0,26201635;hg38
1809;cg05928102;928;;0;0;TxEx3;-0,11494688;0,26222819;0,624614869;97;0,101242232;Axolotl;Ambystoma mexicanum;-1,121140199;6;ITPR3;33690091;0,26222819;hg38
1810;cg22369254;;882;0;0;EnhWk8;0,114916172;0,262356535;0,624614869;97;0,101242956;Axolotl;Ambystoma mexicanum;1,120838684;23;POLA1;24990758;0,262356535;hg38
1811;cg27038395;929;;0;0;TxEx3;-0,114886552;0,26248037;0,624614869;97;0,101243655;Axolotl;Ambystoma mexicanum;-1,12054786;6;ITPR3;33680367;0,26248037;hg38
1812;cg23250289;930;;0;0;Quies3;-0,114877226;0,262519367;0,624614869;97;0,101243874;Axolotl;Ambystoma mexicanum;-1,120456294;6;SRSF12;89107241;0,262519367;hg38
1813;cg11534866;;883;0;0;ReprPC4;0,114790917;0,262880479;0,624614869;97;0,101245908;Axolotl;Ambystoma mexicanum;1,119608857;2;GPD2;156866192;0,262880479;hg38
1814;cg11272698;931;;0;0;TxEx3;-0,114775308;0,262945823;0,624614869;97;0,101246276;Axolotl;Ambystoma mexicanum;-1,1194556;15;TJP1;29704174;0,262945823;hg38
1815;cg04493448;;884;0;0;EnhA6;0,114740665;0,263090884;0,624614869;97;0,101247092;Axolotl;Ambystoma mexicanum;1,119115464;8;LINC01605;37380801;0,263090884;hg38
1816;cg00044472;;885;0;0;PromF2;0,11473559;0,263112141;0,624614869;97;0,101247211;Axolotl;Ambystoma mexicanum;1,119065631;2;ZEB2;144452675;0,263112141;hg38
1817;cg24901288;;886;0;0;Acet3;0,11472753;0,263145899;0,624614869;97;0,101247401;Axolotl;Ambystoma mexicanum;1,118986498;11;GRIA4;105971932;0,263145899;hg38
1818;cg13522984;;887;0;0;EnhA5;0,11471797;0,263185945;0,624614869;97;0,101247626;Axolotl;Ambystoma mexicanum;1,118892636;7;FOXP2;114530369;0,263185945;hg38
1819;cg14701342;932;;0;0;Quies2;-0,114706732;0,263233028;0,624614869;97;0,10124789;Axolotl;Ambystoma mexicanum;-1,118782293;18;LINC01029;77833139;0,263233028;hg38
1820;cg03956142;;888;0;0;EnhWk4;0,114685206;0,263323225;0,624614869;97;0,101248397;Axolotl;Ambystoma mexicanum;1,118570943;3;RSRC1;158528236;0,263323225;hg38
1821;cg07392883;;889;0;0;TxEx1;0,114674284;0,263368997;0,624614869;97;0,101248654;Axolotl;Ambystoma mexicanum;1,118463711;16;CNOT1;58599364;0,263368997;hg38
1822;cg04196288;;890;0;0;EnhWk8;0,114650176;0,263470049;0,624614869;97;0,101249221;Axolotl;Ambystoma mexicanum;1,118227015;12;MGST1;16522076;0,263470049;hg38
1823;cg06812724;933;;0;0;EnhA17;-0,114644283;0,263494756;0,624614869;97;0,10124936;Axolotl;Ambystoma mexicanum;-1,118169154;2;PABPC1P2;145935308;0,263494756;hg38
1824;cg16437032;;891;0;0;TxEnh5;0,114599009;0,263684613;0,624614869;97;0,101250425;Axolotl;Ambystoma mexicanum;1,117724647;2;PKP4;158577295;0,263684613;hg38
1825;cg16985572;934;;0;0;Tx8;-0,114568061;0,263814449;0,624614869;97;0,101251152;Axolotl;Ambystoma mexicanum;-1,117420791;9;PRUNE2;76846400;0,263814449;hg38
1826;cg23357093;;892;0;0;BivProm1;0,114560082;0,263847931;0,624614869;97;0,10125134;Axolotl;Ambystoma mexicanum;1,117342451;5;PPP2R2B;146878025;0,263847931;hg38
1827;cg10865095;935;;0;0;TxEnh6;-0,11454867;0,263895824;0,624614869;97;0,101251608;Axolotl;Ambystoma mexicanum;-1,117230404;18;TTC39C;24080872;0,263895824;hg38
1828;cg16138021;;893;0;0;EnhA6;0,114536584;0,26394655;0,624614869;97;0,101251892;Axolotl;Ambystoma mexicanum;1,117111743;19;URI1;30049466;0,26394655;hg38
1829;cg01741653;;894;0;0;BivProm3;0,114365489;0,264665364;0,625530301;97;0,10125591;Axolotl;Ambystoma mexicanum;1,11543195;20;CFAP61;20199834;0,264665364;hg38
1830;cg02380426;936;;0;1;ReprPC1;-0,114279742;0,26502611;0,625530301;97;0,101257922;Axolotl;Ambystoma mexicanum;-1,114590111;6;TFAP2A;10400505;0,26502611;hg38
1831;cg18798831;;895;0;0;Tx7;0,114278947;0,265029457;0,625530301;97;0,101257941;Axolotl;Ambystoma mexicanum;1,114582305;2;HAT1;171966451;0,265029457;hg38
1832;cg12967137;;896;1;1;ReprPC1;0,114264606;0,265089821;0,625530301;97;0,101258277;Axolotl;Ambystoma mexicanum;1,114441516;14;LINC01551;28778399;0,265089821;hg38
1833;cg22025998;;897;0;0;TxEnh8;0,11425038;0,265149715;0,625530301;97;0,10125861;Axolotl;Ambystoma mexicanum;1,114301846;18;ZADH2;75199836;0,265149715;hg38
1834;cg15292196;937;;0;1;PromF5;-0,114214636;0,265300239;0,625530301;97;0,101259448;Axolotl;Ambystoma mexicanum;-1,113950929;4;CXXC4-AS1;104491004;0,265300239;hg38
1835;cg08770225;938;;0;0;EnhWk3;-0,114203865;0,265345606;0,625530301;97;0,101259701;Axolotl;Ambystoma mexicanum;-1,11384519;19;LINC01533;32039042;0,265345606;hg38
1836;cg25579241;939;;0;0;EnhA17;-0,114051806;0,265986676;0,626046734;97;0,101263262;Axolotl;Ambystoma mexicanum;-1,112352368;1;RNF220;44536774;0,265986676;hg38
1837;cg23492829;;898;0;0;EnhWk4;0,114047761;0,266003742;0,626046734;97;0,101263356;Axolotl;Ambystoma mexicanum;1,11231266;18;ZNF407;74857009;0,266003742;hg38
1838;cg01337054;;899;0;0;EnhWk4;0,114046467;0,266009204;0,626046734;97;0,101263387;Axolotl;Ambystoma mexicanum;1,112299953;18;ZNF407;74856966;0,266009204;hg38
1839;cg06487902;940;;0;0;TxEnh5;-0,114006933;0,266176058;0,626046734;97;0,101264312;Axolotl;Ambystoma mexicanum;-1,111911838;2;HPCAL1;10419832;0,266176058;hg38
1840;cg24064661;941;;0;0;BivProm3;-0,113980352;0,266288283;0,626046734;97;0,101264933;Axolotl;Ambystoma mexicanum;-1,11165089;12;MGST1;16600808;0,266288283;hg38
1841;cg01327047;942;;0;0;BivProm2;-0,11394329;0,266444809;0,62607447;97;0,1012658;Axolotl;Ambystoma mexicanum;-1,111287057;10;BTRC;101310856;0,266444809;hg38
1842;cg03663497;;900;0;0;EnhA17;0,113884502;0,266693228;0,626317983;97;0,101267174;Axolotl;Ambystoma mexicanum;1,110709928;18;CCDC178;32975004;0,266693228;hg38
1843;cg08888591;943;;0;0;Tx6;-0,113738934;0,267309014;0,627132572;97;0,101270574;Axolotl;Ambystoma mexicanum;-1,109280918;2;INPP4A;98587590;0,267309014;hg38
1844;cg26573499;;901;0;0;EnhWk4;0,113733969;0,267330035;0,627132572;97;0,10127069;Axolotl;Ambystoma mexicanum;1,109232177;15;C15orf41;36673417;0,267330035;hg38
1845;cg04098618;944;;0;0;Tx7;-0,113694273;0,267498136;0,6271868;97;0,101271616;Axolotl;Ambystoma mexicanum;-1,108842492;15;HERC1;63675099;0,267498136;hg38
1846;cg16980159;;902;0;0;TxEx3;0,113622305;0,267803077;0,627358289;97;0,101273294;Axolotl;Ambystoma mexicanum;1,108136021;3;DNAH1;52393395;0,267803077;hg38
1847;cg08746145;;903;0;0;EnhA6;0,113608564;0,267861327;0,627358289;97;0,101273615;Axolotl;Ambystoma mexicanum;1,108001131;10;PHYHIPL;59245586;0,267861327;hg38
1848;cg03249015;945;;0;0;Tx6;-0,11352909;0,268198398;0,627674132;97;0,101275467;Axolotl;Ambystoma mexicanum;-1,107220981;14;FBXO33;39397968;0,268198398;hg38
1849;cg20895555;946;;0;0;BivProm3;-0,113476442;0,268421851;0,627674132;97;0,101276693;Axolotl;Ambystoma mexicanum;-1,106704171;2;POU3F3;104853928;0,268421851;hg38
1850;cg22128882;947;;0;1;ReprPC2;-0,113474175;0,268431476;0,627674132;97;0,101276746;Axolotl;Ambystoma mexicanum;-1,106681918;3;PTPRG-AS1;62365704;0,268431476;hg38
1851;cg19710076;;904;0;0;TxEnh5;0,113407261;0,268715664;0,627823514;97;0,101278303;Axolotl;Ambystoma mexicanum;1,106025079;16;SALL1;51139061;0,268715664;hg38
1852;cg12162688;948;;0;0;TxEnh3;-0,113390796;0,268785626;0,627823514;97;0,101278686;Axolotl;Ambystoma mexicanum;-1,105863452;12;AEBP2;19462556;0,268785626;hg38
1853;cg02145833;;905;0;0;ReprPC3;0,113230512;0,269467312;0,628288668;97;0,101282413;Axolotl;Ambystoma mexicanum;1,104290109;10;LRMDA;75924283;0,269467312;hg38
1854;cg01182628;;906;0;0;EnhA17;0,113200129;0,26959666;0,628288668;97;0,101283119;Axolotl;Ambystoma mexicanum;1,103991881;4;MAML3;140109810;0,26959666;hg38
1855;cg20477718;949;;0;1;BivProm1;-0,113085201;0,270086327;0,628288668;97;0,101285787;Axolotl;Ambystoma mexicanum;-1,102863776;7;TWIST1;19116766;0,270086327;hg38
1856;cg11172629;;907;0;0;EnhA2;0,113060559;0,270191394;0,628288668;97;0,101286359;Axolotl;Ambystoma mexicanum;1,102621905;10;CELF2;11005391;0,270191394;hg38
1857;cg19961864;950;;0;0;PromF2;-0,113060067;0,270193493;0,628288668;97;0,10128637;Axolotl;Ambystoma mexicanum;-1,102617073;21;LINC02246;15005537;0,270193493;hg38
1858;cg20640572;;908;0;0;EnhWk4;0,113040417;0,270277296;0,628288668;97;0,101286826;Axolotl;Ambystoma mexicanum;1,1024242;1;ESRRG;216550223;0,270277296;hg38
1859;cg11563967;;909;0;0;TxEnh6;0,113029488;0,270323913;0,628288668;97;0,10128708;Axolotl;Ambystoma mexicanum;1,102316927;9;NUP214;131228239;0,270323913;hg38
1860;cg21727711;951;;0;0;EnhA17;-0,112996238;0,270465775;0,628288668;97;0,101287851;Axolotl;Ambystoma mexicanum;-1,101990562;13;OBI1-AS1;78383213;0,270465775;hg38
1861;cg23575948;;910;0;0;HET1;0,112968241;0,270585265;0,628288668;97;0,1012885;Axolotl;Ambystoma mexicanum;1,101715755;14;NRXN3;79861820;0,270585265;hg38
1862;cg07715243;952;;0;0;TxEnh3;-0,112887316;0,270930842;0,628288668;97;0,101290375;Axolotl;Ambystoma mexicanum;-1,100921459;9;TLE4;79580155;0,270930842;hg38
1863;cg05388899;;911;0;0;TxEnh3;0,112883982;0,270945088;0,628288668;97;0,101290452;Axolotl;Ambystoma mexicanum;1,10088873;9;TLE4;79627436;0,270945088;hg38
1864;cg23268451;953;;0;0;Tx1;-0,112834088;0,271158308;0,628288668;97;0,101291608;Axolotl;Ambystoma mexicanum;-1,100399013;5;TBCA;77725521;0,271158308;hg38
1865;cg08107449;;912;0;0;TxEnh5;0,112807354;0,271272605;0,628288668;97;0,101292227;Axolotl;Ambystoma mexicanum;1,100136609;18;SS18;26035837;0,271272605;hg38
1866;cg08148707;;913;0;0;TxEnh6;0,112793589;0,271331464;0,628288668;97;0,101292545;Axolotl;Ambystoma mexicanum;1,10000151;9;NUP214;131228274;0,271331464;hg38
1867;cg22409694;954;;0;0;TxEnh1;-0,112738001;0,271569254;0,628288668;97;0,101293831;Axolotl;Ambystoma mexicanum;-1,099455913;1;LMO4;87338099;0,271569254;hg38
1868;cg19695329;955;;0;0;TxEnh6;-0,112729418;0,271605985;0,628288668;97;0,10129403;Axolotl;Ambystoma mexicanum;-1,099371666;7;IKZF1;50387392;0,271605985;hg38
1869;cg12854758;;914;0;0;Tx6;0,112695467;0,271751301;0,628288668;97;0,101294815;Axolotl;Ambystoma mexicanum;1,099038435;7;CUL1;148757103;0,271751301;hg38
1870;cg08916715;;915;0;0;PromF5;0,112664948;0,271881971;0,628288668;97;0,101295521;Axolotl;Ambystoma mexicanum;1,098738897;3;ZBTB20-AS5;114455184;0,271881971;hg38
1871;cg21624643;;916;0;0;EnhWk5;0,112588809;0,272208155;0,628288668;97;0,10129728;Axolotl;Ambystoma mexicanum;1,097991605;14;LINC00618;96965105;0,272208155;hg38
1872;cg00340124;956;;0;0;EnhA18;-0,112492464;0,272621279;0,628288668;97;0,101299505;Axolotl;Ambystoma mexicanum;-1,097046011;14;OTX2-AS1;57009645;0,272621279;hg38
1873;cg24375257;957;;0;1;PromF5;-0,112440693;0,272843445;0,628288668;97;0,1013007;Axolotl;Ambystoma mexicanum;-1,096537903;11;SOX6;16607742;0,272843445;hg38
1874;cg26030946;;917;0;0;Acet2;0,112412225;0,272965662;0,628288668;97;0,101301357;Axolotl;Ambystoma mexicanum;1,096258508;11;DCDC1;31303865;0,272965662;hg38
1875;cg09400505;958;;0;0;ReprPC4;-0,112401562;0,273011453;0,628288668;97;0,101301603;Axolotl;Ambystoma mexicanum;-1,096153849;10;DRGX;49364290;0,273011453;hg38
1876;cg26287744;;918;0;0;TxEnh5;0,112392858;0,273048831;0,628288668;97;0,101301804;Axolotl;Ambystoma mexicanum;1,096068426;23;BCOR;40077868;0,273048831;hg38
1877;cg10566267;959;;0;0;Acet2;-0,112386689;0,273075326;0,628288668;97;0,101301946;Axolotl;Ambystoma mexicanum;-1,096007881;3;PDCD6IP;34312873;0,273075326;hg38
1878;cg15584686;;919;0;0;EnhA3;0,112327582;0,273329265;0,628288668;97;0,101303308;Axolotl;Ambystoma mexicanum;1,09542779;6;GMDS;1821939;0,273329265;hg38
1879;cg23108693;;920;0;0;ReprPC6;0,112325468;0,273338352;0,628288668;97;0,101303357;Axolotl;Ambystoma mexicanum;1,095407039;8;GPAT4;41629392;0,273338352;hg38
1880;cg07269838;960;;0;0;TxEnh5;-0,112275013;0,273555252;0,628288668;97;0,10130452;Axolotl;Ambystoma mexicanum;-1,094911862;15;MEIS2;36895159;0,273555252;hg38
1881;cg08171318;961;;0;0;TxEnh6;-0,112238851;0,273710783;0,628288668;97;0,101305353;Axolotl;Ambystoma mexicanum;-1,094556954;11;RPS6KB2;67433215;0,273710783;hg38
1882;cg02533142;;921;0;0;Quies3;0,112228816;0,273753951;0,628288668;97;0,101305584;Axolotl;Ambystoma mexicanum;1,094458472;3;MDFIC2;70523661;0,273753951;hg38
1883;cg09933587;;922;0;0;Acet5;0,112167257;0,274018874;0,628288668;97;0,101307001;Axolotl;Ambystoma mexicanum;1,093854324;5;NR2F1-AS1;92635021;0,274018874;hg38
1884;cg24378708;962;;0;1;BivProm1;-0,112090586;0,274349072;0,628288668;97;0,101308765;Axolotl;Ambystoma mexicanum;-1,093101877;3;SHOX2;158098245;0,274349072;hg38
1885;cg21476366;;923;0;0;BivProm2;0,11205043;0,274522118;0,628288668;97;0,101309689;Axolotl;Ambystoma mexicanum;1,09270779;10;C1QL3;16520527;0,274522118;hg38
1886;cg22404762;;924;0;0;TxEx1;0,112037774;0,274576673;0,628288668;97;0,10130998;Axolotl;Ambystoma mexicanum;1,092583585;1;YTHDF2;28743677;0,274576673;hg38
1887;cg13096896;;925;0;0;EnhA1;0,111996407;0,274755035;0,628288668;97;0,101310931;Axolotl;Ambystoma mexicanum;1,092177624;2;ZEB2;144479939;0,274755035;hg38
1888;cg07028853;963;;0;0;EnhWk4;-0,111975457;0,274845399;0,628288668;97;0,101311412;Axolotl;Ambystoma mexicanum;-1,091972021;19;LINC01782;32181430;0,274845399;hg38
1889;cg10753260;;926;0;0;EnhWk4;0,111962092;0,274903052;0,628288668;97;0,101311719;Axolotl;Ambystoma mexicanum;1,091840868;1;PBX1;164668826;0,274903052;hg38
1890;cg26767614;;927;0;1;BivProm4;0,111954974;0,274933765;0,628288668;97;0,101311883;Axolotl;Ambystoma mexicanum;1,091771009;19;NFIX;13025354;0,274933765;hg38
1891;cg18299525;964;;0;0;EnhWk8;-0,111946582;0,274969975;0,628288668;97;0,101312075;Axolotl;Ambystoma mexicanum;-1,091688652;16;IRX6;55189515;0,274969975;hg38
1892;cg24879461;;928;0;0;EnhWk5;0,111896319;0,275186917;0,628288668;97;0,10131323;Axolotl;Ambystoma mexicanum;1,091195388;2;LINC01793;59314189;0,275186917;hg38
1893;cg15997398;;929;0;1;ReprPC1;0,111852316;0,275376934;0,628288668;97;0,10131424;Axolotl;Ambystoma mexicanum;1,090763563;10;PAX2;100749771;0,275376934;hg38
1894;cg12116534;965;;0;0;EnhWk4;-0,111843589;0,275414628;0,628288668;97;0,10131444;Axolotl;Ambystoma mexicanum;-1,090677923;5;NR2F1-AS1;92712147;0,275414628;hg38
1895;cg02941848;;930;0;0;EnhA19;0,111830736;0,275470152;0,628288668;97;0,101314735;Axolotl;Ambystoma mexicanum;1,090551792;4;LRBA;150315573;0,275470152;hg38
1896;cg01669013;;931;0;0;EnhA6;0,111800274;0,275601777;0,628288668;97;0,101315434;Axolotl;Ambystoma mexicanum;1,090252853;13;DCLK1;35788168;0,275601777;hg38
1897;cg23717232;;932;0;0;EnhA17;0,111798993;0,275607316;0,628288668;97;0,101315463;Axolotl;Ambystoma mexicanum;1,090240277;5;RANBP17;171201513;0,275607316;hg38
1898;cg05439340;;933;0;0;EnhA20;0,11173539;0,275882278;0,628288668;97;0,101316922;Axolotl;Ambystoma mexicanum;1,089616122;12;SCN8A;51686445;0,275882278;hg38
1899;cg09254458;966;;0;0;EnhWk4;-0,111732221;0,275895985;0,628288668;97;0,101316995;Axolotl;Ambystoma mexicanum;-1,089585019;13;DACH1;71546998;0,275895985;hg38
1900;cg27533327;967;;0;1;PromF5;-0,111706799;0,276005944;0,628288668;97;0,101317577;Axolotl;Ambystoma mexicanum;-1,089335544;10;CNNM2;102919466;0,276005944;hg38
1901;cg17653914;968;;0;0;PromF4;-0,111684703;0,276101537;0,628288668;97;0,101318084;Axolotl;Ambystoma mexicanum;-1,089118717;20;GNAS;58891838;0,276101537;hg38
1902;cg14398903;;934;0;0;EnhA18;0,111633308;0,276323981;0,628289886;97;0,101319261;Axolotl;Ambystoma mexicanum;1,088614361;15;ONECUT1;52753033;0,276323981;hg38
1903;cg20658837;;935;0;0;TxEnh3;0,11161747;0,276392553;0,628289886;97;0,101319624;Axolotl;Ambystoma mexicanum;1,088458941;13;INTS6;51395392;0,276392553;hg38
1904;cg27384394;969;;0;0;TxEx4;-0,111446696;0,27713266;0,629317595;97;0,101323533;Axolotl;Ambystoma mexicanum;-1,086783142;1;ARID1A;26771245;0,27713266;hg38
1905;cg01158430;;936;0;0;EnhA17;0,111416085;0,277265462;0,629317595;97;0,101324232;Axolotl;Ambystoma mexicanum;1,086482766;6;SOBP;107533518;0,277265462;hg38
1906;cg26987152;970;;0;0;EnhA18;-0,111405365;0,277311981;0,629317595;97;0,101324478;Axolotl;Ambystoma mexicanum;-1,086377569;4;ADGRL3;62063543;0,277311981;hg38
1907;cg02205352;971;;0;1;PromF3;-0,111378964;0,277426567;0,629317595;97;0,101325081;Axolotl;Ambystoma mexicanum;-1,086118503;5;PURA;140114838;0,277426567;hg38
1908;cg24263294;;937;0;0;EnhWk8;0,111241097;0,278025454;0,630044508;97;0,10132823;Axolotl;Ambystoma mexicanum;1,084765669;12;MGST1;16522135;0,278025454;hg38
1909;cg21461169;972;;0;0;Tx8;-0,111219332;0,278120082;0,630044508;97;0,101328727;Axolotl;Ambystoma mexicanum;-1,084552096;6;NHSL1;138442081;0,278120082;hg38
1910;cg19688271;973;;0;0;BivProm2;-0,11120252;0,278193186;0,630044508;97;0,10132911;Axolotl;Ambystoma mexicanum;-1,084387134;10;LINC01163;128540873;0,278193186;hg38
1911;cg08974440;974;;0;0;Tx5;-0,111171157;0,278329601;0,630044508;97;0,101329826;Axolotl;Ambystoma mexicanum;-1,084079388;8;FZD3;28527837;0,278329601;hg38
1912;cg00545236;975;;0;1;BivProm4;-0,111038141;0,278908664;0,630652661;97;0,101332858;Axolotl;Ambystoma mexicanum;-1,082774192;17;HOXB6;48590332;0,278908664;hg38
1913;cg17776527;976;;0;0;TxEx1;-0,110997838;0,279084271;0,630652661;97;0,101333777;Axolotl;Ambystoma mexicanum;-1,082378741;11;EIF4G2;10797728;0,279084271;hg38
1914;cg11814784;977;;0;0;TxEx4;-0,1109913;0,279112767;0,630652661;97;0,101333925;Axolotl;Ambystoma mexicanum;-1,082314585;2;SRSF7;38749325;0,279112767;hg38
1915;cg23628607;;938;0;0;TxEx2;0,110975553;0,279181407;0,630652661;97;0,101334284;Axolotl;Ambystoma mexicanum;1,082160072;9;RNF20;101562405;0,279181407;hg38
1916;cg27406900;;939;0;0;BivProm4;0,110938266;0,279343979;0,630690559;97;0,101335133;Axolotl;Ambystoma mexicanum;1,081794212;2;ZEB2;144431477;0,279343979;hg38
1917;cg14086518;;940;0;0;TxEx3;0,110899496;0,279513084;0,630743158;97;0,101336015;Axolotl;Ambystoma mexicanum;1,081413805;10;CAMK2G;73853243;0,279513084;hg38
1918;cg13165254;;941;0;0;Tx7;0,110802543;0,279936272;0,6311669;97;0,101338221;Axolotl;Ambystoma mexicanum;1,080462512;1;TRIM33;114397685;0,279936272;hg38
1919;cg19301717;;942;0;0;TxEnh8;0,110789628;0,279992676;0,6311669;97;0,101338514;Axolotl;Ambystoma mexicanum;1,080335795;4;TBC1D19;26753846;0,279992676;hg38
1920;cg26156864;;943;0;0;TxEnh5;0,110701353;0,280378407;0,631707242;97;0,10134052;Axolotl;Ambystoma mexicanum;1,07946967;9;TLE1;81652257;0,280378407;hg38
1921;cg13677591;978;;0;0;EnhWk4;-0,110588042;0,280874058;0,63177669;97;0,101343093;Axolotl;Ambystoma mexicanum;-1,078357922;1;LINC01653;218049994;0,280874058;hg38
1922;cg00939855;;944;0;0;EnhWk4;0,110562113;0,280987564;0,63177669;97;0,101343681;Axolotl;Ambystoma mexicanum;1,078103513;6;MIR548AI;99185758;0,280987564;hg38
1923;cg23384863;;945;0;0;Tx7;0,110502894;0,281246904;0,63177669;97;0,101345024;Axolotl;Ambystoma mexicanum;1,077522501;2;LRPPRC;43905399;0,281246904;hg38
1924;cg17178220;979;;0;0;EnhA3;-0,110479267;0,281350422;0,63177669;97;0,10134556;Axolotl;Ambystoma mexicanum;-1,077290685;1;DNM3;172144928;0,281350422;hg38
1925;cg26334230;;946;0;0;TxEx1;0,110463461;0,281419684;0,63177669;97;0,101345918;Axolotl;Ambystoma mexicanum;1,077135615;4;HNRNPD;82354915;0,281419684;hg38
1926;cg16603464;980;;0;0;EnhA2;-0,110457808;0,281444462;0,63177669;97;0,101346046;Axolotl;Ambystoma mexicanum;-1,077080146;12;SOX5;23771503;0,281444462;hg38
1927;cg14783875;;947;0;0;Tx7;0,110292322;0,282170374;0,63177669;97;0,101349794;Axolotl;Ambystoma mexicanum;1,075456554;3;FOXP1;70972622;0,282170374;hg38
1928;cg10471548;981;;0;0;Tx7;-0,11028014;0,282223859;0,63177669;97;0,10135007;Axolotl;Ambystoma mexicanum;-1,075337039;6;RIOK1;7402821;0,282223859;hg38
1929;cg21900509;982;;0;0;TxEx1;-0,110274084;0,28225045;0,63177669;97;0,101350207;Axolotl;Ambystoma mexicanum;-1,075277626;2;LRPPRC;43905906;0,28225045;hg38
1930;cg00811894;;948;0;0;EnhWk4;0,110265239;0,282289292;0,63177669;97;0,101350407;Axolotl;Ambystoma mexicanum;1,075190849;11;MPPED2;30717275;0,282289292;hg38
1931;cg25257390;983;;0;0;EnhA17;-0,11024237;0,282389734;0,63177669;97;0,101350925;Axolotl;Ambystoma mexicanum;-1,074966484;23;POLA1;24877008;0,282389734;hg38
1932;cg26480565;984;;0;0;Acet2;-0,110238176;0,282408158;0,63177669;97;0,10135102;Axolotl;Ambystoma mexicanum;-1,074925336;6;ADGRB3;68936582;0,282408158;hg38
1933;cg15712135;985;;0;1;ReprPC1;-0,110225101;0,282465599;0,63177669;97;0,101351315;Axolotl;Ambystoma mexicanum;-1,074797055;2;EN1;118850102;0,282465599;hg38
1934;cg19719713;986;;0;0;EnhA12;-0,110218571;0,282494289;0,63177669;97;0,101351463;Axolotl;Ambystoma mexicanum;-1,07473299;6;PKHD1;51679096;0,282494289;hg38
1935;cg07536573;987;;0;1;BivProm1;-0,110129135;0,282887424;0,63177669;97;0,101353485;Axolotl;Ambystoma mexicanum;-1,07385556;20;MAFB;40688120;0,282887424;hg38
1936;cg02065365;988;;0;0;Tx3;-0,11012434;0,282908513;0,63177669;97;0,101353593;Axolotl;Ambystoma mexicanum;-1,073808514;4;EDNRA;147485957;0,282908513;hg38
1937;cg09907423;;949;0;0;EnhA17;0,110093321;0,283044955;0,63177669;97;0,101354294;Axolotl;Ambystoma mexicanum;1,0735042;2;LINC01412;144567821;0,283044955;hg38
1938;cg11700079;989;;0;1;BivProm2;-0,110073739;0,28313111;0,63177669;97;0,101354736;Axolotl;Ambystoma mexicanum;-1,073312096;5;TLX3;171310377;0,28313111;hg38
1939;cg01398352;990;;0;0;EnhA1;-0,110061694;0,283184114;0,63177669;97;0,101355008;Axolotl;Ambystoma mexicanum;-1,073193928;9;ZNF462;106879183;0,283184114;hg38
1940;cg26678260;;950;0;0;Tx7;0,110013113;0,283397966;0,631927884;97;0,101356105;Axolotl;Ambystoma mexicanum;1,072717321;4;YTHDC1;68321406;0,283397966;hg38
1941;cg04355384;991;;0;0;BivProm4;-0,10979082;0,28437786;0,632941768;97;0,101361118;Axolotl;Ambystoma mexicanum;-1,070536564;11;MPPED2;30635668;0,28437786;hg38
1942;cg09374907;992;;0;0;TxEnh4;-0,109787338;0,284393229;0,632941768;97;0,101361197;Axolotl;Ambystoma mexicanum;-1,070502401;2;MAP4K4;101871548;0,284393229;hg38
1943;cg17363541;993;;0;0;TxEnh5;-0,109769369;0,284472539;0,632941768;97;0,101361602;Axolotl;Ambystoma mexicanum;-1,070326125;5;PCDH1;141854311;0,284472539;hg38
1944;cg01097137;994;;0;0;TxEnh4;-0,109752135;0,284548622;0,632941768;97;0,10136199;Axolotl;Ambystoma mexicanum;-1,070157053;3;MBNL1;152446650;0,284548622;hg38
1945;cg23890805;;951;0;0;EnhA3;0,109744068;0,284584237;0,632941768;97;0,101362171;Axolotl;Ambystoma mexicanum;1,070077919;6;ARID1B;156953767;0,284584237;hg38
1946;cg26496796;;952;0;0;Quies4;0,109660631;0,284952799;0,633092091;97;0,10136405;Axolotl;Ambystoma mexicanum;1,069259401;16;LOC390705;33928129;0,284952799;hg38
1947;cg21907062;;953;0;0;Tx8;0,109636006;0,285061633;0,633092091;97;0,101364604;Axolotl;Ambystoma mexicanum;1,069017834;2;OLA1;174081061;0,285061633;hg38
1948;cg09598225;995;;0;0;PromF4;-0,109609066;0,285180728;0,633092091;97;0,10136521;Axolotl;Ambystoma mexicanum;-1,068753565;20;GNAS;58891784;0,285180728;hg38
1949;cg17254774;;954;0;0;Tx4;0,109596289;0,285237228;0,633092091;97;0,101365497;Axolotl;Ambystoma mexicanum;1,068628218;4;CHIC2;54014108;0,285237228;hg38
1950;cg09083157;;955;0;0;EnhWk3;0,109558792;0,285403071;0,633135333;97;0,10136634;Axolotl;Ambystoma mexicanum;1,068260389;19;LINC01791;31096674;0,285403071;hg38
1951;cg03905612;;956;0;0;EnhWk4;0,10943331;0,285958539;0,634042427;97;0,10136916;Axolotl;Ambystoma mexicanum;1,067029448;5;NR2F1-AS1;92712165;0,285958539;hg38
1952;cg25529610;;957;0;0;Tx7;0,109339809;0,2863729;0,634635883;97;0,101371258;Axolotl;Ambystoma mexicanum;1,066112256;17;LUC7L3;50751221;0,2863729;hg38
1953;cg03649609;;958;0;0;EnhA6;0,109262266;0,286716844;0,634849622;97;0,101372997;Axolotl;Ambystoma mexicanum;1,065351614;5;FAM172A;93894685;0,286716844;hg38
1954;cg03899760;996;;0;0;TSS1;-0,109247741;0,286781298;0,634849622;97;0,101373323;Axolotl;Ambystoma mexicanum;-1,065209141;11;WNT11;76235830;0,286781298;hg38
1955;cg01712842;;959;0;0;BivProm1;0,109218832;0,286909618;0,634849622;97;0,101373971;Axolotl;Ambystoma mexicanum;1,064925559;4;NEUROG2-AS1;112523624;0,286909618;hg38
1956;cg08310277;;960;0;0;PromF6;0,109138631;0,287265798;0,63510066;97;0,101375768;Axolotl;Ambystoma mexicanum;1,064138862;23;OGT;71536228;0,287265798;hg38
1957;cg27121936;997;;0;0;EnhA15;-0,109127175;0,2873167;0,63510066;97;0,101376024;Axolotl;Ambystoma mexicanum;-1,064026488;11;SOX6;16185674;0,2873167;hg38
1958;cg04226713;998;;0;0;TxEnh8;-0,108998407;0,287889255;0,635823601;97;0,101378906;Axolotl;Ambystoma mexicanum;-1,062763415;12;ETV6;11884510;0,287889255;hg38
1959;cg20070619;;961;0;0;TxWk1;0,108941255;0,288143618;0,635823601;97;0,101380184;Axolotl;Ambystoma mexicanum;1,062202825;10;PARD3;34337385;0,288143618;hg38
1960;cg20996079;;962;0;1;ReprPC1;0,108864784;0,288484199;0,635823601;97;0,101381893;Axolotl;Ambystoma mexicanum;1,061452741;2;EVX2;176073597;0,288484199;hg38
1961;cg23738088;;963;0;0;TxWk2;0,108863577;0,288489576;0,635823601;97;0,10138192;Axolotl;Ambystoma mexicanum;1,061440905;1;PRKAA2;56707645;0,288489576;hg38
1962;cg06501452;;964;0;0;EnhWk4;0,108862725;0,288493372;0,635823601;97;0,101381939;Axolotl;Ambystoma mexicanum;1,061432548;18;KIAA1328;36900739;0,288493372;hg38
1963;cg09473797;;965;0;0;EnhA17;0,108855481;0,288525648;0,635823601;97;0,101382101;Axolotl;Ambystoma mexicanum;1,061361498;20;TSHZ2;53346197;0,288525648;hg38
1964;cg02036957;999;;0;0;PromF4;-0,108708712;0,289180123;0,63638653;97;0,101385377;Axolotl;Ambystoma mexicanum;-1,059921918;12;MIRLET7I;62603750;0,289180123;hg38
1965;cg00675053;;966;0;0;TxEx2;0,108692918;0,289250612;0,63638653;97;0,101385729;Axolotl;Ambystoma mexicanum;1,059767002;14;MAX;65078029;0,289250612;hg38
1966;cg22584556;1000;;0;0;TxEnh4;-0,108664153;0,289379015;0,63638653;97;0,10138637;Axolotl;Ambystoma mexicanum;-1,059484873;6;QKI;163570840;0,289379015;hg38
1967;cg01994205;1001;;0;1;BivProm1;-0,108628758;0,28953707;0,63638653;97;0,10138716;Axolotl;Ambystoma mexicanum;-1,059137706;13;OBI1-AS1;78603332;0,28953707;hg38
1968;cg00147440;1002;;0;0;EnhA18;-0,108615682;0,289595473;0,63638653;97;0,101387451;Axolotl;Ambystoma mexicanum;-1,059009458;10;EBF3;129901767;0,289595473;hg38
1969;cg18136650;1003;;0;0;EnhWk7;-0,108575353;0,289775653;0,63638653;97;0,10138835;Axolotl;Ambystoma mexicanum;-1,058613902;17;ACACA;37146549;0,289775653;hg38
1970;cg27052685;1004;;0;0;EnhA17;-0,10856747;0,28981088;0,63638653;97;0,101388525;Axolotl;Ambystoma mexicanum;-1,058536587;2;LINC01831;104052707;0,28981088;hg38
1971;cg06779064;1005;;0;0;TxEx2;-0,108490048;0,290157019;0,636678552;97;0,101390249;Axolotl;Ambystoma mexicanum;-1,057777223;16;TNRC6A;24818649;0,290157019;hg38
1972;cg12813238;;967;0;0;TxEnh8;0,108471779;0,290238734;0,636678552;97;0,101390656;Axolotl;Ambystoma mexicanum;1,057598046;12;ADIPOR2;1780444;0,290238734;hg38
1973;cg11918226;1006;;0;0;EnhA20;-0,108438997;0,290385405;0,636678552;97;0,101391386;Axolotl;Ambystoma mexicanum;-1,057276521;18;CCDC178;33183303;0,290385405;hg38
1974;cg06004041;1007;;0;0;HET7;-0,108324135;0,290899704;0,637173276;97;0,10139394;Axolotl;Ambystoma mexicanum;-1,056149969;3;ZNF385D;21510994;0,290899704;hg38
1975;cg17439607;;968;0;0;BivProm1;0,108292824;0,291040004;0,637173276;97;0,101394636;Axolotl;Ambystoma mexicanum;1,05584288;18;SMAD2;47749113;0,291040004;hg38
1976;cg07775532;;969;0;0;ReprPC4;0,108269007;0,291146754;0,637173276;97;0,101395165;Axolotl;Ambystoma mexicanum;1,055609292;3;CADPS;62513637;0,291146754;hg38
1977;cg11084334;;970;0;1;BivProm2;0,10825708;0,291200222;0,637173276;97;0,10139543;Axolotl;Ambystoma mexicanum;1,055492316;3;LHFPL4;9552580;0,291200222;hg38
1978;cg07020859;1008;;0;0;EnhA6;-0,108123532;0,291799351;0,638161433;97;0,101398395;Axolotl;Ambystoma mexicanum;-1,054182543;6;LOC101927314;97461357;0,291799351;hg38
1979;cg19884962;;971;0;1;BivProm4;0,10789971;0,292805297;0,640037846;97;0,101403356;Axolotl;Ambystoma mexicanum;1,051987472;12;HOXC5;53990493;0,292805297;hg38
1980;cg22552849;1009;;0;0;PromF5;-0,107859522;0,29298616;0,64010974;97;0,101404245;Axolotl;Ambystoma mexicanum;-1,05159335;3;ZBTB20-AS5;114454922;0,29298616;hg38
1981;cg06708132;;972;0;0;Tx8;0,107777741;0,293354438;0,640590815;97;0,101406055;Axolotl;Ambystoma mexicanum;1,050791331;17;SKAP1;48178652;0,293354438;hg38
1982;cg24304767;1010;;0;0;TxEx3;-0,10773542;0,29354514;0,64068383;97;0,10140699;Axolotl;Ambystoma mexicanum;-1,050376296;12;CNOT2;70354647;0,29354514;hg38
1983;cg15592596;1011;;0;1;TSS2;-0,107674624;0,293819232;0,640958667;97;0,101408334;Axolotl;Ambystoma mexicanum;-1,049780089;7;MIR129-1;128167572;0,293819232;hg38
1984;cg07010334;;973;0;0;Tx7;0,107624764;0,294044146;0,641126;97;0,101409435;Axolotl;Ambystoma mexicanum;1,049291133;2;USP34;61203187;0,294044146;hg38
1985;cg07837584;1012;;0;0;EnhA5;-0,107552693;0,294369455;0,641190637;97;0,101411026;Axolotl;Ambystoma mexicanum;-1,048584365;18;ZNF407;74796756;0,294369455;hg38
1986;cg16396480;1013;;0;0;Acet3;-0,10755252;0,294370236;0,641190637;97;0,10141103;Axolotl;Ambystoma mexicanum;-1,048582668;2;ARHGAP15;143792847;0,294370236;hg38
1987;cg14045854;1014;;0;0;PromF5;-0,107509495;0,294564553;0,641290987;97;0,10141198;Axolotl;Ambystoma mexicanum;-1,048160746;2;IRS1;226798656;0,294564553;hg38
1988;cg18944151;1015;;0;1;BivProm2;-0,107467825;0,294752833;0,641378102;97;0,101412899;Axolotl;Ambystoma mexicanum;-1,047752108;20;FOXA2;22582619;0,294752833;hg38
1989;cg03334582;;974;0;0;Quies2;0,107417942;0,294978324;0,641514696;97;0,101413998;Axolotl;Ambystoma mexicanum;1,047262939;7;AUTS2;70446563;0,294978324;hg38
1990;cg13777420;;975;0;0;EnhWk8;0,107386087;0,295122379;0,641514696;97;0,1014147;Axolotl;Ambystoma mexicanum;1,046950566;23;POLA1;24990809;0,295122379;hg38
1991;cg24217623;1016;;0;0;PromF7;-0,107324539;0,295400847;0,641514696;97;0,101416056;Axolotl;Ambystoma mexicanum;-1,046347014;9;PBX3;125759707;0,295400847;hg38
1992;cg06561225;1017;;0;0;Tx7;-0,10730477;0,295490324;0,641514696;97;0,101416492;Axolotl;Ambystoma mexicanum;-1,046153161;17;HELZ;67167653;0,295490324;hg38
1993;cg05017276;;976;0;0;PromF4;0,107290021;0,295557095;0,641514696;97;0,101416816;Axolotl;Ambystoma mexicanum;1,046008529;8;TRPS1;115669021;0,295557095;hg38
1994;cg09084199;1018;;0;1;PromF5;-0,10709854;0,296424841;0,642389723;97;0,101421028;Axolotl;Ambystoma mexicanum;-1,044130879;16;MAF;79599872;0,296424841;hg38
1995;cg07265167;1019;;0;0;BivProm3;-0,107097165;0,296431077;0,642389723;97;0,101421058;Axolotl;Ambystoma mexicanum;-1,044117399;15;LOC101928174;34792431;0,296431077;hg38
1996;cg23787052;1020;;0;0;EnhA6;-0,107067414;0,296566052;0,642389723;97;0,101421712;Axolotl;Ambystoma mexicanum;-1,043825672;4;LRBA;150601025;0,296566052;hg38
1997;cg02553697;;977;0;0;EnhWk1;0,107062859;0,296586723;0,642389723;97;0,101421812;Axolotl;Ambystoma mexicanum;1,043781003;4;LRBA;150794947;0,296586723;hg38
1998;cg07355869;;978;0;0;EnhA1;0,107037296;0,296702734;0,642389723;97;0,101422374;Axolotl;Ambystoma mexicanum;1,043530345;10;CELF2;11329003;0,296702734;hg38
1999;cg08598988;1021;;0;0;BivProm2;-0,106987698;0,296927914;0,64255566;97;0,101423463;Axolotl;Ambystoma mexicanum;-1,043044001;3;ADCY5;123447573;0,296927914;hg38
2000;cg12811630;1022;;0;0;Quies1;-0,10694881;0,297104548;0,642616428;97;0,101424316;Axolotl;Ambystoma mexicanum;-1,042662681;18;MIR924HG;39184245;0,297104548;hg38
2001;cg24702760;1023;;0;0;TxWk1;-0,106805893;0,297754279;0,643427939;97;0,101427451;Axolotl;Ambystoma mexicanum;-1,041261329;6;SRSF12;89107178;0,297754279;hg38
2002;cg07259781;1024;;0;0;Tx6;-0,106800851;0,297777218;0,643427939;97;0,101427561;Axolotl;Ambystoma mexicanum;-1,041211891;4;LCORL;17961911;0,297777218;hg38
2003;cg07583211;1025;;0;0;TxEnh4;-0,106751555;0,298001561;0,643428782;97;0,101428641;Axolotl;Ambystoma mexicanum;-1,040728525;11;SIDT2;117190166;0,298001561;hg38
2004;cg13982956;1026;;0;0;PromF7;-0,106705103;0,298213056;0,643428782;97;0,101429658;Axolotl;Ambystoma mexicanum;-1,040273061;9;PBX3;125759697;0,298213056;hg38
2005;cg12456898;;979;0;0;TxEnh6;0,106700951;0,298231968;0,643428782;97;0,101429749;Axolotl;Ambystoma mexicanum;1,040232345;6;FYN;111700163;0,298231968;hg38
2006;cg26145001;1027;;0;0;ReprPC4;-0,106670083;0,298372568;0,643428782;97;0,101430425;Axolotl;Ambystoma mexicanum;-1,039929688;3;MDFIC2;70465034;0,298372568;hg38
2007;cg10569638;;980;0;0;Quies1;0,106525222;0,299032994;0,644192125;97;0,101433594;Axolotl;Ambystoma mexicanum;1,038509329;2;NRXN1;50055005;0,299032994;hg38
2008;cg00439253;1028;;0;0;TxEx1;-0,106516796;0,299071437;0,644192125;97;0,101433778;Axolotl;Ambystoma mexicanum;-1,038426715;17;SMURF2;64571897;0,299071437;hg38
2009;cg09605634;1029;;0;0;EnhA18;-0,106494474;0,299173297;0,644192125;97;0,101434266;Axolotl;Ambystoma mexicanum;-1,038207853;13;DCLK1;35947401;0,299173297;hg38
2010;cg13343932;1030;;0;1;PromF3;-0,106452183;0,299366345;0,644222502;97;0,10143519;Axolotl;Ambystoma mexicanum;-1,037793197;17;SOCS3;78358980;0,299366345;hg38
2011;cg11332099;1031;;0;0;EnhA6;-0,106426143;0,299485252;0,644222502;97;0,101435758;Axolotl;Ambystoma mexicanum;-1,037537879;6;LOC101927314;97461436;0,299485252;hg38
2012;cg27419851;;981;0;1;ReprPC2;0,106369667;0,299743243;0,644457;97;0,101436991;Axolotl;Ambystoma mexicanum;1,036984152;9;DMRT3;969344;0,299743243;hg38
2013;cg01611369;1032;;0;0;Acet2;-0,106335212;0,29990071;0,644475242;97;0,101437743;Axolotl;Ambystoma mexicanum;-1,036646337;5;ARRDC3;91885737;0,29990071;hg38
2014;cg13396001;;982;0;0;Tx7;0,106240915;0,300331944;0,644561191;97;0,1014398;Axolotl;Ambystoma mexicanum;1,035721811;2;ATAD2B;23786064;0,300331944;hg38
2015;cg06766842;1033;;0;0;EnhWk5;-0,106230691;0,300378727;0,644561191;97;0,101440023;Axolotl;Ambystoma mexicanum;-1,035621565;14;LINC00618;96965091;0,300378727;hg38
2016;cg10833170;1034;;0;0;EnhWk8;-0,106196839;0,300533652;0,644561191;97;0,101440761;Axolotl;Ambystoma mexicanum;-1,035289672;18;LOC339298;76145805;0,300533652;hg38
2017;cg06491768;;983;0;0;PromF6;0,10619617;0,300536713;0,644561191;97;0,101440775;Axolotl;Ambystoma mexicanum;1,035283115;1;LMO4;87335910;0,300536713;hg38
2018;cg03706830;1035;;0;0;ReprPC2;-0,106096081;0,300995089;0,645224379;97;0,101442955;Axolotl;Ambystoma mexicanum;-1,034301814;23;ARX;24999769;0,300995089;hg38
2019;cg13193455;1036;;0;1;BivProm2;-0,106028177;0,301306327;0,645462405;97;0,101444433;Axolotl;Ambystoma mexicanum;-1,033636078;1;POU3F1;38045783;0,301306327;hg38
2020;cg00020468;1037;;0;0;TxWk2;-0,105984569;0,301506318;0,645462405;97;0,101445382;Axolotl;Ambystoma mexicanum;-1,033208538;10;ANK3;60070043;0,301506318;hg38
2021;cg02606236;;984;0;0;Tx8;0,105974227;0,301553758;0,645462405;97;0,101445606;Axolotl;Ambystoma mexicanum;1,033107149;23;DMD;31178668;0,301553758;hg38
2022;cg18901929;1038;;0;0;Tx6;-0,105928776;0,301762312;0,645589364;97;0,101446595;Axolotl;Ambystoma mexicanum;-1,032661553;1;DOCK7;62543672;0,301762312;hg38
2023;cg13908214;;985;0;0;ReprPC2;0,105821518;0,302254849;0,646049401;97;0,101448925;Axolotl;Ambystoma mexicanum;1,031610011;6;TFAP2B;50854131;0,302254849;hg38
2024;cg01819137;1039;;0;1;BivProm2;-0,105792145;0,302389825;0,646049401;97;0,101449563;Axolotl;Ambystoma mexicanum;-1,031322043;5;POU4F3;146340375;0,302389825;hg38
2025;cg18344896;;986;0;0;Acet3;0,105784408;0,30242538;0,646049401;97;0,10144973;Axolotl;Ambystoma mexicanum;1,0312462;3;LSAMP;117144339;0,30242538;hg38
2026;cg07193181;;987;0;0;BivProm3;0,105724438;0,302701101;0,646319232;97;0,101451032;Axolotl;Ambystoma mexicanum;1,030658269;5;LINC00461;88540244;0,302701101;hg38
2027;cg12566054;;988;0;0;Tx7;0,105511749;0,303680277;0,646516912;97;0,101455641;Axolotl;Ambystoma mexicanum;1,028573199;18;USP14;203143;0,303680277;hg38
2028;cg07705206;;989;0;0;Quies3;0,105492424;0,30376935;0,646516912;97;0,10145606;Axolotl;Ambystoma mexicanum;1,028383749;3;CACNA2D3-AS1;54879353;0,30376935;hg38
2029;cg17069848;;990;0;0;PromF4;0,105475222;0,303848651;0,646516912;97;0,101456432;Axolotl;Ambystoma mexicanum;1,028215112;12;SMARCC2;56190388;0,303848651;hg38
2030;cg23051551;;991;0;0;EnhWk1;0,105444746;0,303989177;0,646516912;97;0,101457091;Axolotl;Ambystoma mexicanum;1,027916353;10;EBF3;129792381;0,303989177;hg38
2031;cg26278617;;992;0;0;EnhA13;0,105430873;0,304053158;0,646516912;97;0,101457392;Axolotl;Ambystoma mexicanum;1,027780358;1;LINC01696;209325183;0,304053158;hg38
2032;cg19296935;;993;0;0;ReprPC4;0,105416451;0,304119682;0,646516912;97;0,101457704;Axolotl;Ambystoma mexicanum;1,027638977;7;ZPBP;50180223;0,304119682;hg38
2033;cg19933464;;994;0;0;TxEx3;0,105405469;0,304170349;0,646516912;97;0,101457941;Axolotl;Ambystoma mexicanum;1,027531313;23;GPM6B;13776249;0,304170349;hg38
2034;cg16846234;1040;;0;0;EnhWk4;-0,105372814;0,304321025;0,646516912;97;0,101458647;Axolotl;Ambystoma mexicanum;-1,027211201;2;LINC01935;103126698;0,304321025;hg38
2035;cg12241489;1041;;0;0;EnhWk8;-0,105346223;0,304443759;0,646516912;97;0,101459222;Axolotl;Ambystoma mexicanum;-1,02695053;2;LINC01122;58975783;0,304443759;hg38
2036;cg02808768;;995;0;0;Acet5;0,105306657;0,304626445;0,646516912;97;0,101460077;Axolotl;Ambystoma mexicanum;1,026562659;1;USH2A;215792612;0,304626445;hg38
2037;cg00010977;1042;;0;0;Quies3;-0,105291233;0,304697676;0,646516912;97;0,101460411;Axolotl;Ambystoma mexicanum;-1,026411464;2;FIGN;163444812;0,304697676;hg38
2038;cg12069228;;996;0;0;Quies3;0,105289685;0,304704826;0,646516912;97;0,101460444;Axolotl;Ambystoma mexicanum;1,02639629;15;MAP2K5;67724058;0,304704826;hg38
2039;cg02231368;;997;0;0;EnhA6;0,10528281;0,304736585;0,646516912;97;0,101460593;Axolotl;Ambystoma mexicanum;1,026328888;2;ARHGAP15;143684927;0,304736585;hg38
2040;cg22164364;;998;0;0;EnhA6;0,105205206;0,305095186;0,646542536;97;0,101462268;Axolotl;Ambystoma mexicanum;1,025568153;8;ST18;52215325;0,305095186;hg38
2041;cg23610653;1043;;0;0;ReprPC2;-0,105167655;0,305268806;0,646542536;97;0,101463079;Axolotl;Ambystoma mexicanum;-1,025200048;3;SST;187669114;0,305268806;hg38
2042;cg01857866;1044;;0;0;TxEx1;-0,10513091;0,305438758;0,646542536;97;0,101463872;Axolotl;Ambystoma mexicanum;-1,024839855;15;CLK3;74622231;0,305438758;hg38
2043;cg17943107;1045;;0;0;TxEnh5;-0,105122155;0,305479262;0,646542536;97;0,101464061;Axolotl;Ambystoma mexicanum;-1,024754031;5;MARCHF3;126915030;0,305479262;hg38
2044;cg16927890;1046;;0;0;Quies3;-0,105118545;0,305495962;0,646542536;97;0,101464139;Axolotl;Ambystoma mexicanum;-1,024718647;1;ATG4C;62904362;0,305495962;hg38
2045;cg20391023;1047;;0;0;TxEx3;-0,1049662;0,306201341;0,647718491;97;0,101467422;Axolotl;Ambystoma mexicanum;-1,023225284;17;FLOT2;28885893;0,306201341;hg38
2046;cg04561722;;999;0;0;TxEx3;0,104753157;0,307189541;0,648916028;97;0,101472006;Axolotl;Ambystoma mexicanum;1,021136989;5;CYFIP2;157319845;0,307189541;hg38
2047;cg22032867;1048;;0;1;BivProm1;-0,104749004;0,307208825;0,648916028;97;0,101472095;Axolotl;Ambystoma mexicanum;-1,02109628;7;HOXA7;27156594;0,307208825;hg38
2048;cg02955922;1049;;0;0;EnhA6;-0,104644487;0,307694408;0,648916028;97;0,101474341;Axolotl;Ambystoma mexicanum;-1,020071803;16;LINC02168;50863271;0,307694408;hg38
2049;cg11422963;1050;;0;0;Quies2;-0,104636107;0,307733364;0,648916028;97;0,101474521;Axolotl;Ambystoma mexicanum;-1,019989662;7;LINC01162;20861635;0,307733364;hg38
2050;cg05388242;;1000;1;1;PromF5;0,104628329;0,30776952;0,648916028;97;0,101474688;Axolotl;Ambystoma mexicanum;1,019913429;18;AQP4-AS1;26657439;0,30776952;hg38
2051;cg21357117;1051;;0;0;EnhWk3;-0,104626547;0,307777805;0,648916028;97;0,101474726;Axolotl;Ambystoma mexicanum;-1,019895962;1;CASZ1;10678717;0,307777805;hg38
2052;cg14553312;;1001;0;0;EnhA3;0,104599355;0,307904244;0,648916028;97;0,10147531;Axolotl;Ambystoma mexicanum;1,019629426;13;LINC01038;79782935;0,307904244;hg38
2053;cg25307053;1052;;0;0;HET1;-0,10454189;0,308171553;0,648916028;97;0,101476543;Axolotl;Ambystoma mexicanum;-1,019066171;14;NRXN3;79861766;0,308171553;hg38
2054;cg00351264;;1002;0;0;ReprPC3;0,104530341;0,308225293;0,648916028;97;0,10147679;Axolotl;Ambystoma mexicanum;1,018952973;9;PAX5;36940229;0,308225293;hg38
2055;cg02187860;;1003;0;0;EnhA6;0,104516684;0,308288851;0,648916028;97;0,101477083;Axolotl;Ambystoma mexicanum;1,018819112;9;LOC101929116;126276502;0,308288851;hg38
2056;cg11879501;1053;;0;0;ReprPC4;-0,104489034;0,308417556;0,648916028;97;0,101477676;Axolotl;Ambystoma mexicanum;-1,018548096;17;MRM1;36746281;0,308417556;hg38
2057;cg01730937;;1004;0;0;EnhA2;0,104434731;0,308670433;0,649132359;97;0,10147884;Axolotl;Ambystoma mexicanum;1,01801583;10;EBF3;129952876;0,308670433;hg38
2058;cg27349607;1054;;0;0;TxEnh5;-0,104402022;0,308822814;0,64913724;97;0,101479541;Axolotl;Ambystoma mexicanum;-1,017695232;8;ZFHX4;76704691;0,308822814;hg38
2059;cg24033697;;1005;0;0;Tx5;0,104348942;0,3090702;0,649341718;97;0,101480678;Axolotl;Ambystoma mexicanum;1,017174973;2;PKP4-AS1;158678598;0,3090702;hg38
2060;cg14830513;;1006;0;0;EnhWk3;0,104310539;0,309249264;0,649402526;97;0,1014815;Axolotl;Ambystoma mexicanum;1,016798568;20;TSHZ2;53346266;0,309249264;hg38
2061;cg07267732;1055;;0;0;EnhWk4;-0,104138554;0,310052011;0,650710059;97;0,101485178;Axolotl;Ambystoma mexicanum;-1,015112905;18;SALL3;78702042;0,310052011;hg38
2062;cg14630728;;1007;0;0;TxEx3;0,104051176;0,310460369;0,650710059;97;0,101487045;Axolotl;Ambystoma mexicanum;1,014256512;15;MYO9A;71847428;0,310460369;hg38
2063;cg23395530;1056;;0;0;TxEx1;-0,104041101;0,310507479;0,650710059;97;0,10148726;Axolotl;Ambystoma mexicanum;-1,014157763;1;HIPK1;113941365;0,310507479;hg38
2064;cg22044223;;1008;0;0;ReprPC3;0,103997647;0,31071071;0,650710059;97;0,101488187;Axolotl;Ambystoma mexicanum;1,013731875;10;HIF1AN;100625413;0,31071071;hg38
2065;cg21139873;1057;;0;1;PromF3;-0,103985127;0,31076928;0,650710059;97;0,101488454;Axolotl;Ambystoma mexicanum;-1,013609171;5;PURA;140114880;0,31076928;hg38
2066;cg05303018;1058;;0;1;ReprPC1;-0,10398402;0,310774458;0,650710059;97;0,101488478;Axolotl;Ambystoma mexicanum;-1,013598324;11;PAX6;31800831;0,310774458;hg38
2067;cg01898872;1059;;0;0;EnhA4;-0,103916582;0,311090076;0,651055781;97;0,101489916;Axolotl;Ambystoma mexicanum;-1,012937373;8;LOC100505501;59630933;0,311090076;hg38
2068;cg17012009;1060;;0;0;TxEx2;-0,103853931;0,311383474;0,651354691;97;0,101491252;Axolotl;Ambystoma mexicanum;-1,01232335;12;USP5;6863337;0,311383474;hg38
2069;cg11910916;1061;;0;0;EnhA18;-0,103691886;0,312143173;0,65262825;97;0,101494703;Axolotl;Ambystoma mexicanum;-1,010735226;1;LINC00466;63199888;0,312143173;hg38
2070;cg17693227;1062;;0;0;Tx7;-0,103548288;0,312817396;0,653149688;97;0,101497756;Axolotl;Ambystoma mexicanum;-1,009327917;11;FAR1;13714546;0,312817396;hg38
2071;cg00114602;;1009;0;0;TxEnh5;0,103534137;0,312883886;0,653149688;97;0,101498056;Axolotl;Ambystoma mexicanum;1,00918924;10;TCF7L2;113165574;0,312883886;hg38
2072;cg27563539;;1010;0;0;BivProm4;0,103523761;0,312932649;0,653149688;97;0,101498277;Axolotl;Ambystoma mexicanum;1,009087548;10;ZNF503-AS1;75283961;0,312932649;hg38
2073;cg11763177;;1011;0;0;TxEnh5;0,103510171;0,312996518;0,653149688;97;0,101498566;Axolotl;Ambystoma mexicanum;1,00895437;8;FAM110B;58147155;0,312996518;hg38
2074;cg16748382;1063;;0;0;EnhA6;-0,103472394;0,313174114;0,653163317;97;0,101499368;Axolotl;Ambystoma mexicanum;-1,008584145;2;EXOC6B;72334958;0,313174114;hg38
2075;cg11661600;1064;;0;0;EnhA17;-0,103323436;0,313875013;0,653163317;97;0,101502528;Axolotl;Ambystoma mexicanum;-1,007124366;12;SOX5;24081837;0,313875013;hg38
2076;cg22951451;1065;;0;0;EnhA4;-0,103270351;0,314125044;0,653163317;97;0,101503653;Axolotl;Ambystoma mexicanum;-1,006604141;12;POLR3B;106418374;0,314125044;hg38
2077;cg12065837;1066;;0;0;ReprPC2;-0,103256254;0,314191461;0,653163317;97;0,101503952;Axolotl;Ambystoma mexicanum;-1,006465997;6;TFAP2B;50831285;0,314191461;hg38
2078;cg03738429;;1012;0;0;EnhWk1;0,103229276;0,314318592;0,653163317;97;0,101504524;Axolotl;Ambystoma mexicanum;1,006201623;3;LSAMP;116256099;0,314318592;hg38
2079;cg05405476;;1013;0;0;TxEnh8;0,103226778;0,314330368;0,653163317;97;0,101504577;Axolotl;Ambystoma mexicanum;1,006177137;5;SLF1;94692183;0,314330368;hg38
2080;cg10739156;1067;;0;0;PromF6;-0,103224231;0,314342371;0,653163317;97;0,10150463;Axolotl;Ambystoma mexicanum;-1,00615218;23;SAT1;23784347;0,314342371;hg38
2081;cg00519301;1068;;0;0;EnhA2;-0,103155477;0,314666538;0,653163317;97;0,101506086;Axolotl;Ambystoma mexicanum;-1,005478415;6;IFNGR1;137332986;0,314666538;hg38
2082;cg12188278;1069;;0;0;ReprPC1;-0,103140067;0,314739225;0,653163317;97;0,101506412;Axolotl;Ambystoma mexicanum;-1,005327402;13;LOC101927437;99961878;0,314739225;hg38
2083;cg10774906;1070;;0;0;Quies3;-0,103033977;0,315239923;0,653163317;97;0,101508657;Axolotl;Ambystoma mexicanum;-1,004287778;11;RCN1;32200378;0,315239923;hg38
2084;cg04248528;1071;;0;0;TxWk2;-0,102994118;0,315428172;0,653163317;97;0,101509499;Axolotl;Ambystoma mexicanum;-1,003897187;12;KIF5A;57581007;0,315428172;hg38
2085;cg01088303;;1014;0;0;TxEx1;0,102972117;0,315532116;0,653163317;97;0,101509964;Axolotl;Ambystoma mexicanum;1,003681586;1;ZNF326;90007739;0,315532116;hg38
2086;cg17032990;;1015;0;0;TxEnh4;0,102942216;0,315673412;0,653163317;97;0,101510596;Axolotl;Ambystoma mexicanum;1,003388579;2;MAP4K4;101859008;0,315673412;hg38
2087;cg16167976;1072;;0;0;EnhWk8;-0,102925919;0,31575044;0,653163317;97;0,10151094;Axolotl;Ambystoma mexicanum;-1,003228883;15;SPATA8;97059672;0,31575044;hg38
2088;cg26246058;1073;;0;0;TxEx2;-0,102924154;0,315758784;0,653163317;97;0,101510977;Axolotl;Ambystoma mexicanum;-1,003211586;23;HUWE1;53561891;0,315758784;hg38
2089;cg18902591;1074;;0;1;PromF4;-0,102870286;0,316013486;0,653163317;97;0,101512115;Axolotl;Ambystoma mexicanum;-1,002683722;1;BCAR3;93847647;0,316013486;hg38
2090;cg04446004;1075;;0;1;BivProm2;-0,102825676;0,31622451;0,653163317;97;0,101513056;Axolotl;Ambystoma mexicanum;-1,002246592;7;LHFPL3;104328877;0,31622451;hg38
2091;cg09853290;1076;;0;0;EnhWk7;-0,102720002;0,316724766;0,653163317;97;0,101515285;Axolotl;Ambystoma mexicanum;-1,00121109;9;ZCCHC7;37337494;0,316724766;hg38
2092;cg15628325;1077;;0;1;ReprPC1;-0,102680047;0,316914043;0,653163317;97;0,101516127;Axolotl;Ambystoma mexicanum;-1,000819577;6;TFAP2D;50715497;0,316914043;hg38
2093;cg13531493;;1016;0;0;Tx4;0,102679494;0,316916664;0,653163317;97;0,101516138;Axolotl;Ambystoma mexicanum;1,000814156;5;FBXW11;171910652;0,316916664;hg38
2094;cg04244133;;1017;0;0;BivProm3;0,102672977;0,316947544;0,653163317;97;0,101516275;Axolotl;Ambystoma mexicanum;1,000750298;19;CELF5;3290373;0,316947544;hg38
2095;cg25279873;1078;;0;0;ReprPC3;-0,102671691;0,31695364;0,653163317;97;0,101516303;Axolotl;Ambystoma mexicanum;-1,000737691;9;PAX5;36979085;0,31695364;hg38
2096;cg01571965;1079;;0;0;TxEnh5;-0,102602261;0,317282747;0,653163317;97;0,101517765;Axolotl;Ambystoma mexicanum;-1,000057365;2;BCL11A;60460693;0,317282747;hg38
2097;cg00376184;1080;;0;0;EnhA6;-0,102597735;0,317304211;0,653163317;97;0,10151786;Axolotl;Ambystoma mexicanum;-1,000013012;5;LOC101929154;77946548;0,317304211;hg38
2098;cg06045699;1081;;0;1;BivProm4;-0,102569157;0,317439742;0,653163317;97;0,101518462;Axolotl;Ambystoma mexicanum;-0,99973299;7;HOXA2;27102669;0,317439742;hg38
2099;cg13156511;;1018;0;0;ReprPC8;0,102528793;0,31763124;0,653163317;97;0,101519311;Axolotl;Ambystoma mexicanum;0,99933747;23;TRPC5;111847279;0,31763124;hg38
2100;cg15674718;;1019;0;0;Acet3;0,102503224;0,317752579;0,653163317;97;0,101519849;Axolotl;Ambystoma mexicanum;0,999086937;5;GRIA1;153795518;0,317752579;hg38
2101;cg03991032;1082;;0;1;BivProm2;-0,102457173;0,317971201;0,653163317;97;0,101520817;Axolotl;Ambystoma mexicanum;-0,998635697;12;HOXC5;53989399;0,317971201;hg38
2102;cg13897126;1083;;0;0;BivProm4;-0,102440542;0,318050176;0,653163317;97;0,101521167;Axolotl;Ambystoma mexicanum;-0,998472741;10;BTRC;101486284;0,318050176;hg38
2103;cg12108366;1084;;0;0;TxWk2;-0,102436897;0,318067488;0,653163317;97;0,101521244;Axolotl;Ambystoma mexicanum;-0,998437023;3;NLGN1;174281099;0,318067488;hg38
2104;cg01368226;1085;;0;0;TxEnh8;-0,102423625;0,318130524;0,653163317;97;0,101521522;Axolotl;Ambystoma mexicanum;-0,99830698;9;MAPKAP1;125541871;0,318130524;hg38
2105;cg17532473;1086;;0;1;ReprPC1;-0,102416895;0,318162492;0,653163317;97;0,101521664;Axolotl;Ambystoma mexicanum;-0,998241037;10;LBX1-AS1;101222636;0,318162492;hg38
2106;cg13267461;;1020;0;0;TxEnh4;0,102411865;0,318186386;0,653163317;97;0,10152177;Axolotl;Ambystoma mexicanum;0,99819175;21;WRB-SH3BGR;39390796;0,318186386;hg38
2107;cg20765933;1087;;0;0;TxEx1;-0,102398815;0,318248381;0,653163317;97;0,101522044;Axolotl;Ambystoma mexicanum;-0,998063886;20;RBM12;35655187;0,318248381;hg38
2108;cg22719807;;1021;0;0;Tx2;0,102390537;0,318287712;0,653163317;97;0,101522218;Axolotl;Ambystoma mexicanum;0,997982773;5;KIF2A;62347132;0,318287712;hg38
2109;cg07010262;;1022;0;0;EnhWk8;0,102216151;0,31911699;0,653933082;97;0,101525879;Axolotl;Ambystoma mexicanum;0,996274088;8;CDCA2;25537029;0,31911699;hg38
2110;cg16473013;1088;;0;0;EnhA6;-0,102214958;0,319122666;0,653933082;97;0,101525904;Axolotl;Ambystoma mexicanum;-0,996262402;9;MVB12B;126437476;0,319122666;hg38
2111;cg03755582;;1023;0;1;BivProm2;0,10219504;0,319217478;0,653933082;97;0,101526321;Axolotl;Ambystoma mexicanum;0,996067235;1;LINC02609;90835130;0,319217478;hg38
2112;cg13626528;;1024;0;0;TxEx2;0,102157009;0,31939855;0,653933082;97;0,101527119;Axolotl;Ambystoma mexicanum;0,99569461;2;HAT1;171966366;0,31939855;hg38
2113;cg27484500;;1025;0;0;EnhWk4;0,102152786;0,319418662;0,653933082;97;0,101527207;Axolotl;Ambystoma mexicanum;0,99565323;6;ID4;19860979;0,319418662;hg38
2114;cg06916066;;1026;0;0;EnhA17;0,101877657;0,32073064;0,656279743;97;0,101532966;Axolotl;Ambystoma mexicanum;0,992957555;1;CACHD1;64597368;0,32073064;hg38
2115;cg20857631;1089;;0;0;ReprPC1;-0,101848824;0,320868328;0,656279743;97;0,101533569;Axolotl;Ambystoma mexicanum;-0,99267507;10;CTNNA3;66927760;0,320868328;hg38
2116;cg18471385;;1027;0;0;TxEnh4;0,101778342;0,321205077;0,656646358;97;0,101535042;Axolotl;Ambystoma mexicanum;0,99198452;6;VEGFA;43782044;0,321205077;hg38
2117;cg02851990;;1028;0;0;TxEnh6;0,101738692;0,321394621;0,656646358;97;0,101535869;Axolotl;Ambystoma mexicanum;0,991596042;1;SDCCAG8;243415883;0,321394621;hg38
2118;cg05609811;;1029;0;0;Acet2;0,101716035;0,32150296;0,656646358;97;0,101536342;Axolotl;Ambystoma mexicanum;0,991374064;8;CYP7B1;64702753;0,32150296;hg38
2119;cg12830057;1090;;0;0;Acet4;-0,101535884;0,322365231;0,658096767;97;0,101540099;Axolotl;Ambystoma mexicanum;-0,989609079;3;MITF;69879222;0,322365231;hg38
2120;cg00366950;;1030;0;0;TxEnh5;0,101451866;0,32276788;0,658118153;97;0,101541849;Axolotl;Ambystoma mexicanum;0,988785949;13;PCCA;100154995;0,32276788;hg38
2121;cg19404302;1091;;0;0;EnhA2;-0,101438168;0,322833558;0,658118153;97;0,101542134;Axolotl;Ambystoma mexicanum;-0,988651749;22;LINC02554;27318518;0,322833558;hg38
2122;cg07648871;;1031;0;1;PromF5;0,101426108;0,322891386;0,658118153;97;0,101542385;Axolotl;Ambystoma mexicanum;0,988533603;7;FZD1;91265463;0,322891386;hg38
2123;cg24314463;;1032;0;0;TxEx1;0,101394103;0,323044889;0,658118153;97;0,101543051;Axolotl;Ambystoma mexicanum;0,988220053;13;ARGLU1;106557097;0,323044889;hg38
2124;cg23490170;;1033;0;0;ReprPC5;0,101342216;0,323293853;0,658118153;97;0,10154413;Axolotl;Ambystoma mexicanum;0,98771172;7;UNCX;1269154;0,323293853;hg38
2125;cg00915004;;1034;0;0;EnhA15;0,101187818;0,324035407;0,658118153;97;0,101547339;Axolotl;Ambystoma mexicanum;0,986199128;10;VTI1A;112644376;0,324035407;hg38
2126;cg03231157;1092;;0;0;EnhWk8;-0,101180275;0,324071661;0,658118153;97;0,101547495;Axolotl;Ambystoma mexicanum;-0,986125236;2;ARHGAP15;143347602;0,324071661;hg38
2127;cg18288197;1093;;0;0;Tx3;-0,101170652;0,324117919;0,658118153;97;0,101547695;Axolotl;Ambystoma mexicanum;-0,986030963;19;TSHZ3;31307706;0,324117919;hg38
2128;cg26865072;;1035;0;0;EnhA12;0,101169484;0,324123536;0,658118153;97;0,101547719;Axolotl;Ambystoma mexicanum;0,986019516;8;VPS13B;99784387;0,324123536;hg38
2129;cg19712450;;1036;0;0;TxEx3;0,101153977;0,324198089;0,658118153;97;0,101548041;Axolotl;Ambystoma mexicanum;0,985867599;5;PPIP5K2;103183315;0,324198089;hg38
2130;cg06598302;1094;;0;0;EnhWk8;-0,101147159;0,324230868;0,658118153;97;0,101548183;Axolotl;Ambystoma mexicanum;-0,98580081;11;GRIA4;105966085;0,324230868;hg38
2131;cg07578351;1095;;0;0;EnhA17;-0,101144617;0,32424309;0,658118153;97;0,101548235;Axolotl;Ambystoma mexicanum;-0,985775908;8;MSRA;10301630;0,32424309;hg38
2132;cg23429933;1096;;0;0;TxWk1;-0,101121664;0,324353472;0,658118153;97;0,101548712;Axolotl;Ambystoma mexicanum;-0,985551044;1;ADGRL2;81974347;0,324353472;hg38
2133;cg10457451;1097;;0;0;TxEnh6;-0,100949914;0,325180161;0,65948619;97;0,101552272;Axolotl;Ambystoma mexicanum;-0,983868526;10;CELF2;11266493;0,325180161;hg38
2134;cg26991442;1098;;0;0;ReprPC8;-0,100909538;0,325374703;0,659571512;97;0,101553109;Axolotl;Ambystoma mexicanum;-0,983472988;23;POU3F4;82586455;0,325374703;hg38
2135;cg25567445;1099;;0;0;EnhWk8;-0,100732063;0,326230694;0,660500421;97;0,10155678;Axolotl;Ambystoma mexicanum;-0,98173444;3;MECOM;169506140;0,326230694;hg38
2136;cg01622394;1100;;0;0;TxEnh5;-0,100680678;0,326478804;0,660500421;97;0,101557842;Axolotl;Ambystoma mexicanum;-0,981231073;9;BNC2;16435610;0,326478804;hg38
2137;cg25126385;;1037;0;1;BivProm2;0,100637783;0,326686007;0,660500421;97;0,101558728;Axolotl;Ambystoma mexicanum;0,980810891;6;OSTM1;108114761;0,326686007;hg38
2138;cg12259566;;1038;0;0;EnhA17;0,100626307;0,326741459;0,660500421;97;0,101558965;Axolotl;Ambystoma mexicanum;0,980698469;12;SOX5;24015594;0,326741459;hg38
2139;cg11712989;;1039;0;0;ReprPC3;0,100624187;0,326751702;0,660500421;97;0,101559009;Axolotl;Ambystoma mexicanum;0,980677705;23;DACH2;86154660;0,326751702;hg38
2140;cg18384829;1101;;0;0;Tx6;-0,100598426;0,3268762;0,660500421;97;0,101559541;Axolotl;Ambystoma mexicanum;-0,980425353;15;MEF2A;99671396;0,3268762;hg38
2141;cg13842225;;1040;0;0;EnhA17;0,100534832;0,327183662;0,660500421;97;0,101560853;Axolotl;Ambystoma mexicanum;0,97980241;18;RNF165;46337692;0,327183662;hg38
2142;cg07210941;;1041;0;0;TxEnh1;0,100503755;0,32733398;0,660500421;97;0,101561494;Axolotl;Ambystoma mexicanum;0,979497993;8;ZFPM2;105325559;0,32733398;hg38
2143;cg14911432;1102;;0;0;TxEx2;-0,100494146;0,327380467;0,660500421;97;0,101561692;Axolotl;Ambystoma mexicanum;-0,979403867;9;RNF20;101562351;0,327380467;hg38
2144;cg15712548;1103;;0;0;Quies2;-0,100485929;0,327420223;0,660500421;97;0,101561862;Axolotl;Ambystoma mexicanum;-0,979323377;16;RBFOX1;7595611;0,327420223;hg38
2145;cg26703991;1104;;0;0;TxEx1;-0,10046686;0,327512497;0,660500421;97;0,101562255;Axolotl;Ambystoma mexicanum;-0,979136586;15;CLK3;74621948;0,327512497;hg38
2146;cg12280054;1105;;1;0;TSS1;-0,100380705;0,327929601;0,661033429;97;0,10156403;Axolotl;Ambystoma mexicanum;-0,978292656;15;NR2F2;96330635;0,327929601;hg38
2147;cg09214592;1106;;0;0;TxEx2;-0,100288272;0,328377474;0,661513102;97;0,101565933;Axolotl;Ambystoma mexicanum;-0,977387247;10;KAT6B;74975643;0,328377474;hg38
2148;cg24328591;;1042;0;0;Quies2;0,100268485;0,328473401;0,661513102;97;0,10156634;Axolotl;Ambystoma mexicanum;0,977193427;6;PKHD1;51651752;0,328473401;hg38
2149;cg01365700;1107;;0;0;TxWk1;-0,100230803;0,328656132;0,661573108;97;0,101567115;Axolotl;Ambystoma mexicanum;-0,976824324;2;B3GALT1-AS1;167869931;0,328656132;hg38
2150;cg10152878;1108;;0;0;ReprPC4;-0,100138026;0,329106306;0,662029317;97;0,101569023;Axolotl;Ambystoma mexicanum;-0,975915569;2;MTX2;176370903;0,329106306;hg38
2151;cg25412607;1109;;0;0;EnhA2;-0,100121024;0,329188847;0,662029317;97;0,101569372;Axolotl;Ambystoma mexicanum;-0,975749034;15;LINC01197;95296244;0,329188847;hg38
2152;cg16125623;;1043;0;0;TxEnh1;0,100051354;0,329527217;0,66221921;97;0,101570803;Axolotl;Ambystoma mexicanum;0,975066616;17;AATF;36979275;0,329527217;hg38
2153;cg26835090;1110;;0;0;BivProm4;-0,100011803;0,329719402;0,66221921;97;0,101571615;Axolotl;Ambystoma mexicanum;-0,974679224;10;BTRC;101486010;0,329719402;hg38
2154;cg25879427;;1044;0;0;TxEx1;0,100007046;0,329742521;0,66221921;97;0,101571712;Axolotl;Ambystoma mexicanum;0,974632632;17;SMURF2;64571828;0,329742521;hg38
2155;cg05090186;;1045;1;0;EnhA9;0,099944947;0,330044432;0,66251796;97;0,101572986;Axolotl;Ambystoma mexicanum;0,974024384;1;ZBTB18;244052141;0,330044432;hg38
2156;cg23623568;1111;;0;0;TxWk1;-0,09963639;0,331547175;0,664743623;97;0,101579304;Axolotl;Ambystoma mexicanum;-0,971002216;12;OSBPL8;76386631;0,331547175;hg38
2157;cg14040602;;1046;0;0;EnhWk8;0,099628131;0,331587458;0,664743623;97;0,101579473;Axolotl;Ambystoma mexicanum;0,970921325;2;GPD2;156700782;0,331587458;hg38
2158;cg25277922;;1047;0;0;EnhA17;0,099614674;0,331653099;0,664743623;97;0,101579748;Axolotl;Ambystoma mexicanum;0,970789526;4;TTC29;147015194;0,331653099;hg38
2159;cg22731136;1112;;0;0;EnhA6;-0,099591153;0,331767853;0,664743623;97;0,101580229;Axolotl;Ambystoma mexicanum;-0,970559156;3;SOX2-OT;181561251;0,331767853;hg38
2160;cg23783686;1113;;0;0;ReprPC3;-0,099518732;0,332121336;0,664998802;97;0,101581708;Axolotl;Ambystoma mexicanum;-0,969849859;9;PAX5;36940266;0,332121336;hg38
2161;cg25630529;1114;;0;0;Tx5;-0,099496902;0,332227936;0,664998802;97;0,101582154;Axolotl;Ambystoma mexicanum;-0,969636051;18;WDR7;56962482;0,332227936;hg38
2162;cg10055059;1115;;0;0;Quies3;-0,099402864;0,332687385;0,664998802;97;0,101584073;Axolotl;Ambystoma mexicanum;-0,968715044;18;NOL4;33957393;0,332687385;hg38
2163;cg26174523;;1048;0;0;EnhA6;0,099376985;0,332813893;0,664998802;97;0,101584601;Axolotl;Ambystoma mexicanum;0,968461589;13;DCLK1;35788276;0,332813893;hg38
2164;cg10143938;1116;;0;0;ReprPC5;-0,099324881;0,333068701;0,664998802;97;0,101585663;Axolotl;Ambystoma mexicanum;-0,967951282;10;PAX2;100798941;0,333068701;hg38
2165;cg19529390;;1049;0;1;ReprPC1;0,099298598;0,333197276;0,664998802;97;0,101586199;Axolotl;Ambystoma mexicanum;0,967693879;7;UNCX;1230750;0,333197276;hg38
2166;cg19808756;1117;;0;0;TxEnh6;-0,099294709;0,333216308;0,664998802;97;0,101586278;Axolotl;Ambystoma mexicanum;-0,967655783;3;SATB1;18415355;0,333216308;hg38
2167;cg16768306;;1050;0;0;Tx2;0,099288719;0,333245617;0,664998802;97;0,1015864;Axolotl;Ambystoma mexicanum;0,967597119;5;RAPGEF6;131719410;0,333245617;hg38
2168;cg22276147;1118;;0;0;EnhA17;-0,09925827;0,333394626;0,664998802;97;0,10158702;Axolotl;Ambystoma mexicanum;-0,967298914;11;HTATIP2;20276490;0,333394626;hg38
2169;cg03168366;;1051;0;0;TxEx4;0,099053265;0,334398987;0,664998802;97;0,101591191;Axolotl;Ambystoma mexicanum;0,965291181;22;XBP1;28796168;0,334398987;hg38
2170;cg21570151;;1052;0;0;TxEx3;0,099017506;0,334574376;0,664998802;97;0,101591918;Axolotl;Ambystoma mexicanum;0,964940976;17;CHD3;7909247;0,334574376;hg38
2171;cg13103551;;1053;0;0;Tx4;0,099010768;0,33460743;0,664998802;97;0,101592055;Axolotl;Ambystoma mexicanum;0,964874988;2;MRPS9;105058291;0,33460743;hg38
2172;cg04798758;1119;;0;0;EnhA1;-0,098999682;0,334661819;0,664998802;97;0,10159228;Axolotl;Ambystoma mexicanum;-0,964766419;9;BNC2;16705318;0,334661819;hg38
2173;cg06100991;1120;;0;0;PromF4;-0,098998344;0,334668383;0,664998802;97;0,101592307;Axolotl;Ambystoma mexicanum;-0,964753316;4;ELOVL6;110198281;0,334668383;hg38
2174;cg14615301;1121;;0;0;Tx2;-0,09896666;0,334823857;0,664998802;97;0,101592951;Axolotl;Ambystoma mexicanum;-0,964443032;19;TSHZ3;31336871;0,334823857;hg38
2175;cg02710949;1122;;0;0;EnhWk8;-0,098869321;0,335301797;0,664998802;97;0,101594927;Axolotl;Ambystoma mexicanum;-0,963489767;2;PABPC1P2;146041459;0,335301797;hg38
2176;cg27569109;;1054;0;0;TxEnh7;0,098857244;0,335361127;0,664998802;97;0,101595172;Axolotl;Ambystoma mexicanum;0,963371494;8;EXT1;117837151;0,335361127;hg38
2177;cg14563628;1123;;0;0;EnhWk4;-0,098825223;0,335518462;0,664998802;97;0,101595821;Axolotl;Ambystoma mexicanum;-0,963057911;5;C5orf64;61738199;0,335518462;hg38
2178;cg23012327;1124;;0;0;ReprPC6;-0,098819886;0,335544691;0,664998802;97;0,101595929;Axolotl;Ambystoma mexicanum;-0,963005645;19;CACNA1A;13245255;0,335544691;hg38
2179;cg20655780;1125;;0;0;TxEx3;-0,098801364;0,335635725;0,664998802;97;0,101596305;Axolotl;Ambystoma mexicanum;-0,962824259;7;CHST12;2433177;0,335635725;hg38
2180;cg08294816;1126;;0;1;ReprPC1;-0,098797869;0,335652904;0,664998802;97;0,101596376;Axolotl;Ambystoma mexicanum;-0,962790031;2;EN1;118849882;0,335652904;hg38
2181;cg09931937;;1055;0;0;TxWk1;0,098743016;0,335922605;0,664998802;97;0,101597488;Axolotl;Ambystoma mexicanum;0,962252854;1;RNF220;44624864;0,335922605;hg38
2182;cg09556778;1127;;0;0;TxEnh5;-0,098722553;0,336023252;0,664998802;97;0,101597902;Axolotl;Ambystoma mexicanum;-0,962052461;9;NR6A1;124536006;0,336023252;hg38
2183;cg16255164;;1056;0;0;TxEnh3;0,09868101;0,33622764;0,664998802;97;0,101598743;Axolotl;Ambystoma mexicanum;0,961645634;16;CBFB;67036705;0,33622764;hg38
2184;cg11958930;;1057;0;0;Tx8;0,098670773;0,336278016;0,664998802;97;0,101598951;Axolotl;Ambystoma mexicanum;0,961545388;1;MIGA1;77859372;0,336278016;hg38
2185;cg02808836;1128;;0;0;TxWk1;-0,098667978;0,33629177;0,664998802;97;0,101599007;Axolotl;Ambystoma mexicanum;-0,961518018;18;SMAD7;48920071;0,33629177;hg38
2186;cg16097493;;1058;0;0;Acet7;0,098652687;0,33636703;0,664998802;97;0,101599317;Axolotl;Ambystoma mexicanum;0,961368275;18;PTPRM;8122280;0,33636703;hg38
2187;cg04293733;;1059;0;1;BivProm1;0,098591711;0,336667248;0,664998802;97;0,101600551;Axolotl;Ambystoma mexicanum;0,960771149;1;LINC01930;98046073;0,336667248;hg38
2188;cg16947316;;1060;0;0;EnhA2;0,098585134;0,336699639;0,664998802;97;0,101600684;Axolotl;Ambystoma mexicanum;0,960706744;12;NUAK1;106106506;0,336699639;hg38
2189;cg02175825;;1061;0;0;EnhWk8;0,098572168;0,336763507;0,664998802;97;0,101600946;Axolotl;Ambystoma mexicanum;0,960579764;6;LOC101927314;97886078;0,336763507;hg38
2190;cg04951768;1129;;0;0;EnhA17;-0,098570055;0,336773915;0,664998802;97;0,101600989;Axolotl;Ambystoma mexicanum;-0,960559075;2;FIGN;163594047;0,336773915;hg38
2191;cg26753765;;1062;0;0;EnhA10;0,098554697;0,336849571;0,664998802;97;0,1016013;Axolotl;Ambystoma mexicanum;0,960408681;2;LOC105373656;144580669;0,336849571;hg38
2192;cg08123116;;1063;0;0;TxWk2;0,098530624;0,33696818;0,664998802;97;0,101601786;Axolotl;Ambystoma mexicanum;0,960172946;1;ASTN1;177023476;0,33696818;hg38
2193;cg15923785;;1064;0;0;TxEx4;0,098417329;0,337526762;0,665436216;97;0,101604076;Axolotl;Ambystoma mexicanum;0,959063488;3;MBNL1;152300346;0,337526762;hg38
2194;cg01992562;;1065;0;0;TxEx1;0,098394215;0,337640789;0,665436216;97;0,101604542;Axolotl;Ambystoma mexicanum;0,958837153;9;PRRC2B;131444282;0,337640789;hg38
2195;cg15813523;;1066;0;0;Tx7;0,098392083;0,337651309;0,665436216;97;0,101604585;Axolotl;Ambystoma mexicanum;0,958816274;6;JARID2;15508396;0,337651309;hg38
2196;cg05934247;1130;;0;0;Tx6;-0,098321131;0,338001503;0,665823034;97;0,101606017;Axolotl;Ambystoma mexicanum;-0,958121485;8;RUNX1T1;91986957;0,338001503;hg38
2197;cg19687559;1131;;0;0;EnhWk4;-0,098279194;0,338208598;0,665927741;97;0,101606863;Axolotl;Ambystoma mexicanum;-0,957710822;18;ZNF521;25068829;0,338208598;hg38
2198;cg00519119;;1067;0;0;ReprPC4;0,098232619;0,338438691;0,666077615;97;0,101607802;Axolotl;Ambystoma mexicanum;0,957254745;6;TFAP2A-AS2;10030408;0,338438691;hg38
2199;cg15735049;;1068;0;0;EnhWk5;0,098186984;0,338664232;0,666218398;97;0,101608722;Axolotl;Ambystoma mexicanum;0,956807884;5;PPP2R2B;146698125;0,338664232;hg38
2200;cg25741886;;1069;0;0;ReprPC4;0,098139017;0,338901405;0,666381925;97;0,101609688;Axolotl;Ambystoma mexicanum;0,956338182;20;LINC01524;52763659;0,338901405;hg38
2201;cg05775627;1132;;0;1;BivProm2;-0,098092101;0,339133482;0,666535287;97;0,101610633;Axolotl;Ambystoma mexicanum;-0,955878778;12;LOC101927267;49296471;0,339133482;hg38
2202;cg23869573;1133;;0;0;Quies2;-0,097984577;0,339665743;0,666998089;97;0,101612796;Axolotl;Ambystoma mexicanum;-0,954825909;16;RBFOX1;7710713;0,339665743;hg38
2203;cg13901789;;1070;0;0;EnhA2;0,097877335;0,340197128;0,666998089;97;0,101614951;Axolotl;Ambystoma mexicanum;0,953775827;13;DACH1;71525188;0,340197128;hg38
2204;cg04627377;1134;;0;0;TxEnh6;-0,097871369;0,340226706;0,666998089;97;0,101615071;Axolotl;Ambystoma mexicanum;-0,953717409;1;ZBTB7B;155016437;0,340226706;hg38
2205;cg18606892;;1071;0;0;EnhA5;0,097851526;0,340325092;0,666998089;97;0,101615469;Axolotl;Ambystoma mexicanum;0,953523111;15;C15orf41;36658440;0,340325092;hg38
2206;cg15723635;1135;;0;0;Tx2;-0,09783631;0,340400551;0,666998089;97;0,101615775;Axolotl;Ambystoma mexicanum;-0,953374117;8;ZFHX4;76808598;0,340400551;hg38
2207;cg20136173;1136;;0;0;EnhA17;-0,097823839;0,3404624;0,666998089;97;0,101616025;Axolotl;Ambystoma mexicanum;-0,953252011;2;LINC01122;58913190;0,3404624;hg38
2208;cg03119066;;1072;0;0;EnhA2;0,097777507;0,340692256;0,666998089;97;0,101616955;Axolotl;Ambystoma mexicanum;0,952798339;18;MIB1;21831546;0,340692256;hg38
2209;cg27484448;1137;;0;0;EnhWk4;-0,097715393;0,341000552;0,666998089;97;0,1016182;Axolotl;Ambystoma mexicanum;-0,952190158;2;LINC01114;104639071;0,341000552;hg38
2210;cg10349326;;1073;0;0;Tx4;0,097697747;0,341088171;0,666998089;97;0,101618554;Axolotl;Ambystoma mexicanum;0,952017373;18;MEX3C;51174917;0,341088171;hg38
2211;cg20556167;1138;;0;0;TxEx1;-0,097626325;0,341442946;0,666998089;97;0,101619986;Axolotl;Ambystoma mexicanum;-0,951318051;2;TRIP12;229880036;0,341442946;hg38
2212;cg18298589;;1074;0;0;TxEx1;0,097581158;0,341667423;0,666998089;97;0,10162089;Axolotl;Ambystoma mexicanum;0,95087581;5;TNPO1;72899969;0,341667423;hg38
2213;cg24120683;1139;;0;1;ReprPC1;-0,097466432;0,342238021;0,666998089;97;0,101623186;Axolotl;Ambystoma mexicanum;-0,949752512;7;MNX1-AS1;157020491;0,342238021;hg38
2214;cg02329674;1140;;0;0;ReprPC2;-0,097450641;0,342316608;0,666998089;97;0,101623502;Axolotl;Ambystoma mexicanum;-0,949597896;20;LINC00237;21021485;0,342316608;hg38
2215;cg19067187;;1075;0;0;Quies1;0,097444339;0,342347972;0,666998089;97;0,101623628;Axolotl;Ambystoma mexicanum;0,949536195;5;ISL1;51559667;0,342347972;hg38
2216;cg08634652;1141;;0;0;TxEnh4;-0,097438321;0,342377926;0,666998089;97;0,101623748;Axolotl;Ambystoma mexicanum;-0,949477272;2;MAP4K4;101863870;0,342377926;hg38
2217;cg14411132;;1076;0;0;Tx8;0,097431554;0,342411612;0,666998089;97;0,101623883;Axolotl;Ambystoma mexicanum;0,949411012;5;ADAMTS6;65291462;0,342411612;hg38
2218;cg26816693;;1077;0;0;TxEx2;0,097399851;0,342569444;0,666998089;97;0,101624517;Axolotl;Ambystoma mexicanum;0,94910061;16;PHKG2;30751559;0,342569444;hg38
2219;cg14176235;;1078;0;0;TxEnh5;0,097382604;0,342655327;0,666998089;97;0,101624862;Axolotl;Ambystoma mexicanum;0,948931746;2;LOC100132215;63013654;0,342655327;hg38
2220;cg01979337;;1079;0;1;ReprPC1;0,097348721;0,342824092;0,666998089;97;0,101625539;Axolotl;Ambystoma mexicanum;0,948599998;7;UNCX;1239913;0,342824092;hg38
2221;cg17846038;1142;;0;0;TxEnh4;-0,097338428;0,342875369;0,666998089;97;0,101625744;Axolotl;Ambystoma mexicanum;-0,948499222;13;MBNL2;97366480;0,342875369;hg38
2222;cg17526513;;1080;0;0;PromF3;0,097303481;0,343049505;0,666998089;97;0,101626442;Axolotl;Ambystoma mexicanum;0,948157057;19;NR2F6;17235558;0,343049505;hg38
2223;cg13900468;1143;;0;0;TxWk1;-0,097286631;0,343133488;0,666998089;97;0,101626779;Axolotl;Ambystoma mexicanum;-0,947992077;3;MAGI1;65359151;0,343133488;hg38
2224;cg23329157;1144;;0;0;BivProm4;-0,097285428;0,343139483;0,666998089;97;0,101626803;Axolotl;Ambystoma mexicanum;-0,9479803;10;BTRC;101486287;0,343139483;hg38
2225;cg05970544;;1081;0;0;Tx8;0,097227417;0,343428709;0,666998089;97;0,10162796;Axolotl;Ambystoma mexicanum;0,947412333;12;C2CD5;22458477;0,343428709;hg38
2226;cg23827816;1145;;0;0;TxWk2;-0,097227084;0,343430373;0,666998089;97;0,101627967;Axolotl;Ambystoma mexicanum;-0,947409065;10;EBF3;129846680;0,343430373;hg38
2227;cg26959509;;1082;0;0;EnhA17;0,097219347;0,343468957;0,666998089;97;0,101628121;Axolotl;Ambystoma mexicanum;0,94733332;20;TSHZ2;53346118;0,343468957;hg38
2228;cg06408246;;1083;0;0;EnhA2;0,097133941;0,343895082;0,666998089;97;0,101629824;Axolotl;Ambystoma mexicanum;0,946497137;12;ABCC9;21828958;0,343895082;hg38
2229;cg26029512;1146;;0;0;Tx6;-0,097087529;0,344126792;0,666998089;97;0,101630749;Axolotl;Ambystoma mexicanum;-0,946042731;16;PRKCB;24214697;0,344126792;hg38
2230;cg12307359;1147;;0;0;Quies2;-0,097004497;0,344541566;0,666998089;97;0,101632403;Axolotl;Ambystoma mexicanum;-0,945229806;19;LINC01533;31980080;0,344541566;hg38
2231;cg19972859;1148;;0;0;PromF4;-0,097001601;0,344556035;0,666998089;97;0,10163246;Axolotl;Ambystoma mexicanum;-0,945201458;5;PURA;140114421;0,344556035;hg38
2232;cg00130134;;1084;0;0;Tx5;0,097000935;0,344559367;0,666998089;97;0,101632474;Axolotl;Ambystoma mexicanum;0,945194932;1;EGLN1;231370598;0,344559367;hg38
2233;cg00227334;1149;;0;0;Tx5;-0,096954579;0,344791071;0,666998089;97;0,101633396;Axolotl;Ambystoma mexicanum;-0,944741096;10;HIF1AN;100551260;0,344791071;hg38
2234;cg05493978;1150;;0;0;EnhWk4;-0,096945085;0,344838542;0,666998089;97;0,101633585;Axolotl;Ambystoma mexicanum;-0,944648138;19;THEG5;31546396;0,344838542;hg38
2235;cg07835535;1151;;0;0;EnhWk1;-0,096940706;0,344860436;0,666998089;97;0,101633672;Axolotl;Ambystoma mexicanum;-0,944605269;1;USH2A;215792463;0,344860436;hg38
2236;cg16655751;1152;;0;0;EnhA17;-0,096912793;0,34500002;0,666998089;97;0,101634227;Axolotl;Ambystoma mexicanum;-0,944331997;12;SOX5;23564649;0,34500002;hg38
2237;cg06465431;1153;;0;1;BivProm2;-0,096879101;0,345168556;0,666998089;97;0,101634897;Axolotl;Ambystoma mexicanum;-0,944002138;1;LINC02609;90835085;0,345168556;hg38
2238;cg14043044;1154;;0;1;BivProm2;-0,096853843;0,345294932;0,666998089;97;0,101635399;Axolotl;Ambystoma mexicanum;-0,943754861;3;SOX14;137765356;0,345294932;hg38
2239;cg05611223;;1085;0;1;ReprPC1;0,09684101;0,345359157;0,666998089;97;0,101635654;Axolotl;Ambystoma mexicanum;0,943629217;9;FOXB2;77012768;0,345359157;hg38
2240;cg06021159;1155;;0;0;PromF6;-0,096836384;0,345382309;0,666998089;97;0,101635746;Axolotl;Ambystoma mexicanum;-0,943583927;1;MAN1A2;117368376;0,345382309;hg38
2241;cg06805124;;1086;0;0;BivProm4;0,096748443;0,34582262;0,6675504;97;0,101637493;Axolotl;Ambystoma mexicanum;0,942722972;9;BNC2;16828802;0,34582262;hg38
2242;cg02976574;1156;;0;0;TxEnh3;-0,096623207;0,34645027;0,667611304;97;0,101639977;Axolotl;Ambystoma mexicanum;-0,941496915;3;FNDC3B;172112503;0,34645027;hg38
2243;cg12394655;1157;;1;0;BivProm1;-0,096603806;0,346547565;0,667611304;97;0,101640362;Axolotl;Ambystoma mexicanum;-0,941306984;5;MIR9-2;88666933;0,346547565;hg38
2244;cg12446925;1158;;0;0;TSS2;-0,096588423;0,346624721;0,667611304;97;0,101640667;Axolotl;Ambystoma mexicanum;-0,94115639;11;SPI1;47355405;0,346624721;hg38
2245;cg21235947;1159;;0;1;BivProm1;-0,096541815;0,346858567;0,667611304;97;0,10164159;Axolotl;Ambystoma mexicanum;-0,940700102;6;FOXQ1;1313316;0,346858567;hg38
2246;cg11905915;;1087;0;0;TSS1;0,096532478;0,346905422;0,667611304;97;0,101641775;Axolotl;Ambystoma mexicanum;0,9406087;2;GPD2;156400830;0,346905422;hg38
2247;cg12887144;1160;;0;0;PromF2;-0,096524362;0,346946157;0,667611304;97;0,101641936;Axolotl;Ambystoma mexicanum;-0,940529242;8;RAD54B;94436988;0,346946157;hg38
2248;cg18713221;1161;;0;0;TxEx1;-0,09649454;0,347095854;0,667611304;97;0,101642527;Axolotl;Ambystoma mexicanum;-0,940237298;14;EIF5;103336739;0,347095854;hg38
2249;cg27632159;1162;;0;0;Tx7;-0,096463767;0,34725037;0,667611304;97;0,101643136;Axolotl;Ambystoma mexicanum;-0,939936039;3;FXR1;180948413;0,34725037;hg38
2250;cg18715259;1163;;0;0;Quies1;-0,096407015;0,347535443;0,667611304;97;0,101644259;Axolotl;Ambystoma mexicanum;-0,939380457;16;RBFOX1;7595586;0,347535443;hg38
2251;cg02083803;1164;;0;0;Quies3;-0,09639483;0,347596671;0,667611304;97;0,1016445;Axolotl;Ambystoma mexicanum;-0,939261168;9;PSAT1;78631760;0,347596671;hg38
2252;cg23500474;1165;;0;0;ReprPC3;-0,096393979;0,347600948;0,667611304;97;0,101644517;Axolotl;Ambystoma mexicanum;-0,939252836;2;THORLNC;118183097;0,347600948;hg38
2253;cg20557137;;1088;0;0;Quies2;0,096373048;0,347706135;0,667611304;97;0,101644931;Axolotl;Ambystoma mexicanum;0,939047933;13;MIR1297;54615039;0,347706135;hg38
2254;cg15228986;1166;;0;0;BivProm4;-0,096324525;0,347950062;0,667783257;97;0,10164589;Axolotl;Ambystoma mexicanum;-0,93857292;21;MIR99AHG;16419335;0,347950062;hg38
2255;cg05109804;;1089;0;0;TxEx1;0,096206792;0,348542357;0,668116908;97;0,101648216;Axolotl;Ambystoma mexicanum;0,937420389;13;ARGLU1;106559472;0,348542357;hg38
2256;cg18573296;1167;;0;0;Quies3;-0,09620282;0,348562349;0,668116908;97;0,101648294;Axolotl;Ambystoma mexicanum;-0,937381509;10;LRMDA;75693591;0,348562349;hg38
2257;cg17469509;1168;;0;0;BivProm4;-0,096197873;0,348587253;0,668116908;97;0,101648392;Axolotl;Ambystoma mexicanum;-0,937333078;4;CXXC4;104425236;0,348587253;hg38
2258;cg12935350;;1090;0;0;EnhA19;0,096123079;0,348963886;0,66854257;97;0,101649867;Axolotl;Ambystoma mexicanum;0,936600906;2;MRPS9;105081319;0,348963886;hg38
2259;cg03298890;1169;;0;0;TxEnh6;-0,096006274;0,349552581;0,669373942;97;0,10165217;Axolotl;Ambystoma mexicanum;-0,935457491;3;TMCC1;129828200;0,349552581;hg38
2260;cg09714739;1170;;0;0;ReprPC4;-0,095922028;0,349977567;0,669589127;97;0,101653829;Axolotl;Ambystoma mexicanum;-0,934632805;20;CDH22;46228535;0,349977567;hg38
2261;cg25474998;1171;;0;0;EnhA17;-0,095871196;0,350234144;0,669589127;97;0,101654829;Axolotl;Ambystoma mexicanum;-0,934135225;9;LOC101927450;78857736;0,350234144;hg38
2262;cg05152013;1172;;0;0;EnhA1;-0,095869359;0,35024342;0,669589127;97;0,101654865;Axolotl;Ambystoma mexicanum;-0,93411724;2;ZEB2;144479897;0,35024342;hg38
2263;cg13741644;;1091;0;0;EnhWk6;0,095861302;0,350284102;0,669589127;97;0,101655024;Axolotl;Ambystoma mexicanum;0,934038368;20;TSHZ2;53003715;0,350284102;hg38
2264;cg11926564;;1092;0;0;TxWk2;0,095804584;0,350570556;0,669840703;97;0,101656139;Axolotl;Ambystoma mexicanum;0,933483171;3;NLGN1;174281094;0,350570556;hg38
2265;cg21389633;;1093;0;0;TxEnh6;0,095724486;0,350975338;0,670031273;97;0,101657713;Axolotl;Ambystoma mexicanum;0,932699124;5;GRK6;177433192;0,350975338;hg38
2266;cg25814004;;1094;0;0;ReprPC7;0,095718277;0,351006728;0,670031273;97;0,101657835;Axolotl;Ambystoma mexicanum;0,932638346;19;ELAVL3;11454642;0,351006728;hg38
2267;cg08510751;;1095;0;0;Acet7;0,095620533;0,35150111;0,670031273;97;0,101659754;Axolotl;Ambystoma mexicanum;0,931681577;12;MSRB3;65326885;0,35150111;hg38
2268;cg04600154;;1096;0;0;BivProm4;0,095615522;0,35152647;0,670031273;97;0,101659852;Axolotl;Ambystoma mexicanum;0,931632521;18;TCF4;55423236;0,35152647;hg38
2269;cg00847238;1173;;0;0;Tx4;-0,09561482;0,35153002;0,670031273;97;0,101659866;Axolotl;Ambystoma mexicanum;-0,931625656;6;SEC63;107929505;0,35153002;hg38
2270;cg05950747;1174;;0;0;EnhWk4;-0,095601065;0,351599631;0,670031273;97;0,101660136;Axolotl;Ambystoma mexicanum;-0,931491013;18;CCDC178;33051573;0,351599631;hg38
2271;cg09899564;1175;;0;0;TxEnh4;-0,095473885;0,352243661;0,670484542;97;0,101662629;Axolotl;Ambystoma mexicanum;-0,930246133;1;RNF220;44638295;0,352243661;hg38
2272;cg21231949;;1097;0;0;EnhWk4;0,095468579;0,352270548;0,670484542;97;0,101662733;Axolotl;Ambystoma mexicanum;0,930194193;14;LINC02304;97092984;0,352270548;hg38
2273;cg04207618;1176;;0;0;TxEx3;-0,095443378;0,352398258;0,670484542;97;0,101663227;Axolotl;Ambystoma mexicanum;-0,929947518;15;TJP1;29704163;0,352398258;hg38
2274;cg18850771;1177;;0;0;EnhA2;-0,095402933;0,352603276;0,670484542;97;0,101664018;Axolotl;Ambystoma mexicanum;-0,92955164;1;LINC01343;38247185;0,352603276;hg38
2275;cg05635693;1178;;0;0;TxEnh4;-0,095401122;0,352612457;0,670484542;97;0,101664054;Axolotl;Ambystoma mexicanum;-0,929533915;12;TAOK3;118181508;0,352612457;hg38
2276;cg16227001;1179;;0;0;EnhWk4;-0,095294459;0,353153512;0,670772594;97;0,101666141;Axolotl;Ambystoma mexicanum;-0,928489885;1;RPS6KC1;213425621;0,353153512;hg38
2277;cg16342115;1180;;0;0;BivProm3;-0,095291374;0,353169169;0,670772594;97;0,101666201;Axolotl;Ambystoma mexicanum;-0,928459688;18;KLHL14;32773110;0,353169169;hg38
2278;cg22488935;1181;;0;0;EnhA2;-0,09527956;0,353229129;0,670772594;97;0,101666432;Axolotl;Ambystoma mexicanum;-0,928344055;7;AUTS2;70630916;0,353229129;hg38
2279;cg01369393;;1098;0;0;Acet3;0,095213892;0,353562534;0,670915886;97;0,101667716;Axolotl;Ambystoma mexicanum;0,927701299;9;PSAT1;78449218;0,353562534;hg38
2280;cg00713411;1182;;0;1;BivProm1;-0,095198343;0,353641506;0,670915886;97;0,101668019;Axolotl;Ambystoma mexicanum;-0,927549111;8;DPYSL2;26514475;0,353641506;hg38
2281;cg01393939;1183;;0;0;TxEnh1;-0,095173074;0,353769869;0,670915886;97;0,101668513;Axolotl;Ambystoma mexicanum;-0,927301782;1;LMO4;87338022;0,353769869;hg38
2282;cg10603790;1184;;0;0;EnhA8;-0,09507733;0,354256505;0,67154437;97;0,101670382;Axolotl;Ambystoma mexicanum;-0,926364658;4;LEF1;108141597;0,354256505;hg38
2283;cg13241746;1185;;0;0;TxEx4;-0,095002313;0,354638075;0,671973225;97;0,101671845;Axolotl;Ambystoma mexicanum;-0,925630428;10;HNRNPH3;68337868;0,354638075;hg38
2284;cg09127786;1186;;0;1;BivProm2;-0,094939705;0,354956729;0,672282542;97;0,101673065;Axolotl;Ambystoma mexicanum;-0,925017645;6;POU3F2;98835956;0,354956729;hg38
2285;cg08605439;;1099;0;0;EnhWk4;0,094840628;0,355461357;0,672742842;97;0,101674994;Axolotl;Ambystoma mexicanum;0,924047938;3;ROBO2;77134863;0,355461357;hg38
2286;cg25066947;1187;;0;1;BivProm2;-0,094726844;0,356041441;0,672742842;97;0,101677207;Axolotl;Ambystoma mexicanum;-0,922934306;6;OSTM1-AS1;108157712;0,356041441;hg38
2287;cg26750856;;1100;0;0;Quies5;0,094661037;0,356377205;0,672742842;97;0,101678486;Axolotl;Ambystoma mexicanum;0,922290236;23;HDX;84475348;0,356377205;hg38
2288;cg25895219;1188;;0;0;ReprPC1;-0,094649313;0,356437044;0,672742842;97;0,101678713;Axolotl;Ambystoma mexicanum;-0,922175493;1;HPCAL4;39682663;0,356437044;hg38
2289;cg02526543;;1101;0;0;EnhA7;0,094509294;0,357152175;0,672742842;97;0,101681431;Axolotl;Ambystoma mexicanum;0,920805133;1;RNF220;44473234;0,357152175;hg38
2290;cg06610378;1189;;0;0;EnhWk4;-0,09449952;0,35720213;0,672742842;97;0,10168162;Axolotl;Ambystoma mexicanum;-0,920709472;2;LINC01793;59282580;0,35720213;hg38
2291;cg25885042;1190;;0;0;BivProm3;-0,094488124;0,357260378;0,672742842;97;0,101681841;Axolotl;Ambystoma mexicanum;-0,92059794;2;LINC01793;59250113;0,357260378;hg38
2292;cg11824591;1191;;0;0;EnhWk8;-0,094484877;0,357276974;0,672742842;97;0,101681904;Axolotl;Ambystoma mexicanum;-0,920566165;2;LINC01876;155907554;0,357276974;hg38
2293;cg25480877;1192;;0;0;EnhWk4;-0,094484212;0,357280373;0,672742842;97;0,101681917;Axolotl;Ambystoma mexicanum;-0,920559658;10;BTRC;101507421;0,357280373;hg38
2294;cg25166682;;1102;0;0;EnhA3;0,094482921;0,357286972;0,672742842;97;0,101681942;Axolotl;Ambystoma mexicanum;0,920547023;8;EIF3H;116658211;0,357286972;hg38
2295;cg07054902;;1103;0;0;Tx8;0,094459727;0,357405545;0,672742842;97;0,101682392;Axolotl;Ambystoma mexicanum;0,92032003;23;DMD;31177931;0,357405545;hg38
2296;cg11477279;;1104;0;0;Quies5;0,094455252;0,357428429;0,672742842;97;0,101682478;Axolotl;Ambystoma mexicanum;0,920276226;23;DMD;32345998;0,357428429;hg38
2297;cg20875194;;1105;0;0;TxEnh1;0,0944416;0,357498233;0,672742842;97;0,101682743;Axolotl;Ambystoma mexicanum;0,920142624;9;PBX3;125856632;0,357498233;hg38
2298;cg14440927;1193;;0;0;Tx7;-0,094346339;0,35798557;0,672742842;97;0,101684588;Axolotl;Ambystoma mexicanum;-0,919210329;2;HAT1;171966447;0,35798557;hg38
2299;cg16423684;;1106;0;0;Quies3;0,094288944;0,358279389;0,672742842;97;0,101685699;Axolotl;Ambystoma mexicanum;0,918648626;10;LRMDA;75693577;0,358279389;hg38
2300;cg04281884;1194;;0;0;TxEnh4;-0,094265174;0,358401119;0,672742842;97;0,101686159;Axolotl;Ambystoma mexicanum;-0,918415996;18;SMAD7;48921376;0,358401119;hg38
2301;cg10721494;1195;;0;0;TxEx2;-0,094188649;0,358793186;0,672742842;97;0,101687638;Axolotl;Ambystoma mexicanum;-0,917667083;17;DDX42;63799596;0,358793186;hg38
2302;cg09315446;;1107;0;0;Acet2;0,094188036;0,358796325;0,672742842;97;0,10168765;Axolotl;Ambystoma mexicanum;0,91766109;1;LINC02774;243960220;0,358796325;hg38
2303;cg24937992;1196;;0;0;Tx4;-0,094168023;0,358898903;0,672742842;97;0,101688037;Axolotl;Ambystoma mexicanum;-0,917465233;3;FOXP1;71043013;0,358898903;hg38
2304;cg27062689;1197;;0;0;TxEx1;-0,094160595;0,358936984;0,672742842;97;0,10168818;Axolotl;Ambystoma mexicanum;-0,917392534;20;RBM12;35655226;0,358936984;hg38
2305;cg27290859;;1108;0;0;Tx5;0,094145822;0,359012719;0,672742842;97;0,101688466;Axolotl;Ambystoma mexicanum;0,917247962;14;GPHN;66922717;0,359012719;hg38
2306;cg18135595;;1109;0;1;ReprPC1;0,094122154;0,359134079;0,672742842;97;0,101688923;Axolotl;Ambystoma mexicanum;0,917016338;7;UNCX;1229400;0,359134079;hg38
2307;cg21716905;;1110;0;0;TxWk2;0,094048819;0,359510272;0,672742842;97;0,101690339;Axolotl;Ambystoma mexicanum;0,916298657;15;MEIS2;36995084;0,359510272;hg38
2308;cg04799897;;1111;0;0;TxWk2;0,094014419;0,359686817;0,672742842;97;0,101691003;Axolotl;Ambystoma mexicanum;0,915962018;19;RYR1;38496475;0,359686817;hg38
2309;cg15241817;1198;;0;0;ReprPC3;-0,09399957;0,359763044;0,672742842;97;0,101691289;Axolotl;Ambystoma mexicanum;-0,915816698;10;DPCD;101563521;0,359763044;hg38
2310;cg06682189;;1112;0;0;EnhA2;0,093995364;0,359784633;0,672742842;97;0,10169137;Axolotl;Ambystoma mexicanum;0,915775544;14;SLC38A6;61080841;0,359784633;hg38
2311;cg10033233;1199;;0;0;ReprPC4;-0,093994516;0,359788987;0,672742842;97;0,101691387;Axolotl;Ambystoma mexicanum;-0,915767244;16;LOC101928035;74274910;0,359788987;hg38
2312;cg06087606;1200;;0;0;EnhWk4;-0,093989967;0,359812343;0,672742842;97;0,101691474;Axolotl;Ambystoma mexicanum;-0,915722724;11;LOC102724957;15566002;0,359812343;hg38
2313;cg25685053;1201;;0;0;EnhA6;-0,093989783;0,359813287;0,672742842;97;0,101691478;Axolotl;Ambystoma mexicanum;-0,915720926;7;SNORA25B;115707832;0,359813287;hg38
2314;cg22550206;1202;;0;0;Quies3;-0,09395467;0,359993588;0,672742842;97;0,101692155;Axolotl;Ambystoma mexicanum;-0,915377306;2;LINC01876;156135232;0,359993588;hg38
2315;cg00573041;;1113;0;0;TxWk2;0,093949377;0,360020774;0,672742842;97;0,101692257;Axolotl;Ambystoma mexicanum;0,915325505;9;STX17-AS1;99833287;0,360020774;hg38
2316;cg14035873;1203;;0;0;ReprPC2;-0,093911952;0,36021302;0,672797501;97;0,101692978;Axolotl;Ambystoma mexicanum;-0,914959256;10;LINC02667;129033505;0,36021302;hg38
2317;cg16039507;1204;;0;0;Quies3;-0,093883136;0,360361083;0,672797501;97;0,101693533;Axolotl;Ambystoma mexicanum;-0,914677265;18;ZNF407;74878441;0,360361083;hg38
2318;cg01761301;;1114;0;0;Tx7;0,093836335;0,360601639;0,672800404;97;0,101694435;Axolotl;Ambystoma mexicanum;0,914219272;10;OGA;101794019;0,360601639;hg38
2319;cg19266722;1205;;0;1;BivProm1;-0,09382232;0,360673698;0,672800404;97;0,101694705;Axolotl;Ambystoma mexicanum;-0,914082118;20;MAFB;40688038;0,360673698;hg38
2320;cg00194857;1206;;0;1;BivProm2;-0,093736958;0,361112766;0,672904626;97;0,101696347;Axolotl;Ambystoma mexicanum;-0,913246779;20;NKX2-2;21516118;0,361112766;hg38
2321;cg08886274;1207;;0;0;HET2;-0,0937308;0,36114445;0,672904626;97;0,101696466;Axolotl;Ambystoma mexicanum;-0,913186525;5;IRX1;3854323;0,36114445;hg38
2322;cg15149363;1208;;0;0;EnhWk4;-0,093701638;0,361294535;0,672904626;97;0,101697027;Axolotl;Ambystoma mexicanum;-0,912901146;16;CRNDE;54890633;0,361294535;hg38
2323;cg03596782;1209;;0;0;BivProm2;-0,093690516;0,361351785;0,672904626;97;0,10169724;Axolotl;Ambystoma mexicanum;-0,912792308;17;SKAP1;48311154;0,361351785;hg38
2324;cg19227907;1210;;0;0;PromF1;-0,093605314;0,36179054;0,672927638;97;0,101698878;Axolotl;Ambystoma mexicanum;-0,911958546;11;RIC3;8206684;0,36179054;hg38
2325;cg18532887;;1115;0;0;Tx8;0,093593905;0,361849317;0,672927638;97;0,101699097;Axolotl;Ambystoma mexicanum;0,911846901;10;SORBS1;95376052;0,361849317;hg38
2326;cg01061575;1211;;0;0;TSS1;-0,09357859;0,361928223;0,672927638;97;0,101699391;Axolotl;Ambystoma mexicanum;-0,911697039;22;PRR5-ARHGAP8;44702487;0,361928223;hg38
2327;cg02500861;;1116;0;0;EnhWk8;0,093555171;0,362048906;0,672927638;97;0,10169984;Axolotl;Ambystoma mexicanum;0,911467873;16;RBFOX1;7409274;0,362048906;hg38
2328;cg22315785;1212;;0;0;TxEx2;-0,093537121;0,362141938;0,672927638;97;0,101700187;Axolotl;Ambystoma mexicanum;-0,911291245;15;INO80;41045022;0,362141938;hg38
2329;cg04093430;;1117;0;0;ReprPC4;0,093397021;0,362864542;0,67398086;97;0,101702874;Axolotl;Ambystoma mexicanum;0,909920302;7;MAGI2;78065574;0,362864542;hg38
2330;cg01268650;;1118;0;0;Quies3;0,09336616;0,363023836;0,673987342;97;0,101703465;Axolotl;Ambystoma mexicanum;0,909618316;11;TENM4;80010914;0,363023836;hg38
2331;cg00367497;1213;;0;1;PromF5;-0,09332408;0,363241107;0,674101411;97;0,101704271;Axolotl;Ambystoma mexicanum;-0,909206551;15;NR2F2;96332487;0,363241107;hg38
2332;cg24609185;;1119;0;0;EnhWk3;0,093184081;0,363964535;0,674963236;97;0,10170695;Axolotl;Ambystoma mexicanum;0,907836643;1;LOC101926964;60865447;0,363964535;hg38
2333;cg04678825;1214;;0;0;EnhWk4;-0,093138591;0,364199792;0,674963236;97;0,10170782;Axolotl;Ambystoma mexicanum;-0,90739152;10;LINC02667;128695018;0,364199792;hg38
2334;cg06078326;;1120;0;0;TxEx4;0,093119481;0,364298649;0,674963236;97;0,101708185;Axolotl;Ambystoma mexicanum;0,90720453;2;CLK1;200860289;0,364298649;hg38
2335;cg19088488;1215;;0;0;EnhA8;-0,093083756;0,364483499;0,674963236;97;0,101708867;Axolotl;Ambystoma mexicanum;-0,906854964;14;BCL11B;99188971;0,364483499;hg38
2336;cg00366136;1216;;0;0;ReprPC3;-0,09308334;0,364485652;0,674963236;97;0,101708875;Axolotl;Ambystoma mexicanum;-0,906850894;9;DMRT1;927476;0,364485652;hg38
2337;cg19976416;1217;;0;0;Tx7;-0,092995187;0,364942031;0,675519191;97;0,101710558;Axolotl;Ambystoma mexicanum;-0,905988328;2;CIR1;174351706;0,364942031;hg38
2338;cg13989363;1218;;0;0;BivProm3;-0,092942356;0,365215707;0,675596268;97;0,101711566;Axolotl;Ambystoma mexicanum;-0,905471395;13;LOC101927284;94662511;0,365215707;hg38
2339;cg22776920;;1121;0;0;TxWk1;0,092892437;0,36547442;0,675596268;97;0,101712518;Axolotl;Ambystoma mexicanum;0,90498295;6;TARID;133525089;0,36547442;hg38
2340;cg04162275;1219;;0;0;TxEx1;-0,092873958;0,365570218;0,675596268;97;0,10171287;Axolotl;Ambystoma mexicanum;-0,90480214;15;SNHG14;25375731;0,365570218;hg38
2341;cg20243605;1220;;0;0;PromF6;-0,092866598;0,365608375;0,675596268;97;0,10171301;Axolotl;Ambystoma mexicanum;-0,904730129;20;RBM39;35740586;0,365608375;hg38
2342;cg22760044;;1122;0;0;ReprPC3;0,092772462;0,366096663;0,675802282;97;0,101714803;Axolotl;Ambystoma mexicanum;0,903809049;9;PAX5;36940338;0,366096663;hg38
2343;cg13127008;1221;;0;0;EnhA17;-0,092750674;0,366209732;0,675802282;97;0,101715218;Axolotl;Ambystoma mexicanum;-0,90359587;9;TLE4;79395820;0,366209732;hg38
2344;cg03337776;1222;;0;0;Tx8;-0,092664492;0,3666572;0,675802282;97;0,101716858;Axolotl;Ambystoma mexicanum;-0,902752624;4;C1QTNF7-AS1;15069300;0,3666572;hg38
2345;cg18527588;1223;;0;0;TxEx3;-0,09259419;0,367022459;0,675802282;97;0,101718194;Axolotl;Ambystoma mexicanum;-0,902064776;16;ZFHX3;72959262;0,367022459;hg38
2346;cg04733387;;1123;0;0;EnhWk4;0,092563413;0,367182437;0,675802282;97;0,101718778;Axolotl;Ambystoma mexicanum;0,901763643;9;PTPRD;8315062;0,367182437;hg38
2347;cg17548032;;1124;0;1;ReprPC1;0,092562947;0,367184858;0,675802282;97;0,101718787;Axolotl;Ambystoma mexicanum;0,901759087;14;FOXG1-AS1;28764284;0,367184858;hg38
2348;cg21544007;1224;;0;0;TxEnh5;-0,092510742;0,367456315;0,675802282;97;0,101719779;Axolotl;Ambystoma mexicanum;-0,9012483;9;TLE1;81651112;0,367456315;hg38
2349;cg25430192;1225;;0;0;ReprPC2;-0,092475664;0,367638779;0,675802282;97;0,101720444;Axolotl;Ambystoma mexicanum;-0,900905102;7;DLX6-AS1;97014196;0,367638779;hg38
2350;cg27036136;1226;;0;0;TxEx1;-0,092446568;0,367790174;0,675802282;97;0,101720996;Axolotl;Ambystoma mexicanum;-0,90062042;5;CLK4;178617464;0,367790174;hg38
2351;cg18707507;1227;;0;0;TxEx4;-0,092434962;0,367850574;0,675802282;97;0,101721217;Axolotl;Ambystoma mexicanum;-0,900506863;10;HNRNPH3;68337276;0,367850574;hg38
2352;cg16366505;1228;;0;0;TxEx2;-0,092419055;0,367933363;0,675802282;97;0,101721518;Axolotl;Ambystoma mexicanum;-0,900351235;3;SMIM4;52558410;0,367933363;hg38
2353;cg07784624;;1125;0;0;Acet3;0,092418381;0,367936874;0,675802282;97;0,101721531;Axolotl;Ambystoma mexicanum;0,900344636;11;GRIA4;105971989;0,367936874;hg38
2354;cg04017541;1229;;0;0;BivProm1;-0,092404946;0,36800681;0,675802282;97;0,101721786;Axolotl;Ambystoma mexicanum;-0,900213187;6;SIM1;100281632;0,36800681;hg38
2355;cg11778327;1230;;0;0;HET2;-0,092343969;0,368324322;0,675802282;97;0,101722942;Axolotl;Ambystoma mexicanum;-0,899616596;11;LOC102724957;15566056;0,368324322;hg38
2356;cg22851420;1231;;0;1;BivProm2;-0,092323407;0,36843143;0,675802282;97;0,101723331;Axolotl;Ambystoma mexicanum;-0,899415417;1;HPCAL4;39683978;0,36843143;hg38
2357;cg06293906;;1126;0;0;EnhA2;0,092319915;0,368449619;0,675802282;97;0,101723397;Axolotl;Ambystoma mexicanum;0,899381257;17;SMG6;2179817;0,368449619;hg38
2358;cg03107322;;1127;0;1;BivProm2;0,092227889;0,368929227;0,675802282;97;0,10172514;Axolotl;Ambystoma mexicanum;0,898480893;12;HOXC11;53975297;0,368929227;hg38
2359;cg06729473;1232;;0;0;EnhWk1;-0,092226995;0,368933892;0,675802282;97;0,101725157;Axolotl;Ambystoma mexicanum;-0,89847214;1;DAB1;57839565;0,368933892;hg38
2360;cg13757685;1233;;0;0;EnhWk4;-0,092133612;0,369420963;0,675802282;97;0,101726923;Axolotl;Ambystoma mexicanum;-0,897558518;8;CYP7B1;64722961;0,369420963;hg38
2361;cg14903956;1234;;0;0;HET7;-0,092105044;0,369570049;0,675802282;97;0,101727463;Axolotl;Ambystoma mexicanum;-0,897279019;12;GRIN2B;13562916;0,369570049;hg38
2362;cg18775232;1235;;0;0;Tx7;-0,092053361;0,369839858;0,675802282;97;0,101728439;Axolotl;Ambystoma mexicanum;-0,896773374;2;CUL3;224474354;0,369839858;hg38
2363;cg06319737;1236;;0;0;PromF4;-0,092043048;0,369893709;0,675802282;97;0,101728634;Axolotl;Ambystoma mexicanum;-0,896672481;20;GNAS;58891804;0,369893709;hg38
2364;cg23474846;1237;;0;1;PromF5;-0,092021121;0,370008223;0,675802282;97;0,101729048;Axolotl;Ambystoma mexicanum;-0,896457961;15;NR2F2;96332423;0,370008223;hg38
2365;cg21045107;;1128;0;0;BivProm2;0,091988047;0,370180999;0,675802282;97;0,101729673;Axolotl;Ambystoma mexicanum;0,896134376;3;SOX2-OT;181710429;0,370180999;hg38
2366;cg10441680;1238;;0;0;TxEx3;-0,091974318;0,370252726;0,675802282;97;0,101729932;Axolotl;Ambystoma mexicanum;-0,896000069;2;LOC100132215;62979209;0,370252726;hg38
2367;cg03517402;1239;;0;0;BivProm1;-0,091955599;0,370350548;0,675802282;97;0,101730285;Axolotl;Ambystoma mexicanum;-0,895816926;6;SIM1;100281490;0,370350548;hg38
2368;cg14713220;1240;;0;0;Tx5;-0,091926918;0,370500452;0,675802282;97;0,101730826;Axolotl;Ambystoma mexicanum;-0,895536334;8;TRPS1;115414110;0,370500452;hg38
2369;cg01079539;;1129;0;0;PromF5;0,091920971;0,37053154;0,675802282;97;0,101730938;Axolotl;Ambystoma mexicanum;0,895478152;10;ZNF503-AS1;75295478;0,37053154;hg38
2370;cg24873842;1241;;0;0;TxEx1;-0,091899584;0,370643352;0,675802282;97;0,101731342;Axolotl;Ambystoma mexicanum;-0,895268917;1;ZNF326;90007501;0,370643352;hg38
2371;cg23208789;;1130;0;0;BivProm4;0,091872458;0,3707852;0,675802282;97;0,101731853;Axolotl;Ambystoma mexicanum;0,895003533;8;LINC00535;93495682;0,3707852;hg38
2372;cg25609640;;1131;0;0;BivProm4;0,091789317;0,371220162;0,675802282;97;0,10173342;Axolotl;Ambystoma mexicanum;0,89419015;18;TCF4;55422730;0,371220162;hg38
2373;cg17296202;;1132;0;0;ReprPC3;0,091782021;0,371258344;0,675802282;97;0,101733557;Axolotl;Ambystoma mexicanum;0,894118777;10;LRMDA;75924295;0,371258344;hg38
2374;cg14113335;1242;;0;0;BivProm4;-0,09178189;0,37125903;0,675802282;97;0,10173356;Axolotl;Ambystoma mexicanum;-0,894117494;2;LINC01876;155547147;0,37125903;hg38
2375;cg10639687;1243;;0;0;EnhA19;-0,091777028;0,37128448;0,675802282;97;0,101733651;Axolotl;Ambystoma mexicanum;-0,894069924;12;SOX5;23895997;0,37128448;hg38
2376;cg18118286;;1133;0;0;EnhA17;0,091738043;0,37148856;0,675802282;97;0,101734385;Axolotl;Ambystoma mexicanum;0,893688537;2;AGAP1;236082376;0,37148856;hg38
2377;cg13949301;;1134;0;0;EnhWk1;0,091710635;0,371632085;0,675802282;97;0,101734901;Axolotl;Ambystoma mexicanum;0,893420395;3;FOXP1;70952478;0,371632085;hg38
2378;cg02913140;;1135;0;0;EnhA10;0,091689688;0,371741792;0,675802282;97;0,101735295;Axolotl;Ambystoma mexicanum;0,893215476;5;MEF2C;88823795;0,371741792;hg38
2379;cg16771805;1244;;0;0;PromF2;-0,091666908;0,371861124;0,675802282;97;0,101735724;Axolotl;Ambystoma mexicanum;-0,892992621;2;ZEB2;144512116;0,371861124;hg38
2380;cg05196915;1245;;0;0;EnhWk3;-0,09162379;0,372087062;0,675802282;97;0,101736535;Axolotl;Ambystoma mexicanum;-0,892570799;13;DACH1;71524906;0,372087062;hg38
2381;cg12772040;1246;;0;0;TxEx3;-0,091604393;0,372188731;0,675802282;97;0,101736899;Axolotl;Ambystoma mexicanum;-0,892381039;14;DICER1;95094144;0,372188731;hg38
2382;cg04104679;1247;;0;0;PromF5;-0,091592278;0,372252238;0,675802282;97;0,101737127;Axolotl;Ambystoma mexicanum;-0,892262521;5;MAST4;66959260;0,372252238;hg38
2383;cg14646408;;1136;0;0;Acet2;0,091584;0,372295638;0,675802282;97;0,101737283;Axolotl;Ambystoma mexicanum;0,892181534;14;NRXN3;79853568;0,372295638;hg38
2384;cg13392367;;1137;0;0;TxEx2;0,091531801;0,372569362;0,675802282;97;0,101738263;Axolotl;Ambystoma mexicanum;0,891670888;1;AGO1;35919100;0,372569362;hg38
2385;cg14581879;;1138;0;0;TxEx1;0,091473103;0,372877316;0,675802282;97;0,101739365;Axolotl;Ambystoma mexicanum;0,891096661;5;SREK1;66158870;0,372877316;hg38
2386;cg27414616;;1139;0;0;TxEnh5;0,091465529;0,372917069;0,675802282;97;0,101739508;Axolotl;Ambystoma mexicanum;0,891022558;2;LOC101928386;143946708;0,372917069;hg38
2387;cg01423828;;1140;0;0;EnhA7;0,091417159;0,373170969;0,675802282;97;0,101740415;Axolotl;Ambystoma mexicanum;0,890549375;18;LINC01893;76213210;0,373170969;hg38
2388;cg21852308;1248;;0;0;TSS2;-0,091357545;0,373484035;0,675802282;97;0,101741533;Axolotl;Ambystoma mexicanum;-0,8899662;11;SPI1;47355351;0,373484035;hg38
2389;cg24301614;;1141;0;0;Acet2;0,091335049;0,373602218;0,675802282;97;0,101741955;Axolotl;Ambystoma mexicanum;0,88974613;5;ARRDC3;92147423;0,373602218;hg38
2390;cg08928882;;1142;0;1;PromF5;0,09127196;0,373933775;0,675802282;97;0,101743137;Axolotl;Ambystoma mexicanum;0,889128964;8;ZFHX4-AS1;76681127;0,373933775;hg38
2391;cg00038376;1249;;0;0;EnhWk4;-0,091224671;0,374182416;0,675802282;97;0,101744022;Axolotl;Ambystoma mexicanum;-0,888666359;5;TBCA;77869323;0,374182416;hg38
2392;cg02976613;1250;;0;0;ReprPC3;-0,091218191;0,374216493;0,675802282;97;0,101744143;Axolotl;Ambystoma mexicanum;-0,888602972;20;TOX2;44033012;0,374216493;hg38
2393;cg00809740;1251;;0;0;PromF4;-0,091214865;0,374233988;0,675802282;97;0,101744206;Axolotl;Ambystoma mexicanum;-0,888570431;3;MSL2;136195075;0,374233988;hg38
2394;cg10534067;1252;;0;0;BivProm1;-0,09118788;0,374375927;0,675802282;97;0,101744711;Axolotl;Ambystoma mexicanum;-0,888306457;19;KCTD15;33868898;0,374375927;hg38
2395;cg23579234;;1143;0;0;EnhA6;0,091180653;0,374413947;0,675802282;97;0,101744846;Axolotl;Ambystoma mexicanum;0,88823576;5;LINC01377;3226663;0,374413947;hg38
2396;cg03218461;;1144;0;0;TxEx3;0,091180485;0,374414827;0,675802282;97;0,101744849;Axolotl;Ambystoma mexicanum;0,888234123;23;KDM6A;45069627;0,374414827;hg38
2397;cg14106853;;1145;0;0;BivProm3;0,091139996;0,374627874;0,675802282;97;0,101745606;Axolotl;Ambystoma mexicanum;0,887838047;2;DES;219420929;0,374627874;hg38
2398;cg23619357;;1146;0;1;BivProm4;0,091121267;0,37472645;0,675802282;97;0,101745957;Axolotl;Ambystoma mexicanum;0,88765483;1;PBX1;164320961;0,37472645;hg38
2399;cg24375227;1253;;0;1;BivProm2;-0,091110934;0,374780842;0,675802282;97;0,10174615;Axolotl;Ambystoma mexicanum;-0,88755375;11;PAX6;31804164;0,374780842;hg38
2400;cg05443339;;1147;0;0;Quies3;0,091008921;0,375318074;0,676124225;97;0,101748056;Axolotl;Ambystoma mexicanum;0,886555847;2;FIGN;163444996;0,375318074;hg38
2401;cg13640160;1254;;0;0;PromF4;-0,090999256;0,375369;0,676124225;97;0,101748236;Axolotl;Ambystoma mexicanum;-0,886461299;8;PABPC1;100721481;0,375369;hg38
2402;cg26312920;;1148;0;0;ReprPC3;0,090971713;0,375514138;0,676124225;97;0,101748751;Axolotl;Ambystoma mexicanum;0,886191881;7;NEUROD6;31340776;0,375514138;hg38
2403;cg23323432;1255;;0;0;TxEx3;-0,090958349;0,375584575;0,676124225;97;0,101749;Axolotl;Ambystoma mexicanum;-0,886061153;10;PANK1;89611820;0,375584575;hg38
2404;cg07071008;;1149;0;0;EnhA17;0,090907253;0,375853956;0,676327712;97;0,101749953;Axolotl;Ambystoma mexicanum;0,885561332;6;LOC101927314;98044647;0,375853956;hg38
2405;cg19993539;1256;;0;0;TxEnh8;-0,090782304;0,376513188;0,677112998;97;0,101752283;Axolotl;Ambystoma mexicanum;-0,884339099;10;MXI1;110280082;0,376513188;hg38
2406;cg17410330;;1150;0;0;EnhA17;0,09075451;0,376659923;0,677112998;97;0,1017528;Axolotl;Ambystoma mexicanum;0,884067227;16;WWOX;79164678;0,376659923;hg38
2407;cg00634704;1257;;0;1;BivProm2;-0,090697565;0,376960669;0,677112998;97;0,10175386;Axolotl;Ambystoma mexicanum;-0,88351021;8;OSR2;98951629;0,376960669;hg38
2408;cg14620780;1258;;0;0;Tx4;-0,090682323;0,377041194;0,677112998;97;0,101754144;Axolotl;Ambystoma mexicanum;-0,883361113;2;LRPPRC;43939814;0,377041194;hg38
2409;cg00471897;;1151;0;0;EnhA17;0,090634897;0,377291808;0,677112998;97;0,101755026;Axolotl;Ambystoma mexicanum;0,882897215;7;FOXP2;114653977;0,377291808;hg38
2410;cg02057523;1259;;0;0;Tx7;-0,090522469;0,377886326;0,677112998;97;0,101757116;Axolotl;Ambystoma mexicanum;-0,881797497;1;ZYG11B;52771592;0,377886326;hg38
2411;cg20422807;;1152;0;0;PromF7;0,090451175;0,37826362;0,677112998;97;0,10175844;Axolotl;Ambystoma mexicanum;0,881100143;3;DLG1;197296390;0,37826362;hg38
2412;cg26551777;1260;;0;0;TxEnh8;-0,090421588;0,378420262;0,677112998;97;0,101758989;Axolotl;Ambystoma mexicanum;-0,880810746;2;ZEB2;144404070;0,378420262;hg38
2413;cg14335863;1261;;0;0;EnhWk6;-0,090402211;0,378522871;0,677112998;97;0,101759348;Axolotl;Ambystoma mexicanum;-0,880621217;14;LINC00618;96964863;0,378522871;hg38
2414;cg20659048;1262;;0;1;PromF5;-0,090387495;0,378600812;0,677112998;97;0,101759621;Axolotl;Ambystoma mexicanum;-0,880477273;5;NR2F1-AS1;93585390;0,378600812;hg38
2415;cg11758048;1263;;0;1;PromF5;-0,09038537;0,378612067;0,677112998;97;0,101759661;Axolotl;Ambystoma mexicanum;-0,880456488;18;DOK6;69401293;0,378612067;hg38
2416;cg04463011;;1153;0;0;EnhA2;0,090383335;0,378622848;0,677112998;97;0,101759698;Axolotl;Ambystoma mexicanum;0,880436579;6;LOC100506885;19719765;0,378622848;hg38
2417;cg08824506;1264;;0;1;BivProm2;-0,09037472;0,378668481;0,677112998;97;0,101759858;Axolotl;Ambystoma mexicanum;-0,880352314;7;FEZF1-AS1;122304722;0,378668481;hg38
2418;cg17982054;;1154;0;0;EnhA2;0,090369523;0,378696009;0,677112998;97;0,101759955;Axolotl;Ambystoma mexicanum;0,880301485;8;TRPS1;115419930;0,378696009;hg38
2419;cg00942997;1265;;0;0;TxEnh5;-0,090343809;0,378832238;0,677112998;97;0,101760431;Axolotl;Ambystoma mexicanum;-0,880049973;3;WNT5A;55470174;0,378832238;hg38
2420;cg05746092;;1155;0;0;TxWk2;0,090301627;0,379055785;0,677112998;97;0,101761213;Axolotl;Ambystoma mexicanum;0,879637376;10;ANK3;60134317;0,379055785;hg38
2421;cg00259935;1266;;0;0;EnhA16;-0,090290356;0,379115524;0,677112998;97;0,101761422;Axolotl;Ambystoma mexicanum;-0,87952714;3;SHOX2;158058875;0,379115524;hg38
2422;cg15720698;;1156;0;0;Tx8;0,09025911;0,379281179;0,677112998;97;0,101762001;Axolotl;Ambystoma mexicanum;0,879221518;2;ZEB2;144428272;0,379281179;hg38
2423;cg11517256;;1157;0;0;EnhWk8;0,090251354;0,379322306;0,677112998;97;0,101762144;Axolotl;Ambystoma mexicanum;0,879145655;1;NFIA;61460735;0,379322306;hg38
2424;cg23393094;;1158;0;0;Tx3;0,090232763;0,379420897;0,677112998;97;0,101762489;Axolotl;Ambystoma mexicanum;0,878963813;9;PBX3;125856513;0,379420897;hg38
2425;cg11839293;1267;;0;0;TxEx1;-0,09018813;0,379657648;0,677157543;97;0,101763315;Axolotl;Ambystoma mexicanum;-0,878527266;5;SREK1;66158852;0,379657648;hg38
2426;cg06004718;;1159;0;0;TxEx2;0,090160138;0,379806181;0,677157543;97;0,101763833;Axolotl;Ambystoma mexicanum;0,878253469;1;POU2F1;167398080;0,379806181;hg38
2427;cg21142438;;1160;0;0;EnhWk4;0,090139545;0,379915469;0,677157543;97;0,101764214;Axolotl;Ambystoma mexicanum;0,878052057;14;LINC02304;97070454;0,379915469;hg38
2428;cg03131267;;1161;0;0;Tx8;0,089983978;0,380741713;0,678146771;97;0,101767089;Axolotl;Ambystoma mexicanum;0,876530482;2;LRPPRC;43905877;0,380741713;hg38
2429;cg00954258;1268;;0;0;PromF2;-0,089963421;0,380850975;0,678146771;97;0,101767468;Axolotl;Ambystoma mexicanum;-0,876329422;9;PBX3;125759973;0,380850975;hg38
2430;cg17999879;;1162;0;0;TSS1;0,08994653;0,380940767;0,678146771;97;0,10176778;Axolotl;Ambystoma mexicanum;0,876164215;12;SMARCC2;56190444;0,380940767;hg38
2431;cg09220022;;1163;0;0;EnhWk3;0,089911515;0,381126944;0,678199106;97;0,101768426;Axolotl;Ambystoma mexicanum;0,875821751;10;LRMDA;76524001;0,381126944;hg38
2432;cg06124492;1269;;0;0;EnhA17;-0,089807145;0,381682218;0,678332473;97;0,10177035;Axolotl;Ambystoma mexicanum;-0,874800955;13;MZT1;72651237;0,381682218;hg38
2433;cg18586457;;1164;0;0;TxEx2;0,089795232;0,381745629;0,678332473;97;0,10177057;Axolotl;Ambystoma mexicanum;0,87468444;4;ZNF827;145761359;0,381745629;hg38
2434;cg17172158;1270;;0;0;Quies1;-0,089774477;0,381856119;0,678332473;97;0,101770952;Axolotl;Ambystoma mexicanum;-0,874481447;12;LMO3;16949057;0,381856119;hg38
2435;cg23165930;;1165;0;0;EnhWk4;0,089750418;0,381984227;0,678332473;97;0,101771396;Axolotl;Ambystoma mexicanum;0,874246135;12;SOX5;24139243;0,381984227;hg38
2436;cg06079151;;1166;0;0;TxEx1;0,089714387;0,382176124;0,678332473;97;0,101772059;Axolotl;Ambystoma mexicanum;0,87389374;5;G3BP1;151786657;0,382176124;hg38
2437;cg19961276;;1167;0;0;TxWk2;0,089711571;0,382191124;0,678332473;97;0,101772111;Axolotl;Ambystoma mexicanum;0,8738662;3;MAGI1;65359132;0,382191124;hg38
2438;cg13235828;;1168;0;0;Tx8;0,089691218;0,382299553;0,678332473;97;0,101772485;Axolotl;Ambystoma mexicanum;0,873667137;10;FGFR2;121517371;0,382299553;hg38
2439;cg04633983;;1169;0;0;ReprPC1;0,089636001;0,382593802;0,67857624;97;0,101773501;Axolotl;Ambystoma mexicanum;0,873127105;1;BARHL2;90728535;0,382593802;hg38
2440;cg25847819;1271;;0;0;Tx8;-0,089552298;0,383040114;0,6790894;97;0,10177504;Axolotl;Ambystoma mexicanum;-0,872308478;12;C2CD5;22518033;0,383040114;hg38
2441;cg14082613;1272;;0;0;Quies3;-0,089406553;0,383817996;0,679683257;97;0,101777716;Axolotl;Ambystoma mexicanum;-0,87088308;10;MGMT;129648219;0,383817996;hg38
2442;cg17775617;1273;;0;0;BivProm1;-0,089384797;0,383934195;0,679683257;97;0,101778115;Axolotl;Ambystoma mexicanum;-0,870670309;6;SIM1;100281671;0,383934195;hg38
2443;cg16688207;1274;;0;1;BivProm1;-0,089383099;0,383943262;0,679683257;97;0,101778146;Axolotl;Ambystoma mexicanum;-0,870653706;20;MAFB;40687985;0,383943262;hg38
2444;cg00571033;1275;;0;0;BivProm2;-0,089340572;0,384170462;0,679683257;97;0,101778926;Axolotl;Ambystoma mexicanum;-0,8702378;8;LINC00599;9903399;0,384170462;hg38
2445;cg26866331;;1170;0;0;ReprPC9;0,089283894;0,384473397;0,679683257;97;0,101779965;Axolotl;Ambystoma mexicanum;0,869683491;2;CAMKMT;44766598;0,384473397;hg38
2446;cg12958012;;1171;0;0;PromF5;0,089281508;0,38448615;0,679683257;97;0,101780009;Axolotl;Ambystoma mexicanum;0,86966016;3;ZBTB20-AS5;114454890;0,38448615;hg38
2447;cg24242812;;1172;0;0;TxWk1;0,089258573;0,384608777;0,679683257;97;0,101780429;Axolotl;Ambystoma mexicanum;0,869435858;12;NELL2;44777244;0,384608777;hg38
2448;cg21345304;;1173;0;0;ReprPC2;0,089254221;0,384632047;0,679683257;97;0,101780508;Axolotl;Ambystoma mexicanum;0,8693933;2;SPR;72898261;0,384632047;hg38
2449;cg19762019;;1174;0;1;TSS2;0,089214253;0,384845801;0,679783294;97;0,10178124;Axolotl;Ambystoma mexicanum;0,869002431;17;HOXB5;48593943;0,384845801;hg38
2450;cg18842854;1276;;0;0;EnhA20;-0,089168406;0,385091091;0,679938928;97;0,101782079;Axolotl;Ambystoma mexicanum;-0,868554061;5;ESM1;54942519;0,385091091;hg38
2451;cg06001140;;1175;0;0;EnhA17;0,089104507;0,385433118;0,680115923;97;0,101783248;Axolotl;Ambystoma mexicanum;0,867929154;1;USH2A;216500756;0,385433118;hg38
2452;cg24615802;1277;;0;0;TSS2;-0,089090937;0,385505775;0,680115923;97;0,101783496;Axolotl;Ambystoma mexicanum;-0,867796447;17;MIR193A;31550113;0,385505775;hg38
2453;cg05186043;1278;;0;0;ReprPC3;-0,089029909;0,385832641;0,68041509;97;0,101784611;Axolotl;Ambystoma mexicanum;-0,867199627;3;SHOX2;158058746;0,385832641;hg38
2454;cg11725716;1279;;0;0;TxEx3;-0,088984827;0,386074209;0,680563654;97;0,101785435;Axolotl;Ambystoma mexicanum;-0,866758748;12;LRP6;12159002;0,386074209;hg38
2455;cg25706027;1280;;0;0;EnhA17;-0,088928892;0,386374054;0,680814784;97;0,101786456;Axolotl;Ambystoma mexicanum;-0,866211744;3;FOXP1;70952266;0,386374054;hg38
2456;cg13475335;;1176;0;0;Tx7;0,088754376;0,387310473;0,681461801;97;0,101789637;Axolotl;Ambystoma mexicanum;0,864505113;17;SPOP;49622012;0,387310473;hg38
2457;cg04858567;1281;;0;1;PromF5;-0,088739639;0,387389607;0,681461801;97;0,101789906;Axolotl;Ambystoma mexicanum;-0,864361005;11;SOX6;16607708;0,387389607;hg38
2458;cg04699040;1282;;0;1;BivProm2;-0,088732472;0,387428101;0,681461801;97;0,101790036;Axolotl;Ambystoma mexicanum;-0,864290912;12;HOXC4;54029687;0,387428101;hg38
2459;cg25544947;;1177;0;0;EnhWk4;0,088728873;0,387447428;0,681461801;97;0,101790102;Axolotl;Ambystoma mexicanum;0,864255721;2;AGAP1;235849118;0,387447428;hg38
2460;cg12505182;1283;;0;0;EnhWk8;-0,088706684;0,387566613;0,681461801;97;0,101790506;Axolotl;Ambystoma mexicanum;-0,864038734;10;PTER;16368076;0,387566613;hg38
2461;cg04914412;1284;;0;0;TxEnh5;-0,088582218;0,38823557;0,681461801;97;0,10179277;Axolotl;Ambystoma mexicanum;-0,862821584;10;TCF7L2;113159947;0,38823557;hg38
2462;cg21450888;;1178;0;0;EnhA3;0,088578682;0,388254583;0,681461801;97;0,101792834;Axolotl;Ambystoma mexicanum;0,862787009;1;DNM3;172144907;0,388254583;hg38
2463;cg17082219;;1179;0;0;TxEx4;0,088570754;0,388297214;0,681461801;97;0,101792978;Axolotl;Ambystoma mexicanum;0,862709488;16;C16orf72;9103043;0,388297214;hg38
2464;cg11560663;;1180;0;0;Tx7;0,088561129;0,388348982;0,681461801;97;0,101793153;Axolotl;Ambystoma mexicanum;0,862615361;19;ELAVL1;7963397;0,388348982;hg38
2465;cg08341143;1285;;0;0;EnhA6;-0,088548137;0,388418857;0,681461801;97;0,101793389;Axolotl;Ambystoma mexicanum;-0,862488321;5;LINC01377;3226545;0,388418857;hg38
2466;cg05535461;;1181;0;0;EnhWk4;0,088519343;0,388573757;0,681461801;97;0,101793912;Axolotl;Ambystoma mexicanum;0,862206747;2;METAP1D;172072476;0,388573757;hg38
2467;cg12237348;1286;;0;0;TxWk2;-0,088508587;0,388631632;0,681461801;97;0,101794107;Axolotl;Ambystoma mexicanum;-0,862101561;10;KCNMA1-AS1;76944905;0,388631632;hg38
2468;cg06726376;;1182;0;0;EnhWk4;0,088327909;0,389604526;0,682890951;97;0,101797385;Axolotl;Ambystoma mexicanum;0,86033478;2;LINC01831;103960293;0,389604526;hg38
2469;cg27611689;1287;;0;0;Tx4;-0,08818044;0,390399682;0,684007533;97;0,101800056;Axolotl;Ambystoma mexicanum;-0,858892764;12;CNOT2;70310945;0,390399682;hg38
2470;cg04655309;1288;;0;0;Acet7;-0,088089161;0,390892343;0,684593435;97;0,101801707;Axolotl;Ambystoma mexicanum;-0,858000217;7;HDAC9;18793393;0,390892343;hg38
2471;cg17136263;1289;;0;1;TSS1;-0,088054298;0,391080608;0,684601187;97;0,101802337;Axolotl;Ambystoma mexicanum;-0,857659322;8;XKR6;11201144;0,391080608;hg38
2472;cg02551260;;1183;0;0;ReprPC4;0,088029735;0,391213285;0,684601187;97;0,101802781;Axolotl;Ambystoma mexicanum;0,85741914;16;LOC101928035;74275081;0,391213285;hg38
2473;cg01100740;1290;;0;0;EnhWk8;-0,087956183;0,391610734;0,684650792;97;0,101804109;Axolotl;Ambystoma mexicanum;-0,856699944;1;ADGRL2;81454491;0,391610734;hg38
2474;cg12657372;;1184;0;0;EnhA10;0,087941584;0,391689652;0,684650792;97;0,101804372;Axolotl;Ambystoma mexicanum;0,856557193;9;MVB12B;126472846;0,391689652;hg38
2475;cg13247135;;1185;0;0;EnhA19;0,087936629;0,39171644;0,684650792;97;0,101804461;Axolotl;Ambystoma mexicanum;0,856508742;18;ZNF521;25285556;0,39171644;hg38
2476;cg15156881;1291;;0;0;TxWk1;-0,087823;0,392331021;0,685011452;97;0,10180651;Axolotl;Ambystoma mexicanum;-0,855397691;10;CPEB3;92192507;0,392331021;hg38
2477;cg07283031;;1186;0;0;EnhA6;0,087812954;0,392385384;0,685011452;97;0,101806692;Axolotl;Ambystoma mexicanum;0,855299464;9;LOC101929116;126276476;0,392385384;hg38
2478;cg20482374;;1187;0;0;Tx7;0,087769732;0,392619331;0,685011452;97;0,10180747;Axolotl;Ambystoma mexicanum;0,854876845;6;QKI;163566792;0,392619331;hg38
2479;cg11682341;;1188;0;0;EnhA2;0,087737821;0,392792108;0,685011452;97;0,101808045;Axolotl;Ambystoma mexicanum;0,854564825;18;TAF4B;26335623;0,392792108;hg38
2480;cg27382459;;1189;0;0;EnhA19;0,087720024;0,392888488;0,685011452;97;0,101808365;Axolotl;Ambystoma mexicanum;0,854390808;2;ZEB2;144479812;0,392888488;hg38
2481;cg21988562;;1190;0;0;Quies3;0,08764369;0,393302027;0,685011452;97;0,101809739;Axolotl;Ambystoma mexicanum;0,85364444;3;RSRC1;158308693;0,393302027;hg38
2482;cg23143204;;1191;0;0;Acet2;0,087630481;0,393373612;0,685011452;97;0,101809976;Axolotl;Ambystoma mexicanum;0,85351529;12;PDZRN4;41563304;0,393373612;hg38
2483;cg24991381;;1192;0;0;TxEnh5;0,087620668;0,393426799;0,685011452;97;0,101810152;Axolotl;Ambystoma mexicanum;0,853419342;9;NR6A1;124536029;0,393426799;hg38
2484;cg02759449;1292;;0;0;Tx7;-0,087602093;0,393527488;0,685011452;97;0,101810486;Axolotl;Ambystoma mexicanum;-0,853237723;12;CNOT2;70335494;0,393527488;hg38
2485;cg14427100;;1193;0;0;EnhA6;0,087590799;0,393588714;0,685011452;97;0,101810689;Axolotl;Ambystoma mexicanum;0,8531273;1;SLC6A9;44010780;0,393588714;hg38
2486;cg11625245;1293;;0;0;BivProm1;-0,087514399;0,394003055;0,685011452;97;0,101812062;Axolotl;Ambystoma mexicanum;-0,852380292;9;OLFM1;135088019;0,394003055;hg38
2487;cg00431974;;1194;0;0;Acet2;0,087457113;0,394313902;0,685011452;97;0,10181309;Axolotl;Ambystoma mexicanum;0,851820184;8;ZFPM2-AS1;105756895;0,394313902;hg38
2488;cg18297177;1294;;0;0;TxEx2;-0,087451421;0,394344794;0,685011452;97;0,101813193;Axolotl;Ambystoma mexicanum;-0,851764535;2;WDR33;127763147;0,394344794;hg38
2489;cg04241421;;1195;0;0;PromF3;0,087410815;0,394565234;0,685011452;97;0,101813921;Axolotl;Ambystoma mexicanum;0,85136751;2;SNX17;27371305;0,394565234;hg38
2490;cg21202410;;1196;0;0;TxEnh3;0,087402332;0,394611295;0,685011452;97;0,101814073;Axolotl;Ambystoma mexicanum;0,851284568;21;DYRK1A;37472719;0,394611295;hg38
2491;cg25471194;1295;;0;0;EnhA3;-0,087386749;0,394695916;0,685011452;97;0,101814353;Axolotl;Ambystoma mexicanum;-0,851132208;9;PBX3;125904606;0,394695916;hg38
2492;cg10677704;;1197;0;0;TxEx1;0,087376348;0,394752401;0,685011452;97;0,101814539;Axolotl;Ambystoma mexicanum;0,851030518;22;EWSR1;29290395;0,394752401;hg38
2493;cg04115989;1296;;0;0;ReprPC7;-0,08737253;0,394773135;0,685011452;97;0,101814608;Axolotl;Ambystoma mexicanum;-0,850993191;7;POU6F2;39464348;0,394773135;hg38
2494;cg06584607;;1198;0;0;EnhWk2;0,087336009;0,394971521;0,685030569;97;0,101815262;Axolotl;Ambystoma mexicanum;0,850636115;2;SPEG;219444058;0,394971521;hg38
2495;cg07214083;1297;;0;0;TxEx2;-0,087312204;0,395100867;0,685030569;97;0,101815689;Axolotl;Ambystoma mexicanum;-0,850403363;17;CCDC47;63754428;0,395100867;hg38
2496;cg05501112;1298;;0;0;Tx7;-0,087263319;0,395366557;0,685068701;97;0,101816564;Axolotl;Ambystoma mexicanum;-0,84992541;8;RRM2B;102224978;0,395366557;hg38
2497;cg08509859;1299;;0;0;ReprPC6;-0,087217183;0,395617407;0,685068701;97;0,10181739;Axolotl;Ambystoma mexicanum;-0,849474333;1;DMBX1;46510493;0,395617407;hg38
2498;cg07088808;;1199;0;0;Quies3;0,087212227;0,395644361;0,685068701;97;0,101817479;Axolotl;Ambystoma mexicanum;0,849425874;2;LINC01122;58722399;0,395644361;hg38
2499;cg16176986;;1200;0;0;Tx7;0,087183447;0,395800895;0,685068701;97;0,101817994;Axolotl;Ambystoma mexicanum;0,849144494;3;ATXN7;63988104;0,395800895;hg38
2500;cg23627494;;1201;0;1;BivProm2;0,087102051;0,396243809;0,685068701;97;0,101819449;Axolotl;Ambystoma mexicanum;0,84834869;2;HOXD3;176157262;0,396243809;hg38
2501;cg20258476;;1202;0;0;EnhA4;0,087084067;0,396341711;0,685068701;97;0,101819771;Axolotl;Ambystoma mexicanum;0,848172858;9;SPATA31D1;82332492;0,396341711;hg38
2502;cg20403853;1300;;0;0;Acet3;-0,087081781;0,396354157;0,685068701;97;0,101819812;Axolotl;Ambystoma mexicanum;-0,848150507;5;GRIA1;153646978;0,396354157;hg38
2503;cg25397773;;1203;0;0;EnhA20;0,087073832;0,396397433;0,685068701;97;0,101819954;Axolotl;Ambystoma mexicanum;0,848072792;6;LINC01611;84449364;0,396397433;hg38
2504;cg22205400;;1204;0;0;ReprPC8;0,087040108;0,396581068;0,685068701;97;0,101820556;Axolotl;Ambystoma mexicanum;0,847743082;23;GABRA3;152189868;0,396581068;hg38
2505;cg19357219;1301;;0;0;TxEx1;-0,086999587;0,396801788;0,685068701;97;0,10182128;Axolotl;Ambystoma mexicanum;-0,847346909;11;RAB6A;73718794;0,396801788;hg38
2506;cg04777732;;1205;0;0;PromF2;0,086978071;0,396919012;0,685068701;97;0,101821664;Axolotl;Ambystoma mexicanum;0,847136554;6;BACH2;90218674;0,396919012;hg38
2507;cg23088609;;1206;0;0;ReprPC4;0,086923997;0,397213718;0,685068701;97;0,101822628;Axolotl;Ambystoma mexicanum;0,846607885;20;LINC01370;40234776;0,397213718;hg38
2508;cg27121137;;1207;0;0;HET8;0,086893828;0,397378195;0,685068701;97;0,101823166;Axolotl;Ambystoma mexicanum;0,846312933;19;CACNA1A;13317240;0,397378195;hg38
2509;cg25472733;1302;;0;0;TxEx1;-0,086878806;0,397460105;0,685068701;97;0,101823434;Axolotl;Ambystoma mexicanum;-0,846166073;16;C16orf72;9116864;0,397460105;hg38
2510;cg12330929;;1208;0;0;TxEx1;0,086855395;0,397587782;0,685068701;97;0,101823852;Axolotl;Ambystoma mexicanum;0,845937195;23;USP9X;41123644;0,397587782;hg38
2511;cg18370228;1303;;0;0;TxEx3;-0,086842758;0,397656714;0,685068701;97;0,101824077;Axolotl;Ambystoma mexicanum;-0,845813642;23;HUWE1;53543841;0,397656714;hg38
2512;cg14676415;;1209;0;0;EnhWk4;0,086721279;0,398319688;0,68586254;97;0,10182624;Axolotl;Ambystoma mexicanum;0,844625999;10;LINC01163;128166601;0,398319688;hg38
2513;cg20075843;;1210;0;0;TxEnh8;0,086696042;0,398457498;0,68586254;97;0,101826689;Axolotl;Ambystoma mexicanum;0,844379278;12;SCN8A;51788743;0,398457498;hg38
2514;cg05474883;;1211;0;0;TxEx1;0,086665247;0,398625704;0,68586254;97;0,101827237;Axolotl;Ambystoma mexicanum;0,844078209;4;HNRNPD;82354926;0,398625704;hg38
2515;cg12276711;;1212;0;0;EnhA5;0,086600435;0,398979844;0,68586254;97;0,101828389;Axolotl;Ambystoma mexicanum;0,843444588;6;RIMS1;72260733;0,398979844;hg38
2516;cg21921063;1304;;0;1;BivProm1;-0,086579349;0,399095102;0,68586254;97;0,101828764;Axolotl;Ambystoma mexicanum;-0,843238444;1;LINC01930;98046147;0,399095102;hg38
2517;cg00193158;;1213;0;0;Tx5;0,086568106;0,399156564;0,68586254;97;0,101828963;Axolotl;Ambystoma mexicanum;0,843128531;2;INPP4A;98581586;0,399156564;hg38
2518;cg20140365;;1214;0;0;EnhA19;0,086555158;0,399227353;0,68586254;97;0,101829193;Axolotl;Ambystoma mexicanum;0,84300195;4;CHIC2;54015737;0,399227353;hg38
2519;cg16903788;1305;;0;0;EnhWk3;-0,086444325;0,399833616;0,686631395;97;0,10183116;Axolotl;Ambystoma mexicanum;-0,841918425;3;IL20RB;137264627;0,399833616;hg38
2520;cg26564284;;1215;0;0;Tx2;0,086413212;0,400003901;0,686651235;97;0,101831712;Axolotl;Ambystoma mexicanum;0,841614267;8;ZFHX4;76808499;0,400003901;hg38
2521;cg15461720;;1216;0;0;EnhA17;0,086368545;0,400248448;0,686757786;97;0,101832504;Axolotl;Ambystoma mexicanum;0,8411776;9;RFX3;3401784;0,400248448;hg38
2522;cg23562681;1306;;0;0;Tx8;-0,086292802;0,400663331;0,686757786;97;0,101833846;Axolotl;Ambystoma mexicanum;-0,840437143;2;LOC100132215;62967318;0,400663331;hg38
2523;cg12566859;1307;;0;1;PromF4;-0,086270727;0,400784296;0,686757786;97;0,101834237;Axolotl;Ambystoma mexicanum;-0,840221339;10;ABRAXAS2;124801834;0,400784296;hg38
2524;cg21816821;;1217;0;0;TxWk2;0,086262349;0,400830208;0,686757786;97;0,101834385;Axolotl;Ambystoma mexicanum;0,840139441;14;SLC7A8;23165378;0,400830208;hg38
2525;cg19742412;;1218;0;1;BivProm2;0,08621987;0,40106306;0,686757786;97;0,101835137;Axolotl;Ambystoma mexicanum;0,839724169;5;LOC101929154;77972400;0,40106306;hg38
2526;cg09789157;1308;;0;0;PromF4;-0,086200669;0,401168337;0,686757786;97;0,101835476;Axolotl;Ambystoma mexicanum;-0,839536463;12;FBXL14;1593903;0,401168337;hg38
2527;cg03117327;;1219;0;0;BivProm2;0,086182027;0,401270563;0,686757786;97;0,101835806;Axolotl;Ambystoma mexicanum;0,839354224;14;LINC02325;97413106;0,401270563;hg38
2528;cg01464821;1309;;0;0;Acet2;-0,086170091;0,401336022;0,686757786;97;0,101836017;Axolotl;Ambystoma mexicanum;-0,839237545;11;GRIA4;105974348;0,401336022;hg38
2529;cg03582645;;1220;0;0;EnhA17;0,086063637;0,401920134;0,687485357;97;0,101837898;Axolotl;Ambystoma mexicanum;0,83819689;2;MAP3K20-AS1;173250337;0,401920134;hg38
2530;cg00791311;1310;;0;0;EnhWk4;-0,085971261;0,402427409;0,687727377;97;0,101839529;Axolotl;Ambystoma mexicanum;-0,837293861;10;LINC02667;129063402;0,402427409;hg38
2531;cg05472074;1311;;0;0;ReprPC3;-0,085958358;0,402498292;0,687727377;97;0,101839756;Axolotl;Ambystoma mexicanum;-0,837167732;20;RALGAPA2;20872549;0,402498292;hg38
2532;cg16376499;1312;;0;0;BivProm2;-0,085935833;0,402622058;0,687727377;97;0,101840154;Axolotl;Ambystoma mexicanum;-0,836947538;5;LINC00461;88666011;0,402622058;hg38
2533;cg15292635;;1221;0;0;EnhA16;0,085896618;0,402837578;0,687727377;97;0,101840845;Axolotl;Ambystoma mexicanum;0,836564196;23;GRIA3;123465770;0,402837578;hg38
2534;cg09681972;;1222;1;1;BivProm4;0,085893171;0,402856526;0,687727377;97;0,101840906;Axolotl;Ambystoma mexicanum;0,836530499;17;HOXB7;48613470;0,402856526;hg38
2535;cg13592061;;1223;0;0;Quies3;0,085842973;0,403132518;0,687735356;97;0,10184179;Axolotl;Ambystoma mexicanum;0,836039792;10;MGMT;129717172;0,403132518;hg38
2536;cg23298936;;1224;0;0;EnhWk3;0,08583449;0,403179165;0,687735356;97;0,10184194;Axolotl;Ambystoma mexicanum;0,835956873;1;CASZ1;10713154;0,403179165;hg38
2537;cg01824230;;1225;0;0;TxEnh5;0,085771835;0,403523826;0,687859471;97;0,101843043;Axolotl;Ambystoma mexicanum;0,835344398;11;MARK2;63909169;0,403523826;hg38
2538;cg01878181;;1226;0;0;EnhWk4;0,085763452;0,403569948;0,687859471;97;0,10184319;Axolotl;Ambystoma mexicanum;0,835262461;14;BCL11B;99000380;0,403569948;hg38
2539;cg17942018;1313;;0;0;TSS1;-0,085719467;0,403812028;0,688001;97;0,101843964;Axolotl;Ambystoma mexicanum;-0,834832493;18;TCF4;55322290;0,403812028;hg38
2540;cg25830596;;1227;0;0;ReprPC1;0,085681689;0,404020012;0,688075291;97;0,101844628;Axolotl;Ambystoma mexicanum;0,834463208;6;TFAP2A;10397040;0,404020012;hg38
2541;cg23235203;1314;;0;0;Quies2;-0,085628136;0,404314949;0,688075291;97;0,10184557;Axolotl;Ambystoma mexicanum;-0,833939727;15;SPATA8;96978398;0,404314949;hg38
2542;cg08990681;1315;;0;0;ReprPC9;-0,085614016;0,404392738;0,688075291;97;0,101845818;Axolotl;Ambystoma mexicanum;-0,833801698;10;EBF3;129895884;0,404392738;hg38
2543;cg04960033;1316;;0;0;TxEx2;-0,085596022;0,404491876;0,688075291;97;0,101846134;Axolotl;Ambystoma mexicanum;-0,833625812;3;AP2M1;184183575;0,404491876;hg38
2544;cg01539965;;1228;0;0;Tx6;0,085500858;0,405016434;0,688531581;97;0,101847804;Axolotl;Ambystoma mexicanum;0,832695587;2;DDX1;15623483;0,405016434;hg38
2545;cg05658184;;1229;0;1;ReprPC2;0,085488303;0,405085669;0,688531581;97;0,101848025;Axolotl;Ambystoma mexicanum;0,832572863;23;ARX;25009372;0,405085669;hg38
2546;cg00419202;1317;;0;0;Quies2;-0,085445038;0,405324308;0,688531581;97;0,101848783;Axolotl;Ambystoma mexicanum;-0,832149955;1;LINC02790;96008574;0,405324308;hg38
2547;cg25949172;;1230;0;0;ReprPC3;0,085431902;0,405396776;0,688531581;97;0,101849014;Axolotl;Ambystoma mexicanum;0,832021559;1;ZNF326;90105447;0,405396776;hg38
2548;cg01712731;1318;;0;0;EnhA2;-0,085397071;0,405588979;0,688562733;97;0,101849624;Axolotl;Ambystoma mexicanum;-0,831681086;7;AUTS2;70631135;0,405588979;hg38
2549;cg03640209;1319;;0;0;EnhWk8;-0,085344382;0,405879819;0,688562733;97;0,101850547;Axolotl;Ambystoma mexicanum;-0,831166071;23;POLA1;24982128;0,405879819;hg38
2550;cg12867324;;1231;0;0;BivProm2;0,08534206;0,405892638;0,688562733;97;0,101850588;Axolotl;Ambystoma mexicanum;0,831143376;1;RRAGC;38783755;0,405892638;hg38
2551;cg18441511;1320;;0;0;TxEnh6;-0,085165901;0,406865944;0,689064694;97;0,101853669;Axolotl;Ambystoma mexicanum;-0,829421493;3;SATB1;18369972;0,406865944;hg38
2552;cg25249632;1321;;0;0;Tx8;-0,085163564;0,406878866;0,689064694;97;0,10185371;Axolotl;Ambystoma mexicanum;-0,829398649;6;ASCC3;100593184;0,406878866;hg38
2553;cg26405606;;1232;0;0;EnhWk2;0,08515099;0,406948389;0,689064694;97;0,10185393;Axolotl;Ambystoma mexicanum;0,829275751;1;PROX1;213997286;0,406948389;hg38
2554;cg06115556;;1233;0;0;Tx6;0,085146406;0,406973742;0,689064694;97;0,10185401;Axolotl;Ambystoma mexicanum;0,829230937;12;HECTD4;112264193;0,406973742;hg38
2555;cg24226732;1322;;0;0;Tx7;-0,085144373;0,406984981;0,689064694;97;0,101854046;Axolotl;Ambystoma mexicanum;-0,829211071;2;HAT1;171965876;0,406984981;hg38
2556;cg14186415;;1234;0;0;Tx8;0,085042036;0,407551131;0,689097225;97;0,101855832;Axolotl;Ambystoma mexicanum;0,828210795;1;NEK7;198295486;0,407551131;hg38
2557;cg03288037;;1235;0;0;TxEnh3;0,085025814;0,407640922;0,689097225;97;0,101856116;Axolotl;Ambystoma mexicanum;0,828052229;9;TLE4;79580199;0,407640922;hg38
2558;cg21144428;1323;;0;1;PromF3;-0,085010232;0,407727174;0,689097225;97;0,101856387;Axolotl;Ambystoma mexicanum;-0,827899932;2;RHOB;20447829;0,407727174;hg38
2559;cg21181232;1324;;0;0;TxEx2;-0,08498993;0,407839571;0,689097225;97;0,101856741;Axolotl;Ambystoma mexicanum;-0,827701497;15;TUBGCP4;43409044;0,407839571;hg38
2560;cg21957436;;1236;0;0;BivProm3;0,084988214;0,407849075;0,689097225;97;0,101856771;Axolotl;Ambystoma mexicanum;0,82768472;2;CAMKMT;44777272;0,407849075;hg38
2561;cg07253239;;1237;0;0;TxWk2;0,084968186;0,407959978;0,689097225;97;0,101857121;Axolotl;Ambystoma mexicanum;0,827488958;2;AGAP1;235980156;0,407959978;hg38
2562;cg19638409;;1238;0;1;BivProm4;0,084890406;0,408390834;0,689130021;97;0,101858476;Axolotl;Ambystoma mexicanum;0,82672873;7;HOXA-AS3;27143573;0,408390834;hg38
2563;cg20676757;1325;;0;0;Quies3;-0,084876856;0,408465923;0,689130021;97;0,101858712;Axolotl;Ambystoma mexicanum;-0,826596286;11;DCDC1;30982951;0,408465923;hg38
2564;cg10436985;1326;;0;0;ReprPC9;-0,08487262;0,408489397;0,689130021;97;0,101858786;Axolotl;Ambystoma mexicanum;-0,826554885;23;POU3F4;83511801;0,408489397;hg38
2565;cg24246109;;1239;0;0;EnhA18;0,084849667;0,408616613;0,689130021;97;0,101859186;Axolotl;Ambystoma mexicanum;0,826330542;23;LOC389895;140250547;0,408616613;hg38
2566;cg17214935;1327;;0;0;Acet3;-0,084768495;0,409066694;0,68918415;97;0,101860598;Axolotl;Ambystoma mexicanum;-0,825537162;2;SCN1A-AS1;166002536;0,409066694;hg38
2567;cg05884116;;1240;0;0;TxEx1;0,084713284;0,409372988;0,68918415;97;0,101861558;Axolotl;Ambystoma mexicanum;0,824997539;2;TRIP12;229880069;0,409372988;hg38
2568;cg15777606;;1241;0;0;TxEx3;0,084673529;0,40959362;0,68918415;97;0,101862249;Axolotl;Ambystoma mexicanum;0,824608982;6;JARID2;15496384;0,40959362;hg38
2569;cg17448131;1328;;0;0;ReprPC7;-0,084585286;0,410083606;0,68918415;97;0,101863781;Axolotl;Ambystoma mexicanum;-0,823746511;7;POU6F2;39464337;0,410083606;hg38
2570;cg16588310;;1242;0;0;BivProm4;0,084503799;0,410536379;0,68918415;97;0,101865195;Axolotl;Ambystoma mexicanum;0,822950085;2;ZEB2;144431224;0,410536379;hg38
2571;cg17258599;1329;;0;0;TxEnh8;-0,084497565;0,410571032;0,68918415;97;0,101865303;Axolotl;Ambystoma mexicanum;-0,822889153;1;PDIK1L;26122038;0,410571032;hg38
2572;cg19357353;1330;;0;0;BivProm4;-0,084471464;0,410716129;0,68918415;97;0,101865756;Axolotl;Ambystoma mexicanum;-0,822634051;8;ZFHX4;76683898;0,410716129;hg38
2573;cg24237468;1331;;0;0;Quies2;-0,08444452;0,410865941;0,68918415;97;0,101866223;Axolotl;Ambystoma mexicanum;-0,822370715;18;LINC01029;78146503;0,410865941;hg38
2574;cg13910855;1332;;0;0;PromF4;-0,084417307;0,411017286;0,68918415;97;0,101866694;Axolotl;Ambystoma mexicanum;-0,822104744;6;PBX2;32189708;0,411017286;hg38
2575;cg26566168;;1243;0;0;Acet1;0,084412326;0,411044989;0,68918415;97;0,10186678;Axolotl;Ambystoma mexicanum;0,822056065;1;ESRRG;216677305;0,411044989;hg38
2576;cg09716825;1333;;0;0;ReprPC2;-0,084411683;0,411048564;0,68918415;97;0,101866792;Axolotl;Ambystoma mexicanum;-0,822049783;17;MRM1;36655922;0,411048564;hg38
2577;cg12263847;1334;;0;1;BivProm2;-0,084393696;0,411148624;0,68918415;97;0,101867103;Axolotl;Ambystoma mexicanum;-0,821873979;9;PAX5;37026576;0,411148624;hg38
2578;cg00727310;1335;;0;0;EnhA1;-0,084388664;0,411176618;0,68918415;97;0,10186719;Axolotl;Ambystoma mexicanum;-0,821824799;2;IRS1;226797988;0,411176618;hg38
2579;cg05028132;1336;;0;0;ReprPC3;-0,084366336;0,411300843;0,68918415;97;0,101867577;Axolotl;Ambystoma mexicanum;-0,821606581;19;ZNF536;30154607;0,411300843;hg38
2580;cg14735542;1337;;0;0;Acet2;-0,084281904;0,411770799;0,68918415;97;0,101869038;Axolotl;Ambystoma mexicanum;-0,820781394;2;NRXN1;50922664;0,411770799;hg38
2581;cg16496042;1338;;0;0;TxEnh4;-0,084274242;0,411813461;0,68918415;97;0,10186917;Axolotl;Ambystoma mexicanum;-0,820706511;9;MIR3074;95086090;0,411813461;hg38
2582;cg23296078;1339;;0;0;EnhA1;-0,084271202;0,411830387;0,68918415;97;0,101869223;Axolotl;Ambystoma mexicanum;-0,820676804;9;BNC2;16522348;0,411830387;hg38
2583;cg06619487;;1244;0;0;BivProm3;0,084238525;0,412012372;0,68918415;97;0,101869788;Axolotl;Ambystoma mexicanum;0,820357436;23;PTCHD1;23334910;0,412012372;hg38
2584;cg13782531;1340;;0;0;TxWk1;-0,084222969;0,412099023;0,68918415;97;0,101870057;Axolotl;Ambystoma mexicanum;-0,820205401;17;NPEPPS;47587276;0,412099023;hg38
2585;cg08073580;1341;;0;0;TxEx1;-0,084167402;0,412408629;0,68918415;97;0,101871017;Axolotl;Ambystoma mexicanum;-0,819662332;16;CNOT1;58599373;0,412408629;hg38
2586;cg20144227;1342;;0;0;ReprPC4;-0,084126562;0,412636268;0,68918415;97;0,101871722;Axolotl;Ambystoma mexicanum;-0,819263193;3;CACNA1D;53786893;0,412636268;hg38
2587;cg09058643;1343;;0;0;EnhWk2;-0,084097959;0,412795737;0,68918415;97;0,101872215;Axolotl;Ambystoma mexicanum;-0,81898366;2;TTN;178804600;0,412795737;hg38
2588;cg20747380;;1245;0;1;BivProm4;0,084054284;0,413039314;0,68918415;97;0,101872969;Axolotl;Ambystoma mexicanum;0,818556816;7;HOXA2;27102656;0,413039314;hg38
2589;cg03454056;1344;;0;0;EnhA2;-0,084049367;0,413066743;0,68918415;97;0,101873054;Axolotl;Ambystoma mexicanum;-0,818508758;9;BNC2;16571799;0,413066743;hg38
2590;cg24855524;1345;;0;0;Quies2;-0,083898983;0,413906105;0,68918415;97;0,101875645;Axolotl;Ambystoma mexicanum;-0,817039063;10;MGMT;129309492;0,413906105;hg38
2591;cg27169779;;1246;0;0;TxEnh5;0,08384306;0,414218488;0,68918415;97;0,101876607;Axolotl;Ambystoma mexicanum;0,816492541;2;DYNC1I2;171723790;0,414218488;hg38
2592;cg27134912;;1247;0;0;Quies2;0,083839171;0,41424022;0,68918415;97;0,101876674;Axolotl;Ambystoma mexicanum;0,816454529;6;PKHD1;51651744;0,41424022;hg38
2593;cg10448255;1346;;0;0;TxEnh6;-0,08378586;0,414538153;0,68918415;97;0,101877591;Axolotl;Ambystoma mexicanum;-0,815933531;1;HIPK1;113941101;0,414538153;hg38
2594;cg12094196;;1248;0;0;Tx8;0,083766392;0,414646981;0,68918415;97;0,101877926;Axolotl;Ambystoma mexicanum;0,815743277;4;CLOCK;55476021;0,414646981;hg38
2595;cg20989633;1347;;0;0;TxWk1;-0,083756553;0,414701988;0,68918415;97;0,101878095;Axolotl;Ambystoma mexicanum;-0,815647127;3;MAGI1;65375909;0,414701988;hg38
2596;cg01370449;1348;;0;1;BivProm4;-0,083716056;0,414928441;0,68918415;97;0,101878791;Axolotl;Ambystoma mexicanum;-0,815251366;7;HOXA-AS3;27143750;0,414928441;hg38
2597;cg02386933;1349;;0;0;Acet1;-0,083693702;0,415053475;0,68918415;97;0,101879175;Axolotl;Ambystoma mexicanum;-0,815032905;5;CTNND2;11159592;0,415053475;hg38
2598;cg03913353;;1249;0;0;EnhWk4;0,083677266;0,415145419;0,68918415;97;0,101879457;Axolotl;Ambystoma mexicanum;0,814872284;7;AUTS2;70446681;0,415145419;hg38
2599;cg24221992;1350;;0;0;EnhWk8;-0,083656878;0,415259488;0,68918415;97;0,101879807;Axolotl;Ambystoma mexicanum;-0,814673042;7;VSTM2A;54569004;0,415259488;hg38
2600;cg23049288;1351;;0;0;Tx7;-0,083653488;0,415278462;0,68918415;97;0,101879865;Axolotl;Ambystoma mexicanum;-0,814639905;8;ZBTB10;80519313;0,415278462;hg38
2601;cg01899753;1352;;0;0;TxEx3;-0,083601148;0,415571392;0,68918415;97;0,101880763;Axolotl;Ambystoma mexicanum;-0,814128411;1;XPR1;180880137;0,415571392;hg38
2602;cg02628072;1353;;0;0;EnhWk4;-0,083596779;0,415595848;0,68918415;97;0,101880838;Axolotl;Ambystoma mexicanum;-0,814085716;1;PKN2-AS1;88150480;0,415595848;hg38
2603;cg15547395;1354;;0;0;EnhA5;-0,083594275;0,415609867;0,68918415;97;0,101880881;Axolotl;Ambystoma mexicanum;-0,814061244;5;EBF1;158979509;0,415609867;hg38
2604;cg16694303;1355;;0;0;Quies1;-0,083580193;0,4156887;0,68918415;97;0,101881123;Axolotl;Ambystoma mexicanum;-0,813923635;18;LINC01898;75658882;0,4156887;hg38
2605;cg00038955;1356;;0;0;TxWk2;-0,083577551;0,415703492;0,68918415;97;0,101881168;Axolotl;Ambystoma mexicanum;-0,813897817;8;VPS13B;99507858;0,415703492;hg38
2606;cg11926578;1357;;0;0;ReprPC9;-0,083511456;0,416073648;0,68918415;97;0,101882301;Axolotl;Ambystoma mexicanum;-0,813251901;6;LINC01276;41467268;0,416073648;hg38
2607;cg22177193;1358;;0;0;TxEx2;-0,083501162;0,416131313;0,68918415;97;0,101882478;Axolotl;Ambystoma mexicanum;-0,813151308;3;ACAP2;195295201;0,416131313;hg38
2608;cg00774674;;1250;0;0;TxEx1;0,083469313;0,416309761;0,68918415;97;0,101883023;Axolotl;Ambystoma mexicanum;0,812840065;20;RBM12;35655281;0,416309761;hg38
2609;cg19627326;;1251;0;0;EnhA2;0,083387065;0,416770796;0,68918415;97;0,101884431;Axolotl;Ambystoma mexicanum;0,812036312;18;TAF4B;26335579;0,416770796;hg38
2610;cg25742646;;1252;0;0;TxEx3;0,083353481;0,416959129;0,68918415;97;0,101885006;Axolotl;Ambystoma mexicanum;0,811708129;10;SLK;104010870;0,416959129;hg38
2611;cg15866851;1359;;0;0;EnhWk4;-0,083337641;0,417047975;0,68918415;97;0,101885277;Axolotl;Ambystoma mexicanum;-0,811553339;15;LINC00924;95352825;0,417047975;hg38
2612;cg06106580;;1253;0;0;Acet5;0,083303904;0,417237248;0,68918415;97;0,101885853;Axolotl;Ambystoma mexicanum;0,811223647;11;SOX6;16185584;0,417237248;hg38
2613;cg22234431;;1254;0;1;BivProm2;0,08327219;0,417415208;0,68918415;97;0,101886395;Axolotl;Ambystoma mexicanum;0,810913742;10;ZNF503-AS2;75405311;0,417415208;hg38
2614;cg10455041;1360;;0;0;ReprPC2;-0,083252219;0,4175273;0,68918415;97;0,101886737;Axolotl;Ambystoma mexicanum;-0,810718581;6;TFAP2D;50717264;0,4175273;hg38
2615;cg04398985;;1255;0;0;TxEnh8;0,083249202;0,417544236;0,68918415;97;0,101886788;Axolotl;Ambystoma mexicanum;0,810689097;2;ZEB2;144404025;0,417544236;hg38
2616;cg03463065;1361;;0;0;EnhWk4;-0,083212505;0,417750255;0,68918415;97;0,101887415;Axolotl;Ambystoma mexicanum;-0,810330493;5;KIAA0825;94260257;0,417750255;hg38
2617;cg12035862;1362;;0;0;TxWk2;-0,08320979;0,417765501;0,68918415;97;0,101887461;Axolotl;Ambystoma mexicanum;-0,810303959;19;MEIS3;47414860;0,417765501;hg38
2618;cg13140545;1363;;0;0;ReprPC9;-0,083152412;0,418087748;0,68918415;97;0,101888441;Axolotl;Ambystoma mexicanum;-0,809743261;6;TFAP2D;50699379;0,418087748;hg38
2619;cg03073207;1364;;0;0;TxEx2;-0,083117082;0,418286241;0,68918415;97;0,101889043;Axolotl;Ambystoma mexicanum;-0,80939802;7;TRRAP;98953250;0,418286241;hg38
2620;cg23000776;1365;;0;0;EnhA2;-0,083073346;0,418532033;0,68918415;97;0,101889789;Axolotl;Ambystoma mexicanum;-0,808970642;1;LINC01343;38247202;0,418532033;hg38
2621;cg21661665;1366;;0;1;BivProm2;-0,083065426;0,418576553;0,68918415;97;0,101889924;Axolotl;Ambystoma mexicanum;-0,808893249;20;FOXA2;22582674;0,418576553;hg38
2622;cg04061729;;1256;0;1;TSS1;0,083065149;0,418578111;0,68918415;97;0,101889929;Axolotl;Ambystoma mexicanum;0,80889054;1;BCAR3;93847583;0,418578111;hg38
2623;cg27378109;1367;;0;0;EnhA2;-0,083042845;0,418703498;0,68918415;97;0,101890309;Axolotl;Ambystoma mexicanum;-0,808672591;10;VTI1A;112490711;0,418703498;hg38
2624;cg13704497;;1257;0;0;TxEx4;0,08302822;0,418785731;0,68918415;97;0,101890558;Axolotl;Ambystoma mexicanum;0,808529673;6;PRRC2A;31622845;0,418785731;hg38
2625;cg11979881;;1258;0;0;Tx7;0,083005395;0,418914084;0,68918415;97;0,101890947;Axolotl;Ambystoma mexicanum;0,808306635;1;IVNS1ABP;185307060;0,418914084;hg38
2626;cg24797698;1368;;0;0;TxWk2;-0,082982939;0,419040387;0,68918415;97;0,101891329;Axolotl;Ambystoma mexicanum;-0,808087198;4;ANK2;113277906;0,419040387;hg38
2627;cg20453321;;1259;0;0;TxEnh7;0,082980881;0,419051963;0,68918415;97;0,101891364;Axolotl;Ambystoma mexicanum;0,808067088;14;ACTN1;68912185;0,419051963;hg38
2628;cg10801485;;1260;0;0;Tx3;0,082909471;0,419453754;0,68918415;97;0,10189258;Axolotl;Ambystoma mexicanum;0,80736929;2;ZEB2;144465934;0,419453754;hg38
2629;cg27231389;1369;;0;0;TxEx2;-0,08290899;0,419456458;0,68918415;97;0,101892588;Axolotl;Ambystoma mexicanum;-0,807364596;4;YTHDC1;68322725;0,419456458;hg38
2630;cg15131439;1370;;0;0;Acet1;-0,082904954;0,419479178;0,68918415;97;0,101892657;Axolotl;Ambystoma mexicanum;-0,80732515;6;FILIP1;75353545;0,419479178;hg38
2631;cg00403869;1371;;0;0;TxEnh5;-0,082902762;0,419491513;0,68918415;97;0,101892694;Axolotl;Ambystoma mexicanum;-0,807303734;3;ITPR1;4693565;0,419491513;hg38
2632;cg22746470;;1261;0;1;ReprPC1;0,082901112;0,419500799;0,68918415;97;0,101892722;Axolotl;Ambystoma mexicanum;0,807287613;15;ONECUT1;52797709;0,419500799;hg38
2633;cg14421309;1372;;0;1;PromF5;-0,082890679;0,419559521;0,68918415;97;0,101892899;Axolotl;Ambystoma mexicanum;-0,807185669;2;ZEB2-AS1;144520167;0,419559521;hg38
2634;cg09697973;1373;;0;0;TxEx4;-0,082860928;0,419727007;0,68918415;97;0,101893405;Axolotl;Ambystoma mexicanum;-0,806894952;20;L3MBTL1;43459306;0,419727007;hg38
2635;cg13254809;1374;;0;0;Tx7;-0,082847802;0,419800915;0,68918415;97;0,101893628;Axolotl;Ambystoma mexicanum;-0,806766687;14;FBXO33;39398278;0,419800915;hg38
2636;cg09646675;;1262;0;0;Quies3;0,082773947;0,420216898;0,689605357;97;0,101894883;Axolotl;Ambystoma mexicanum;0,806045007;2;PARD3B;204891307;0,420216898;hg38
2637;cg22859252;;1263;0;1;BivProm2;0,082641928;0,420961073;0,69004225;97;0,101897124;Axolotl;Ambystoma mexicanum;0,804755002;10;ZNF503-AS2;75405341;0,420961073;hg38
2638;cg26294928;1375;;0;0;EnhWk4;-0,08261349;0,421121477;0,69004225;97;0,101897606;Axolotl;Ambystoma mexicanum;-0,804477122;7;SNORA25B;115494817;0,421121477;hg38
2639;cg15526159;1376;;0;0;BivProm3;-0,082608461;0,421149844;0,69004225;97;0,101897691;Axolotl;Ambystoma mexicanum;-0,804427987;19;ZNF536;30692245;0,421149844;hg38
2640;cg13971339;1377;;0;0;Acet3;-0,082576856;0,421328158;0,69004225;97;0,101898227;Axolotl;Ambystoma mexicanum;-0,804119164;5;CDH6;31322918;0,421328158;hg38
2641;cg17170619;;1264;0;0;TxEnh3;0,082527982;0,421603987;0,69004225;97;0,101899055;Axolotl;Ambystoma mexicanum;0,803641607;1;CEP170;243225237;0,421603987;hg38
2642;cg25349226;1378;;0;0;PromF4;-0,082476821;0,421892838;0,69004225;97;0,101899921;Axolotl;Ambystoma mexicanum;-0,8031417;2;RHOB;20447567;0,421892838;hg38
2643;cg13385744;1379;;0;0;TxWk2;-0,082456985;0,422004858;0,69004225;97;0,101900257;Axolotl;Ambystoma mexicanum;-0,802947883;2;SATB2;199380460;0,422004858;hg38
2644;cg27482810;;1265;0;0;EnhA17;0,082452882;0,422028031;0,69004225;97;0,101900326;Axolotl;Ambystoma mexicanum;0,802907793;15;C15orf41;36755398;0,422028031;hg38
2645;cg04062948;1380;;0;0;BivProm3;-0,082449644;0,42204632;0,69004225;97;0,101900381;Axolotl;Ambystoma mexicanum;-0,802876154;7;RAPGEF5;22052251;0,42204632;hg38
2646;cg25126226;1381;;0;0;ReprPC2;-0,082440747;0,422096577;0,69004225;97;0,101900531;Axolotl;Ambystoma mexicanum;-0,802789215;17;MRM1;36655944;0,422096577;hg38
2647;cg07343679;1382;;0;0;EnhWk4;-0,082384908;0,422412054;0,69004225;97;0,101901476;Axolotl;Ambystoma mexicanum;-0,802243611;2;LINC01935;103127769;0,422412054;hg38
2648;cg20490705;1383;;0;0;Quies2;-0,082375046;0,422467787;0,69004225;97;0,101901642;Axolotl;Ambystoma mexicanum;-0,802147248;16;RBFOX1;7595569;0,422467787;hg38
2649;cg09286194;1384;;0;0;EnhA6;-0,082359292;0,422556825;0,69004225;97;0,101901909;Axolotl;Ambystoma mexicanum;-0,801993315;7;RAPGEF5;22052080;0,422556825;hg38
2650;cg24028501;;1266;0;0;TxEnh8;0,082305412;0,422861423;0,690052268;97;0,101902819;Axolotl;Ambystoma mexicanum;0,801466858;1;NEK7;198295463;0,422861423;hg38
2651;cg26639842;;1267;0;0;TxEnh2;0,082215445;0,423370316;0,690052268;97;0,101904338;Axolotl;Ambystoma mexicanum;0,8005878;19;URI1;30004126;0,423370316;hg38
2652;cg17040202;1385;;0;0;TxWk2;-0,082193384;0,423495155;0,690052268;97;0,10190471;Axolotl;Ambystoma mexicanum;-0,800372247;4;GRIA2;157361414;0,423495155;hg38
2653;cg22048239;1386;;0;0;Tx7;-0,082174901;0,423599762;0,690052268;97;0,101905021;Axolotl;Ambystoma mexicanum;-0,800191658;14;FBXO33;39398276;0,423599762;hg38
2654;cg17532928;1387;;0;0;PromF2;-0,082153963;0,423718285;0,690052268;97;0,101905374;Axolotl;Ambystoma mexicanum;-0,799987076;8;RAD54B;94437033;0,423718285;hg38
2655;cg18081310;1388;;0;0;EnhA6;-0,082139639;0,423799377;0,690052268;97;0,101905616;Axolotl;Ambystoma mexicanum;-0,799847123;3;SOX2-OT;181561707;0,423799377;hg38
2656;cg18921175;1389;;0;0;ReprPC4;-0,082106485;0,42398711;0,690052268;97;0,101906174;Axolotl;Ambystoma mexicanum;-0,799523182;3;LOC101928882;180719155;0,42398711;hg38
2657;cg23025641;;1268;0;0;ReprPC4;0,082098909;0,424030012;0,690052268;97;0,101906302;Axolotl;Ambystoma mexicanum;0,799449164;8;LINC01605;37365284;0,424030012;hg38
2658;cg23590681;;1269;0;0;TxEx2;0,082077963;0,424148652;0,690052268;97;0,101906655;Axolotl;Ambystoma mexicanum;0,799244502;8;UBR5;102285262;0,424148652;hg38
2659;cg11471728;;1270;0;0;Tx5;0,082071841;0,424183325;0,690052268;97;0,101906758;Axolotl;Ambystoma mexicanum;0,799184695;23;RBM10;47175035;0,424183325;hg38
2660;cg26228740;1390;;0;0;Tx7;-0,082047451;0,4243215;0,690052268;97;0,101907169;Axolotl;Ambystoma mexicanum;-0,798946386;10;IDE;92478694;0,4243215;hg38
2661;cg07425396;1391;;0;0;TxEx1;-0,081995596;0,424615353;0,690052268;97;0,101908041;Axolotl;Ambystoma mexicanum;-0,798439733;7;CALU;128754371;0,424615353;hg38
2662;cg04295410;;1271;0;0;Quies1;0,081991831;0,424636693;0,690052268;97;0,101908105;Axolotl;Ambystoma mexicanum;0,798402948;6;LOC100506207;8871500;0,424636693;hg38
2663;cg19528948;;1272;0;0;ReprPC4;0,081893513;0,425194182;0,690682654;97;0,101909758;Axolotl;Ambystoma mexicanum;0,797442332;10;LRMDA;75937988;0,425194182;hg38
2664;cg06701757;;1273;0;0;Tx6;0,081867114;0,42534394;0,690682654;97;0,101910201;Axolotl;Ambystoma mexicanum;0,797184408;1;ATP1B1;169131646;0,42534394;hg38
2665;cg01639959;1392;;0;1;BivProm1;-0,081791643;0,425772256;0,690739278;97;0,101911469;Axolotl;Ambystoma mexicanum;-0,796447023;7;HOXA7;27156586;0,425772256;hg38
2666;cg22786456;;1274;0;0;ReprPC4;0,081772892;0,425878707;0,690739278;97;0,101911783;Axolotl;Ambystoma mexicanum;0,796263825;13;MZT1;72365092;0,425878707;hg38
2667;cg02407848;1393;;0;0;TxEx3;-0,081678631;0,426414078;0,690739278;97;0,101913364;Axolotl;Ambystoma mexicanum;-0,795342877;23;HUWE1;53543865;0,426414078;hg38
2668;cg13890364;;1275;0;0;ReprPC4;0,081652407;0,426563091;0,690739278;97;0,101913804;Axolotl;Ambystoma mexicanum;0,795086665;18;SALL3;78945246;0,426563091;hg38
2669;cg09684249;1394;;0;0;TxEx1;-0,0816385;0,426642129;0,690739278;97;0,101914037;Axolotl;Ambystoma mexicanum;-0,794950788;14;BTBD7;93263897;0,426642129;hg38
2670;cg21167259;;1276;0;0;HET2;0,081608827;0,426810796;0,690739278;97;0,101914534;Axolotl;Ambystoma mexicanum;0,794660877;3;LRRC3B;26709700;0,426810796;hg38
2671;cg01586860;1395;;0;0;TxEnh4;-0,081583045;0,42695737;0,690739278;97;0,101914965;Axolotl;Ambystoma mexicanum;-0,794408993;12;ATP2B1;89598688;0,42695737;hg38
2672;cg16554380;1396;;0;0;TxWk2;-0,081579911;0,426975191;0,690739278;97;0,101915018;Axolotl;Ambystoma mexicanum;-0,794378372;4;ADGRL3;62070197;0,426975191;hg38
2673;cg26998224;1397;;0;1;BivProm2;-0,081578856;0,426981189;0,690739278;97;0,101915035;Axolotl;Ambystoma mexicanum;-0,794368066;3;LOC440982;147408108;0,426981189;hg38
2674;cg19537233;1398;;0;1;PromF4;-0,081562509;0,427074147;0,690739278;97;0,101915309;Axolotl;Ambystoma mexicanum;-0,794208353;2;EPC2;148645064;0,427074147;hg38
2675;cg23936031;;1277;0;1;PromF5;0,081551764;0,427135255;0,690739278;97;0,101915489;Axolotl;Ambystoma mexicanum;0,794103372;7;HOXA-AS3;27143514;0,427135255;hg38
2676;cg06898890;;1278;0;0;TxEx4;0,081522748;0,427300292;0,690747943;97;0,101915974;Axolotl;Ambystoma mexicanum;0,79381989;8;AZIN1;102858081;0,427300292;hg38
2677;cg05470773;1399;;0;0;Tx6;-0,081372745;0,428154073;0,691869568;97;0,101918481;Axolotl;Ambystoma mexicanum;-0,792354378;1;PKN2;88804421;0,428154073;hg38
2678;cg26937431;;1279;0;0;Quies3;0,081216046;0,429047011;0,692985044;97;0,101921095;Axolotl;Ambystoma mexicanum;0,790823472;5;CAMK2A;150231304;0,429047011;hg38
2679;cg10604668;1400;;0;0;EnhWk8;-0,081189856;0,429196358;0,692985044;97;0,101921532;Axolotl;Ambystoma mexicanum;-0,790567604;2;NRXN1;50621231;0,429196358;hg38
2680;cg18334881;1401;;0;1;BivProm2;-0,081167308;0,429324958;0,692985044;97;0,101921907;Axolotl;Ambystoma mexicanum;-0,790347322;10;LBX1-AS1;101222735;0,429324958;hg38
2681;cg17215796;;1280;0;0;Acet5;0,081074045;0,42985711;0,693151115;97;0,10192346;Axolotl;Ambystoma mexicanum;0,789436192;6;RIMS1;72266042;0,42985711;hg38
2682;cg02917874;;1281;0;0;TxWk1;0,081059525;0,429939992;0,693151115;97;0,101923701;Axolotl;Ambystoma mexicanum;0,789294343;8;CYP7B1;64615267;0,429939992;hg38
2683;cg23076498;;1282;0;1;PromF5;0,081058554;0,429945537;0,693151115;97;0,101923717;Axolotl;Ambystoma mexicanum;0,789284853;8;ZFHX4-AS1;76681260;0,429945537;hg38
2684;cg01546670;1402;;0;0;TxEx3,TxEx2;-0,081029015;0,430114183;0,693151115;97;0,101924208;Axolotl;Ambystoma mexicanum;-0,788996277;19;AP2A1;49782593;0,430114183;hg38
2685;cg04319582;1403;;0;0;EnhWk6;-0,080951191;0,430558684;0,693151115;97;0,101925502;Axolotl;Ambystoma mexicanum;-0,788235985;3;SATB1;18370114;0,430558684;hg38
2686;cg24391217;1404;;1;0;TxEx3;-0,080942701;0,430607189;0,693151115;97;0,101925643;Axolotl;Ambystoma mexicanum;-0,788153047;11;LRP4;46886435;0,430607189;hg38
2687;cg03738778;1405;;0;0;EnhA17;-0,080942636;0,430607563;0,693151115;97;0,101925644;Axolotl;Ambystoma mexicanum;-0,788152408;2;LINC01114;104702707;0,430607563;hg38
2688;cg13982601;1406;;0;0;TxEnh4;-0,080892033;0,430896743;0,693151115;97;0,101926484;Axolotl;Ambystoma mexicanum;-0,787658062;14;KLC1;103687126;0,430896743;hg38
2689;cg24844787;1407;;0;0;EnhA6;-0,080863305;0,431060969;0,693151115;97;0,101926961;Axolotl;Ambystoma mexicanum;-0,787377406;13;ENOX1;43326464;0,431060969;hg38
2690;cg09909555;1408;;0;0;BivProm4;-0,080848249;0,431147048;0,693151115;97;0,101927211;Axolotl;Ambystoma mexicanum;-0,787230326;19;KCTD15;33868839;0,431147048;hg38
2691;cg11678648;1409;;0;0;EnhWk8;-0,080840664;0,431190421;0,693151115;97;0,101927337;Axolotl;Ambystoma mexicanum;-0,787156222;1;ZNF326;90275810;0,431190421;hg38
2692;cg08698746;1410;;0;0;TxEnh8;-0,080800072;0,43142256;0,693266661;97;0,10192801;Axolotl;Ambystoma mexicanum;-0,786759681;3;FOXP1;71167071;0,43142256;hg38
2693;cg08620301;;1283;0;0;EnhWk8;0,080726114;0,431845708;0,693596604;97;0,101929235;Axolotl;Ambystoma mexicanum;0,786037175;14;NRXN3;79861223;0,431845708;hg38
2694;cg06300521;1411;;0;0;EnhWk4;-0,080708144;0,431948559;0,693596604;97;0,101929533;Axolotl;Ambystoma mexicanum;-0,785861624;1;RPS6KC1;213425613;0,431948559;hg38
2695;cg08389403;;1284;0;0;EnhA2;0,080635018;0,43236723;0,693597622;97;0,101930743;Axolotl;Ambystoma mexicanum;0,785147265;11;ZBTB16;114142547;0,43236723;hg38
2696;cg19917700;;1285;0;0;HET2;0,080616782;0,432471674;0,693597622;97;0,101931045;Axolotl;Ambystoma mexicanum;0,784969121;18;LINC01029;78247391;0,432471674;hg38
2697;cg24280879;;1286;0;0;Tx6;0,08058379;0,432660669;0,693597622;97;0,101931591;Axolotl;Ambystoma mexicanum;0,784646823;5;CPEB4;173958214;0,432660669;hg38
2698;cg20408749;1412;;0;0;EnhA17;-0,080523328;0,433007146;0,693597622;97;0,10193259;Axolotl;Ambystoma mexicanum;-0,784056181;1;SDCCAG8;243476179;0,433007146;hg38
2699;cg20690148;;1287;0;0;EnhWk5;0,080521554;0,433017314;0,693597622;97;0,10193262;Axolotl;Ambystoma mexicanum;0,78403885;14;LINC00618;96965086;0,433017314;hg38
2700;cg27089055;1413;;0;0;Tx6;-0,080488239;0,433208293;0,693597622;97;0,10193317;Axolotl;Ambystoma mexicanum;-0,783713408;2;ATF2;175121539;0,433208293;hg38
2701;cg23019935;1414;;0;0;TxEx4;-0,080472763;0,433297026;0,693597622;97;0,101933425;Axolotl;Ambystoma mexicanum;-0,78356223;1;CDC42;22089995;0,433297026;hg38
2702;cg21420628;1415;;0;0;TxEnh1;-0,080440268;0,433483374;0,693597622;97;0,101933962;Axolotl;Ambystoma mexicanum;-0,783244796;2;ZEB2;144439412;0,433483374;hg38
2703;cg02945397;1416;;0;0;TxWk2;-0,080432628;0,433527196;0,693597622;97;0,101934088;Axolotl;Ambystoma mexicanum;-0,783170159;10;EBF3;129844953;0,433527196;hg38
2704;cg24208587;1417;;0;0;EnhA18;-0,080410351;0,43365498;0,693597622;97;0,101934456;Axolotl;Ambystoma mexicanum;-0,782952544;6;LOC101927314;98044511;0,43365498;hg38
2705;cg21242356;;1288;0;1;BivProm4;0,080400254;0,433712906;0,693597622;97;0,101934622;Axolotl;Ambystoma mexicanum;0,78285391;17;HOXB6;48590321;0,433712906;hg38
2706;cg24527140;;1289;0;0;EnhA11;0,080284159;0,434379248;0,693683238;97;0,101936536;Axolotl;Ambystoma mexicanum;0,781719825;5;TENM2;168111065;0,434379248;hg38
2707;cg10520899;1418;;0;0;ReprPC7;-0,080196586;0,434882266;0,693683238;97;0,101937978;Axolotl;Ambystoma mexicanum;-0,780864377;9;PBX3;126057597;0,434882266;hg38
2708;cg02136286;;1290;0;0;EnhA20;0,080195055;0,434891065;0,693683238;97;0,101938003;Axolotl;Ambystoma mexicanum;0,780849418;18;CCDC178;33183356;0,434891065;hg38
2709;cg00650240;;1291;0;0;EnhA2;0,080161771;0,435082333;0,693683238;97;0,101938551;Axolotl;Ambystoma mexicanum;0,780524295;21;MIR99AHG;16579785;0,435082333;hg38
2710;cg10988825;;1292;0;0;TxWk2;0,08011526;0,4353497;0,693683238;97;0,101939316;Axolotl;Ambystoma mexicanum;0,780069955;11;TENM4;78891262;0,4353497;hg38
2711;cg01311296;1419;;0;0;Tx4;-0,080108997;0,435385707;0,693683238;97;0,101939419;Axolotl;Ambystoma mexicanum;-0,78000878;21;DYRK1A;37515098;0,435385707;hg38
2712;cg12288064;1420;;0;0;EnhWk2;-0,080055266;0,435694705;0,693683238;97;0,101940302;Axolotl;Ambystoma mexicanum;-0,779483922;1;NFIA;61404193;0,435694705;hg38
2713;cg04838715;;1293;0;0;Acet8;0,080042007;0,435770976;0,693683238;97;0,101940519;Axolotl;Ambystoma mexicanum;0,779354403;18;ONECUT2;57476445;0,435770976;hg38
2714;cg18974733;1421;;0;0;TxEx4;-0,079994192;0,436046081;0,693683238;97;0,101941304;Axolotl;Ambystoma mexicanum;-0,778887343;10;HNRNPH3;68337928;0,436046081;hg38
2715;cg13189689;;1294;0;0;TxEx2;0,07997638;0,436148593;0,693683238;97;0,101941597;Axolotl;Ambystoma mexicanum;0,778713346;16;CNOT1;58575059;0,436148593;hg38
2716;cg18338272;;1295;0;0;TxEx1;0,079905904;0,436554315;0,693683238;97;0,101942753;Axolotl;Ambystoma mexicanum;0,778024932;4;HNRNPD;82355368;0,436554315;hg38
2717;cg24597392;;1296;0;0;Tx3;0,079902357;0,43657474;0,693683238;97;0,101942811;Axolotl;Ambystoma mexicanum;0,777990286;22;RBFOX2;35768289;0,43657474;hg38
2718;cg12704157;;1297;0;0;BivProm2;0,07986451;0,436792717;0,693683238;97;0,101943431;Axolotl;Ambystoma mexicanum;0,777620593;10;PAX2;100654744;0,436792717;hg38
2719;cg21562108;1422;;0;0;BivProm4;-0,07985812;0,436829525;0,693683238;97;0,101943536;Axolotl;Ambystoma mexicanum;-0,777558176;11;MPPED2;30635636;0,436829525;hg38
2720;cg11516694;1423;;0;1;BivProm4;-0,079842544;0,436919256;0,693683238;97;0,101943791;Axolotl;Ambystoma mexicanum;-0,77740603;7;HOXA-AS3;27147848;0,436919256;hg38
2721;cg26525059;;1298;0;0;EnhA2;0,079769571;0,437339778;0,693683238;97;0,101944986;Axolotl;Ambystoma mexicanum;0,776693237;6;KLHL32;97097433;0,437339778;hg38
2722;cg10004678;1424;;0;0;EnhWk4;-0,079717308;0,437641096;0,693683238;97;0,101945841;Axolotl;Ambystoma mexicanum;-0,776182739;15;LINC00923;97749256;0,437641096;hg38
2723;cg22751689;;1299;0;0;TxEx2;0,079676257;0,437877852;0,693683238;97;0,101946513;Axolotl;Ambystoma mexicanum;0,775781766;2;TRIP12;229805774;0,437877852;hg38
2724;cg24996622;;1300;0;0;EnhA17;0,079668477;0,437922732;0,693683238;97;0,10194664;Axolotl;Ambystoma mexicanum;0,775705771;3;TBC1D5;17973084;0,437922732;hg38
2725;cg08809534;;1301;0;0;EnhWk4;0,079610981;0,438254476;0,693683238;97;0,10194758;Axolotl;Ambystoma mexicanum;0,775144166;2;KLHL29;23684425;0,438254476;hg38
2726;cg20530055;;1302;0;0;TxWk1;0,079598864;0,438324411;0,693683238;97;0,101947777;Axolotl;Ambystoma mexicanum;0,775025806;5;FBXL17;108186219;0,438324411;hg38
2727;cg21334143;;1303;0;0;EnhWk4;0,079570809;0,438486348;0,693683238;97;0,101948236;Axolotl;Ambystoma mexicanum;0,77475178;16;FTO;54059749;0,438486348;hg38
2728;cg06881444;1425;;0;0;Tx3;-0,079569891;0,438491647;0,693683238;97;0,101948251;Axolotl;Ambystoma mexicanum;-0,774742814;10;BTRC;101452027;0,438491647;hg38
2729;cg21800749;1426;;0;0;EnhA16;-0,079519441;0,438782947;0,693683238;97;0,101949074;Axolotl;Ambystoma mexicanum;-0,774250032;2;SCN1A-AS1;166073553;0,438782947;hg38
2730;cg17354293;;1304;0;0;TxEx2;0,07941561;0,439382807;0,693683238;97;0,101950767;Axolotl;Ambystoma mexicanum;0,773235861;5;CHD1;98892618;0,439382807;hg38
2731;cg24646022;1427;;0;0;Tx8;-0,07938548;0,439556963;0,693683238;97;0,101951258;Axolotl;Ambystoma mexicanum;-0,772941568;2;LOC100132215;62970953;0,439556963;hg38
2732;cg15794906;1428;;0;1;BivProm1;-0,079348826;0,439768879;0,693683238;97;0,101951855;Axolotl;Ambystoma mexicanum;-0,772583556;5;TBCA;77844443;0,439768879;hg38
2733;cg12499452;;1305;0;0;EnhA17;0,079337035;0,439837065;0,693683238;97;0,101952047;Axolotl;Ambystoma mexicanum;0,772468385;14;VRK1;96888799;0,439837065;hg38
2734;cg14221098;1429;;0;0;BivProm1;-0,079325135;0,439905882;0,693683238;97;0,101952241;Axolotl;Ambystoma mexicanum;-0,772352157;4;SFRP2;153788593;0,439905882;hg38
2735;cg12590759;1430;;0;0;TxEx1;-0,079320171;0,439934592;0,693683238;97;0,101952321;Axolotl;Ambystoma mexicanum;-0,772303671;1;CCNL2;1392754;0,439934592;hg38
2736;cg14002474;1431;;0;0;BivProm4;-0,079310462;0,439990748;0,693683238;97;0,10195248;Axolotl;Ambystoma mexicanum;-0,772208837;4;CXXC4;104425332;0,439990748;hg38
2737;cg12121354;;1306;0;0;Tx5;0,079307849;0,440005863;0,693683238;97;0,101952522;Axolotl;Ambystoma mexicanum;0,772183314;3;ITPR1;4667498;0,440005863;hg38
2738;cg01526265;;1307;0;0;TSS1;0,079305249;0,440020899;0,693683238;97;0,101952564;Axolotl;Ambystoma mexicanum;0,772157923;2;GPD2;156400817;0,440020899;hg38
2739;cg18585875;;1308;0;0;TxEnh8;0,079258478;0,440291483;0,693683238;97;0,101953325;Axolotl;Ambystoma mexicanum;0,771701093;2;ZEB2;144389966;0,440291483;hg38
2740;cg04065686;1432;;0;0;EnhWk4;-0,079248228;0,440350795;0,693683238;97;0,101953492;Axolotl;Ambystoma mexicanum;-0,771600978;2;LOC101928386;143957751;0,440350795;hg38
2741;cg11422969;1433;;0;1;ReprPC1;-0,079221927;0,440503003;0,693683238;97;0,10195392;Axolotl;Ambystoma mexicanum;-0,771344094;2;EVX2;176073633;0,440503003;hg38
2742;cg09263213;;1309;0;0;TxEx1;0,079188118;0,440698709;0,693683238;97;0,101954469;Axolotl;Ambystoma mexicanum;0,771013873;1;ZNF326;90007547;0,440698709;hg38
2743;cg19875876;1434;;0;0;EnhA17;-0,079141979;0,440965865;0,693683238;97;0,101955219;Axolotl;Ambystoma mexicanum;-0,770563227;5;FAM172A;93890946;0,440965865;hg38
2744;cg12398079;;1310;0;0;EnhA10;0,079120466;0,441090465;0,693683238;97;0,101955568;Axolotl;Ambystoma mexicanum;0,770353101;5;FAM172A;93887211;0,441090465;hg38
2745;cg09933182;1435;;0;0;EnhWk8;-0,079116615;0,44111277;0,693683238;97;0,10195563;Axolotl;Ambystoma mexicanum;-0,77031549;23;POLA1;24898320;0,44111277;hg38
2746;cg27334722;;1311;0;0;TxEx2;0,079114947;0,441122433;0,693683238;97;0,101955657;Axolotl;Ambystoma mexicanum;0,770299196;2;CCNT2;134954507;0,441122433;hg38
2747;cg05074697;1436;;0;0;Quies3;-0,079110622;0,441147485;0,693683238;97;0,101955728;Axolotl;Ambystoma mexicanum;-0,770256954;18;NOL4;33957417;0,441147485;hg38
2748;cg19123296;1437;;0;1;PromF5;-0,079103316;0,441189804;0,693683238;97;0,101955846;Axolotl;Ambystoma mexicanum;-0,7701856;2;ZEB2-AS1;144520174;0,441189804;hg38
2749;cg27140373;1438;;0;0;EnhWk4;-0,07909884;0,441215738;0,693683238;97;0,101955919;Axolotl;Ambystoma mexicanum;-0,770141876;15;LINC00924;95497994;0,441215738;hg38
2750;cg13326443;1439;;0;0;ReprPC1;-0,079054737;0,441471268;0,693683238;97;0,101956634;Axolotl;Ambystoma mexicanum;-0,769711127;12;KCNA1;4912560;0,441471268;hg38
2751;cg13609316;;1312;0;0;TxEnh4;0,079038943;0,441562802;0,693683238;97;0,101956891;Axolotl;Ambystoma mexicanum;0,769556863;14;AP4S1;31129356;0,441562802;hg38
2752;cg00505445;1440;;0;0;TxWk2;-0,079019707;0,441674296;0,693683238;97;0,101957203;Axolotl;Ambystoma mexicanum;-0,769368984;4;ANK2;113258089;0,441674296;hg38
2753;cg07816130;;1313;0;0;Tx7;0,079003776;0,441766647;0,693683238;97;0,101957461;Axolotl;Ambystoma mexicanum;0,769213384;5;CSNK1A1;149505422;0,441766647;hg38
2754;cg14537141;1441;;0;1;PromF5;-0,078974599;0,441935806;0,693683238;97;0,101957934;Axolotl;Ambystoma mexicanum;-0,768928418;19;NFIX;13025231;0,441935806;hg38
2755;cg19266706;1442;;0;0;EnhA6;-0,078971709;0,441952567;0,693683238;97;0,101957981;Axolotl;Ambystoma mexicanum;-0,768900185;3;SOX2-OT;181561321;0,441952567;hg38
2756;cg17553901;1443;;0;0;TxEx2;-0,078922723;0,442236663;0,693683238;97;0,101958774;Axolotl;Ambystoma mexicanum;-0,76842175;12;USP5;6863331;0,442236663;hg38
2757;cg09486322;;1314;0;0;EnhA13;0,078906511;0,442330707;0,693683238;97;0,101959037;Axolotl;Ambystoma mexicanum;0,768263411;2;GPD2;156864390;0,442330707;hg38
2758;cg09908759;;1315;0;0;TxEnh7;0,078889837;0,442427448;0,693683238;97;0,101959307;Axolotl;Ambystoma mexicanum;0,768100554;2;ZEB2;144489756;0,442427448;hg38
2759;cg19004094;1444;;0;0;Quies1;-0,078853631;0,442637545;0,693683238;97;0,101959893;Axolotl;Ambystoma mexicanum;-0,767746936;5;GABRG2;162151736;0,442637545;hg38
2760;cg04050843;1445;;0;0;BivProm1;-0,07879712;0,442965579;0,693683238;97;0,101960807;Axolotl;Ambystoma mexicanum;-0,76719501;17;KCNH4;42180891;0,442965579;hg38
2761;cg05664581;;1316;0;0;BivProm2;0,078748871;0,443245765;0,693683238;97;0,101961587;Axolotl;Ambystoma mexicanum;0,766723776;3;SOX2-OT;181710454;0,443245765;hg38
2762;cg22124077;1446;;0;0;Acet2;-0,078711094;0,443465211;0,693683238;97;0,101962197;Axolotl;Ambystoma mexicanum;-0,766354815;2;VRK2;57959621;0,443465211;hg38
2763;cg27210768;;1317;0;0;TxEx4;0,078710297;0,443469841;0,693683238;97;0,10196221;Axolotl;Ambystoma mexicanum;0,766347032;16;C16orf72;9103040;0,443469841;hg38
2764;cg08866491;1447;;0;1;BivProm1;-0,078702424;0,443515584;0,693683238;97;0,101962337;Axolotl;Ambystoma mexicanum;-0,766270136;8;SFRP1;41308907;0,443515584;hg38
2765;cg12882947;1448;;0;0;TxEnh8;-0,078685249;0,443615378;0,693683238;97;0,101962614;Axolotl;Ambystoma mexicanum;-0,766102396;2;MRPS9;105081382;0,443615378;hg38
2766;cg06025787;;1318;0;0;EnhWk3;0,078673886;0,44368141;0,693683238;97;0,101962798;Axolotl;Ambystoma mexicanum;0,765991415;7;KIAA0087;26585208;0,44368141;hg38
2767;cg01037009;;1319;0;1;ReprPC1;0,078669208;0,443708593;0,693683238;97;0,101962873;Axolotl;Ambystoma mexicanum;0,765945732;7;UNCX;1239111;0,443708593;hg38
2768;cg01268748;1449;;0;0;HET2;-0,078533515;0,444497569;0,694644862;97;0,101965062;Axolotl;Ambystoma mexicanum;-0,764620482;1;CACNA1E;181776152;0,444497569;hg38
2769;cg25910416;;1320;0;0;TxEx1;0,078498892;0,444699009;0,694644862;97;0,10196562;Axolotl;Ambystoma mexicanum;0,764282337;13;ARGLU1;106559426;0,444699009;hg38
2770;cg11275232;1450;;0;0;TxWk1;-0,078480604;0,444805427;0,694644862;97;0,101965914;Axolotl;Ambystoma mexicanum;-0,764103735;14;GPHN;66985695;0,444805427;hg38
2771;cg17882807;;1321;0;0;PromF7;0,078379826;0,44539213;0,695102769;97;0,101967536;Axolotl;Ambystoma mexicanum;0,763119503;9;PBX3;125759695;0,44539213;hg38
2772;cg10595543;;1322;0;0;Quies3;0,07834694;0,445583674;0,695102769;97;0,101968065;Axolotl;Ambystoma mexicanum;0,762798335;1;ATG4C;62904345;0,445583674;hg38
2773;cg17826245;;1323;0;0;EnhA12;0,078311841;0,445788163;0,695102769;97;0,101968629;Axolotl;Ambystoma mexicanum;0,76245555;2;GTDC1;144004905;0,445788163;hg38
2774;cg17114460;;1324;0;0;TxEx3;0,078281496;0,445964999;0,695102769;97;0,101969116;Axolotl;Ambystoma mexicanum;0,762159191;17;FLOT2;28884283;0,445964999;hg38
2775;cg01740040;;1325;0;1;BivProm1;0,078274317;0,446006841;0,695102769;97;0,101969232;Axolotl;Ambystoma mexicanum;0,762089078;12;CALCOCO1;53739745;0,446006841;hg38
2776;cg17740131;1451;;0;0;Acet2;-0,078256894;0,446108394;0,695102769;97;0,101969512;Axolotl;Ambystoma mexicanum;-0,761918926;6;ADGRB3;68936616;0,446108394;hg38
2777;cg10420536;;1326;0;0;Acet6;0,078207315;0,446397449;0,695102769;97;0,101970307;Axolotl;Ambystoma mexicanum;0,761434732;5;RANBP17;171269411;0,446397449;hg38
2778;cg11939159;1452;;0;1;BivProm1;-0,078164793;0,446645444;0,695102769;97;0,10197099;Axolotl;Ambystoma mexicanum;-0,76101946;3;LOC440982;147410944;0,446645444;hg38
2779;cg04760427;;1327;0;0;Acet2;0,078158643;0,446681317;0,695102769;97;0,101971088;Axolotl;Ambystoma mexicanum;0,7609594;8;CYP7B1;64702738;0,446681317;hg38
2780;cg11568414;;1328;0;0;TxEnh5;0,078154498;0,446705495;0,695102769;97;0,101971155;Axolotl;Ambystoma mexicanum;0,760918924;2;LOC101928386;143946825;0,446705495;hg38
2781;cg07714894;;1329;0;0;Quies3;0,07807079;0,447193958;0,695343537;97;0,101972496;Axolotl;Ambystoma mexicanum;0,760101429;3;RSRC1;158385908;0,447193958;hg38
2782;cg19271316;1453;;0;0;TxEx1;-0,078040147;0,447372844;0,695343537;97;0,101972987;Axolotl;Ambystoma mexicanum;-0,759802173;2;TRIP12;229880039;0,447372844;hg38
2783;cg14748407;;1330;0;0;TxEnh4;0,078025984;0,447455536;0,695343537;97;0,101973214;Axolotl;Ambystoma mexicanum;0,759663861;10;LCOR;96949049;0,447455536;hg38
2784;cg25757101;;1331;0;0;TxEx2;0,077992721;0,44764978;0,695343537;97;0,101973746;Axolotl;Ambystoma mexicanum;0,759339022;23;CDK16;47226300;0,44764978;hg38
2785;cg11301802;;1332;0;0;ReprPC4;0,077959717;0,447842558;0,695343537;97;0,101974275;Axolotl;Ambystoma mexicanum;0,759016714;14;LINC02299;96738665;0,447842558;hg38
2786;cg17803617;;1333;0;0;EnhWk4;0,07794106;0,447951558;0,695343537;97;0,101974573;Axolotl;Ambystoma mexicanum;0,758834512;6;LOC100506207;8829360;0,447951558;hg38
2787;cg06562958;;1334;0;0;EnhA18;0,077935266;0,447985411;0,695343537;97;0,101974666;Axolotl;Ambystoma mexicanum;0,758777928;2;OLA1;174125259;0,447985411;hg38
2788;cg17797918;1454;;0;0;EnhA17;-0,077872772;0,448350638;0,695652641;97;0,101975665;Axolotl;Ambystoma mexicanum;-0,758167629;5;MCTP1;94884544;0,448350638;hg38
2789;cg02063736;1455;;0;0;TxEx4;-0,077823295;0,448639908;0,695652641;97;0,101976455;Axolotl;Ambystoma mexicanum;-0,757684455;20;RBM39;35739462;0,448639908;hg38
2790;cg12911636;;1335;0;0;EnhWk4;0,077755398;0,449037042;0,695652641;97;0,101977539;Axolotl;Ambystoma mexicanum;0,757021399;8;LINC01414;63704289;0,449037042;hg38
2791;cg10251444;;1336;0;0;ReprPC3;0,077711791;0,449292207;0,695652641;97;0,101978234;Axolotl;Ambystoma mexicanum;0,756595553;9;DMRT1;927330;0,449292207;hg38
2792;cg24831901;1456;;0;1;PromF5;-0,077710534;0,449299562;0,695652641;97;0,101978254;Axolotl;Ambystoma mexicanum;-0,756583279;2;PRKCE;45652431;0,449299562;hg38
2793;cg24228707;;1337;0;1;BivProm2;0,07769913;0,449366305;0,695652641;97;0,101978436;Axolotl;Ambystoma mexicanum;0,756471914;2;DLX1;172083997;0,449366305;hg38
2794;cg15711932;1457;;0;0;BivProm3;-0,077698481;0,449370104;0,695652641;97;0,101978447;Axolotl;Ambystoma mexicanum;-0,756465576;7;RAPGEF5;22052397;0,449370104;hg38
2795;cg21159131;;1338;0;0;Acet7;0,077681234;0,449471057;0,695652641;97;0,101978721;Axolotl;Ambystoma mexicanum;0,75629715;18;PTPRM;8122252;0,449471057;hg38
2796;cg25296099;1458;;0;0;Acet3;-0,077629391;0,449774581;0,695873439;97;0,101979548;Axolotl;Ambystoma mexicanum;-0,755790888;4;MIR297;111501047;0,449774581;hg38
2797;cg07434287;;1339;0;0;Tx3;0,077501427;0,450524272;0,696784125;97;0,101981584;Axolotl;Ambystoma mexicanum;0,754541273;2;ZEB2;144465931;0,450524272;hg38
2798;cg05324472;1459;;0;1;BivProm1;-0,077457743;0,450780358;0,696931018;97;0,101982279;Axolotl;Ambystoma mexicanum;-0,754114689;2;LRATD1;14634429;0,450780358;hg38
2799;cg09449128;;1340;0;0;EnhA6;0,077406545;0,451080593;0,697066268;97;0,101983092;Axolotl;Ambystoma mexicanum;0,753614737;1;LINC00466;63134544;0,451080593;hg38
2800;cg03447235;;1341;0;0;TxEx1;0,077387873;0,451190118;0,697066268;97;0,101983389;Axolotl;Ambystoma mexicanum;0,753432402;1;HNRNPR;23310860;0,451190118;hg38
2801;cg22818378;1460;;0;0;EnhWk4;-0,077279172;0,451828025;0,697641554;97;0,101985114;Axolotl;Ambystoma mexicanum;-0,752370928;13;DAOA;105240634;0,451828025;hg38
2802;cg16126692;1461;;0;0;TxEx1;-0,077194942;0,45232267;0,697641554;97;0,101986449;Axolotl;Ambystoma mexicanum;-0,751548423;16;CNOT1;58599323;0,45232267;hg38
2803;cg23133455;;1342;0;0;EnhA17;0,077130481;0,452701423;0,697641554;97;0,101987469;Axolotl;Ambystoma mexicanum;0,75091897;2;FIGN;163601693;0,452701423;hg38
2804;cg20888789;1462;;0;0;Tx7;-0,077120319;0,452761143;0,697641554;97;0,10198763;Axolotl;Ambystoma mexicanum;-0,750819748;2;HAT1;171966500;0,452761143;hg38
2805;cg24113826;;1343;0;0;ReprPC4;0,077110851;0,452816797;0,697641554;97;0,10198778;Axolotl;Ambystoma mexicanum;0,750727287;1;USH2A;215963837;0,452816797;hg38
2806;cg13502730;1463;;0;0;ReprPC1;-0,077104189;0,452855958;0,697641554;97;0,101987885;Axolotl;Ambystoma mexicanum;-0,750662233;1;BARHL2;90728690;0,452855958;hg38
2807;cg12445252;;1344;0;0;DNase1;0,077097499;0,45289528;0,697641554;97;0,101987991;Axolotl;Ambystoma mexicanum;0,750596912;19;ZNF536;30650094;0,45289528;hg38
2808;cg21247898;1464;;0;0;EnhWk8;-0,077087108;0,452956368;0,697641554;97;0,101988156;Axolotl;Ambystoma mexicanum;-0,750495441;7;LINC01162;20964483;0,452956368;hg38
2809;cg00035308;1465;;0;0;TxEnh5;-0,077066293;0,453078744;0,697641554;97;0,101988485;Axolotl;Ambystoma mexicanum;-0,750292193;4;TSPAN5;98478725;0,453078744;hg38
2810;cg23106587;;1345;0;0;EnhWk4;0,077048743;0,453181938;0,697641554;97;0,101988762;Axolotl;Ambystoma mexicanum;0,750120825;11;ELP4;31764909;0,453181938;hg38
2811;cg02093669;1466;;0;0;Quies3;-0,077022466;0,453336478;0,697641554;97;0,101989178;Axolotl;Ambystoma mexicanum;-0,749864232;10;LRMDA;75999924;0,453336478;hg38
2812;cg21311909;;1346;0;0;EnhWk8;0,076973618;0,453623836;0,697835519;97;0,101989949;Axolotl;Ambystoma mexicanum;0,749387245;11;DLG2;83484188;0,453623836;hg38
2813;cg24889477;;1347;0;0;TxWk2;0,076942274;0,453808273;0,697871072;97;0,101990444;Axolotl;Ambystoma mexicanum;0,749081187;6;ZDHHC14;157672779;0,453808273;hg38
2814;cg09041336;;1348;0;0;TxEnh4;0,076780455;0,454761138;0,698724485;97;0,101992997;Axolotl;Ambystoma mexicanum;0,747501102;3;MBNL1;152446739;0,454761138;hg38
2815;cg19981759;1467;;0;1;BivProm2;-0,076766671;0,454842356;0,698724485;97;0,101993214;Axolotl;Ambystoma mexicanum;-0,747366509;3;LOC440982;147409413;0,454842356;hg38
2816;cg22208258;1468;;0;1;PromF5;-0,07674676;0,454959689;0,698724485;97;0,101993527;Axolotl;Ambystoma mexicanum;-0,747172089;5;NR2F1-AS1;93585432;0,454959689;hg38
2817;cg08122757;;1349;0;0;TxEx1;0,076674346;0,455386561;0,698724485;97;0,101994667;Axolotl;Ambystoma mexicanum;0,746465009;5;TNPO1;72899995;0,455386561;hg38
2818;cg24855613;1469;;0;0;TxEx3;-0,07667035;0,455410122;0,698724485;97;0,10199473;Axolotl;Ambystoma mexicanum;-0,746425994;13;DGKH;42155714;0,455410122;hg38
2819;cg24352905;1470;;0;1;BivProm1;-0,076663313;0,455451615;0,698724485;97;0,101994841;Axolotl;Ambystoma mexicanum;-0,746357285;5;OTP;77645452;0,455451615;hg38
2820;cg13027218;1471;;0;0;BivProm4;-0,076576581;0,45596322;0,698724485;97;0,101996204;Axolotl;Ambystoma mexicanum;-0,74551041;9;NFIB;14307245;0,45596322;hg38
2821;cg12414897;;1350;0;0;TxWk1;0,076556197;0,456083502;0,698724485;97;0,101996525;Axolotl;Ambystoma mexicanum;0,745311382;1;RNF220;44624762;0,456083502;hg38
2822;cg04428702;;1351;0;0;Quies2;0,076546091;0,456143146;0,698724485;97;0,101996683;Axolotl;Ambystoma mexicanum;0,7452127;5;LSINCT5;2433173;0,456143146;hg38
2823;cg07429125;;1352;0;0;TxEnh5;0,076517442;0,456312245;0,698724485;97;0,101997133;Axolotl;Ambystoma mexicanum;0,744932966;17;MSI2;57674942;0,456312245;hg38
2824;cg02055262;;1353;0;0;TxEx1;0,076515062;0,456326295;0,698724485;97;0,101997171;Axolotl;Ambystoma mexicanum;0,744909725;2;LRPPRC;43905779;0,456326295;hg38
2825;cg19524796;;1354;0;0;EnhA6;0,076499726;0,456416828;0,698724485;97;0,101997411;Axolotl;Ambystoma mexicanum;0,744759988;3;SOX2-OT;181561214;0,456416828;hg38
2826;cg01090334;1472;;0;0;Quies5;-0,076371648;0,457173315;0,698724485;97;0,10199942;Axolotl;Ambystoma mexicanum;-0,743509429;23;CNKSR2;21516521;0,457173315;hg38
2827;cg26616840;;1355;0;0;TSS1;0,076359798;0,457243345;0,698724485;97;0,101999606;Axolotl;Ambystoma mexicanum;0,74339372;13;MIR3665;77698052;0,457243345;hg38
2828;cg23807698;;1356;0;0;EnhA18;0,076344788;0,457332052;0,698724485;97;0,101999841;Axolotl;Ambystoma mexicanum;0,743247166;2;GPD2;156593153;0,457332052;hg38
2829;cg04117904;1473;;0;0;Tx2;-0,076335205;0,457388693;0,698724485;97;0,101999991;Axolotl;Ambystoma mexicanum;-0,743153598;11;CADM1;115377131;0,457388693;hg38
2830;cg19992880;;1357;0;0;TxEx2;0,07630381;0,457574281;0,698724485;97;0,102000483;Axolotl;Ambystoma mexicanum;0,742847059;8;PPP2R2A;26370276;0,457574281;hg38
2831;cg20613357;;1358;0;0;BivProm4;0,076265878;0,457798563;0,698724485;97;0,102001077;Axolotl;Ambystoma mexicanum;0,742476701;18;TCF4;55422875;0,457798563;hg38
2832;cg00522519;;1359;0;0;Tx7;0,07621227;0,458115644;0,698724485;97;0,102001915;Axolotl;Ambystoma mexicanum;0,741953277;5;TNPO1;72905384;0,458115644;hg38
2833;cg04537173;;1360;0;0;EnhA18;0,076185695;0,458272872;0,698724485;97;0,102002331;Axolotl;Ambystoma mexicanum;0,741693808;17;LHX1-DT;36837741;0,458272872;hg38
2834;cg08472382;1474;;0;0;Tx2;-0,076178366;0,458316237;0,698724485;97;0,102002445;Axolotl;Ambystoma mexicanum;-0,741622254;5;EBF1;158965863;0,458316237;hg38
2835;cg04142398;1475;;0;0;EnhA10;-0,076168995;0,458371694;0,698724485;97;0,102002592;Axolotl;Ambystoma mexicanum;-0,741530751;5;MEF2C-AS2;88731880;0,458371694;hg38
2836;cg15843929;1476;;0;1;EnhA18;-0,076166567;0,45838606;0,698724485;97;0,10200263;Axolotl;Ambystoma mexicanum;-0,741507048;2;LINC01122;58955170;0,45838606;hg38
2837;cg04722310;1477;;0;0;TxEx2;-0,07615121;0,458476947;0,698724485;97;0,10200287;Axolotl;Ambystoma mexicanum;-0,741357102;17;TAOK1;29542945;0,458476947;hg38
2838;cg09219491;1478;;0;0;PromF4;-0,076142777;0,458526859;0,698724485;97;0,102003001;Axolotl;Ambystoma mexicanum;-0,741274766;7;CASD1;94510138;0,458526859;hg38
2839;cg17387264;1479;;0;1;BivProm2;-0,076120369;0,458659497;0,698724485;97;0,102003351;Axolotl;Ambystoma mexicanum;-0,741055983;20;NKX2-2;21516070;0,458659497;hg38
2840;cg14738011;;1361;0;0;Acet2;0,076107218;0,458737351;0,698724485;97;0,102003557;Axolotl;Ambystoma mexicanum;0,740927581;19;TSHZ3;31424296;0,458737351;hg38
2841;cg03487446;1480;;0;0;TxEnh5;-0,076082136;0,458885861;0,698724485;97;0,102003949;Axolotl;Ambystoma mexicanum;-0,740682684;5;SNX24;123002003;0,458885861;hg38
2842;cg24396429.2;1481;;0;0;BivProm4;-0,075946895;0,459687058;0,699698146;97;0,102006058;Axolotl;Ambystoma mexicanum;-0,73936225;2;SLC8A1;40512521;0,459687058;hg38
2843;cg02034167;1482;;0;0;HET2;-0,075909583;0,459908238;0,699788576;97;0,102006639;Axolotl;Ambystoma mexicanum;-0,738997957;16;RBFOX1;7422478;0,459908238;hg38
2844;cg17556655;;1362;0;0;Tx7;0,075845033;0,46029102;0,700124749;97;0,102007644;Axolotl;Ambystoma mexicanum;0,738367728;4;INTS12;105682782;0,46029102;hg38
2845;cg26601187;;1363;0;0;BivProm3;0,075784182;0,460652024;0,700163829;97;0,102008591;Axolotl;Ambystoma mexicanum;0,737773624;23;DCX;111410232;0,460652024;hg38
2846;cg20498943;;1364;0;0;TxEnh8;0,075765822;0,460760979;0,700163829;97;0,102008876;Axolotl;Ambystoma mexicanum;0,737594367;2;ZEB2;144402646;0,460760979;hg38
2847;cg07743958;;1365;0;0;TxEx3;0,075743535;0,460893255;0,700163829;97;0,102009223;Axolotl;Ambystoma mexicanum;0,737376775;10;BTRC;101534770;0,460893255;hg38
2848;cg26992531;1483;;0;0;TxEx3;-0,075704154;0,461127037;0,700163829;97;0,102009835;Axolotl;Ambystoma mexicanum;-0,736992291;15;TJP1;29704169;0,461127037;hg38
2849;cg21097860;1484;;0;0;BivProm3;-0,075702045;0,46113956;0,700163829;97;0,102009868;Axolotl;Ambystoma mexicanum;-0,7369717;5;LINC00461;88540236;0,46113956;hg38
2850;cg00750399;1485;;0;0;Tx7;-0,075659792;0,46139047;0,700163829;97;0,102010524;Axolotl;Ambystoma mexicanum;-0,736559174;17;HELZ;67145795;0,46139047;hg38
2851;cg09019938.2;;1366;0;0;PromF5;0,075640395;0,461505677;0,700163829;97;0,102010825;Axolotl;Ambystoma mexicanum;0,736369802;10;PRKG1;51074738;0,461505677;hg38
2852;cg08159003;1486;;0;0;EnhWk4;-0,075616843;0,461645592;0,700163829;97;0,10201119;Axolotl;Ambystoma mexicanum;-0,736139853;8;ST18;52230480;0,461645592;hg38
2853;cg09009057;;1367;0;1;BivProm4;0,075595329;0,461773411;0,700163829;97;0,102011524;Axolotl;Ambystoma mexicanum;0,735929815;1;PBX1;164320918;0,461773411;hg38
2854;cg09256836;1487;;0;0;Tx7;-0,075479564;0,462461551;0,700961527;97;0,102013318;Axolotl;Ambystoma mexicanum;-0,7347996;2;MSH6;47809647;0,462461551;hg38
2855;cg02286774;;1368;0;0;EnhA17;0,075404038;0,462910803;0,701396709;97;0,102014488;Axolotl;Ambystoma mexicanum;0,734062244;2;LINC01122;58721088;0,462910803;hg38
2856;cg03064169;1488;;0;0;PromF2;-0,075354835;0,463203611;0,701594625;97;0,102015249;Axolotl;Ambystoma mexicanum;-0,733581875;16;YPEL3;30095313;0,463203611;hg38
2857;cg15159458;1489;;0;0;TxEx3;-0,075262723;0,463752031;0,702179432;97;0,102016672;Axolotl;Ambystoma mexicanum;-0,732682612;15;CYFIP1;22916515;0,463752031;hg38
2858;cg01579422;1490;;0;0;EnhA6;-0,075173797;0,464281825;0,702483098;97;0,102018045;Axolotl;Ambystoma mexicanum;-0,731814456;1;ATG4C;62875609;0,464281825;hg38
2859;cg14261013;1491;;0;0;ReprPC3;-0,075161931;0,464352543;0,702483098;97;0,102018228;Axolotl;Ambystoma mexicanum;-0,731698613;10;SLF2;100864723;0,464352543;hg38
2860;cg06807725;1492;;0;0;EnhA19;-0,075106141;0,464685123;0,702483098;97;0,102019088;Axolotl;Ambystoma mexicanum;-0,731153953;2;MYO3B;170214765;0,464685123;hg38
2861;cg23698708;;1369;0;0;Tx2;0,075102695;0,464705667;0,702483098;97;0,102019141;Axolotl;Ambystoma mexicanum;0,731120314;5;EBF1;158965811;0,464705667;hg38
2862;cg19490722;;1370;0;0;TxWk1;0,075092821;0,464764544;0,702483098;97;0,102019293;Axolotl;Ambystoma mexicanum;0,731023918;5;RANBP17;170881857;0,464764544;hg38
2863;cg26872449;1493;;0;1;BivProm1;-0,075049851;0,465020807;0,702624933;97;0,102019955;Axolotl;Ambystoma mexicanum;-0,730604428;10;PAX2;100745506;0,465020807;hg38
2864;cg05562063;;1371;0;0;EnhA19;0,075001861;0,465307108;0,702634126;97;0,102020694;Axolotl;Ambystoma mexicanum;0,730135919;18;WDR7;56873931;0,465307108;hg38
2865;cg17184510;1494;;0;0;Tx5;-0,07499438;0,465351744;0,702634126;97;0,102020809;Axolotl;Ambystoma mexicanum;-0,73006289;23;ZDHHC9;129814792;0,465351744;hg38
2866;cg07228206;1495;;0;0;EnhWk8;-0,074921837;0,465784723;0,702644602;97;0,102021925;Axolotl;Ambystoma mexicanum;-0,729354696;14;NRXN3;79861367;0,465784723;hg38
2867;cg04603482;1496;;0;0;TxEnh4;-0,074864387;0,466127775;0,702644602;97;0,102022808;Axolotl;Ambystoma mexicanum;-0,728793849;1;RNF220;44640689;0,466127775;hg38
2868;cg20655014;;1372;0;0;Quies1;0,074842391;0,466259157;0,702644602;97;0,102023145;Axolotl;Ambystoma mexicanum;0,728579117;6;TFAP2A-AS2;9933163;0,466259157;hg38
2869;cg07838086;1497;;0;0;Tx8;-0,074839049;0,466279116;0,702644602;97;0,102023197;Axolotl;Ambystoma mexicanum;-0,728546498;6;NHSL1;138442044;0,466279116;hg38
2870;cg19257770;;1373;0;0;EnhA5;0,074833183;0,46631416;0,702644602;97;0,102023287;Axolotl;Ambystoma mexicanum;0,728489228;5;RANBP17;171269806;0,46631416;hg38
2871;cg16052363;;1374;0;0;TxEx2;0,074827548;0,466347822;0,702644602;97;0,102023373;Axolotl;Ambystoma mexicanum;0,72843422;17;MBTD1;51192925;0,466347822;hg38
2872;cg16504105;1498;;1;0;EnhA3;-0,074802799;0,466495684;0,702644602;97;0,102023753;Axolotl;Ambystoma mexicanum;-0,728192618;11;SOX6;15970107;0,466495684;hg38
2873;cg05180417;;1375;0;0;EnhWk4;0,074751094;0,466804682;0,702865291;97;0,102024547;Axolotl;Ambystoma mexicanum;0,727687862;2;LINC01876;155947300;0,466804682;hg38
2874;cg26018384;;1376;0;0;Acet2;0,074625617;0,467555015;0,703515765;97;0,10202647;Axolotl;Ambystoma mexicanum;0,726462946;8;CYP7B1;64702685;0,467555015;hg38
2875;cg25646617;1499;;0;0;PromF4;-0,074610981;0,46764258;0,703515765;97;0,102026694;Axolotl;Ambystoma mexicanum;-0,726320068;7;CASD1;94510115;0,46764258;hg38
2876;cg12253158;1500;;0;0;TxEnh8;-0,074597276;0,467724582;0,703515765;97;0,102026904;Axolotl;Ambystoma mexicanum;-0,726186279;2;ZEB2;144404074;0,467724582;hg38
2877;cg22454980;1501;;0;0;EnhA17;-0,074514877;0,468217774;0,703720045;97;0,102028164;Axolotl;Ambystoma mexicanum;-0,725381901;20;TSHZ2;53284438;0,468217774;hg38
2878;cg17499716;;1377;0;0;Tx7;0,074502892;0,468289532;0,703720045;97;0,102028347;Axolotl;Ambystoma mexicanum;0,725264905;14;FBXO33;39398267;0,468289532;hg38
2879;cg18348774;1502;;0;0;TxWk2;-0,074453992;0,468582373;0,703720045;97;0,102029095;Axolotl;Ambystoma mexicanum;-0,724787554;9;BNC2;16437499;0,468582373;hg38
2880;cg23815006;1503;;0;0;EnhA3;-0,074448147;0,468617386;0,703720045;97;0,102029184;Axolotl;Ambystoma mexicanum;-0,72473049;8;TRPS1;115452259;0,468617386;hg38
2881;cg22386201;1504;;0;0;EnhA1;-0,074438732;0,468673783;0,703720045;97;0,102029328;Axolotl;Ambystoma mexicanum;-0,724638582;11;ZBTB16;114164076;0,468673783;hg38
2882;cg05389467;;1378;0;0;PromF5;0,074387962;0,468977961;0,703932436;97;0,102030103;Axolotl;Ambystoma mexicanum;0,724142979;12;NUAK1;106138533;0,468977961;hg38
2883;cg26418874;1505;;0;0;TxEx1;-0,074298391;0,469514874;0,704174626;97;0,102031469;Axolotl;Ambystoma mexicanum;-0,72326861;16;C16orf72;9116844;0,469514874;hg38
2884;cg22952069;;1379;0;0;EnhA4;0,074271334;0,469677121;0,704174626;97;0,102031882;Axolotl;Ambystoma mexicanum;0,723004497;17;BRIP1;61809975;0,469677121;hg38
2885;cg15254020;;1380;0;0;EnhA17;0,074256395;0,469766723;0,704174626;97;0,102032109;Axolotl;Ambystoma mexicanum;0,722858661;9;DENND1A;123422950;0,469766723;hg38
2886;cg16158544;;1381;0;0;TxEx3;0,07425244;0,469790444;0,704174626;97;0,10203217;Axolotl;Ambystoma mexicanum;0,722820055;1;PBX1;164821549;0,469790444;hg38
2887;cg18338004;;1382;0;0;Acet3;0,074183808;0,470202199;0,704547684;97;0,102033215;Axolotl;Ambystoma mexicanum;0,7221501;2;UNC80;209894219;0,470202199;hg38
2888;cg21631546;1506;;0;0;EnhA18;-0,074150471;0,470402273;0,704603413;97;0,102033722;Axolotl;Ambystoma mexicanum;-0,721824681;4;BEND4;42120165;0,470402273;hg38
2889;cg13684235;1507;;0;0;ReprPC3;-0,074091051;0,470759006;0,704624491;97;0,102034626;Axolotl;Ambystoma mexicanum;-0,721244649;16;LOC101927480;54617340;0,470759006;hg38
2890;cg09487905;1508;;0;0;Acet3;-0,074048922;0,471012014;0,704624491;97;0,102035266;Axolotl;Ambystoma mexicanum;-0,720833415;2;SCN1A-AS1;166002660;0,471012014;hg38
2891;cg10004186;;1383;0;0;EnhA2;0,073955981;0,471570446;0,704624491;97;0,102036678;Axolotl;Ambystoma mexicanum;0,719926184;8;LINC01605;37380977;0,471570446;hg38
2892;cg05790430;;1384;0;0;EnhA17;0,073933156;0,471707644;0,704624491;97;0,102037024;Axolotl;Ambystoma mexicanum;0,719703381;2;CAMKMT;44707150;0,471707644;hg38
2893;cg17100219;1509;;0;0;EnhWk8;-0,073919967;0,471786927;0,704624491;97;0,102037224;Axolotl;Ambystoma mexicanum;-0,719574646;6;LOC101927314;97915150;0,471786927;hg38
2894;cg19103271;1510;;0;0;ReprPC5;-0,073918114;0,47179807;0,704624491;97;0,102037252;Axolotl;Ambystoma mexicanum;-0,719556554;7;UNCX;1269165;0,47179807;hg38
2895;cg20374928;1511;;0;0;TxEx4;-0,073907068;0,47186448;0,704624491;97;0,10203742;Axolotl;Ambystoma mexicanum;-0,719448732;20;L3MBTL1;43459270;0,47186448;hg38
2896;cg22191805;;1385;0;0;HET6;0,073873212;0,472068062;0,704624491;97;0,102037933;Axolotl;Ambystoma mexicanum;0,719118253;8;XKR6;10898319;0,472068062;hg38
2897;cg15169791;1512;;0;0;EnhA17;-0,073849927;0,472208102;0,704624491;97;0,102038286;Axolotl;Ambystoma mexicanum;-0,718890968;10;TCF7L2;113125594;0,472208102;hg38
2898;cg20730598;;1386;0;0;ReprPC4;0,073833362;0,472307742;0,704624491;97;0,102038537;Axolotl;Ambystoma mexicanum;0,718729274;11;LMO1;8254242;0,472307742;hg38
2899;cg03756692;1513;;0;1;BivProm4;-0,073818171;0,47239913;0,704624491;97;0,102038767;Axolotl;Ambystoma mexicanum;-0,718580989;12;HOXC5;54002591;0,47239913;hg38
2900;cg13199975;;1387;0;0;TxWk2;0,073797602;0,47252288;0,704624491;97;0,102039079;Axolotl;Ambystoma mexicanum;0,71838022;12;SYT1;79449007;0,47252288;hg38
2901;cg03130174;;1388;0;0;TxEx4;0,073795776;0,47253387;0,704624491;97;0,102039106;Axolotl;Ambystoma mexicanum;0,71836239;6;SRSF3;36600027;0,47253387;hg38
2902;cg16699500;1514;;0;0;Tx1;-0,073739216;0,472874258;0,704830585;97;0,102039962;Axolotl;Ambystoma mexicanum;-0,717810307;5;TBCA;77725618;0,472874258;hg38
2903;cg02783173;1515;;0;1;ReprPC1;-0,07358787;0,473785741;0,704830585;97;0,10204225;Axolotl;Ambystoma mexicanum;-0,716333023;4;NEUROG2-AS1;112521614;0,473785741;hg38
2904;cg09578221;;1389;0;1;BivProm2;0,073553966;0,473990057;0,704830585;97;0,102042762;Axolotl;Ambystoma mexicanum;0,716002092;2;CTNNA2;80303573;0,473990057;hg38
2905;cg08846327;1516;;0;0;TxEnh4;-0,073517752;0,474208348;0,704830585;97;0,102043308;Axolotl;Ambystoma mexicanum;-0,715648613;5;TRIO;14359505;0,474208348;hg38
2906;cg14279547;;1390;0;0;ReprPC1;0,073502461;0,474300537;0,704830585;97;0,102043539;Axolotl;Ambystoma mexicanum;0,715499358;1;BARHL2;90731847;0,474300537;hg38
2907;cg27414251;1517;;0;0;TxEx1;-0,073464522;0,474529312;0,704830585;97;0,102044111;Axolotl;Ambystoma mexicanum;-0,715129039;1;CSDE1;114737513;0,474529312;hg38
2908;cg07414895;1518;;0;0;TSS1;-0,073446306;0,47463917;0,704830585;97;0,102044386;Axolotl;Ambystoma mexicanum;-0,714951245;5;SAP30L;154446805;0,47463917;hg38
2909;cg04653168;1519;;0;0;ReprPC7;-0,073438165;0,474688276;0,704830585;97;0,102044508;Axolotl;Ambystoma mexicanum;-0,71487178;22;SCUBE1;43255499;0,474688276;hg38
2910;cg02693960;;1391;0;0;TxEx3;0,073394363;0,474952524;0,704830585;97;0,102045168;Axolotl;Ambystoma mexicanum;0,714444241;18;RELCH;62280409;0,474952524;hg38
2911;cg00297075;;1392;0;1;ReprPC1;0,073392642;0,474962904;0,704830585;97;0,102045194;Axolotl;Ambystoma mexicanum;0,714427448;9;FOXB2;77012756;0,474962904;hg38
2912;cg12387075;;1393;0;0;EnhA6;0,073383108;0,475020433;0,704830585;97;0,102045338;Axolotl;Ambystoma mexicanum;0,714334387;2;ARHGAP15;143684891;0,475020433;hg38
2913;cg21508805;;1394;0;1;ReprPC1;0,073375405;0,475066916;0,704830585;97;0,102045454;Axolotl;Ambystoma mexicanum;0,714259201;10;EMX2OS;117551586;0,475066916;hg38
2914;cg16255876;1520;;0;0;EnhA2;-0,073374081;0,475074906;0,704830585;97;0,102045474;Axolotl;Ambystoma mexicanum;-0,714246276;8;ZFPM2;105090235;0,475074906;hg38
2915;cg08243549;;1395;0;0;TxEx2;0,073373772;0,47507677;0,704830585;97;0,102045478;Axolotl;Ambystoma mexicanum;0,714243261;14;AP4S1;31129403;0,47507677;hg38
2916;cg23053903;1521;;0;0;TxEnh4;-0,073362377;0,475145536;0,704830585;97;0,10204565;Axolotl;Ambystoma mexicanum;-0,714132039;1;STRIP1;110051797;0,475145536;hg38
2917;cg25339883;1522;;0;1;BivProm1;-0,073333445;0,475320157;0,704830585;97;0,102046085;Axolotl;Ambystoma mexicanum;-0,713849646;18;CELF4;37565398;0,475320157;hg38
2918;cg16144381;1523;;0;0;EnhA8;-0,073313268;0,475441962;0,704830585;97;0,102046389;Axolotl;Ambystoma mexicanum;-0,713652699;14;BCL11B;99189010;0,475441962;hg38
2919;cg19469233;1524;;0;0;TxEx4;-0,073222527;0,475989934;0,705222319;97;0,102047753;Axolotl;Ambystoma mexicanum;-0,712767025;9;PRRC2B;131432667;0,475989934;hg38
2920;cg07159253;;1396;0;1;ReprPC1;0,073215522;0,476032254;0,705222319;97;0,102047858;Axolotl;Ambystoma mexicanum;0,712698646;7;UNCX;1228635;0,476032254;hg38
2921;cg19538069;1525;;0;0;TxEnh5;-0,073181022;0,476240695;0,705285434;97;0,102048376;Axolotl;Ambystoma mexicanum;-0,712361911;8;ZFHX4;76704770;0,476240695;hg38
2922;cg12939690;;1397;0;0;EnhWk3;0,073145325;0,476456419;0,705285434;97;0,102048912;Axolotl;Ambystoma mexicanum;0,712013496;1;NFIA;61343914;0,476456419;hg38
2923;cg23442353;;1398;0;1;BivProm2;0,073121211;0,476602175;0,705285434;97;0,102049274;Axolotl;Ambystoma mexicanum;0,711778134;8;CSMD3;113436921;0,476602175;hg38
2924;cg17352520;;1399;0;0;PromF4;0,073034246;0,477128033;0,705285434;97;0,102050578;Axolotl;Ambystoma mexicanum;0,710929325;15;UBE2Q2;75843729;0,477128033;hg38
2925;cg24869367;1526;;0;0;TxEnh6;-0,073030505;0,477150663;0,705285434;97;0,102050634;Axolotl;Ambystoma mexicanum;-0,710892808;9;NUP214;131228293;0,477150663;hg38
2926;cg08450113;1527;;0;0;EnhA15;-0,073020246;0,477212718;0,705285434;97;0,102050788;Axolotl;Ambystoma mexicanum;-0,710792678;10;SLIT1;97001277;0,477212718;hg38
2927;cg16442610;1528;;0;0;TxEx1;-0,073004265;0,477309394;0,705285434;97;0,102051027;Axolotl;Ambystoma mexicanum;-0,710636702;19;HNRNPL;38841630;0,477309394;hg38
2928;cg01151827;1529;;0;0;EnhWk4;-0,072992731;0,477379172;0,705285434;97;0,1020512;Axolotl;Ambystoma mexicanum;-0,710524131;3;SUCLG2-AS1;67898069;0,477379172;hg38
2929;cg19676874;;1400;0;1;BivProm2;0,072896027;0,477964454;0,705682159;97;0,102052648;Axolotl;Ambystoma mexicanum;0,709580276;6;OSTM1;108114688;0,477964454;hg38
2930;cg12981876;1530;;0;0;TxEnh4;-0,072829282;0,478368638;0,705682159;97;0,102053646;Axolotl;Ambystoma mexicanum;-0,708928839;7;GIGYF1;100682172;0,478368638;hg38
2931;cg26151482;1531;;0;1;PromF1;-0,072828785;0,478371648;0,705682159;97;0,102053653;Axolotl;Ambystoma mexicanum;-0,708923989;4;STX18-AS1;4763556;0,478371648;hg38
2932;cg15544311;;1401;0;0;Quies5;0,072827016;0,478382365;0,705682159;97;0,102053679;Axolotl;Ambystoma mexicanum;0,70890672;23;POLA1;24928753;0,478382365;hg38
2933;cg17186761;1532;;0;0;TxEx1;-0,072789039;0,478612424;0,705682159;97;0,102054247;Axolotl;Ambystoma mexicanum;-0,708536065;5;MARCHF6;10386996;0,478612424;hg38
2934;cg04569181;1533;;0;0;BivProm2;-0,072785147;0,478636007;0,705682159;97;0,102054305;Axolotl;Ambystoma mexicanum;-0,708498076;15;GJD2;34753305;0,478636007;hg38
2935;cg00380167;;1402;0;0;TxEx1;0,072753166;0,478829795;0,705682159;97;0,102054782;Axolotl;Ambystoma mexicanum;0,708185942;2;LRPPRC;43905706;0,478829795;hg38
2936;cg17334876;;1403;0;0;TxEx1;0,072732878;0,478952748;0,705682159;97;0,102055085;Axolotl;Ambystoma mexicanum;0,707987938;1;SPEN;15872986;0,478952748;hg38
2937;cg12815734;1534;;0;1;ReprPC1;-0,072582305;0,47986584;0,706483406;97;0,10205733;Axolotl;Ambystoma mexicanum;-0,706518359;10;PAX2;100749789;0,47986584;hg38
2938;cg03381725;;1404;0;1;BivProm1;0,072546405;0,480083681;0,706483406;97;0,102057865;Axolotl;Ambystoma mexicanum;0,706167978;5;LOC101929154;77973131;0,480083681;hg38
2939;cg21103567;;1405;0;0;TxWk2;0,07253997;0,48012273;0,706483406;97;0,102057961;Axolotl;Ambystoma mexicanum;0,706105181;19;CACNA1A;13275849;0,48012273;hg38
2940;cg02058639;1535;;0;0;TxEx1;-0,072535506;0,480149826;0,706483406;97;0,102058027;Axolotl;Ambystoma mexicanum;-0,706061607;7;CALU;128754403;0,480149826;hg38
2941;cg23681938;1536;;0;0;ReprPC5;-0,072469264;0,480551944;0,706742705;97;0,102059012;Axolotl;Ambystoma mexicanum;-0,705415109;18;CELF4;37259181;0,480551944;hg38
2942;cg26226364;1537;;0;0;EnhWk8;-0,072452654;0,480652807;0,706742705;97;0,102059259;Axolotl;Ambystoma mexicanum;-0,705252994;14;NRXN3;79861192;0,480652807;hg38
2943;cg08474267;;1406;0;0;Tx6;0,072414748;0,480883021;0,706837357;97;0,102059823;Axolotl;Ambystoma mexicanum;0,704883048;6;FBXL4;98926927;0,480883021;hg38
2944;cg24869569;1538;;0;0;EnhA17;-0,072381019;0,481087918;0,706837357;97;0,102060324;Axolotl;Ambystoma mexicanum;-0,704553864;1;CASZ1;10734618;0,481087918;hg38
2945;cg14834925;1539;;0;0;PromF1;-0,072361358;0,481207374;0,706837357;97;0,102060616;Axolotl;Ambystoma mexicanum;-0,704361985;5;ZNF608;124806703;0,481207374;hg38
2946;cg09023775;1540;;0;0;EnhA17;-0,072261306;0,481815526;0,707374025;97;0,1020621;Axolotl;Ambystoma mexicanum;-0,703385523;5;MCTP1;94884534;0,481815526;hg38
2947;cg22389732;1541;;0;0;EnhA5;-0,07224745;0,481899776;0,707374025;97;0,102062306;Axolotl;Ambystoma mexicanum;-0,703250302;5;EBF1;158979491;0,481899776;hg38
2948;cg26363341;;1407;0;0;TxEx2;0,072172551;0,482355354;0,707464151;97;0,102063416;Axolotl;Ambystoma mexicanum;0,702519325;2;PIKFYVE;208304946;0,482355354;hg38
2949;cg01324791;;1408;0;0;PromF2;0,072172144;0,482357826;0,707464151;97;0,102063422;Axolotl;Ambystoma mexicanum;0,70251536;19;RAB4B-EGLN2;40806627;0,482357826;hg38
2950;cg04211440;;1409;0;0;TxWk2;0,072144446;0,482526363;0,707464151;97;0,102063832;Axolotl;Ambystoma mexicanum;0,702245038;9;NFIB;14131656;0,482526363;hg38
2951;cg21762820;;1410;0;1;BivProm1;0,072107838;0,482749154;0,707464151;97;0,102064374;Axolotl;Ambystoma mexicanum;0,701887774;1;FAM78B;166165996;0,482749154;hg38
2952;cg06628177;1542;;0;0;Tx6;-0,072102953;0,482778889;0,707464151;97;0,102064446;Axolotl;Ambystoma mexicanum;-0,701840098;5;DIMT1;62372528;0,482778889;hg38
2953;cg24949381;;1411;0;0;ReprPC1;0,07203459;0,483195103;0,707751062;97;0,102065457;Axolotl;Ambystoma mexicanum;0,701172926;9;DMRT1;966989;0,483195103;hg38
2954;cg12442682;1543;;0;0;ReprPC7,Acet2;-0,072017054;0,483301898;0,707751062;97;0,102065716;Axolotl;Ambystoma mexicanum;-0,70100179;7;POU6F2;39464401;0,483301898;hg38
2955;cg27112227;;1412;0;1;BivProm2;0,071946476;0,48373185;0,708093564;97;0,102066759;Axolotl;Ambystoma mexicanum;0,700313007;1;LINC02609;90835311;0,48373185;hg38
2956;cg01166318;;1413;0;0;BivProm3;0,071924928;0,483863159;0,708093564;97;0,102067077;Axolotl;Ambystoma mexicanum;0,700102717;2;MARCHF4;216370163;0,483863159;hg38
2957;cg17419897;;1414;0;0;EnhWk4;0,071870461;0,484195152;0,708339779;97;0,10206788;Axolotl;Ambystoma mexicanum;0,699571171;6;AFG1L;108476939;0,484195152;hg38
2958;cg11370011;;1415;0;0;TxEnh8;0,071812814;0,484546663;0,708481043;97;0,10206873;Axolotl;Ambystoma mexicanum;0,699008589;7;LINC00513;130876752;0,484546663;hg38
2959;cg08023990;;1416;0;0;EnhWk8;0,071796147;0,484648317;0,708481043;97;0,102068976;Axolotl;Ambystoma mexicanum;0,698845936;4;LINC00989;79453696;0,484648317;hg38
2960;cg11371756;1544;;0;0;TxEnh8;-0,071774059;0,484783049;0,708481043;97;0,102069301;Axolotl;Ambystoma mexicanum;-0,698630386;2;MEIS1;66572115;0,484783049;hg38
2961;cg24264009;;1417;1;0;EnhA3;0,07174076;0,48498621;0,708538579;97;0,102069791;Axolotl;Ambystoma mexicanum;0,698305421;2;ZEB2;144455162;0,48498621;hg38
2962;cg01105418;1545;;1;0;PromF2;-0,071709998;0,485173931;0,708573527;97;0,102070244;Axolotl;Ambystoma mexicanum;-0,698005218;1;ZBTB18;244051291;0,485173931;hg38
2963;cg22299462;1546;;0;0;TxEnh7;-0,071642786;0,48558422;0,708646786;97;0,102071232;Axolotl;Ambystoma mexicanum;-0,697349303;15;NPTN;73597301;0,48558422;hg38
2964;cg25858695;;1418;0;1;BivProm2;0,071614197;0,48575879;0,708646786;97;0,102071653;Axolotl;Ambystoma mexicanum;0,697070316;1;LINC02609;90835328;0,48575879;hg38
2965;cg24912303;1547;;0;0;TxWk2;-0,071583236;0,485947889;0,708646786;97;0,102072108;Axolotl;Ambystoma mexicanum;-0,69676817;12;KIF5A;57580980;0,485947889;hg38
2966;cg18518020;1548;;0;0;ReprPC1;-0,071562511;0,486074493;0,708646786;97;0,102072412;Axolotl;Ambystoma mexicanum;-0,696565915;12;KCNA1;4912475;0,486074493;hg38
2967;cg00441553;;1419;0;0;EnhA17;0,071545;0,486181472;0,708646786;97;0,102072669;Axolotl;Ambystoma mexicanum;0,696395034;5;MCTP1;94884537;0,486181472;hg38
2968;cg13620507;;1420;0;0;Tx5;0,071534791;0,486243849;0,708646786;97;0,102072819;Axolotl;Ambystoma mexicanum;0,696295407;1;PBX1;164812020;0,486243849;hg38
2969;cg11223267;1549;;0;0;ReprPC4;-0,071491891;0,486506012;0,708646786;97;0,102073448;Axolotl;Ambystoma mexicanum;-0,695876761;1;ACTL8;17806121;0,486506012;hg38
2970;cg27320080;;1421;0;0;EnhA6;0,07148721;0,486534623;0,708646786;97;0,102073517;Axolotl;Ambystoma mexicanum;0,69583108;5;C5orf64;61738158;0,486534623;hg38
2971;cg06336711;1550;;0;0;BivProm4;-0,071447348;0,486778292;0,708763054;97;0,102074102;Axolotl;Ambystoma mexicanum;-0,695442088;6;LOC101927314;97668872;0,486778292;hg38
2972;cg15851301;1551;;0;0;EnhWk4;-0,071373844;0,487227792;0,708965968;97;0,102075179;Axolotl;Ambystoma mexicanum;-0,694724786;1;LINC01364;87356937;0,487227792;hg38
2973;cg07774099;1552;;0;0;EnhA17;-0,071370959;0,487245434;0,708965968;97;0,102075221;Axolotl;Ambystoma mexicanum;-0,69469664;2;CAMKMT;44680722;0,487245434;hg38
2974;cg03908972;1553;;0;0;EnhA4;-0,071338337;0,487444999;0,70901786;97;0,102075699;Axolotl;Ambystoma mexicanum;-0,694378299;8;ENPP2;119586258;0,487444999;hg38
2975;cg01531932;;1422;0;0;Quies3;0,071277822;0,487815321;0,709026805;97;0,102076584;Axolotl;Ambystoma mexicanum;0,693787758;13;DACH1;72197570;0,487815321;hg38
2976;cg25283972;1554;;0;1;BivProm2;-0,071261884;0,487912876;0,709026805;97;0,102076817;Axolotl;Ambystoma mexicanum;-0,69363223;19;ZNF536;30224702;0,487912876;hg38
2977;cg16948650;1555;;0;0;ReprPC7;-0,071256985;0,487942862;0,709026805;97;0,102076889;Axolotl;Ambystoma mexicanum;-0,693584428;2;LINC01159;104901521;0,487942862;hg38
2978;cg21309927;1556;;0;0;EnhWk2;-0,071229569;0,488110709;0,709032533;97;0,10207729;Axolotl;Ambystoma mexicanum;-0,693316885;19;NFIX;13090345;0,488110709;hg38
2979;cg00872748;;1423;0;0;EnhA17;0,071178443;0,488423787;0,709249149;97;0,102078037;Axolotl;Ambystoma mexicanum;0,69281798;6;PDSS2;107154722;0,488423787;hg38
2980;cg08291752;;1424;0;0;Tx7;0,071097331;0,488920704;0,70959813;97;0,102079221;Axolotl;Ambystoma mexicanum;0,692026473;5;ZSWIM6;61544892;0,488920704;hg38
2981;cg05686715;;1425;0;0;EnhA6;0,071085667;0,488992185;0,70959813;97;0,102079391;Axolotl;Ambystoma mexicanum;0,691912651;5;AP3B1;78007515;0,488992185;hg38
2982;cg07146324;1557;;0;1;ReprPC2;-0,07099721;0,489534453;0,709882259;97;0,10208068;Axolotl;Ambystoma mexicanum;-0,691049471;16;IRX3;54290077;0,489534453;hg38
2983;cg10220846;1558;;0;0;TxEnh8;-0,070992711;0,489562038;0,709882259;97;0,102080746;Axolotl;Ambystoma mexicanum;-0,691005574;1;KIAA1107;92168893;0,489562038;hg38
2984;cg10664719;;1426;0;1;BivProm2;0,070922428;0,489993137;0,709882259;97;0,102081769;Axolotl;Ambystoma mexicanum;0,69031974;15;ONECUT1;52806272;0,489993137;hg38
2985;cg17112497;;1427;0;0;Acet4;0,070900002;0,490130733;0,709882259;97;0,102082095;Axolotl;Ambystoma mexicanum;0,690100907;3;MITF;69879195;0,490130733;hg38
2986;cg02669060;;1428;0;0;EnhWk4;0,070806701;0,490703409;0,709882259;97;0,102083452;Axolotl;Ambystoma mexicanum;0,689190477;1;LINC01364;87356918;0,490703409;hg38
2987;cg04378487;1559;;0;0;EnhWk5;-0,070798756;0,490752191;0,709882259;97;0,102083567;Axolotl;Ambystoma mexicanum;-0,689112951;11;WT1;32391967;0,490752191;hg38
2988;cg19258589;1560;;0;0;TxEnh4;-0,07077664;0,490887996;0,709882259;97;0,102083889;Axolotl;Ambystoma mexicanum;-0,688897146;17;THRA;40083922;0,490887996;hg38
2989;cg10591012;;1429;0;0;HET8;0,070746885;0,491070742;0,709882259;97;0,102084321;Axolotl;Ambystoma mexicanum;0,688606797;5;HTR4;148509891;0,491070742;hg38
2990;cg21171640;1561;;0;0;TxWk2;-0,070722179;0,491222505;0,709882259;97;0,102084679;Axolotl;Ambystoma mexicanum;-0,68836572;4;GRIA2;157361377;0,491222505;hg38
2991;cg09595108;1562;;0;0;PromF3;-0,070719934;0,491236295;0,709882259;97;0,102084712;Axolotl;Ambystoma mexicanum;-0,688343816;1;LMO4;87334958;0,491236295;hg38
2992;cg14822418;;1430;0;0;EnhWk5;0,07071369;0,491274656;0,709882259;97;0,102084802;Axolotl;Ambystoma mexicanum;0,688282888;2;LINC01793;59314166;0,491274656;hg38
2993;cg23208420;1563;;0;1;BivProm1;-0,070708205;0,491308352;0,709882259;97;0,102084882;Axolotl;Ambystoma mexicanum;-0,688229369;12;BTBD11;107319124;0,491308352;hg38
2994;cg23663242;1564;;0;0;Tx6;-0,070695853;0,491384246;0,709882259;97;0,102085061;Axolotl;Ambystoma mexicanum;-0,688108837;5;MAST4;67102543;0,491384246;hg38
2995;cg21473019;;1431;0;0;TxEx1;0,070643091;0,491708491;0,709882259;97;0,102085826;Axolotl;Ambystoma mexicanum;0,687593995;19;ILF3;10678629;0,491708491;hg38
2996;cg05690769;;1432;0;1;ReprPC1;0,07062363;0,491828114;0,709882259;97;0,102086108;Axolotl;Ambystoma mexicanum;0,687404102;2;EVX2;176075868;0,491828114;hg38
2997;cg17945038;;1433;0;0;TxEnh4;0,070586152;0,492058528;0,709882259;97;0,102086651;Axolotl;Ambystoma mexicanum;0,687038404;6;VEGFA;43782073;0,492058528;hg38
2998;cg00250171;;1434;0;0;EnhA13;0,070580019;0,492096238;0,709882259;97;0,10208674;Axolotl;Ambystoma mexicanum;0,686978562;5;C5orf38;2848654;0,492096238;hg38
2999;cg20993392;1565;;0;1;BivProm1;-0,070552238;0,492267084;0,709882259;97;0,102087142;Axolotl;Ambystoma mexicanum;-0,686707477;8;LOC401463;64580327;0,492267084;hg38
3000;cg15156555;1566;;0;0;EnhA11;-0,070545923;0,49230592;0,709882259;97;0,102087234;Axolotl;Ambystoma mexicanum;-0,686645863;19;TSHZ3;31304872;0,49230592;hg38
3001;cg14266291;;1435;0;0;Tx7;0,070462668;0,492818114;0,710175451;97;0,102088438;Axolotl;Ambystoma mexicanum;0,685833492;1;SSBP3;54239150;0,492818114;hg38
3002;cg02905739;;1436;0;0;Acet3;0,070459503;0,492837589;0,710175451;97;0,102088484;Axolotl;Ambystoma mexicanum;0,685802612;11;GRIA4;105974431;0,492837589;hg38
3003;cg13644292;1567;;0;1;ReprPC1;-0,070416488;0,493102337;0,71027445;97;0,102089106;Axolotl;Ambystoma mexicanum;-0,685382891;17;LHX1;36940374;0,493102337;hg38
3004;cg14017612;1568;;0;1;ReprPC1;-0,070371844;0,493377194;0,71027445;97;0,102089751;Axolotl;Ambystoma mexicanum;-0,684947273;2;DLX1;172093866;0,493377194;hg38
3005;cg13732832;;1437;0;0;BivProm1;0,070330759;0,493630211;0,71027445;97;0,102090344;Axolotl;Ambystoma mexicanum;0,684546383;13;SLITRK5;87678216;0,493630211;hg38
3006;cg20102972;1569;;0;0;EnhA17;-0,070328865;0,493641872;0,71027445;97;0,102090371;Axolotl;Ambystoma mexicanum;-0,684527909;9;NFIB;14102544;0,493641872;hg38
3007;cg17881452;;1438;0;0;EnhWk3;0,070280126;0,493942114;0,71027445;97;0,102091074;Axolotl;Ambystoma mexicanum;0,684052343;9;BNC2;16449380;0,493942114;hg38
3008;cg05562961;;1439;0;1;BivProm4;0,070260754;0,494061478;0,71027445;97;0,102091353;Axolotl;Ambystoma mexicanum;0,68386332;1;RNF220;44524734;0,494061478;hg38
3009;cg01599973;;1440;0;0;TxWk2;0,070225465;0,494278955;0,71027445;97;0,102091862;Axolotl;Ambystoma mexicanum;0,68351899;9;NFIB;14131664;0,494278955;hg38
3010;cg05778253;;1441;0;0;Acet2;0,070221362;0,49430424;0,71027445;97;0,102091921;Axolotl;Ambystoma mexicanum;0,683478961;9;CNTLN;17323545;0,49430424;hg38
3011;cg24853943;;1442;0;0;Tx5;0,070208418;0,494384024;0,71027445;97;0,102092108;Axolotl;Ambystoma mexicanum;0,683352663;2;KIDINS220;8747933;0,494384024;hg38
3012;cg05053064;1570;;0;0;Acet3;-0,070032701;0,495467783;0,711359531;97;0,102094636;Axolotl;Ambystoma mexicanum;-0,681638153;8;RIMS2;104013524;0,495467783;hg38
3013;cg11473209;1571;;0;1;BivProm2;-0,070017348;0,495562535;0,711359531;97;0,102094857;Axolotl;Ambystoma mexicanum;-0,681488352;2;DLX1;172086357;0,495562535;hg38
3014;cg13634725;;1443;0;0;Tx7;0,069984375;0,495766062;0,711359531;97;0,10209533;Axolotl;Ambystoma mexicanum;0,681166627;8;NDUFB9;124551091;0,495766062;hg38
3015;cg16322968;1572;;0;0;EnhA6;-0,069979353;0,495797065;0,711359531;97;0,102095402;Axolotl;Ambystoma mexicanum;-0,681117626;16;ZFHX3;73713902;0,495797065;hg38
3016;cg00608221;;1444;0;0;TxEnh2;0,069918499;0,496172812;0,71138647;97;0,102096276;Axolotl;Ambystoma mexicanum;0,680523871;19;URI1;30004208;0,496172812;hg38
3017;cg17634341;1573;;0;0;TxEx1;-0,069907528;0,496240566;0,71138647;97;0,102096433;Axolotl;Ambystoma mexicanum;-0,680416833;8;UBR5;102342645;0,496240566;hg38
3018;cg07714477;1574;;0;1;PromF4;-0,069894245;0,496322612;0,71138647;97;0,102096624;Axolotl;Ambystoma mexicanum;-0,680287225;5;PURA;140114673;0,496322612;hg38
3019;cg14601433;;1445;0;0;EnhWk5;0,069869796;0,496473639;0,71138647;97;0,102096974;Axolotl;Ambystoma mexicanum;0,680048678;15;LINC00924;95455060;0,496473639;hg38
3020;cg17641859;1575;;0;1;BivProm2;-0,069834171;0,496693746;0,711466194;97;0,102097485;Axolotl;Ambystoma mexicanum;-0,679701089;10;PAX2;100713811;0,496693746;hg38
3021;cg23661793;1576;;0;0;EnhA2;-0,069781962;0,497016411;0,711633873;97;0,102098233;Axolotl;Ambystoma mexicanum;-0,679191691;5;EBF1;159073462;0,497016411;hg38
3022;cg17360465;1577;;0;0;EnhWk8;-0,069761998;0,497139822;0,711633873;97;0,102098519;Axolotl;Ambystoma mexicanum;-0,678996907;7;FOXP2;114688918;0,497139822;hg38
3023;cg05387438;;1446;0;0;Tx6;0,069685048;0,497615657;0,712079378;97;0,10209962;Axolotl;Ambystoma mexicanum;0,678246117;18;ZNF407;74880895;0,497615657;hg38
3024;cg21467362;;1447;0;0;EnhA2;0,069652423;0,497817471;0,7121326;97;0,102100086;Axolotl;Ambystoma mexicanum;0,677927802;18;LINC01416;55863944;0,497817471;hg38
3025;cg20682781;1578;;0;0;BivProm2;-0,069609694;0,498081849;0,712176449;97;0,102100696;Axolotl;Ambystoma mexicanum;-0,677510912;10;PAX2;100655788;0,498081849;hg38
3026;cg09148605;;1448;0;0;TxEnh2;0,069574188;0,498301595;0,712176449;97;0,102101203;Axolotl;Ambystoma mexicanum;0,677164491;19;URI1;30004005;0,498301595;hg38
3027;cg26636593;1579;;0;0;EnhA17;-0,069567657;0,498342021;0,712176449;97;0,102101297;Axolotl;Ambystoma mexicanum;-0,677100769;7;ETV1;13467286;0,498342021;hg38
3028;cg26603288;1580;;0;0;ReprPC3;-0,069523538;0,498615156;0,712232653;97;0,102101926;Axolotl;Ambystoma mexicanum;-0,676670313;1;LINC00466;63275045;0,498615156;hg38
3029;cg27183989;1581;;0;0;HET2;-0,069478259;0,498895547;0,712232653;97;0,102102572;Axolotl;Ambystoma mexicanum;-0,676228552;20;LINC00237;20993536;0,498895547;hg38
3030;cg05203258;1582;;0;0;EnhA3;-0,069476326;0,498907524;0,712232653;97;0,1021026;Axolotl;Ambystoma mexicanum;-0,676209685;16;ZFHX3;72927873;0,498907524;hg38
3031;cg19644305;;1449;0;0;BivProm3;0,069454949;0,499039931;0,712232653;97;0,102102904;Axolotl;Ambystoma mexicanum;0,676001125;18;MIR4527;47594846;0,499039931;hg38
3032;cg22250202;;1450;0;0;ReprPC3;0,069402419;0,499365384;0,712276373;97;0,102103653;Axolotl;Ambystoma mexicanum;0,675488612;10;LRMDA;75924271;0,499365384;hg38
3033;cg13718663;1583;;0;0;TxEx1;-0,06937386;0,499542366;0,712276373;97;0,102104059;Axolotl;Ambystoma mexicanum;-0,675209982;3;DIPK2A;143989671;0,499542366;hg38
3034;cg16448606;1584;;0;0;EnhA3;-0,069370284;0,49956453;0,712276373;97;0,10210411;Axolotl;Ambystoma mexicanum;-0,675175091;8;TRPS1;115451829;0,49956453;hg38
3035;cg20583510;;1451;0;0;EnhWk4;0,069333919;0,499789945;0,712362974;97;0,102104628;Axolotl;Ambystoma mexicanum;0,674820295;2;LOC101928386;143957634;0,499789945;hg38
3036;cg05348017;;1452;0;0;EnhA10;0,069226333;0,500457136;0,712741219;97;0,102106157;Axolotl;Ambystoma mexicanum;0,673770651;5;EBF1;159034472;0,500457136;hg38
3037;cg20202407;;1453;0;0;TxEx1;0,069212727;0,500541549;0,712741219;97;0,10210635;Axolotl;Ambystoma mexicanum;0,673637904;4;HNRNPDL;82425666;0,500541549;hg38
3038;cg09038439;;1454;0;1;BivProm1;0,069176522;0,5007662;0,712741219;97;0,102106864;Axolotl;Ambystoma mexicanum;0,673284676;20;MAFB;40687983;0,5007662;hg38
3039;cg04400734;1585;;0;0;EnhA18;-0,069161477;0,500859566;0,712741219;97;0,102107078;Axolotl;Ambystoma mexicanum;-0,673137897;6;LOC101927314;98044419;0,500859566;hg38
3040;cg03167448;1586;;0;0;Tx6;-0,069151819;0,500919509;0,712741219;97;0,102107215;Axolotl;Ambystoma mexicanum;-0,67304367;10;ZEB1;31510840;0,500919509;hg38
3041;cg12101623;;1455;0;0;EnhA6;0,069131779;0,501043896;0,712741219;97;0,102107499;Axolotl;Ambystoma mexicanum;0,672848158;2;EXOC6B;72334977;0,501043896;hg38
3042;cg11664765;1587;;0;0;TxWk2;-0,068948199;0,502184136;0,713672886;97;0,1021101;Axolotl;Ambystoma mexicanum;-0,671057129;4;TENM3;182601068;0,502184136;hg38
3043;cg11218720;;1456;0;0;EnhWk4;0,068874136;0,50264453;0,713672886;97;0,102111147;Axolotl;Ambystoma mexicanum;0,670334577;18;ZNF521;25176330;0,50264453;hg38
3044;cg11194264;;1457;0;0;TxEx1;0,068855903;0,502757907;0,713672886;97;0,102111405;Axolotl;Ambystoma mexicanum;0,670156694;15;CLK3;74622197;0,502757907;hg38
3045;cg00289591;;1458;0;0;TxEx3;0,068832153;0,502905609;0,713672886;97;0,10211174;Axolotl;Ambystoma mexicanum;0,669924988;10;TCF7L2;113160653;0,502905609;hg38
3046;cg02179016;1588;;0;0;BivProm1;-0,068770447;0,503289459;0,713672886;97;0,102112612;Axolotl;Ambystoma mexicanum;-0,669322998;11;LMO1;8263461;0,503289459;hg38
3047;cg11391016;1589;;0;0;TxEx1;-0,068718629;0,503611924;0,713672886;97;0,102113343;Axolotl;Ambystoma mexicanum;-0,668817466;9;HNRNPK;83975466;0,503611924;hg38
3048;cg23105988;1590;;0;0;ReprPC3;-0,068714797;0,503635777;0,713672886;97;0,102113397;Axolotl;Ambystoma mexicanum;-0,668780078;1;RRP15;218201129;0,503635777;hg38
3049;cg20665157.2;;1459;0;0;EnhA18;0,068673092;0,503895389;0,713672886;97;0,102113984;Axolotl;Ambystoma mexicanum;0,668373214;7;CADPS2;122329367;0,503895389;hg38
3050;cg15417880;;1460;0;0;Tx7;0,0686354;0,504130081;0,713672886;97;0,102114515;Axolotl;Ambystoma mexicanum;0,668005501;9;NCBP1;97666797;0,504130081;hg38
3051;cg15848840;1591;;0;0;ReprPC5;-0,068629078;0,504169448;0,713672886;97;0,102114604;Axolotl;Ambystoma mexicanum;-0,667943831;10;HIF1AN;100615394;0,504169448;hg38
3052;cg20553183;1592;;0;0;EnhA14;-0,068607403;0,504304437;0,713672886;97;0,10211491;Axolotl;Ambystoma mexicanum;-0,66773238;16;WWOX;78610167;0,504304437;hg38
3053;cg11405276;;1461;0;0;TxEnh8;0,06854208;0,504711386;0,713672886;97;0,102115829;Axolotl;Ambystoma mexicanum;0,667095105;20;RALGAPA2;20498455;0,504711386;hg38
3054;cg10974112;1593;;0;0;ReprPC4;-0,068538679;0,504732576;0,713672886;97;0,102115877;Axolotl;Ambystoma mexicanum;-0,667061931;22;LOC284898;27003745;0,504732576;hg38
3055;cg06181752;;1462;0;1;ReprPC1;0,068511857;0,504899721;0,713672886;97;0,102116254;Axolotl;Ambystoma mexicanum;0,666800268;10;PAX2;100749804;0,504899721;hg38
3056;cg04163896;;1463;0;0;PromF2;0,068504191;0,504947501;0,713672886;97;0,102116362;Axolotl;Ambystoma mexicanum;0,666725478;6;BACH2;90218699;0,504947501;hg38
3057;cg27447131;;1464;0;0;Tx8;0,068500985;0,504967483;0,713672886;97;0,102116407;Axolotl;Ambystoma mexicanum;0,666694203;15;MEGF11;65906120;0,504967483;hg38
3058;cg16845195;;1465;0;0;EnhWk4;0,068499697;0,50497551;0,713672886;97;0,102116425;Axolotl;Ambystoma mexicanum;0,666681638;13;DACH1;71853839;0,50497551;hg38
3059;cg05154530;;1466;0;0;Tx7;0,068491673;0,505025523;0,713672886;97;0,102116538;Axolotl;Ambystoma mexicanum;0,666603359;2;CREB1;207596924;0,505025523;hg38
3060;cg25041458;;1467;0;0;Tx6;0,068463341;0,505202133;0,713672886;97;0,102116936;Axolotl;Ambystoma mexicanum;0,666326967;1;DOCK7;62631338;0,505202133;hg38
3061;cg24657928;1594;;0;0;EnhA7;-0,068452473;0,505269891;0,713672886;97;0,102117088;Axolotl;Ambystoma mexicanum;-0,666220939;4;GALNTL6;172813638;0,505269891;hg38
3062;cg13772153;1595;;0;0;ReprPC8;-0,068451611;0,505275262;0,713672886;97;0,1021171;Axolotl;Ambystoma mexicanum;-0,666212535;23;GLRA4;103719130;0,505275262;hg38
3063;cg16593370;;1468;0;0;Tx5;0,068443095;0,505328362;0,713672886;97;0,10211722;Axolotl;Ambystoma mexicanum;0,66612945;17;RHOT1;32224659;0,505328362;hg38
3064;cg17962462;1596;;0;0;Quies1;-0,068393979;0,505634647;0,713872387;97;0,10211791;Axolotl;Ambystoma mexicanum;-0,665650302;2;NRXN1;50055019;0,505634647;hg38
3065;cg21464859;;1469;0;0;TxEx1;0,068306179;0,506182405;0,71432966;97;0,102119141;Axolotl;Ambystoma mexicanum;0,664793774;5;TNPO1;72899987;0,506182405;hg38
3066;cg01498131;;1470;0;0;TxEnh5;0,068256904;0,50648995;0,71432966;97;0,102119831;Axolotl;Ambystoma mexicanum;0,664313082;7;AGAP3;151131351;0,50648995;hg38
3067;cg08158748;1597;;0;0;ReprPC5;-0,068250774;0,506528217;0,71432966;97;0,102119917;Axolotl;Ambystoma mexicanum;-0,664253282;17;RUNDC3A;44318108;0,506528217;hg38
3068;cg27299745;;1471;0;0;BivProm2;0,068223562;0,506698105;0,71432966;97;0,102120298;Axolotl;Ambystoma mexicanum;0,663987823;13;SLITRK1;83881256;0,506698105;hg38
3069;cg21458384;1598;;0;0;TxEx1;-0,068193869;0,50688352;0,71432966;97;0,102120714;Axolotl;Ambystoma mexicanum;-0,663698155;14;PPP2R5E;63539622;0,50688352;hg38
3070;cg01641343;1599;;0;0;EnhWk5;-0,068151118;0,507150529;0,71432966;97;0,102121312;Axolotl;Ambystoma mexicanum;-0,663281115;12;SCN8A;51780689;0,507150529;hg38
3071;cg22543683;1600;;0;0;TxEnh5;-0,068150631;0,507153572;0,71432966;97;0,102121319;Axolotl;Ambystoma mexicanum;-0,663276363;14;BCL11B;99176137;0,507153572;hg38
3072;cg13826884;;1472;0;0;EnhWk4;0,068130461;0,507279573;0,71432966;97;0,102121601;Axolotl;Ambystoma mexicanum;0,663079603;4;NKX6-1;84434416;0,507279573;hg38
3073;cg23388969;1601;;0;0;ReprPC3;-0,068077295;0,507611781;0,714392272;97;0,102122344;Axolotl;Ambystoma mexicanum;-0,662560958;4;GPAT3;83725074;0,507611781;hg38
3074;cg20798633;1602;;0;0;Acet2;-0,068055515;0,507747906;0,714392272;97;0,102122648;Axolotl;Ambystoma mexicanum;-0,662348492;12;PDZRN4;41563347;0,507747906;hg38
3075;cg20028936;;1473;0;0;TxEnh3;0,068025767;0,507933863;0,714392272;97;0,102123063;Axolotl;Ambystoma mexicanum;0,662058294;1;ENAH;225555013;0,507933863;hg38
3076;cg02871654;1603;;0;0;EnhWk4;-0,067991349;0,508149056;0,714392272;97;0,102123544;Axolotl;Ambystoma mexicanum;-0,661722541;18;ZNF521;25182317;0,508149056;hg38
3077;cg26521186;1604;;0;0;TxEnh4;-0,067991236;0,50814976;0,714392272;97;0,102123545;Axolotl;Ambystoma mexicanum;-0,661721443;1;ZBTB18;244053907;0,50814976;hg38
3078;cg03153971;;1474;0;0;Tx6;0,067784154;0,509445489;0,715179822;97;0,10212643;Axolotl;Ambystoma mexicanum;0,659701368;12;FRS2;69571299;0,509445489;hg38
3079;cg25561010;1605;;0;0;TxEnh4;-0,067774179;0,509507943;0,715179822;97;0,102126569;Axolotl;Ambystoma mexicanum;-0,659604068;17;WSB1;27307911;0,509507943;hg38
3080;cg06897917;;1475;0;0;TxEnh4;0,06772997;0,509784805;0,715179822;97;0,102127183;Axolotl;Ambystoma mexicanum;0,65917281;8;XPO7;21985690;0,509784805;hg38
3081;cg15948787;;1476;0;0;TxEnh8;0,067698298;0,509983193;0,715179822;97;0,102127623;Axolotl;Ambystoma mexicanum;0,658863864;7;CDK6;92725744;0,509983193;hg38
3082;cg23357264;;1477;0;0;Tx8;0,067690569;0,510031615;0,715179822;97;0,102127731;Axolotl;Ambystoma mexicanum;0,658788466;2;RBMS1;160272296;0,510031615;hg38
3083;cg12400088;;1478;0;0;PromF5;0,067637662;0,51036313;0,715179822;97;0,102128465;Axolotl;Ambystoma mexicanum;0,658272368;2;LOC101929512;161238649;0,51036313;hg38
3084;cg18344148;;1479;0;0;Acet2;0,067613575;0,510514092;0,715179822;97;0,102128799;Axolotl;Ambystoma mexicanum;0,658037411;11;DLG2;83633320;0,510514092;hg38
3085;cg23945855;1606;;0;0;Tx8;-0,067610221;0,510535117;0,715179822;97;0,102128846;Axolotl;Ambystoma mexicanum;-0,65800469;4;CNOT6L;77773113;0,510535117;hg38
3086;cg01646475;;1480;0;0;BivProm1;0,067610141;0,510535618;0,715179822;97;0,102128847;Axolotl;Ambystoma mexicanum;0,658003911;1;LHX9;197929133;0,510535618;hg38
3087;cg13472965;1607;;0;0;Tx4;-0,067601722;0,510588392;0,715179822;97;0,102128964;Axolotl;Ambystoma mexicanum;-0,657921784;4;DHX15;24527611;0,510588392;hg38
3088;cg14415687;;1481;0;0;TxEx1;0,067574923;0,510756393;0,715179822;97;0,102129336;Axolotl;Ambystoma mexicanum;0,65766037;4;FBXW7;152411766;0,510756393;hg38
3089;cg18454765;1608;;0;1;BivProm1;-0,067501452;0,511217123;0,715179822;97;0,102130354;Axolotl;Ambystoma mexicanum;-0,656943691;20;MAFB;40688174;0,511217123;hg38
3090;cg03918304;;1482;0;1;ReprPC1;0,067471089;0,511407588;0,715179822;97;0,102130774;Axolotl;Ambystoma mexicanum;0,656647517;2;HOXD10;176116926;0,511407588;hg38
3091;cg04093455;1609;;0;0;TxEx2;-0,067455187;0,511507357;0,715179822;97;0,102130994;Axolotl;Ambystoma mexicanum;-0,656492398;10;LCOR;96954978;0,511507357;hg38
3092;cg06493080;;1483;0;1;PromF5;0,067418446;0,511737907;0,715179822;97;0,102131503;Axolotl;Ambystoma mexicanum;0,656134004;17;HOXB7;48610948;0,511737907;hg38
3093;cg25749301;;1484;0;0;Tx7;0,067407507;0,511806554;0,715179822;97;0,102131654;Axolotl;Ambystoma mexicanum;0,656027309;2;EPC2;148787365;0,511806554;hg38
3094;cg13710033;1610;;0;1;BivProm2;-0,067388225;0,51192758;0,715179822;97;0,102131921;Axolotl;Ambystoma mexicanum;-0,655839218;20;NKX2-2;21515980;0,51192758;hg38
3095;cg26222446;;1485;0;1;BivProm1;0,067384271;0,511952401;0,715179822;97;0,102131975;Axolotl;Ambystoma mexicanum;0,655800646;2;HOXD11;176107192;0,511952401;hg38
3096;cg05074718;1611;;0;0;EnhA19;-0,067360604;0,512100967;0,715179822;97;0,102132303;Axolotl;Ambystoma mexicanum;-0,655569792;1;SDCCAG8;243471089;0,512100967;hg38
3097;cg01932632;1612;;0;1;TSS1;-0,067351169;0,5121602;0,715179822;97;0,102132433;Axolotl;Ambystoma mexicanum;-0,655477762;18;SPIRE1;12657693;0,5121602;hg38
3098;cg04531442;1613;;0;0;TxEnh6;-0,067341606;0,512220243;0,715179822;97;0,102132565;Axolotl;Ambystoma mexicanum;-0,655384477;3;SATB1;18419583;0,512220243;hg38
3099;cg15447071;;1486;0;0;EnhWk4;0,067321398;0,512347132;0,715179822;97;0,102132844;Axolotl;Ambystoma mexicanum;0,655187359;2;LINC01793;59720516;0,512347132;hg38
3100;cg00027030;1614;;0;0;HET1;-0,067277395;0,512623488;0,715291594;97;0,102133452;Axolotl;Ambystoma mexicanum;-0,654758137;6;GRM1;146399578;0,512623488;hg38
3101;cg11436350;;1487;0;1;ReprPC1;0,067229336;0,512925399;0,715291594;97;0,102134115;Axolotl;Ambystoma mexicanum;0,65428936;7;UNCX;1239181;0,512925399;hg38
3102;cg07212773;1615;;0;0;EnhWk4;-0,067193781;0,513148822;0,715291594;97;0,102134606;Axolotl;Ambystoma mexicanum;-0,653942546;9;TRPM3;70639060;0,513148822;hg38
3103;cg07759056;1616;;0;0;Tx2;-0,067185887;0,513198437;0,715291594;97;0,102134714;Axolotl;Ambystoma mexicanum;-0,65386554;4;FBXW7;152450271;0,513198437;hg38
3104;cg19764539;1617;;0;0;TSS2;-0,067152607;0,513407614;0,715291594;97;0,102135173;Axolotl;Ambystoma mexicanum;-0,653540926;21;PKNOX1;42974613;0,513407614;hg38
3105;cg10107891;1618;;0;0;ReprPC4;-0,067150746;0,513419318;0,715291594;97;0,102135199;Axolotl;Ambystoma mexicanum;-0,653522764;2;LINC01876;156135263;0,513419318;hg38
3106;cg22518437;;1488;0;0;PromF5;0,067012866;0,514286435;0,716116482;97;0,102137097;Axolotl;Ambystoma mexicanum;0,652177868;10;ZNF503-AS1;75295636;0,514286435;hg38
3107;cg16208700;1619;;0;1;ReprPC1;-0,066965966;0,514581561;0,716116482;97;0,102137741;Axolotl;Ambystoma mexicanum;-0,651720398;3;PTPRG-AS1;62365478;0,514581561;hg38
3108;cg05710193;1620;;0;0;Acet3;-0,066922546;0,514854862;0,716116482;97;0,102138338;Axolotl;Ambystoma mexicanum;-0,65129688;8;ZFPM2;105491462;0,514854862;hg38
3109;cg10665864;;1489;0;0;ReprPC8;0,066862095;0,515235488;0,716116482;97;0,102139168;Axolotl;Ambystoma mexicanum;0,650707241;23;POU3F4;83496187;0,515235488;hg38
3110;cg06081084;1621;;0;0;Tx8;-0,066794886;0,515658827;0,716116482;97;0,102140089;Axolotl;Ambystoma mexicanum;-0,650051699;12;C2CD5;22458501;0,515658827;hg38
3111;cg23786996;1622;;0;0;EnhA2;-0,066794868;0,515658946;0,716116482;97;0,102140089;Axolotl;Ambystoma mexicanum;-0,650051516;1;LINC01343;38247211;0,515658946;hg38
3112;cg12058720;;1490;0;0;Tx8;0,066768309;0,515826287;0,716116482;97;0,102140453;Axolotl;Ambystoma mexicanum;0,649792465;1;SDCCAG8;243461149;0,515826287;hg38
3113;cg03051836;1623;;0;1;BivProm2;-0,066763782;0,515854809;0,716116482;97;0,102140515;Axolotl;Ambystoma mexicanum;-0,649748316;20;FOXA2;22582681;0,515854809;hg38
3114;cg01664666;1624;;0;0;BivProm1;-0,0667458;0,515968133;0,716116482;97;0,102140762;Axolotl;Ambystoma mexicanum;-0,649572916;1;PLD5;242524163;0,515968133;hg38
3115;cg22767566;;1491;0;0;Tx5;0,06674522;0,515971785;0,716116482;97;0,10214077;Axolotl;Ambystoma mexicanum;0,649567263;1;TDRKH;151780082;0,515971785;hg38
3116;cg08204247;1625;;0;0;TxEnh7;-0,066737268;0,516021903;0,716116482;97;0,102140879;Axolotl;Ambystoma mexicanum;-0,649489699;9;NFIB;14303715;0,516021903;hg38
3117;cg16109955;;1492;0;1;PromF5;0,066705628;0,516221334;0,716116482;97;0,102141312;Axolotl;Ambystoma mexicanum;0,649181088;8;HNF4G;75407637;0,516221334;hg38
3118;cg23531839;;1493;0;0;TxEx2;0,066696667;0,516277827;0,716116482;97;0,102141434;Axolotl;Ambystoma mexicanum;0,64909368;5;RASA1;87376512;0,516277827;hg38
3119;cg18840370;;1494;0;0;ReprPC3;0,066650023;0,516571915;0,716116482;97;0,102142072;Axolotl;Ambystoma mexicanum;0,64863873;11;NRXN2;64677019;0,516571915;hg38
3120;cg07804445;;1495;0;0;BivProm4;0,066642596;0,51661875;0,716116482;97;0,102142174;Axolotl;Ambystoma mexicanum;0,64856629;19;ZNF536;30692377;0,51661875;hg38
3121;cg20163753;;1496;0;0;PromF3;0,066633086;0,516678725;0,716116482;97;0,102142304;Axolotl;Ambystoma mexicanum;0,648473531;1;LMO4;87332112;0,516678725;hg38
3122;cg13380048;1626;;0;0;ReprPC8;-0,066609793;0,516825637;0,716116482;97;0,102142623;Axolotl;Ambystoma mexicanum;-0,648246336;23;AMMECR1;110202484;0,516825637;hg38
3123;cg01454704;;1497;0;0;EnhA17;0,066551701;0,517192118;0,716394813;97;0,102143416;Axolotl;Ambystoma mexicanum;0,647679729;2;CAMKMT;44706459;0,517192118;hg38
3124;cg08042501;;1498;0;0;PromF5;0,066421282;0,518015368;0,717305464;97;0,102145195;Axolotl;Ambystoma mexicanum;0,646407679;2;LOC101929512;161238670;0,518015368;hg38
3125;cg18423344;1627;;0;0;TxEx3;-0,066377826;0,518289828;0,717455854;97;0,102145788;Axolotl;Ambystoma mexicanum;-0,64598383;17;NF1;31325941;0,518289828;hg38
3126;cg24054065;1628;;0;0;EnhA17;-0,066315057;0,518686392;0,717459403;97;0,102146642;Axolotl;Ambystoma mexicanum;-0,645371617;1;LOC101926964;60864958;0,518686392;hg38
3127;cg04449703;;1499;0;0;TxWk2;0,066279205;0,518912966;0,717459403;97;0,10214713;Axolotl;Ambystoma mexicanum;0,645021943;11;TENM4;78863095;0,518912966;hg38
3128;cg12811115;;1500;0;0;EnhA6;0,066274956;0,518939821;0,717459403;97;0,102147188;Axolotl;Ambystoma mexicanum;0,644980502;8;ZFPM2;105143612;0,518939821;hg38
3129;cg12847291;;1501;0;0;EnhWk8;0,066272427;0,518955806;0,717459403;97;0,102147222;Axolotl;Ambystoma mexicanum;0,644955836;1;NFIA;61460745;0,518955806;hg38
3130;cg11448423;;1502;0;0;EnhA17;0,066188583;0,5194859;0,717724993;97;0,102148361;Axolotl;Ambystoma mexicanum;0,644138078;3;RSRC1;158272175;0,5194859;hg38
3131;cg08467352;1629;;0;0;EnhWk4;-0,066186426;0,519499543;0,717724993;97;0,102148391;Axolotl;Ambystoma mexicanum;-0,644117037;2;GPD2;156590401;0,519499543;hg38
3132;cg16433982;;1503;0;0;ReprPC4;0,066163323;0,519645659;0,717724993;97;0,102148704;Axolotl;Ambystoma mexicanum;0,643891709;2;SPRED2;65866218;0,519645659;hg38
3133;cg24381667;;1504;0;0;EnhA17;0,066073001;0,520217106;0,717768296;97;0,10214993;Axolotl;Ambystoma mexicanum;0,643010779;20;RALGAPA2;20492997;0,520217106;hg38
3134;cg02932095;;1505;0;1;BivProm2;0,066026565;0,520511019;0,717768296;97;0,102150559;Axolotl;Ambystoma mexicanum;0,642557884;6;OSTM1-AS1;108157886;0,520511019;hg38
3135;cg19662734;1630;;0;0;EnhWk4;-0,066018535;0,520561851;0,717768296;97;0,102150668;Axolotl;Ambystoma mexicanum;-0,642479569;9;CNTLN;17323565;0,520561851;hg38
3136;cg10213224;;1506;0;0;EnhWk4;0,066015577;0,520580578;0,717768296;97;0,102150708;Axolotl;Ambystoma mexicanum;0,642450717;1;PBX1;164668861;0,520580578;hg38
3137;cg11831989;;1507;0;1;BivProm1;0,065996345;0,520702343;0,717768296;97;0,102150969;Axolotl;Ambystoma mexicanum;0,64226314;2;EN1;118843018;0,520702343;hg38
3138;cg23613473;;1508;0;0;Quies1;0,065974332;0,520841724;0,717768296;97;0,102151267;Axolotl;Ambystoma mexicanum;0,642048452;3;SOX14;137406997;0,520841724;hg38
3139;cg00489376;1631;;0;0;ReprPC9;-0,06595847;0,520942174;0,717768296;97;0,102151481;Axolotl;Ambystoma mexicanum;-0,641893748;3;CADPS;62421482;0,520942174;hg38
3140;cg09117664;;1509;0;0;PromF2;0,065947364;0,521012515;0,717768296;97;0,102151632;Axolotl;Ambystoma mexicanum;0,641785424;6;BACH2;90218683;0,521012515;hg38
3141;cg21447117;1632;;0;1;BivProm1;-0,065922447;0,521170336;0,717768296;97;0,102151969;Axolotl;Ambystoma mexicanum;-0,64154241;7;HOXA11-AS;27185254;0,521170336;hg38
3142;cg11342177;1633;;0;0;Tx6;-0,065845255;0,521659415;0,717884149;97;0,102153012;Axolotl;Ambystoma mexicanum;-0,640789563;1;RPS6KC1;213242260;0,521659415;hg38
3143;cg22660049;1634;;0;0;Tx3;-0,065839711;0,521694554;0,717884149;97;0,102153087;Axolotl;Ambystoma mexicanum;-0,640735487;2;KLF7;207113407;0,521694554;hg38
3144;cg20658586;;1510;0;0;Acet3;0,065830598;0,521752312;0,717884149;97;0,10215321;Axolotl;Ambystoma mexicanum;0,640646607;18;ZNF407;75033518;0,521752312;hg38
3145;cg17077229;;1511;0;0;HET8;0,065688095;0,522655889;0,717933826;97;0,102155133;Axolotl;Ambystoma mexicanum;0,639256796;19;CACNA1A;13317228;0,522655889;hg38
3146;cg05134912;;1512;0;0;EnhA15;0,065682584;0,522690845;0,717933826;97;0,102155207;Axolotl;Ambystoma mexicanum;0,639203055;18;WDR7;56911251;0,522690845;hg38
3147;cg18802092;;1513;0;0;TxWk1;0,065654321;0,522870153;0,717933826;97;0,102155588;Axolotl;Ambystoma mexicanum;0,638927414;15;SEMA6D;47767080;0,522870153;hg38
3148;cg12716758;1635;;0;0;Tx8;-0,065641103;0,522954029;0,717933826;97;0,102155766;Axolotl;Ambystoma mexicanum;-0,638798493;4;LRBA;150411743;0,522954029;hg38
3149;cg23617748;;1514;0;0;Tx7;0,065587859;0,523291934;0,717933826;97;0,102156483;Axolotl;Ambystoma mexicanum;0,638279223;2;TRIP12;229804194;0,523291934;hg38
3150;cg26724535;1636;;0;0;Acet3;-0,065581115;0,523334742;0,717933826;97;0,102156574;Axolotl;Ambystoma mexicanum;-0,638213451;4;MIR297;111500954;0,523334742;hg38
3151;cg09023627;;1515;0;0;TxEx1;0,065578231;0,523353051;0,717933826;97;0,102156613;Axolotl;Ambystoma mexicanum;0,638185321;1;SPEN;15872997;0,523353051;hg38
3152;cg20997314;1637;;1;1;BivProm2;-0,065565393;0,523434545;0,717933826;97;0,102156786;Axolotl;Ambystoma mexicanum;-0,63806012;5;OTP;77644446;0,523434545;hg38
3153;cg08485777;;1516;0;0;EnhWk8;0,065554064;0,523506471;0,717933826;97;0,102156938;Axolotl;Ambystoma mexicanum;0,637949627;3;MECOM;169574611;0,523506471;hg38
3154;cg05473328;;1517;0;0;TxEnh4;0,065504701;0,523819908;0,717933826;97;0,102157602;Axolotl;Ambystoma mexicanum;0,637468214;10;PWWP2B;132406169;0,523819908;hg38
3155;cg21226516;;1518;0;1;BivProm2;0,065476581;0,523998504;0,717933826;97;0,10215798;Axolotl;Ambystoma mexicanum;0,637193971;2;NR4A2;156330154;0,523998504;hg38
3156;cg02845962;;1519;0;0;ReprPC1;0,065456315;0,524127238;0,717933826;97;0,102158252;Axolotl;Ambystoma mexicanum;0,636996325;1;LINC02609;90832221;0,524127238;hg38
3157;cg08621199;1638;;0;0;EnhWk4;-0,065445679;0,524194806;0,717933826;97;0,102158395;Axolotl;Ambystoma mexicanum;-0,636892595;2;ARHGAP15;143354737;0,524194806;hg38
3158;cg03514371;1639;;0;0;EnhA6;-0,065421995;0,524345282;0,717933826;97;0,102158713;Axolotl;Ambystoma mexicanum;-0,636661614;8;ZFHX4;76866920;0,524345282;hg38
3159;cg00855890;1640;;0;0;Tx5;-0,065380508;0,524608917;0,717933826;97;0,102159269;Axolotl;Ambystoma mexicanum;-0,636257016;1;PEX14;10623309;0,524608917;hg38
3160;cg21826154;;1520;0;0;EnhWk3;0,065329794;0,524931281;0,717933826;97;0,102159949;Axolotl;Ambystoma mexicanum;0,635762426;1;NR5A2;200079545;0,524931281;hg38
3161;cg21764717;;1521;0;0;ReprPC4;0,065301114;0,525113626;0,717933826;97;0,102160334;Axolotl;Ambystoma mexicanum;0,635482731;16;IRX3;54317090;0,525113626;hg38
3162;cg23911027;;1522;0;0;EnhA17;0,065298757;0,525128617;0,717933826;97;0,102160365;Axolotl;Ambystoma mexicanum;0,635459739;7;GLI3;42213701;0,525128617;hg38
3163;cg11755788;;1523;0;1;BivProm1;0,065290203;0,525183008;0,717933826;97;0,10216048;Axolotl;Ambystoma mexicanum;0,635376321;10;PAX2;100745452;0,525183008;hg38
3164;cg07661910;;1524;0;1;ReprPC1;0,065278834;0,525255308;0,717933826;97;0,102160632;Axolotl;Ambystoma mexicanum;0,635265442;11;BDNF;27721535;0,525255308;hg38
3165;cg27551316;;1525;0;0;TxEnh5;0,065275951;0,525273644;0,717933826;97;0,102160671;Axolotl;Ambystoma mexicanum;0,635237323;10;TCF7L2;113159927;0,525273644;hg38
3166;cg09179030;;1526;0;0;EnhWk3;0,065157505;0,526027174;0,718517261;97;0,102162256;Axolotl;Ambystoma mexicanum;0,634082207;1;CASZ1;10713170;0,526027174;hg38
3167;cg11473228;1641;;0;0;Tx2;-0,065098099;0,526405311;0,718517261;97;0,10216305;Axolotl;Ambystoma mexicanum;-0,633502864;5;ADAMTS6;65452747;0,526405311;hg38
3168;cg17642235;1642;;0;0;TxEnh5;-0,06507637;0,52654366;0,718517261;97;0,10216334;Axolotl;Ambystoma mexicanum;-0,633290953;8;PTK2;140669743;0,52654366;hg38
3169;cg21112359;;1527;0;0;ReprPC2;0,065073576;0,526561447;0,718517261;97;0,102163377;Axolotl;Ambystoma mexicanum;0,633263711;7;LOC105375304;26378258;0,526561447;hg38
3170;cg25334798;1643;;0;0;TxEx2;-0,065056116;0,526672628;0,718517261;97;0,102163611;Axolotl;Ambystoma mexicanum;-0,633093436;2;GGCX;85552551;0,526672628;hg38
3171;cg02681015;;1528;0;1;TSS2;0,065052273;0,526697101;0,718517261;97;0,102163662;Axolotl;Ambystoma mexicanum;0,633055959;1;PRDM16;3069253;0,526697101;hg38
3172;cg07026794;1644;;0;1;BivProm2;-0,065002069;0,527016864;0,718567364;97;0,102164332;Axolotl;Ambystoma mexicanum;-0,632566355;17;HOXB7;48615048;0,527016864;hg38
3173;cg09955948;;1529;0;0;TxEx1;0,064985503;0,527122393;0,718567364;97;0,102164553;Axolotl;Ambystoma mexicanum;0,632404808;2;SF3B1;197418891;0,527122393;hg38
3174;cg15581393;1645;;0;1;BivProm1;-0,064943216;0,527391833;0,718567364;97;0,102165116;Axolotl;Ambystoma mexicanum;-0,631992415;10;HHEX;92690948;0,527391833;hg38
3175;cg01562774;1646;;0;1;PromF5;-0,064942206;0,527398267;0,718567364;97;0,10216513;Axolotl;Ambystoma mexicanum;-0,63198257;7;TWIST1;19116781;0,527398267;hg38
3176;cg15079688;;1530;0;0;ReprPC4;0,064905979;0,52762915;0,718655589;97;0,102165612;Axolotl;Ambystoma mexicanum;0,631629278;5;EBF1;158930003;0,52762915;hg38
3177;cg09426590;;1531;0;0;Tx7;0,064864234;0,527895261;0,718791725;97;0,102166168;Axolotl;Ambystoma mexicanum;0,63122218;5;NIPBL;37020821;0,527895261;hg38
3178;cg17035891;1647;;0;0;TxEx1;-0,064761967;0,528547464;0,71897915;97;0,102167528;Axolotl;Ambystoma mexicanum;-0,630224879;5;ZFR;32380094;0,528547464;hg38
3179;cg16764906;;1532;0;0;Tx7;0,06473887;0,528694819;0,71897915;97;0,102167835;Axolotl;Ambystoma mexicanum;0,629999642;2;HAT1;171966532;0,528694819;hg38
3180;cg16416009;1648;;0;0;TxEx2;-0,06471105;0,528872338;0,71897915;97;0,102168205;Axolotl;Ambystoma mexicanum;-0,62972834;17;THRA;40088314;0,528872338;hg38
3181;cg10288441;1649;;0;0;TxEnh5;-0,064696522;0,528965047;0,71897915;97;0,102168398;Axolotl;Ambystoma mexicanum;-0,629586671;11;CHKA;68089864;0,528965047;hg38
3182;cg24953668;;1533;0;0;TxWk1;0,064661502;0,529188566;0,71897915;97;0,102168862;Axolotl;Ambystoma mexicanum;0,629245162;1;PROX1;214011569;0,529188566;hg38
3183;cg15136704;1650;;0;0;EnhWk4;-0,064623567;0,529430744;0,71897915;97;0,102169366;Axolotl;Ambystoma mexicanum;-0,62887523;2;LOC101928386;143957543;0,529430744;hg38
3184;cg15388054;1651;;0;0;Tx6;-0,064603028;0,529561892;0,71897915;97;0,102169638;Axolotl;Ambystoma mexicanum;-0,628674934;6;SYNCRIP;85611310;0,529561892;hg38
3185;cg22788085;;1534;0;0;EnhA1;0,064569702;0,529774719;0,71897915;97;0,10217008;Axolotl;Ambystoma mexicanum;0,628349947;11;TEAD1;12864725;0,529774719;hg38
3186;cg14726883;;1535;0;0;ReprPC1;0,064534562;0,529999176;0,71897915;97;0,102170545;Axolotl;Ambystoma mexicanum;0,628007272;12;KCNA1;4912627;0,529999176;hg38
3187;cg00582950;;1536;0;0;EnhA17;0,064506122;0,530180868;0,71897915;97;0,102170922;Axolotl;Ambystoma mexicanum;0,627729941;22;LOC110091768;26942190;0,530180868;hg38
3188;cg01753854;1652;;0;1;BivProm2;-0,064490626;0,530279885;0,71897915;97;0,102171127;Axolotl;Ambystoma mexicanum;-0,627578823;4;NKX1-1;1403270;0,530279885;hg38
3189;cg21695479;;1537;0;0;EnhWk4;0,064462013;0,530462736;0,71897915;97;0,102171505;Axolotl;Ambystoma mexicanum;0,627299798;4;LOC101928978;83829989;0,530462736;hg38
3190;cg02476543;1653;;0;0;TxEx2;-0,064423661;0,530707872;0,71897915;97;0,102172012;Axolotl;Ambystoma mexicanum;-0,626925804;3;COPB2;139373405;0,530707872;hg38
3191;cg19517217;1654;;0;0;TxEnh4;-0,064423052;0,530711761;0,71897915;97;0,10217202;Axolotl;Ambystoma mexicanum;-0,626919872;14;HECTD1;31128701;0,530711761;hg38
3192;cg10435518;;1538;0;1;BivProm3;0,064383791;0,530962767;0,71897915;97;0,102172539;Axolotl;Ambystoma mexicanum;0,626537014;1;RNF220;44505585;0,530962767;hg38
3193;cg18757062;1655;;0;0;ReprPC1;-0,064376995;0,531006224;0,71897915;97;0,102172629;Axolotl;Ambystoma mexicanum;-0,626470739;17;SKAP1;48310966;0,531006224;hg38
3194;cg11805717;;1539;0;0;ReprPC6;0,064376177;0,531011451;0,71897915;97;0,10217264;Axolotl;Ambystoma mexicanum;0,626462767;9;ZBTB43;126755230;0,531011451;hg38
3195;cg03112636;1656;;0;1;ReprPC1;-0,064374121;0,531024598;0,71897915;97;0,102172667;Axolotl;Ambystoma mexicanum;-0,626442717;6;TFAP2A;10400494;0,531024598;hg38
3196;cg21006281;;1540;0;0;Tx4;0,064337216;0,531260612;0,719073638;97;0,102173154;Axolotl;Ambystoma mexicanum;0,626082833;16;NFAT5;69640147;0,531260612;hg38
3197;cg05917369;;1541;0;0;EnhWk6;0,064177209;0,532284473;0,720234103;97;0,102175264;Axolotl;Ambystoma mexicanum;0,624522539;1;C1orf127;10905694;0,532284473;hg38
3198;cg15693636;;1542;0;0;Tx8;0,06405423;0,533072067;0,720655222;97;0,102176882;Axolotl;Ambystoma mexicanum;0,623323334;10;CELF2;11321235;0,533072067;hg38
3199;cg06309757;;1543;0;0;EnhWk8;0,064023314;0,533270151;0,720655222;97;0,102177288;Axolotl;Ambystoma mexicanum;0,623021868;23;POLA1;24898703;0,533270151;hg38
3200;cg14426076;;1544;0;0;ReprPC5;0,064003137;0,533399451;0,720655222;97;0,102177553;Axolotl;Ambystoma mexicanum;0,622825116;18;CELF4;37259164;0,533399451;hg38
3201;cg12642288;;1545;0;0;TxEnh4;0,063992714;0,533466248;0,720655222;97;0,10217769;Axolotl;Ambystoma mexicanum;0,622723484;3;ATP11B;182902519;0,533466248;hg38
3202;cg23603747;1657;;0;0;EnhWk8;-0,063895205;0,534091364;0,720655222;97;0,10217897;Axolotl;Ambystoma mexicanum;-0,621772663;10;LRMDA;75461995;0,534091364;hg38
3203;cg15243353;1658;;0;0;EnhA1;-0,063879443;0,534192452;0,720655222;97;0,102179176;Axolotl;Ambystoma mexicanum;-0,621618958;2;ZEB2;144478155;0,534192452;hg38
3204;cg22190090;1659;;0;0;TSS1;-0,063828368;0,534520063;0,720655222;97;0,102179845;Axolotl;Ambystoma mexicanum;-0,621120925;17;PIP4K2B;38799325;0,534520063;hg38
3205;cg27643609;;1546;0;0;BivProm2;0,063806259;0,534661906;0,720655222;97;0,102180135;Axolotl;Ambystoma mexicanum;0,620905342;2;BCL11A;60569271;0,534661906;hg38
3206;cg09058243;1660;;0;1;ReprPC1;-0,063794702;0,534736057;0,720655222;97;0,102180286;Axolotl;Ambystoma mexicanum;-0,620792654;2;EN1;118849877;0,534736057;hg38
3207;cg21908378;1661;;0;0;PromF1;-0,063792966;0,534747198;0,720655222;97;0,102180309;Axolotl;Ambystoma mexicanum;-0,620775724;11;ZBTB16;114164070;0,534747198;hg38
3208;cg02105305;1662;;0;0;EnhWk8;-0,063791906;0,534753997;0,720655222;97;0,102180323;Axolotl;Ambystoma mexicanum;-0,620765392;5;FBXL17;108111131;0,534753997;hg38
3209;cg14891195;;1547;0;0;BivProm2;0,063789545;0,53476915;0,720655222;97;0,102180354;Axolotl;Ambystoma mexicanum;0,620742365;18;KLHL14;32773037;0,53476915;hg38
3210;cg00672657;1663;;0;1;TSS2;-0,063768606;0,534903521;0,720655222;97;0,102180628;Axolotl;Ambystoma mexicanum;-0,620538187;16;IRX5;54930831;0,534903521;hg38
3211;cg17619415;1664;;0;0;EnhWk4;-0,063764793;0,534927991;0,720655222;97;0,102180678;Axolotl;Ambystoma mexicanum;-0,620501008;1;RNF220;44569369;0,534927991;hg38
3212;cg15004491;;1548;0;0;PromF6;0,063690291;0,535406228;0,721074939;97;0,102181652;Axolotl;Ambystoma mexicanum;0,619774547;6;SOX4;21598142;0,535406228;hg38
3213;cg06259996;1665;;0;1;PromF5;-0,063622507;0,535841527;0,721101476;97;0,102182537;Axolotl;Ambystoma mexicanum;-0,619113596;5;NR2F1-AS1;93585317;0,535841527;hg38
3214;cg13357053;;1549;0;0;EnhWk4;0,063618209;0,535869137;0,721101476;97;0,102182593;Axolotl;Ambystoma mexicanum;0,619071683;3;IL20RB;137264740;0,535869137;hg38
3215;cg04298620;1666;;0;0;Tx5;-0,063585022;0,536082327;0,721101476;97;0,102183027;Axolotl;Ambystoma mexicanum;-0,618748085;3;TNIK;171139543;0,536082327;hg38
3216;cg24905735;;1550;0;0;EnhWk4;0,06358177;0,536103217;0,721101476;97;0,102183069;Axolotl;Ambystoma mexicanum;0,61871638;5;CTD-2194D22.4;2113009;0,536103217;hg38
3217;cg21789698;1667;;0;0;TxEnh8;-0,063557461;0,53625941;0,721101476;97;0,102183386;Axolotl;Ambystoma mexicanum;-0,618479344;12;IFFO1;6548122;0,53625941;hg38
3218;cg24013305;;1551;0;0;TSS2;0,06337643;0,537423271;0,722382096;97;0,102185744;Axolotl;Ambystoma mexicanum;0,616714173;17;MIR193A;31550072;0,537423271;hg38
3219;cg11851697;1668;;0;0;Acet2;-0,063336504;0,537680129;0,722382096;97;0,102186263;Axolotl;Ambystoma mexicanum;-0,616324868;5;GRIA1;153794595;0,537680129;hg38
3220;cg03590843;;1552;0;0;TxEnh5;0,063314624;0,537820917;0,722382096;97;0,102186547;Axolotl;Ambystoma mexicanum;0,616111524;6;TMEM63B;44154125;0,537820917;hg38
3221;cg23701625;1669;;0;0;ReprPC7;-0,063287093;0,537998091;0,722382096;97;0,102186905;Axolotl;Ambystoma mexicanum;-0,615843081;1;STUM;226596923;0,537998091;hg38
3222;cg05234151;1670;;0;0;TxEnh5;-0,063279537;0,538046722;0,722382096;97;0,102187003;Axolotl;Ambystoma mexicanum;-0,615769406;8;ZFHX4;76706166;0,538046722;hg38
3223;cg09103418;1671;;0;0;TxEx2;-0,063236045;0,538326684;0,722461057;97;0,102187567;Axolotl;Ambystoma mexicanum;-0,615345335;10;LDB1;102108206;0,538326684;hg38
3224;cg00806006;;1553;0;0;EnhA2;0,063202721;0,53854124;0,722461057;97;0,102188;Axolotl;Ambystoma mexicanum;0,615020412;11;ZBTB16;114142486;0,53854124;hg38
3225;cg11410180;;1554;0;0;TxEx3;0,063120437;0,539071206;0,722461057;97;0,102189066;Axolotl;Ambystoma mexicanum;0,614218113;7;AGAP3;151136611;0,539071206;hg38
3226;cg24296072;1672;;0;0;EnhWk4;-0,063083153;0,539311427;0,722461057;97;0,102189549;Axolotl;Ambystoma mexicanum;-0,613854578;7;CNTNAP2;148229705;0,539311427;hg38
3227;cg22879626;1673;;0;0;TSS2;-0,063036079;0,539614794;0,722461057;97;0,102190158;Axolotl;Ambystoma mexicanum;-0,613395601;1;GREM2;240493286;0,539614794;hg38
3228;cg14524396;;1555;0;0;Quies2;0,063004782;0,539816539;0,722461057;97;0,102190563;Axolotl;Ambystoma mexicanum;0,613090443;1;CACNA1E;181763451;0,539816539;hg38
3229;cg11705934;1674;;0;0;Acet3;-0,062999297;0,539851897;0,722461057;97;0,102190633;Axolotl;Ambystoma mexicanum;-0,613036966;2;PABPC1P2;146376705;0,539851897;hg38
3230;cg22061411;;1556;0;0;TxEx2;0,062979892;0,539977009;0,722461057;97;0,102190884;Axolotl;Ambystoma mexicanum;0,612847758;11;ZBTB44;130237003;0,539977009;hg38
3231;cg24978754;;1557;0;0;TxEx3;0,062963809;0,540080712;0,722461057;97;0,102191092;Axolotl;Ambystoma mexicanum;0,612690944;23;HUWE1;53543881;0,540080712;hg38
3232;cg19175169;1675;;0;0;EnhWk3;-0,062926126;0,540323724;0,722461057;97;0,102191579;Axolotl;Ambystoma mexicanum;-0,61232353;7;FOXP2;114423169;0,540323724;hg38
3233;cg08729294;1676;;0;1;ReprPC1;-0,062907492;0,540443912;0,722461057;97;0,102191819;Axolotl;Ambystoma mexicanum;-0,612141848;2;DLX1;172091874;0,540443912;hg38
3234;cg11848424;1677;;0;0;EnhA19;-0,062893238;0,540535861;0,722461057;97;0,102192003;Axolotl;Ambystoma mexicanum;-0,612002866;4;PCDH7;30920169;0,540535861;hg38
3235;cg17355105;1678;;0;0;Quies4;-0,062872897;0,540667089;0,722461057;97;0,102192266;Axolotl;Ambystoma mexicanum;-0,611804535;4;ATOH1;93980084;0,540667089;hg38
3236;cg25102549;1679;;0;0;EnhWk3;-0,062848217;0,540826327;0,722461057;97;0,102192584;Axolotl;Ambystoma mexicanum;-0,611563902;1;MGC34796;61638405;0,540826327;hg38
3237;cg16576961;;1558;0;0;ReprPC2;0,062801017;0,541130931;0,722461057;97;0,102193193;Axolotl;Ambystoma mexicanum;0,6111037;10;PAX2;100684300;0,541130931;hg38
3238;cg18589741;1680;;0;0;BivProm3;-0,0627509;0,541454451;0,722461057;97;0,102193838;Axolotl;Ambystoma mexicanum;-0,610615059;13;LOC101927284;94662560;0,541454451;hg38
3239;cg11527778;1681;;0;0;TxWk2;-0,062737418;0,541541499;0,722461057;97;0,102194012;Axolotl;Ambystoma mexicanum;-0,610483607;1;HIVEP3;41524797;0,541541499;hg38
3240;cg03802507;;1559;1;0;PromF2;0,062726198;0,541613946;0,722461057;97;0,102194156;Axolotl;Ambystoma mexicanum;0,610374214;1;VPS13D;12478432;0,541613946;hg38
3241;cg17228011;1682;;0;0;TxEx1;-0,062680553;0,541908722;0,722461057;97;0,102194744;Axolotl;Ambystoma mexicanum;-0,609929179;14;PPP2R5E;63539630;0,541908722;hg38
3242;cg07115423;1683;;0;0;TxWk1;-0,062606324;0,542388267;0,722461057;97;0,102195698;Axolotl;Ambystoma mexicanum;-0,609205451;4;PPP3CA;101099664;0,542388267;hg38
3243;cg24964035;1684;;0;0;EnhWk8;-0,062575588;0,542586892;0,722461057;97;0,102196092;Axolotl;Ambystoma mexicanum;-0,608905781;11;DCDC1;31247392;0,542586892;hg38
3244;cg00133237;1685;;0;0;PromF6;-0,062538529;0,542826428;0,722461057;97;0,102196568;Axolotl;Ambystoma mexicanum;-0,608544459;3;EIF1B;40310978;0,542826428;hg38
3245;cg25168580;1686;;0;0;EnhWk4;-0,062523161;0,542925774;0,722461057;97;0,102196765;Axolotl;Ambystoma mexicanum;-0,608394628;8;LOC102724710;92437757;0,542925774;hg38
3246;cg00843152;;1560;0;0;TxEnh6;0,062501825;0,543063721;0,722461057;97;0,102197039;Axolotl;Ambystoma mexicanum;0,608186601;10;CELF2;11266534;0,543063721;hg38
3247;cg27239140;1687;;0;1;EnhA2;-0,062471531;0,543259605;0,722461057;97;0,102197427;Axolotl;Ambystoma mexicanum;-0,607891248;4;MAML3;139921990;0,543259605;hg38
3248;cg21328218;1688;;0;0;EnhWk6;-0,062470715;0,543264886;0,722461057;97;0,102197438;Axolotl;Ambystoma mexicanum;-0,607883285;7;IKZF1;50391823;0,543264886;hg38
3249;cg17368890;;1561;0;0;EnhWk4;0,062459125;0,543339836;0,722461057;97;0,102197586;Axolotl;Ambystoma mexicanum;0,60777029;14;NPAS3;33653533;0,543339836;hg38
3250;cg13634781;1689;;0;0;BivProm3;-0,062456173;0,543358927;0,722461057;97;0,102197624;Axolotl;Ambystoma mexicanum;-0,607741511;6;ADGRB3;69233372;0,543358927;hg38
3251;cg11215098;1690;;0;0;EnhWk4;-0,062448758;0,543406888;0,722461057;97;0,102197719;Axolotl;Ambystoma mexicanum;-0,60766921;16;CASC16;52629817;0,543406888;hg38
3252;cg09825191;1691;;0;0;TxEnh4;-0,062427766;0,543542667;0,722461057;97;0,102197988;Axolotl;Ambystoma mexicanum;-0,607464543;1;ARID1A;26780761;0,543542667;hg38
3253;cg16456627;1692;;0;0;Quies3;-0,062393486;0,543764426;0,722461057;97;0,102198427;Axolotl;Ambystoma mexicanum;-0,607130327;9;PTPRD;8523518;0,543764426;hg38
3254;cg21154081;1693;;0;1;BivProm1;-0,062375461;0,543881049;0,722461057;97;0,102198658;Axolotl;Ambystoma mexicanum;-0,606954589;3;FGF12;192410327;0,543881049;hg38
3255;cg26032198;1694;;0;1;BivProm1;-0,062366069;0,543941819;0,722461057;97;0,102198778;Axolotl;Ambystoma mexicanum;-0,606863024;7;HOXA-AS3;27152720;0,543941819;hg38
3256;cg05874558;;1562;0;0;TxEx1;0,062365215;0,543947349;0,722461057;97;0,102198789;Axolotl;Ambystoma mexicanum;0,606854691;15;RAB11A;65887742;0,543947349;hg38
3257;cg27071972;;1563;0;0;EnhA17;0,062331194;0,544167513;0,722461057;97;0,102199224;Axolotl;Ambystoma mexicanum;0,606523002;7;GLI3;42153207;0,544167513;hg38
3258;cg24877944;1695;;0;0;TxEx1;-0,062331077;0,544168274;0,722461057;97;0,102199226;Axolotl;Ambystoma mexicanum;-0,606521855;11;PPP6R3;68587989;0,544168274;hg38
3259;cg03279079;;1564;0;0;EnhWk8;0,062281864;0,54448683;0,722461057;97;0,102199855;Axolotl;Ambystoma mexicanum;0,60604205;7;FOXP2;114687307;0,54448683;hg38
3260;cg24338228;;1565;0;0;EnhA17;0,062249405;0,544696988;0,722461057;97;0,10220027;Axolotl;Ambystoma mexicanum;0,60572559;3;SOX2-OT;181174965;0,544696988;hg38
3261;cg01572513;1696;;0;0;ReprPC2;-0,062199423;0,545020679;0,722461057;97;0,102200908;Axolotl;Ambystoma mexicanum;-0,605238288;4;POU4F2;146636707;0,545020679;hg38
3262;cg00716110;;1566;0;0;EnhA17;0,062177964;0,545159677;0,722461057;97;0,102201182;Axolotl;Ambystoma mexicanum;0,605029076;7;LINC01162;21045512;0,545159677;hg38
3263;cg25296103;1697;;0;0;PromF2;-0,062177798;0,545160752;0,722461057;97;0,102201184;Axolotl;Ambystoma mexicanum;-0,605027459;2;ZEB2;144510966;0,545160752;hg38
3264;cg00249943;;1567;0;0;Acet3;0,062159671;0,545278181;0,722461057;97;0,102201415;Axolotl;Ambystoma mexicanum;0,604850733;5;TRPC7;136274770;0,545278181;hg38
3265;cg04504095;1698;;0;1;TSS2;-0,062158317;0,545286955;0,722461057;97;0,102201432;Axolotl;Ambystoma mexicanum;-0,604837529;6;FOXC1;1610453;0,545286955;hg38
3266;cg00197024;1699;;0;1;BivProm2;-0,062127099;0,545489226;0,722507761;97;0,102201831;Axolotl;Ambystoma mexicanum;-0,604533166;2;ERBB4;212536085;0,545489226;hg38
3267;cg12306961;1700;;0;1;BivProm2;-0,061978796;0,546450612;0,723221242;97;0,102203719;Axolotl;Ambystoma mexicanum;-0,603087303;14;NKX2-1-AS1;36519352;0,546450612;hg38
3268;cg00585359;;1568;0;0;TxEx3;0,061937685;0,546717261;0,723221242;97;0,102204242;Axolotl;Ambystoma mexicanum;0,602686504;1;PIK3C2B;204433878;0,546717261;hg38
3269;cg08806153;1701;;0;1;BivProm1;-0,061927296;0,546784657;0,723221242;97;0,102204374;Axolotl;Ambystoma mexicanum;-0,602585217;2;HOXD11;176107233;0,546784657;hg38
3270;cg23398281;1702;;0;0;EnhA11;-0,061915271;0,546862671;0,723221242;97;0,102204526;Axolotl;Ambystoma mexicanum;-0,60246798;6;LOC101927082;51284306;0,546862671;hg38
3271;cg12356120;;1569;0;0;TxEnh4;0,061881085;0,547084483;0,723221242;97;0,102204961;Axolotl;Ambystoma mexicanum;0,602134692;3;MSL2;136151271;0,547084483;hg38
3272;cg02188623;;1570;0;0;TxEx2;0,0618464;0,547309577;0,723221242;97;0,102205401;Axolotl;Ambystoma mexicanum;0,601796542;10;LDB1;102110027;0,547309577;hg38
3273;cg02572855;;1571;0;0;HET1;0,061841571;0,547340918;0,723221242;97;0,102205462;Axolotl;Ambystoma mexicanum;0,601749465;15;LINC02254;97401298;0,547340918;hg38
3274;cg10450897;1703;;0;0;EnhA2;-0,061733166;0,548044744;0,723221242;97;0,102206837;Axolotl;Ambystoma mexicanum;-0,600692608;8;ZFPM2-AS1;105592803;0,548044744;hg38
3275;cg20406361;;1572;0;0;TxWk2;0,06173153;0,548055364;0,723221242;97;0,102206857;Axolotl;Ambystoma mexicanum;0,600676666;10;LDB3;86699292;0,548055364;hg38
3276;cg25722551;1704;;0;0;PromF4;-0,061705181;0,548226507;0,723221242;97;0,102207191;Axolotl;Ambystoma mexicanum;-0,600419783;1;IRF2BP2;234609450;0,548226507;hg38
3277;cg23102356;1705;;0;0;EnhA2;-0,061698446;0,548270253;0,723221242;97;0,102207276;Axolotl;Ambystoma mexicanum;-0,600354127;10;EBF3;129952824;0,548270253;hg38
3278;cg12531730;1706;;0;0;EnhA17;-0,061672702;0,548437498;0,723221242;97;0,102207602;Axolotl;Ambystoma mexicanum;-0,600103143;2;METAP1D;172073223;0,548437498;hg38
3279;cg00464803;;1573;0;1;PromF5;0,061670945;0,548448915;0,723221242;97;0,102207624;Axolotl;Ambystoma mexicanum;0,600086012;15;MEIS2;37096424;0,548448915;hg38
3280;cg19451739;;1574;0;0;Tx6;0,06161841;0,548790275;0,723221242;97;0,102208289;Axolotl;Ambystoma mexicanum;0,599573856;10;TCF7L2;113158709;0,548790275;hg38
3281;cg02565008;;1575;0;0;BivProm4;0,061598162;0,548921877;0,723221242;97;0,102208545;Axolotl;Ambystoma mexicanum;0,599376451;9;BNC2;16828814;0,548921877;hg38
3282;cg21170961;;1576;0;0;PromF5;0,061596308;0,548933927;0,723221242;97;0,102208568;Axolotl;Ambystoma mexicanum;0,599358376;3;ZBTB20-AS5;114454859;0,548933927;hg38
3283;cg18261844;;1577;0;0;TSS1;0,061528508;0,549374687;0,723221242;97;0,102209425;Axolotl;Ambystoma mexicanum;0,598697406;1;POU2F1;167220944;0,549374687;hg38
3284;cg03257834;1707;;0;0;TxEnh6;-0,06152802;0,549377861;0,723221242;97;0,102209431;Axolotl;Ambystoma mexicanum;-0,598692647;1;SDCCAG8;243415965;0,549377861;hg38
3285;cg00157812;1708;;0;0;Quies2;-0,061458833;0,549827822;0,723221242;97;0,102210304;Axolotl;Ambystoma mexicanum;-0,598018151;2;LINC01876;155614761;0,549827822;hg38
3286;cg16693082;1709;;0;0;TxEx4;-0,061438962;0,549957084;0,723221242;97;0,102210554;Axolotl;Ambystoma mexicanum;-0,597824435;9;HNRNPK;83975685;0,549957084;hg38
3287;cg25430306;1710;;0;0;EnhWk4;-0,061413406;0,550123358;0,723221242;97;0,102210877;Axolotl;Ambystoma mexicanum;-0,597575287;1;ESRRG;216518186;0,550123358;hg38
3288;cg07686254;;1578;0;0;Acet2;0,061404314;0,550182512;0,723221242;97;0,102210991;Axolotl;Ambystoma mexicanum;0,597486658;8;KCNU1;37129457;0,550182512;hg38
3289;cg04131501;1711;;0;1;BivProm1;-0,061371354;0,550396999;0,723221242;97;0,102211406;Axolotl;Ambystoma mexicanum;-0,597165338;13;OBI1-AS1;78609126;0,550396999;hg38
3290;cg18409102;;1579;0;0;EnhA3;0,061359208;0,550476052;0,723221242;97;0,102211559;Axolotl;Ambystoma mexicanum;0,597046925;11;ZBTB16;114167125;0,550476052;hg38
3291;cg10406977;1712;;0;0;Acet2;-0,061359056;0,55047704;0,723221242;97;0,102211561;Axolotl;Ambystoma mexicanum;-0,597045445;11;DLG2;83633316;0,55047704;hg38
3292;cg07629125;1713;;0;0;Acet1;-0,061354582;0,550506159;0,723221242;97;0,102211617;Axolotl;Ambystoma mexicanum;-0,597001829;13;PCDH17;57724881;0,550506159;hg38
3293;cg03198547;;1580;0;0;Tx2;0,06134909;0,550541909;0,723221242;97;0,102211687;Axolotl;Ambystoma mexicanum;0,596948284;8;ZFHX4;76808509;0,550541909;hg38
3294;cg23091169;1714;;0;0;TxEnh5;-0,061318154;0,550743281;0,723266138;97;0,102212076;Axolotl;Ambystoma mexicanum;-0,596646706;18;SS18;26035909;0,550743281;hg38
3295;cg03471163;1715;;0;0;HET1;-0,061224192;0,551355149;0,723352785;97;0,102213257;Axolotl;Ambystoma mexicanum;-0,595730695;12;MIR3974;17695836;0,551355149;hg38
3296;cg06782921;1716;;0;0;Acet3;-0,061211176;0,551439933;0,723352785;97;0,102213421;Axolotl;Ambystoma mexicanum;-0,595603807;2;LINC01876;156132362;0,551439933;hg38
3297;cg12003257;;1581;0;0;ReprPC6;0,061180475;0,551639939;0,723352785;97;0,102213806;Axolotl;Ambystoma mexicanum;0,595304514;17;LINC00469;73775036;0,551639939;hg38
3298;cg15242494;;1582;0;1;BivProm2;0,061154631;0,55180833;0,723352785;97;0,102214131;Axolotl;Ambystoma mexicanum;0,595052573;1;LINC02609;90835011;0,55180833;hg38
3299;cg07048527;1717;;0;1;ReprPC1;-0,061142627;0,551886553;0,723352785;97;0,102214281;Axolotl;Ambystoma mexicanum;-0,59493555;17;HOXB7;48623087;0,551886553;hg38
3300;cg26841677;;1583;0;0;EnhWk5;0,061135626;0,551932174;0,723352785;97;0,102214369;Axolotl;Ambystoma mexicanum;0,594867304;15;LINC00924;95454871;0,551932174;hg38
3301;cg09955247;1718;;0;0;BivProm2;-0,061128322;0,551979772;0,723352785;97;0,102214461;Axolotl;Ambystoma mexicanum;-0,594796105;10;PAX2;100655666;0,551979772;hg38
3302;cg21387267;;1584;0;0;EnhWk4;0,061080992;0,552288269;0,723434373;97;0,102215054;Axolotl;Ambystoma mexicanum;0,594334708;18;NOL4;34105117;0,552288269;hg38
3303;cg21650422;1719;;0;1;TSS1;-0,061018309;0,552696967;0,723434373;97;0,102215839;Axolotl;Ambystoma mexicanum;-0,593723644;2;EPC2;148645053;0,552696967;hg38
3304;cg21186665;;1585;0;0;EnhA2;0,061014266;0,552723332;0,723434373;97;0,10221589;Axolotl;Ambystoma mexicanum;0,593684231;9;BNC2;16571787;0,552723332;hg38
3305;cg15084504;1720;;0;0;EnhWk3;-0,060986309;0,552905668;0,723434373;97;0,10221624;Axolotl;Ambystoma mexicanum;-0,593411689;13;MZT1;72508610;0,552905668;hg38
3306;cg15769694;1721;;0;0;PromF4;-0,060966765;0,553033151;0,723434373;97;0,102216485;Axolotl;Ambystoma mexicanum;-0,593221164;3;GSK3B;120093424;0,553033151;hg38
3307;cg06733729;1722;;0;0;EnhA17;-0,060964881;0,553045439;0,723434373;97;0,102216508;Axolotl;Ambystoma mexicanum;-0,5932028;18;LINC01029;78294334;0,553045439;hg38
3308;cg18942175;1723;;0;0;TxEx2;-0,060832512;0,553909233;0,723961872;97;0,102218162;Axolotl;Ambystoma mexicanum;-0,591912426;17;CLTC;59681344;0,553909233;hg38
3309;cg08897275;1724;;0;0;Acet2;-0,060826376;0,553949293;0,723961872;97;0,102218239;Axolotl;Ambystoma mexicanum;-0,591852606;1;ESRRG;216614232;0,553949293;hg38
3310;cg09300249;1725;;0;1;BivProm2;-0,060825836;0,553952814;0,723961872;97;0,102218246;Axolotl;Ambystoma mexicanum;-0,591847348;18;KLHL14;32770072;0,553952814;hg38
3311;cg07878960;;1586;0;0;Tx5;0,060800516;0,554118124;0,723961872;97;0,102218562;Axolotl;Ambystoma mexicanum;0,591600522;15;HERC1;63713626;0,554118124;hg38
3312;cg13833018;;1587;0;0;TxEx4;0,060658744;0,555044173;0,72492396;97;0,102220328;Axolotl;Ambystoma mexicanum;0,590218497;17;CDK5R1;32488398;0,555044173;hg38
3313;cg13448855;1726;;0;0;EnhA2;-0,060632857;0,555213341;0,72492396;97;0,10222065;Axolotl;Ambystoma mexicanum;-0,589966154;2;TEX41;144651095;0,555213341;hg38
3314;cg15040162;;1588;0;0;EnhWk8;0,060610841;0,55535724;0,72492396;97;0,102220924;Axolotl;Ambystoma mexicanum;0,589751533;13;RBM26;79269528;0,55535724;hg38
3315;cg21622884;;1589;0;0;Quies3;0,060523823;0,555926158;0,725142808;97;0,102222006;Axolotl;Ambystoma mexicanum;0,588903279;6;SIM1;100211031;0,555926158;hg38
3316;cg01284284;1727;;0;0;ReprPC9;-0,060517633;0,555966636;0,725142808;97;0,102222083;Axolotl;Ambystoma mexicanum;-0,588842943;1;PRDM16;3075401;0,555966636;hg38
3317;cg25389956;;1590;0;0;TxWk2;0,060502158;0,556067842;0,725142808;97;0,102222275;Axolotl;Ambystoma mexicanum;0,588692095;10;EBF3;129860712;0,556067842;hg38
3318;cg10593034;;1591;0;1;BivProm2;0,060482653;0,556195417;0,725142808;97;0,102222517;Axolotl;Ambystoma mexicanum;0,588501963;2;NR4A2;156328968;0,556195417;hg38
3319;cg13649253;;1592;0;0;TxEnh5;0,060434724;0,55650897;0,725149176;97;0,102223111;Axolotl;Ambystoma mexicanum;0,588034748;19;NFIX;13087984;0,55650897;hg38
3320;cg06678289;1728;;0;1;TSS1;-0,060430659;0,556535563;0,725149176;97;0,102223162;Axolotl;Ambystoma mexicanum;-0,587995127;1;BCAR3;93847578;0,556535563;hg38
3321;cg13094031;1729;;0;0;TxWk2;-0,060382494;0,556850748;0,725161301;97;0,102223759;Axolotl;Ambystoma mexicanum;-0,587525622;14;NPAS3;33215231;0,556850748;hg38
3322;cg10383996;1730;;0;0;Tx1;-0,060354167;0,557036157;0,725161301;97;0,10222411;Axolotl;Ambystoma mexicanum;-0,587249492;12;USP15;62294195;0,557036157;hg38
3323;cg13423078;;1593;0;0;TxEx2;0,060349391;0,557067425;0,725161301;97;0,102224169;Axolotl;Ambystoma mexicanum;0,587202929;14;MAX;65076660;0,557067425;hg38
3324;cg05194315;1731;;0;1;BivProm1;-0,060326786;0,557215405;0,725161301;97;0,102224449;Axolotl;Ambystoma mexicanum;-0,586982581;3;FOXL2;138946375;0,557215405;hg38
3325;cg21989377;1732;;0;1;BivProm1;-0,060294687;0,557425567;0,72520779;97;0,102224846;Axolotl;Ambystoma mexicanum;-0,586669692;14;TRIM9;51094216;0,557425567;hg38
3326;cg23838418;1733;;0;0;EnhWk4;-0,060255152;0,557684474;0,72520779;97;0,102225335;Axolotl;Ambystoma mexicanum;-0,586284308;18;KIAA1328;36900618;0,557684474;hg38
3327;cg10182960;;1594;0;0;Quies3;0,060220227;0,557913236;0,72520779;97;0,102225767;Axolotl;Ambystoma mexicanum;0,585943869;4;LRBA;150439605;0,557913236;hg38
3328;cg08673909;;1595;0;1;BivProm3;0,060205276;0,55801118;0,72520779;97;0,102225951;Axolotl;Ambystoma mexicanum;0,58579813;7;UNCX;1289956;0,55801118;hg38
3329;cg02159860;;1596;0;0;EnhA2;0,060193344;0,558089351;0,72520779;97;0,102226099;Axolotl;Ambystoma mexicanum;0,585681824;16;ZNF423;49653028;0,558089351;hg38
3330;cg08592280;1734;;0;1;ReprPC1;-0,060130441;0,558501545;0,725351165;97;0,102226875;Axolotl;Ambystoma mexicanum;-0,585068669;3;GATA2;128481866;0,558501545;hg38
3331;cg01987269;1735;;0;0;EnhA19;-0,060095621;0,558729779;0,725351165;97;0,102227305;Axolotl;Ambystoma mexicanum;-0,584729256;9;BNC2;16711076;0,558729779;hg38
3332;cg05299242;1736;;0;0;ReprPC6;-0,060087534;0,558782793;0,725351165;97;0,102227405;Axolotl;Ambystoma mexicanum;-0,584650428;2;LINC01833;44843273;0,558782793;hg38
3333;cg08153570;1737;;0;0;EnhA6;-0,060074172;0,558870398;0,725351165;97;0,102227569;Axolotl;Ambystoma mexicanum;-0,584520171;18;TCF4;55336830;0,558870398;hg38
3334;cg09189224;1738;;0;0;ReprPC3;-0,060009595;0,559293847;0,725683027;97;0,102228365;Axolotl;Ambystoma mexicanum;-0,583890706;1;MIR3659;38095559;0,559293847;hg38
3335;cg12942249;;1597;0;0;TxEnh4;0,059939514;0,559753563;0,726061733;97;0,102229227;Axolotl;Ambystoma mexicanum;0,583207589;2;ZEB2;144396432;0,559753563;hg38
3336;cg07724254;1739;;0;0;TxEnh5;-0,059890665;0,560074108;0,726122415;97;0,102229828;Axolotl;Ambystoma mexicanum;-0,582731436;2;LOC100132215;62967139;0,560074108;hg38
3337;cg10191283;;1598;0;0;ReprPC7;0,059866562;0,5602323;0,726122415;97;0,102230124;Axolotl;Ambystoma mexicanum;0,582496498;16;CASKIN1;2181806;0,5602323;hg38
3338;cg12285520;1740;;0;0;PromF5;-0,059830433;0,560469466;0,726122415;97;0,102230568;Axolotl;Ambystoma mexicanum;-0,582144332;3;MECOM;169242540;0,560469466;hg38
3339;cg06107587;1741;;0;0;TxEx1;-0,059830082;0,56047177;0,726122415;97;0,102230572;Axolotl;Ambystoma mexicanum;-0,582140912;4;HNRNPDL;82425532;0,56047177;hg38
3340;cg15022476;;1599;0;0;EnhA17;0,059729261;0,561133855;0,726542116;97;0,102231809;Axolotl;Ambystoma mexicanum;0,581158173;11;ARL14EP;30364992;0,561133855;hg38
3341;cg11006692;1742;;0;1;BivProm2;-0,059719104;0,561200578;0,726542116;97;0,102231933;Axolotl;Ambystoma mexicanum;-0,581059167;5;TLX3;171310321;0,561200578;hg38
3342;cg16438269;1743;;0;0;TxEx4;-0,05967944;0,561461161;0,726542116;97;0,102232419;Axolotl;Ambystoma mexicanum;-0,580672556;14;ZFP36L1;68790104;0,561461161;hg38
3343;cg01020818;;1600;0;0;ReprPC3;0,059666491;0,561546251;0,726542116;97;0,102232578;Axolotl;Ambystoma mexicanum;0,580546333;15;SLC12A1;48225871;0,561546251;hg38
3344;cg19393451;1744;;0;0;TxWk2;-0,059643485;0,561697431;0,726542116;97;0,102232859;Axolotl;Ambystoma mexicanum;-0,580322093;6;EPHA7;93411076;0,561697431;hg38
3345;cg25209681;1745;;0;0;EnhWk4;-0,059627355;0,561803444;0,726542116;97;0,102233057;Axolotl;Ambystoma mexicanum;-0,580164867;13;DACH1;71547102;0,561803444;hg38
3346;cg06910518;1746;;0;0;TxEnh5;-0,059557511;0,562262583;0,726554239;97;0,102233911;Axolotl;Ambystoma mexicanum;-0,579484083;18;SS18;26035892;0,562262583;hg38
3347;cg21799957;1747;;0;0;EnhA19;-0,059537734;0,562392621;0,726554239;97;0,102234152;Axolotl;Ambystoma mexicanum;-0,57929132;18;ZNF521;25286104;0,562392621;hg38
3348;cg23484102;;1601;0;0;BivProm3;0,059523124;0,562488699;0,726554239;97;0,102234331;Axolotl;Ambystoma mexicanum;0,579148913;5;KCTD16;144207472;0,562488699;hg38
3349;cg13592245;;1602;0;0;EnhA19;0,059505402;0,562605252;0,726554239;97;0,102234547;Axolotl;Ambystoma mexicanum;0,57897617;4;LRBA;150315348;0,562605252;hg38
3350;cg15352321;;1603;0;0;Tx7;0,059498203;0,562652597;0,726554239;97;0,102234635;Axolotl;Ambystoma mexicanum;0,578906006;2;CCNT2;134954603;0,562652597;hg38
3351;cg00469450;;1604;0;0;TxEx2;0,059399955;0,563298973;0,727171838;97;0,102235834;Axolotl;Ambystoma mexicanum;0,577948377;16;CTCF;67621477;0,563298973;hg38
3352;cg10959745;;1605;0;0;TxWk2;0,059246217;0,564311126;0,728068419;97;0,102237705;Axolotl;Ambystoma mexicanum;0,576449897;11;NCAM1;113246303;0,564311126;hg38
3353;cg21338479;1748;;0;0;PromF4;-0,059243333;0,564330115;0,728068419;97;0,10223774;Axolotl;Ambystoma mexicanum;-0,576421797;7;CUX1;101816050;0,564330115;hg38
3354;cg01698674;1749;;0;0;EnhWk4;-0,059208642;0,564558632;0,728078692;97;0,102238162;Axolotl;Ambystoma mexicanum;-0,576083665;18;CCDC178;33123965;0,564558632;hg38
3355;cg21230342;1750;;0;0;TxEx3;-0,059191025;0,564674695;0,728078692;97;0,102238376;Axolotl;Ambystoma mexicanum;-0,575911954;15;TJP1;29704166;0,564674695;hg38
3356;cg11646597;;1606;0;1;BivProm2;0,059069411;0,565476207;0,728375057;97;0,102239851;Axolotl;Ambystoma mexicanum;0,574726611;2;HOXD10;176119094;0,565476207;hg38
3357;cg00443041;1751;;0;0;TxEnh4;-0,059048844;0,565611811;0,728375057;97;0,102240101;Axolotl;Ambystoma mexicanum;-0,574526148;17;WSB1;27307891;0,565611811;hg38
3358;cg06675828;1752;;0;0;TxWk1;-0,059043761;0,565645327;0,728375057;97;0,102240162;Axolotl;Ambystoma mexicanum;-0,574476606;9;RFX3;3301584;0,565645327;hg38
3359;cg19508323;;1607;0;0;TxEx3;0,059026303;0,565760448;0,728375057;97;0,102240374;Axolotl;Ambystoma mexicanum;0,574306446;2;LOC100132215;62996968;0,565760448;hg38
3360;cg06191529;1753;;0;0;TxEx2;-0,058942669;0,56631209;0,728375057;97;0,102241386;Axolotl;Ambystoma mexicanum;-0,573491298;20;ARFGEF2;49033095;0,56631209;hg38
3361;cg18249472;;1608;0;0;TxEx2;0,058939909;0,5663303;0,728375057;97;0,102241419;Axolotl;Ambystoma mexicanum;0,573464395;6;MED23;131610236;0,5663303;hg38
3362;cg00279752;1754;;0;0;ReprPC9;-0,058927403;0,566412813;0,728375057;97;0,102241571;Axolotl;Ambystoma mexicanum;-0,573342502;14;NPAS3;32942824;0,566412813;hg38
3363;cg17788462;;1609;0;0;Tx8;0,058921837;0,566449534;0,728375057;97;0,102241638;Axolotl;Ambystoma mexicanum;0,573288258;4;LRBA;150411794;0,566449534;hg38
3364;cg17542851;1755;;0;0;PromF2;-0,058917209;0,566480072;0,728375057;97;0,102241694;Axolotl;Ambystoma mexicanum;-0,573243149;6;HIVEP2;142885566;0,566480072;hg38
3365;cg24571846;;1610;0;0;EnhA19;0,058872159;0,566777368;0,728375057;97;0,102242238;Axolotl;Ambystoma mexicanum;0,572804063;2;OLA1;174124462;0,566777368;hg38
3366;cg18782333;1756;;0;0;TxEx4;-0,058840516;0,566986225;0,728375057;97;0,10224262;Axolotl;Ambystoma mexicanum;-0,57249566;22;XBP1;28796153;0,566986225;hg38
3367;cg09335098;1757;;0;0;TxEx4;-0,058836415;0,5670133;0,728375057;97;0,10224267;Axolotl;Ambystoma mexicanum;-0,572455685;14;ZFP36L1;68790123;0,5670133;hg38
3368;cg02985186;;1611;0;0;EnhA5;0,058824274;0,567093446;0,728375057;97;0,102242816;Axolotl;Ambystoma mexicanum;0,572337357;6;RIMS1;72260739;0,567093446;hg38
3369;cg02019798;;1612;0;0;PromF5;0,058697573;0,567930186;0,729048463;97;0,102244344;Axolotl;Ambystoma mexicanum;0,571102468;17;SPAG9;51046663;0,567930186;hg38
3370;cg01726872;1758;;0;1;BivProm2;-0,058668424;0,568122766;0,729048463;97;0,102244695;Axolotl;Ambystoma mexicanum;-0,570818374;12;HOXC5;53989256;0,568122766;hg38
3371;cg07086730;1759;;0;0;EnhA17;-0,058668338;0,56812334;0,729048463;97;0,102244696;Axolotl;Ambystoma mexicanum;-0,570817528;10;LRMDA;75708194;0,56812334;hg38
3372;cg02311600;1760;;0;0;BivProm4;-0,058578614;0,568716321;0,729200479;97;0,102245775;Axolotl;Ambystoma mexicanum;-0,569943056;1;DENND1B;197676022;0,568716321;hg38
3373;cg05185793;1761;;0;0;EnhA18;-0,058577083;0,568726446;0,729200479;97;0,102245794;Axolotl;Ambystoma mexicanum;-0,569928128;5;TENM2;167353034;0,568726446;hg38
3374;cg22001114;1762;;0;0;EnhA17;-0,058550984;0,56889899;0,729200479;97;0,102246107;Axolotl;Ambystoma mexicanum;-0,569673761;9;TLE4;79395901;0,56889899;hg38
3375;cg05400549;1763;;0;0;Quies2;-0,0585484;0,568916072;0,729200479;97;0,102246139;Axolotl;Ambystoma mexicanum;-0,569648581;3;GRM7;7579238;0,568916072;hg38
3376;cg27091814;1764;;0;0;TxEnh5;-0,058514446;0,569140587;0,72921383;97;0,102246546;Axolotl;Ambystoma mexicanum;-0,569317655;17;ACACA;37109912;0,569140587;hg38
3377;cg19466923;1765;;0;0;EnhWk1;-0,058481724;0,569356998;0,72921383;97;0,102246939;Axolotl;Ambystoma mexicanum;-0,568998736;20;TSHZ2;53171243;0,569356998;hg38
3378;cg10190764;1766;;0;0;Quies1;-0,058470354;0,569432201;0,72921383;97;0,102247076;Axolotl;Ambystoma mexicanum;-0,568887925;6;POU3F2;98455006;0,569432201;hg38
3379;cg16336818;1767;;0;0;TxEnh8;-0,058435117;0,569665304;0,729296446;97;0,102247498;Axolotl;Ambystoma mexicanum;-0,568544492;8;RBPMS;30504311;0,569665304;hg38
3380;cg25438282;1768;;0;1;BivProm1;-0,058378676;0,570038763;0,729348456;97;0,102248175;Axolotl;Ambystoma mexicanum;-0,56799441;1;FOXO6;41362293;0,570038763;hg38
3381;cg12580399;1769;;0;0;TxEx2;-0,058378015;0,570043134;0,729348456;97;0,102248183;Axolotl;Ambystoma mexicanum;-0,567987974;10;ARHGAP21;24590454;0,570043134;hg38
3382;cg16767361;1770;;0;0;ReprPC5;-0,058341993;0,570281548;0,729349701;97;0,102248614;Axolotl;Ambystoma mexicanum;-0,567636897;7;UNCX;1298092;0,570281548;hg38
3383;cg10031892;1771;;0;0;ReprPC2;-0,05825544;0,570854591;0,729349701;97;0,102249649;Axolotl;Ambystoma mexicanum;-0,566793347;17;MRM1;36645759;0,570854591;hg38
3384;cg20865948;1772;;0;0;TxEnh8;-0,058254141;0,570863196;0,729349701;97;0,102249665;Axolotl;Ambystoma mexicanum;-0,566780684;17;AKAP10;19940990;0,570863196;hg38
3385;cg15723244;1773;;0;1;PromF5;-0,058242061;0,570943193;0,729349701;97;0,102249809;Axolotl;Ambystoma mexicanum;-0,566662957;7;FZD1;91265254;0,570943193;hg38
3386;cg06647310;1774;;0;0;Quies2;-0,058196531;0,571244766;0,729349701;97;0,102250353;Axolotl;Ambystoma mexicanum;-0,56621922;6;ADGRB3;69338961;0,571244766;hg38
3387;cg01756262;;1613;0;1;ReprPC2;0,05819647;0,571245173;0,729349701;97;0,102250354;Axolotl;Ambystoma mexicanum;0,566218621;10;LBX1-AS1;101219563;0,571245173;hg38
3388;cg23948922;;1614;0;0;Tx8;0,058113851;0,571792596;0,729349701;97;0,10225134;Axolotl;Ambystoma mexicanum;0,565413424;2;EPHA4;221425936;0,571792596;hg38
3389;cg13554586;1775;;0;1;BivProm1;-0,058095657;0,57191318;0,729349701;97;0,102251557;Axolotl;Ambystoma mexicanum;-0,565236108;10;HHEX;92690955;0,57191318;hg38
3390;cg08700093;;1615;0;0;TxEnh5;0,058090209;0,571949289;0,729349701;97;0,102251622;Axolotl;Ambystoma mexicanum;0,565183014;23;BCOR;40063829;0,571949289;hg38
3391;cg09382150;1776;;0;0;Acet2;-0,058052178;0,57220139;0,729349701;97;0,102252075;Axolotl;Ambystoma mexicanum;-0,564812373;8;RIMS2;104013542;0,57220139;hg38
3392;cg26203162;1777;;0;0;ReprPC6;-0,058030639;0,572344196;0,729349701;97;0,102252331;Axolotl;Ambystoma mexicanum;-0,564602453;6;LINCMD1;52148961;0,572344196;hg38
3393;cg20240519;1778;;0;0;Quies3;-0,0580024;0,572531448;0,729349701;97;0,102252668;Axolotl;Ambystoma mexicanum;-0,564327237;18;ZNF407;74651229;0,572531448;hg38
3394;cg02107894;;1616;0;0;TxEx1;0,057977683;0,572695365;0,729349701;97;0,102252962;Axolotl;Ambystoma mexicanum;0,564086354;15;SNHG14;25375650;0,572695365;hg38
3395;cg19191820;1779;;0;0;TxEnh4;-0,057952723;0,572860918;0,729349701;97;0,102253259;Axolotl;Ambystoma mexicanum;-0,563843098;6;QKI;163570818;0,572860918;hg38
3396;cg09742670;;1617;0;0;EnhA11;0,057927307;0,573029517;0,729349701;97;0,102253561;Axolotl;Ambystoma mexicanum;0,563595401;5;TBCA;77875196;0,573029517;hg38
3397;cg15708887;1780;;0;0;Quies3;-0,057905473;0,57317437;0,729349701;97;0,10225382;Axolotl;Ambystoma mexicanum;-0,563382618;7;SNORA25B;115673910;0,57317437;hg38
3398;cg02499472;;1618;0;0;EnhWk4;0,057891056;0,573270031;0,729349701;97;0,102253991;Axolotl;Ambystoma mexicanum;0,563242111;20;LINC01524;52441886;0,573270031;hg38
3399;cg07644497;;1619;0;0;Tx3;0,057887218;0,573295498;0,729349701;97;0,102254037;Axolotl;Ambystoma mexicanum;0,563204708;8;ZC3H3;143489719;0,573295498;hg38
3400;cg25840652;1781;;0;0;EnhWk4;-0,057883671;0,573319035;0,729349701;97;0,102254079;Axolotl;Ambystoma mexicanum;-0,563170137;5;FAM172A;93893262;0,573319035;hg38
3401;cg08550913;;1620;0;0;EnhA19;0,057869036;0,573416151;0,729349701;97;0,102254253;Axolotl;Ambystoma mexicanum;0,56302751;3;SOX2-OT;181741739;0,573416151;hg38
3402;cg23813356;1782;;0;0;ReprPC2;-0,057788491;0,573950778;0,729506036;97;0,102255209;Axolotl;Ambystoma mexicanum;-0,562242546;4;POU4F2;146636714;0,573950778;hg38
3403;cg15946322;;1621;0;0;Tx7;0,057773703;0,574048961;0,729506036;97;0,102255384;Axolotl;Ambystoma mexicanum;0,562098426;4;YTHDC1;68321402;0,574048961;hg38
3404;cg20173540;1783;;0;0;Tx7;-0,057752847;0,574187443;0,729506036;97;0,102255631;Axolotl;Ambystoma mexicanum;-0,561895173;10;TCF7L2;113160663;0,574187443;hg38
3405;cg27601924;;1622;0;0;Tx5;0,057734894;0,574306663;0,729506036;97;0,102255844;Axolotl;Ambystoma mexicanum;0,561720209;2;LOC100132215;62994404;0,574306663;hg38
3406;cg21802143;1784;;0;0;Quies3;-0,05770973;0,574473787;0,729506036;97;0,102256142;Axolotl;Ambystoma mexicanum;-0,561474973;5;KIAA0825;94302291;0,574473787;hg38
3407;cg13328515;;1623;0;1;ReprPC1;0,057689515;0,57460806;0,729506036;97;0,102256381;Axolotl;Ambystoma mexicanum;0,561277965;4;POU4F2;146639908;0,57460806;hg38
3408;cg14486049;;1624;0;0;PromF4;0,057661613;0,574793412;0,729506036;97;0,102256712;Axolotl;Ambystoma mexicanum;0,561006051;12;MIRLET7I;62603716;0,574793412;hg38
3409;cg11155697;1785;;0;1;TSS2;-0,057622686;0,575052059;0,729506036;97;0,102257172;Axolotl;Ambystoma mexicanum;-0,560626681;17;HOXB5;48593872;0,575052059;hg38
3410;cg08715005;;1625;0;0;TxEx1;0,057605795;0,575164302;0,729506036;97;0,102257372;Axolotl;Ambystoma mexicanum;0,560462074;2;LRPPRC;43905624;0,575164302;hg38
3411;cg04627479;1786;;0;1;ReprPC1;-0,057596595;0,575225446;0,729506036;97;0,10225748;Axolotl;Ambystoma mexicanum;-0,560372411;7;DLX6-AS1;96991883;0,575225446;hg38
3412;cg17020935;;1626;0;0;EnhA14;0,057564542;0,575438483;0,729562327;97;0,102257859;Axolotl;Ambystoma mexicanum;0,560060044;1;SGIP1;66695453;0,575438483;hg38
3413;cg03174925;;1627;0;0;TxEx1;0,057532572;0,575651006;0,729617932;97;0,102258237;Axolotl;Ambystoma mexicanum;0,559748486;1;SPEN;15873114;0,575651006;hg38
3414;cg21596317;1787;;0;0;PromF5;-0,057478337;0,576011625;0,729861157;97;0,102258877;Axolotl;Ambystoma mexicanum;-0,559219943;5;PAM;102865841;0,576011625;hg38
3415;cg14953793;1788;;0;0;TxEx2;-0,057421316;0,576390882;0,730043694;97;0,102259549;Axolotl;Ambystoma mexicanum;-0,558664251;9;RNF20;101562357;0,576390882;hg38
3416;cg12078478;;1628;0;0;Tx5;0,057380853;0,576660073;0,730043694;97;0,102260025;Axolotl;Ambystoma mexicanum;0,558269933;4;SLIT2;20524123;0,576660073;hg38
3417;cg14067749;;1629;0;0;EnhA18;0,057380568;0,576661972;0,730043694;97;0,102260029;Axolotl;Ambystoma mexicanum;0,558267151;9;BNC2;16730217;0,576661972;hg38
3418;cg03327587;1789;;0;0;Acet5;-0,057327078;0,577017928;0,730062624;97;0,102260658;Axolotl;Ambystoma mexicanum;-0,557745874;5;NR2F1-AS1;92635043;0,577017928;hg38
3419;cg00855137;1790;;0;0;PromF5;-0,057304924;0,577165378;0,730062624;97;0,102260919;Axolotl;Ambystoma mexicanum;-0,557529985;11;MIR8068;28566891;0,577165378;hg38
3420;cg06263450;1791;;0;0;TxEx1;-0,057302243;0,577183226;0,730062624;97;0,10226095;Axolotl;Ambystoma mexicanum;-0,557503854;21;U2AF1L5;6493053;0,577183226;hg38
3421;cg10146715;1792;;0;1;ReprPC1;-0,057192866;0,577911498;0,730498958;97;0,102262235;Axolotl;Ambystoma mexicanum;-0,556437955;10;DRGX;49396916;0,577911498;hg38
3422;cg08034977;;1630;0;0;EnhA17;0,057157034;0,57815017;0,730498958;97;0,102262656;Axolotl;Ambystoma mexicanum;0,556088772;10;TCF7L2;113125689;0,57815017;hg38
3423;cg20421508;1793;;0;1;BivProm3;-0,057151553;0,578186685;0,730498958;97;0,10226272;Axolotl;Ambystoma mexicanum;-0,556035356;5;OTP;77645339;0,578186685;hg38
3424;cg24924222;1794;;0;0;EnhA4;-0,057149004;0,578203661;0,730498958;97;0,10226275;Axolotl;Ambystoma mexicanum;-0,556010523;20;PLCB4;9409079;0,578203661;hg38
3425;cg06407466;;1631;1;0;EnhA3;0,057120599;0,578392905;0,730524694;97;0,102263083;Axolotl;Ambystoma mexicanum;0,555733714;2;ZEB2;144455152;0,578392905;hg38
3426;cg26195623;1795;;0;0;Quies3;-0,057024006;0,579036657;0,730836147;97;0,102264214;Axolotl;Ambystoma mexicanum;-0,554792413;9;TRPM3;70625499;0,579036657;hg38
3427;cg14139150;1796;;0;1;ReprPC1;-0,057022056;0,579049659;0,730836147;97;0,102264237;Axolotl;Ambystoma mexicanum;-0,554773406;7;UNCX;1238040;0,579049659;hg38
3428;cg04083403;1797;;0;0;EnhWk4;-0,057007554;0,579146336;0,730836147;97;0,102264406;Axolotl;Ambystoma mexicanum;-0,554632089;3;SHOX2;157920803;0,579146336;hg38
3429;cg16882430;;1632;0;1;BivProm1;0,056955382;0,57949421;0,731061875;97;0,102265016;Axolotl;Ambystoma mexicanum;0,554123673;2;EN1;118843053;0,57949421;hg38
3430;cg09758896;;1633;0;0;BivProm3;0,056875475;0,580027199;0,731424846;97;0,10226595;Axolotl;Ambystoma mexicanum;0,553344991;10;EBF3;129896311;0,580027199;hg38
3431;cg09328439;1798;;0;0;EnhWk4;-0,056838153;0,580276222;0,731424846;97;0,102266385;Axolotl;Ambystoma mexicanum;-0,552981289;1;RPS6KC1;213425601;0,580276222;hg38
3432;cg13750279;;1634;0;0;TxWk2;0,056836212;0,580289174;0,731424846;97;0,102266408;Axolotl;Ambystoma mexicanum;0,552962375;12;CACNA1C;2634329;0,580289174;hg38
3433;cg25623362;;1635;0;0;Acet2;0,056764303;0,580769107;0,731816544;97;0,102267246;Axolotl;Ambystoma mexicanum;0,552261642;9;PTPRD;8331723;0,580769107;hg38
3434;cg27600712;1799;;0;0;Quies3;-0,056715155;0,581097238;0,732016786;97;0,102267818;Axolotl;Ambystoma mexicanum;-0,551782705;9;PTPRD;8499814;0,581097238;hg38
3435;cg15136978;;1636;0;0;Tx5;0,056639177;0,581604665;0,732432316;97;0,102268702;Axolotl;Ambystoma mexicanum;0,551042318;16;ZFHX3;72957703;0,581604665;hg38
3436;cg02575407;1800;;0;0;TxEx2;-0,05657643;0,582023874;0,732432316;97;0,102269431;Axolotl;Ambystoma mexicanum;-0,550430879;4;YTHDC1;68322827;0,582023874;hg38
3437;cg24998102;1801;;0;1;ReprPC1;-0,056544941;0,582234305;0,732432316;97;0,102269796;Axolotl;Ambystoma mexicanum;-0,550124031;4;HELT;185017671;0,582234305;hg38
3438;cg25605036;;1637;0;0;TxEnh8;0,056530526;0,582330653;0,732432316;97;0,102269963;Axolotl;Ambystoma mexicanum;0,549983556;9;MAPKAP1;125545997;0,582330653;hg38
3439;cg00954002;;1638;0;0;EnhA14;0,056526262;0,582359151;0,732432316;97;0,102270013;Axolotl;Ambystoma mexicanum;0,549942007;16;WWOX;78610201;0,582359151;hg38
3440;cg08635620;1802;;0;0;EnhWk2;-0,056501344;0,582525708;0,732432316;97;0,102270302;Axolotl;Ambystoma mexicanum;-0,549699197;11;ST3GAL4;126424714;0,582525708;hg38
3441;cg20207416;;1639;0;0;TxEx1;0,05646684;0,582756384;0,732432316;97;0,102270702;Axolotl;Ambystoma mexicanum;0,549362966;1;SPEN;15876221;0,582756384;hg38
3442;cg22718336;1803;;0;0;BivProm3;-0,056433952;0,582976291;0,732432316;97;0,102271083;Axolotl;Ambystoma mexicanum;-0,549042489;3;SOX2-OT;181699203;0,582976291;hg38
3443;cg02251472;;1640;0;0;EnhWk8;0,056392955;0,583250474;0,732432316;97;0,102271557;Axolotl;Ambystoma mexicanum;0,548642994;7;LINC01162;20964337;0,583250474;hg38
3444;cg08060651;;1641;0;0;TxEx2;0,056260693;0,584135425;0,732432316;97;0,102273086;Axolotl;Ambystoma mexicanum;0,547354184;12;DDX23;48837002;0,584135425;hg38
3445;cg02518760;;1642;0;0;Quies3;0,056220372;0,584405331;0,732432316;97;0,102273551;Axolotl;Ambystoma mexicanum;0,546961284;18;NOL4;33957375;0,584405331;hg38
3446;cg00689383;;1643;0;0;HET1;0,056210245;0,584473132;0,732432316;97;0,102273668;Axolotl;Ambystoma mexicanum;0,5468626;6;GRM1;146399362;0,584473132;hg38
3447;cg02886263;;1644;0;0;PromF2;0,056171179;0,584734707;0,732432316;97;0,102274118;Axolotl;Ambystoma mexicanum;0,546481929;16;MIR365A;14309287;0,584734707;hg38
3448;cg22461584;;1645;0;0;ReprPC4;0,056163411;0,584786723;0,732432316;97;0,102274208;Axolotl;Ambystoma mexicanum;0,546406239;10;LRMDA;75923967;0,584786723;hg38
3449;cg02736176;1804;;0;0;Tx6;-0,05611561;0,585106867;0,732432316;97;0,102274759;Axolotl;Ambystoma mexicanum;-0,545940458;2;LOC100132215;63003426;0,585106867;hg38
3450;cg27349047;;1646;0;0;TxWk1;0,05606602;0,585439085;0,732432316;97;0,102275329;Axolotl;Ambystoma mexicanum;0,545457235;18;TCF4;55226125;0,585439085;hg38
3451;cg11817012;;1647;0;0;Tx3;0,056063762;0,585454212;0,732432316;97;0,102275355;Axolotl;Ambystoma mexicanum;0,545435235;22;RBFOX2;35768280;0,585454212;hg38
3452;cg12367300;1805;;0;0;ReprPC3;-0,056047196;0,585565212;0,732432316;97;0,102275546;Axolotl;Ambystoma mexicanum;-0,545273813;13;LINC00557;94864570;0,585565212;hg38
3453;cg12674712;;1648;0;0;EnhA8;0,056006824;0,585835758;0,732432316;97;0,10227601;Axolotl;Ambystoma mexicanum;0,544880428;14;BCL11B;99188974;0,585835758;hg38
3454;cg05578628;1806;;0;0;Tx3;-0,055924907;0,586384898;0,732432316;97;0,102276951;Axolotl;Ambystoma mexicanum;-0,544082216;10;CCSER2;84507330;0,586384898;hg38
3455;cg04818654;;1649;0;0;Tx7;0,055895071;0,586584965;0,732432316;97;0,102277293;Axolotl;Ambystoma mexicanum;0,54379149;21;PAXBP1;32755249;0,586584965;hg38
3456;cg27501557;1807;;0;0;Tx7;-0,055882691;0,586667986;0,732432316;97;0,102277435;Axolotl;Ambystoma mexicanum;-0,543670863;3;LOC101928323;42619082;0,586667986;hg38
3457;cg16794543;1808;;0;0;Quies5;-0,055880596;0,58668204;0,732432316;97;0,102277459;Axolotl;Ambystoma mexicanum;-0,543650444;23;POU3F4;82534375;0,58668204;hg38
3458;cg02895393;;1650;0;0;ReprPC4;0,055878327;0,586697254;0,732432316;97;0,102277485;Axolotl;Ambystoma mexicanum;0,54362834;1;USH2A;215963773;0,586697254;hg38
3459;cg26929690;1809;;0;0;TxEx3;-0,05585954;0,586823257;0,732432316;97;0,1022777;Axolotl;Ambystoma mexicanum;-0,54344528;12;BICD1;32337662;0,586823257;hg38
3460;cg22192672;;1651;0;0;TSS1;0,055850237;0,586885657;0,732432316;97;0,102277807;Axolotl;Ambystoma mexicanum;0,543354631;12;SMARCC2;56190375;0,586885657;hg38
3461;cg14655626;;1652;0;0;Acet6;0,055836171;0,586980009;0,732432316;97;0,102277968;Axolotl;Ambystoma mexicanum;0,543217572;2;LOC101928386;143955170;0,586980009;hg38
3462;cg20778358;1810;;0;0;Tx7;-0,055818082;0,587101362;0,732432316;97;0,102278175;Axolotl;Ambystoma mexicanum;-0,543041307;15;RORA-AS1;60497528;0,587101362;hg38
3463;cg05280803;;1653;0;1;BivProm4;0,055817222;0,587107125;0,732432316;97;0,102278185;Axolotl;Ambystoma mexicanum;0,543032937;9;GAS1;86903184;0,587107125;hg38
3464;cg08350912;1811;;0;0;BivProm2;-0,055780839;0,587351237;0,732432316;97;0,102278602;Axolotl;Ambystoma mexicanum;-0,542678417;20;LINC00237;21090447;0,587351237;hg38
3465;cg10536349;1812;;0;0;PromF5;-0,055707201;0,587845443;0,732432316;97;0,102279444;Axolotl;Ambystoma mexicanum;-0,541960898;17;SPAG9;51046615;0,587845443;hg38
3466;cg08979093;;1654;0;0;Acet7;0,055706317;0,587851376;0,732432316;97;0,102279454;Axolotl;Ambystoma mexicanum;0,541952286;7;HDAC9;18793383;0,587851376;hg38
3467;cg10901415;;1655;0;0;TxEx3;0,055699069;0,587900035;0,732432316;97;0,102279537;Axolotl;Ambystoma mexicanum;0,541881655;2;FIGN;163610489;0,587900035;hg38
3468;cg18135023;1813;;0;0;ReprPC5;-0,055603243;0,588543465;0,732432316;97;0,102280631;Axolotl;Ambystoma mexicanum;-0,540947942;10;HIF1AN;100615536;0,588543465;hg38
3469;cg06941198;;1656;0;0;EnhWk3;0,055596403;0,588589402;0,732432316;97;0,102280709;Axolotl;Ambystoma mexicanum;0,540881299;1;LOC101926964;60865412;0,588589402;hg38
3470;cg13969835;1814;;0;0;ReprPC4;-0,055574264;0,588738108;0,732432316;97;0,102280962;Axolotl;Ambystoma mexicanum;-0,540665579;16;LINC02140;54543312;0,588738108;hg38
3471;cg09919810;;1657;0;0;ReprPC4;0,055565026;0,588800161;0,732432316;97;0,102281067;Axolotl;Ambystoma mexicanum;0,540575569;4;NKX6-1;84443743;0,588800161;hg38
3472;cg22710109;1815;;0;0;Acet6;-0,055561708;0,588822451;0,732432316;97;0,102281105;Axolotl;Ambystoma mexicanum;-0,540543238;9;BNC2;16425292;0,588822451;hg38
3473;cg22662148;1816;;0;0;BivProm1;-0,05554839;0,588911923;0,732432316;97;0,102281257;Axolotl;Ambystoma mexicanum;-0,540413466;10;C1QL3;16521021;0,588911923;hg38
3474;cg21089733;;1658;0;0;BivProm3;0,05554353;0,588944569;0,732432316;97;0,102281312;Axolotl;Ambystoma mexicanum;0,540366118;19;ZNF536;30686844;0,588944569;hg38
3475;cg16920926;;1659;0;0;TxEnh5;0,055498836;0,589244878;0,732432316;97;0,102281821;Axolotl;Ambystoma mexicanum;0,539930623;2;LOC100132215;62967285;0,589244878;hg38
3476;cg13645963;1817;;0;1;EnhA17;-0,055473474;0,589415318;0,732432316;97;0,10228211;Axolotl;Ambystoma mexicanum;-0,539683504;9;TLE1;81535709;0,589415318;hg38
3477;cg17182285;;1660;0;0;BivProm4;0,055456033;0,58953254;0,732432316;97;0,102282309;Axolotl;Ambystoma mexicanum;0,539513564;8;ZFHX4-AS1;76674878;0,58953254;hg38
3478;cg02794451;1818;;0;1;TSS2;-0,055442818;0,589621363;0,732432316;97;0,102282459;Axolotl;Ambystoma mexicanum;-0,539384805;12;CACNA1C;2691232;0,589621363;hg38
3479;cg00801362;1819;;0;0;EnhA16;-0,055437414;0,589657686;0,732432316;97;0,102282521;Axolotl;Ambystoma mexicanum;-0,539332154;12;SOX5;23722922;0,589657686;hg38
3480;cg19100188;1820;;0;0;EnhA1;-0,05543501;0,58967385;0,732432316;97;0,102282548;Axolotl;Ambystoma mexicanum;-0,539308724;2;ZEB2;144504556;0,58967385;hg38
3481;cg11642696;1821;;0;0;Tx2;-0,055387967;0,589990113;0,732432316;97;0,102283083;Axolotl;Ambystoma mexicanum;-0,538850358;11;IMMP1L;31478178;0,589990113;hg38
3482;cg18822954;1822;;0;0;TxEnh5;-0,055375322;0,590075137;0,732432316;97;0,102283227;Axolotl;Ambystoma mexicanum;-0,538727151;2;LOC100132215;62967200;0,590075137;hg38
3483;cg07928068;1823;;0;0;BivProm4;-0,055371774;0,590098993;0,732432316;97;0,102283267;Axolotl;Ambystoma mexicanum;-0,538692582;1;AKT3;243713585;0,590098993;hg38
3484;cg24498686;;1661;0;0;EnhA17;0,055367642;0,590126782;0,732432316;97;0,102283314;Axolotl;Ambystoma mexicanum;0,538652316;2;ARHGAP15;143347319;0,590126782;hg38
3485;cg26259809;;1662;0;0;TxEx1;0,055357513;0,590194898;0,732432316;97;0,102283429;Axolotl;Ambystoma mexicanum;0,538553619;12;WNK1;830055;0,590194898;hg38
3486;cg24690575;1824;;0;1;BivProm2;-0,05533326;0,590358001;0,732432316;97;0,102283704;Axolotl;Ambystoma mexicanum;-0,538317312;20;FOXA2;22582726;0,590358001;hg38
3487;cg20709213;;1663;0;0;EnhA3;0,055326899;0,590400783;0,732432316;97;0,102283776;Axolotl;Ambystoma mexicanum;0,538255334;8;MRPS28;79963547;0,590400783;hg38
3488;cg27404998;;1664;0;0;EnhWk8;0,055273824;0,590757808;0,732553028;97;0,102284379;Axolotl;Ambystoma mexicanum;0,537738193;10;KCNMA1;77108523;0,590757808;hg38
3489;cg02387898;1825;;0;0;Tx8;-0,055254695;0,590886506;0,732553028;97;0,102284596;Axolotl;Ambystoma mexicanum;-0,537551812;1;CAMTA1;6825137;0,590886506;hg38
3490;cg11141605;1826;;0;0;ReprPC5;-0,055227451;0,591069824;0,732553028;97;0,102284904;Axolotl;Ambystoma mexicanum;-0,537286362;18;CELF4;37259147;0,591069824;hg38
3491;cg25441468;1827;;0;0;Quies3;-0,055140513;0,591654989;0,732553028;97;0,102285889;Axolotl;Ambystoma mexicanum;-0,536439282;1;CAMTA1;7140813;0,591654989;hg38
3492;cg24431755;;1665;0;0;Tx4;0,055103624;0,591903363;0,732553028;97;0,102286306;Axolotl;Ambystoma mexicanum;0,536079854;12;CNOT2;70330447;0,591903363;hg38
3493;cg18098851;1828;;0;0;Tx7;-0,055101987;0,591914387;0,732553028;97;0,102286325;Axolotl;Ambystoma mexicanum;-0,536063903;23;USP9X;41232694;0,591914387;hg38
3494;cg17232504;;1666;0;0;ReprPC4;0,055064728;0,5921653;0,732553028;97;0,102286746;Axolotl;Ambystoma mexicanum;0,535700874;20;LINC01524;52763631;0,5921653;hg38
3495;cg25586275;;1667;0;0;EnhA2;0,055000829;0,59259572;0,732553028;97;0,102287467;Axolotl;Ambystoma mexicanum;0,535078292;8;ZFHX4;76699059;0,59259572;hg38
3496;cg01987439;1829;;0;1;ReprPC1;-0,054969433;0,59280726;0,732553028;97;0,102287822;Axolotl;Ambystoma mexicanum;-0,534772386;5;NR2F1;93598331;0,59280726;hg38
3497;cg07413388;1830;;0;0;Tx8;-0,054928192;0,593085177;0,732553028;97;0,102288287;Axolotl;Ambystoma mexicanum;-0,534370569;2;ARHGAP15;143390268;0,593085177;hg38
3498;cg00251636;;1668;0;1;ReprPC1;0,054928125;0,593085633;0,732553028;97;0,102288287;Axolotl;Ambystoma mexicanum;0,53436991;5;MSX2;174729356;0,593085633;hg38
3499;cg09521804;1831;;0;0;TxEx1;-0,05492235;0,593124551;0,732553028;97;0,102288352;Axolotl;Ambystoma mexicanum;-0,534313648;3;CNBP;129170500;0,593124551;hg38
3500;cg24420776;;1669;0;0;EnhWk4;0,054921222;0,593132158;0,732553028;97;0,102288365;Axolotl;Ambystoma mexicanum;0,534302651;3;NLGN1;174281963;0,593132158;hg38
3501;cg16932889;;1670;0;0;Tx4;0,054916354;0,593164969;0,732553028;97;0,10228842;Axolotl;Ambystoma mexicanum;0,53425522;1;ASH1L;155521474;0,593164969;hg38
3502;cg25895486;1832;;0;0;TxEnh5;-0,054916109;0,593166617;0,732553028;97;0,102288423;Axolotl;Ambystoma mexicanum;-0,534252838;9;PTCH1;95477630;0,593166617;hg38
3503;cg12358638;;1671;0;0;EnhA18;0,054895268;0,593307093;0,732553028;97;0,102288658;Axolotl;Ambystoma mexicanum;0,534049781;13;OBI1;78713199;0,593307093;hg38
3504;cg09428649;1833;;0;0;TxEnh4;-0,054876134;0,593436082;0,732553028;97;0,102288873;Axolotl;Ambystoma mexicanum;-0,533863347;4;ZNF827;145886094;0,593436082;hg38
3505;cg16643213;;1672;0;0;EnhWk5;0,05485887;0,593552466;0,732553028;97;0,102289067;Axolotl;Ambystoma mexicanum;0,533695149;14;LINC00618;96965112;0,593552466;hg38
3506;cg12815291;1834;;0;0;TxEx3;-0,054834676;0,593715599;0,732553028;97;0,10228934;Axolotl;Ambystoma mexicanum;-0,533459413;8;ZC3H3;143439468;0,593715599;hg38
3507;cg08280082;1835;;0;0;ReprPC6;-0,054723319;0,594466676;0,732780093;97;0,102290591;Axolotl;Ambystoma mexicanum;-0,532374452;1;DMBX1;46510459;0,594466676;hg38
3508;cg21502132;1836;;0;0;EnhA11;-0,054721744;0,594477304;0,732780093;97;0,102290609;Axolotl;Ambystoma mexicanum;-0,532359104;18;SETBP1;45068060;0,594477304;hg38
3509;cg13748038;1837;;0;0;ReprPC5;-0,054710639;0,594552224;0,732780093;97;0,102290734;Axolotl;Ambystoma mexicanum;-0,532250914;10;HIF1AN;100615576;0,594552224;hg38
3510;cg08888677;;1673;0;0;Acet4;0,054706936;0,594577211;0,732780093;97;0,102290775;Axolotl;Ambystoma mexicanum;0,532214833;8;ZFPM2;105508679;0,594577211;hg38
3511;cg13053857;1838;;0;0;EnhA18;-0,054615756;0,595192572;0,733159612;97;0,102291798;Axolotl;Ambystoma mexicanum;-0,531326461;6;LOC101927314;98044410;0,595192572;hg38
3512;cg18992163;;1674;0;0;Quies3;0,054561332;0,595560009;0,733159612;97;0,102292408;Axolotl;Ambystoma mexicanum;0,530796207;18;ZNF407;74659986;0,595560009;hg38
3513;cg27583524;;1675;0;0;ReprPC5;0,054558426;0,595579632;0,733159612;97;0,10229244;Axolotl;Ambystoma mexicanum;0,530767893;7;UNCX;1275962;0,595579632;hg38
3514;cg18948962;1839;;0;1;BivProm1;-0,054520234;0,595837541;0,733159612;97;0,102292868;Axolotl;Ambystoma mexicanum;-0,530395794;14;SIX1;60648726;0,595837541;hg38
3515;cg18215935;;1676;0;0;EnhWk4;0,054502179;0,595959489;0,733159612;97;0,10229307;Axolotl;Ambystoma mexicanum;0,530219881;11;INSC;15367863;0,595959489;hg38
3516;cg01663261;;1677;0;1;ReprPC1;0,054493252;0,596019782;0,733159612;97;0,102293169;Axolotl;Ambystoma mexicanum;0,530132911;7;SP8;20790377;0,596019782;hg38
3517;cg21006133;;1678;0;0;ReprPC3;0,054485591;0,596071533;0,733159612;97;0,102293255;Axolotl;Ambystoma mexicanum;0,530058267;10;HIF1AN;100614185;0,596071533;hg38
3518;cg03222865;1840;;0;0;Acet2;-0,054315451;0,597221306;0,73422185;97;0,102295154;Axolotl;Ambystoma mexicanum;-0,528400622;5;LINC02106;51095599;0,597221306;hg38
3519;cg16898005;;1679;0;0;ReprPC4;0,054284762;0,5974288;0,73422185;97;0,102295496;Axolotl;Ambystoma mexicanum;0,52810163;3;CACNA1D;53786835;0,5974288;hg38
3520;cg12975385;;1680;0;0;EnhA3;0,054282464;0,597444337;0,73422185;97;0,102295522;Axolotl;Ambystoma mexicanum;0,528079243;2;PTPN4;119809917;0,597444337;hg38
3521;cg08031330;;1681;0;1;BivProm2;0,054236117;0,597757769;0,734259909;97;0,102296038;Axolotl;Ambystoma mexicanum;0,527627691;1;CACNA1E;181483886;0,597757769;hg38
3522;cg24829928;;1682;0;0;TxWk2;0,054227688;0,59781478;0,734259909;97;0,102296132;Axolotl;Ambystoma mexicanum;0,52754557;10;KCNMA1-AS1;76944837;0,59781478;hg38
3523;cg09189294;;1683;0;0;Quies1;0,054117289;0,598561697;0,734770433;97;0,102297359;Axolotl;Ambystoma mexicanum;0,526469991;19;THEG5;31665162;0,598561697;hg38
3524;cg18851363;1841;;0;0;Tx7;-0,05411604;0,598570146;0,734770433;97;0,102297373;Axolotl;Ambystoma mexicanum;-0,526457828;16;C16orf70;67126000;0,598570146;hg38
3525;cg21501358;;1684;0;0;BivProm2;0,054003535;0,599331746;0,735123123;97;0,102298621;Axolotl;Ambystoma mexicanum;0,525361739;18;KLHL14;32773017;0,599331746;hg38
3526;cg18770859;1842;;0;0;Tx7;-0,053990516;0,599419909;0,735123123;97;0,102298765;Axolotl;Ambystoma mexicanum;-0,525234896;14;FBXO33;39398222;0,599419909;hg38
3527;cg16775971;1843;;0;1;PromF5;-0,053979294;0,599495904;0,735123123;97;0,102298889;Axolotl;Ambystoma mexicanum;-0,525125567;4;CXXC4-AS1;104490960;0,599495904;hg38
3528;cg06321313;;1685;0;0;Tx8;0,053964138;0,599598546;0,735123123;97;0,102299057;Axolotl;Ambystoma mexicanum;0,524977912;2;ARHGAP15;143390294;0,599598546;hg38
3529;cg11160393;1844;;0;0;Tx1;-0,053948104;0,599707144;0,735123123;97;0,102299235;Axolotl;Ambystoma mexicanum;-0,524821702;5;TBCA;77725227;0,599707144;hg38
3530;cg12869689;1845;;0;0;TxEx2;-0,053896237;0,600058497;0,735345441;97;0,102299809;Axolotl;Ambystoma mexicanum;-0,524316393;12;WNK1;901623;0,600058497;hg38
3531;cg00741609;;1686;0;1;BivProm2;0,053811883;0,600630125;0,735837494;97;0,102300741;Axolotl;Ambystoma mexicanum;0,523494575;10;TLX1;101134168;0,600630125;hg38
3532;cg06871806;1846;;0;0;TxWk2;-0,053772628;0,600896217;0,735955059;97;0,102301174;Axolotl;Ambystoma mexicanum;-0,523112141;5;TENM2;168126949;0,600896217;hg38
3533;cg02644696;1847;;0;0;EnhA15;-0,053723804;0,601227245;0,736152065;97;0,102301713;Axolotl;Ambystoma mexicanum;-0,522636487;3;ZBTB20;114716417;0,601227245;hg38
3534;cg09643550;;1687;0;0;EnhWk4;0,053682444;0,601507733;0,736244374;97;0,102302168;Axolotl;Ambystoma mexicanum;0,522233545;10;VTI1A;112818567;0,601507733;hg38
3535;cg09317554;1848;;0;1;BivProm1;-0,053636957;0,601816275;0,736244374;97;0,102302669;Axolotl;Ambystoma mexicanum;-0,5217904;4;MAB21L2;150583932;0,601816275;hg38
3536;cg16528216;1849;;0;0;BivProm1;-0,053616281;0,601956547;0,736244374;97;0,102302897;Axolotl;Ambystoma mexicanum;-0,521588967;13;FGF14;102401571;0,601956547;hg38
3537;cg05399218;1850;;0;1;ReprPC2;-0,05361232;0,601983419;0,736244374;97;0,10230294;Axolotl;Ambystoma mexicanum;-0,521550381;11;PAX6;31801870;0,601983419;hg38
3538;cg17633606;1851;;0;0;EnhA8;-0,053568769;0,602278935;0,736267034;97;0,102303419;Axolotl;Ambystoma mexicanum;-0,521126093;4;LEF1;108141663;0,602278935;hg38
3539;cg26980159;;1688;0;0;TxEx3;0,053559424;0,602342349;0,736267034;97;0,102303522;Axolotl;Ambystoma mexicanum;0,521035059;1;MAST2;46010871;0,602342349;hg38
3540;cg02076583;;1689;0;0;EnhA15;0,053527658;0,602557947;0,736296734;97;0,102303871;Axolotl;Ambystoma mexicanum;0,520725588;16;WWOX;78284043;0,602557947;hg38
3541;cg17961335;;1690;0;0;EnhA8;0,05350569;0,602707063;0,736296734;97;0,102304112;Axolotl;Ambystoma mexicanum;0,520511574;14;BCL11B;99215452;0,602707063;hg38
3542;cg18351805;;1691;0;0;TxEx4;0,053417656;0,603304795;0,736368529;97;0,102305078;Axolotl;Ambystoma mexicanum;0,51965394;11;EIF4G2;10806016;0,603304795;hg38
3543;cg07890174;1852;;0;0;TxWk1;-0,053409546;0,603359873;0,736368529;97;0,102305167;Axolotl;Ambystoma mexicanum;-0,519574933;4;GRIA2;157361001;0,603359873;hg38
3544;cg11632659;;1692;0;0;TxWk2;0,05331821;0,603980331;0,736368529;97;0,102306167;Axolotl;Ambystoma mexicanum;0,518685133;2;UNC80;209969769;0,603980331;hg38
3545;cg25151942;;1693;0;0;Tx8;0,05329792;0,604118205;0,736368529;97;0,102306389;Axolotl;Ambystoma mexicanum;0,518487463;1;PDIK1L;26122506;0,604118205;hg38
3546;cg07300474;;1694;0;1;BivProm1;0,053295992;0,604131303;0,736368529;97;0,10230641;Axolotl;Ambystoma mexicanum;0,518468685;12;HOXC4;54053993;0,604131303;hg38
3547;cg23623436;1853;;0;0;Acet3;-0,053251183;0,604435829;0,736368529;97;0,1023069;Axolotl;Ambystoma mexicanum;-0,518032163;5;GRIA1;153795493;0,604435829;hg38
3548;cg06311779;;1695;0;0;TxWk2;0,053213185;0,604694123;0,736368529;97;0,102307315;Axolotl;Ambystoma mexicanum;0,51766199;10;EBF3;129873499;0,604694123;hg38
3549;cg22123640;;1696;0;1;ReprPC1;0,053128102;0,605272659;0,736368529;97;0,102308243;Axolotl;Ambystoma mexicanum;0,516833118;6;SIM1;100456913;0,605272659;hg38
3550;cg09890636;;1697;0;1;PromF5;0,053128049;0,605273019;0,736368529;97;0,102308244;Axolotl;Ambystoma mexicanum;0,516832603;15;MEIS2;37096365;0,605273019;hg38
3551;cg23114440;1854;;0;0;EnhA6;-0,053128044;0,605273052;0,736368529;97;0,102308244;Axolotl;Ambystoma mexicanum;-0,516832556;5;TBCA;77912741;0,605273052;hg38
3552;cg08706469;1855;;0;0;Tx5;-0,05311513;0,605360887;0,736368529;97;0,102308384;Axolotl;Ambystoma mexicanum;-0,516706745;12;HECTD4;112250174;0,605360887;hg38
3553;cg19718644;;1698;0;0;EnhA17;0,053104188;0,605435306;0,736368529;97;0,102308504;Axolotl;Ambystoma mexicanum;0,516600157;16;ZNF423;49589635;0,605435306;hg38
3554;cg20927687;;1699;0;0;TxWk2;0,053102186;0,605448925;0,736368529;97;0,102308526;Axolotl;Ambystoma mexicanum;0,516580652;3;MAGI1;65359105;0,605448925;hg38
3555;cg25071551;;1700;0;0;Tx6;0,053096381;0,60548841;0,736368529;97;0,102308589;Axolotl;Ambystoma mexicanum;0,516524102;1;PTBP2;96806451;0,60548841;hg38
3556;cg12934046;1856;;0;1;BivProm2;-0,053096378;0,605488434;0,736368529;97;0,102308589;Axolotl;Ambystoma mexicanum;-0,516524067;6;POU3F2;98835965;0,605488434;hg38
3557;cg06065065;;1701;0;0;HET2;0,053096232;0,605489428;0,736368529;97;0,10230859;Axolotl;Ambystoma mexicanum;0,516522644;18;LINC01029;78247484;0,605489428;hg38
3558;cg14794633;1857;;0;0;TxEnh8;-0,053043359;0,605849123;0,736598889;97;0,102309166;Axolotl;Ambystoma mexicanum;-0,516007569;17;COL1A1;50185959;0,605849123;hg38
3559;cg25354714;;1702;0;0;Tx7;0,052984022;0,606252906;0,736807892;97;0,102309812;Axolotl;Ambystoma mexicanum;0,515429524;11;FAR1;13728664;0,606252906;hg38
3560;cg03215948;1858;;0;0;TxEx3;-0,05296804;0,60636168;0,736807892;97;0,102309985;Axolotl;Ambystoma mexicanum;-0,515273835;17;SHPK;3585889;0,60636168;hg38
3561;cg18025543;;1703;0;0;TxWk2;0,052846411;0,607189789;0,73750413;97;0,102311306;Axolotl;Ambystoma mexicanum;0,514088969;10;ANK3;60069725;0,607189789;hg38
3562;cg23093883;;1704;0;0;Tx5;0,052833808;0,607275629;0,73750413;97;0,102311442;Axolotl;Ambystoma mexicanum;0,51396619;1;EVI5;92662816;0,607275629;hg38
3563;cg14944600;;1705;0;0;EnhWk3;0,052793127;0,607552731;0,737633572;97;0,102311883;Axolotl;Ambystoma mexicanum;0,513569896;11;ZBTB16;114229313;0,607552731;hg38
3564;cg10604853;1859;;0;0;TxEx3;-0,052712307;0,608103418;0,737702331;97;0,102312758;Axolotl;Ambystoma mexicanum;-0,512782578;10;PPP3CB-AS1;73519899;0,608103418;hg38
3565;cg08885809;;1706;0;0;EnhWk4;0,052709812;0,608120415;0,737702331;97;0,102312785;Axolotl;Ambystoma mexicanum;0,512758282;12;KCNC2;75042340;0,608120415;hg38
3566;cg24715927;;1707;0;0;EnhWk4;0,052698994;0,608194144;0,737702331;97;0,102312902;Axolotl;Ambystoma mexicanum;0,512652897;8;LOC102724710;92437711;0,608194144;hg38
3567;cg10924533;1860;;0;0;Tx6;-0,052684711;0,608291497;0,737702331;97;0,102313057;Axolotl;Ambystoma mexicanum;-0,512513754;2;CCDC88A;55343740;0,608291497;hg38
3568;cg07625659;1861;;0;0;Quies1;-0,052649157;0,608533853;0,73778941;97;0,102313441;Axolotl;Ambystoma mexicanum;-0,512167406;2;LINC01876;155870461;0,608533853;hg38
3569;cg06910273;1862;;0;0;PromF5;-0,052617086;0,608752499;0,737836142;97;0,102313787;Axolotl;Ambystoma mexicanum;-0,511854993;14;BCL11B;99272244;0,608752499;hg38
3570;cg04288071;;1708;0;0;Tx5;0,052573112;0,60905236;0,737836142;97;0,102314262;Axolotl;Ambystoma mexicanum;0,511426618;22;MTMR3;29978511;0,60905236;hg38
3571;cg19834200;;1709;0;0;EnhWk1;0,052568459;0,609084089;0,737836142;97;0,102314312;Axolotl;Ambystoma mexicanum;0,511381296;20;TSHZ2;53171206;0,609084089;hg38
3572;cg15166827;;1710;0;0;TxWk2;0,052389612;0,610304335;0,738738349;97;0,102316238;Axolotl;Ambystoma mexicanum;0,509639087;12;CACNA1C;2504459;0,610304335;hg38
3573;cg24333845;1863;;0;0;PromF2;-0,052384798;0,610337197;0,738738349;97;0,10231629;Axolotl;Ambystoma mexicanum;-0,509592189;3;MBNL1;152299017;0,610337197;hg38
3574;cg15874422;;1711;0;0;TxEx4;0,052374406;0,610408133;0,738738349;97;0,102316401;Axolotl;Ambystoma mexicanum;0,50949096;17;LASP1;38878112;0,610408133;hg38
3575;cg21176478;;1712;0;1;BivProm2;0,052359198;0,610511953;0,738738349;97;0,102316565;Axolotl;Ambystoma mexicanum;0,509342814;10;EBF3;129967398;0,610511953;hg38
3576;cg25326950;1864;;0;0;EnhA17;-0,052293113;0,610963178;0,739032217;97;0,102317274;Axolotl;Ambystoma mexicanum;-0,508699065;9;PTCH1;95496406;0,610963178;hg38
3577;cg04297442;1865;;0;0;EnhWk3;-0,052273592;0,611096493;0,739032217;97;0,102317484;Axolotl;Ambystoma mexicanum;-0,508508908;13;MZT1;72508590;0,611096493;hg38
3578;cg14099956;1866;;0;0;TxEx2;-0,052131449;0,612067619;0,739298558;97;0,102319006;Axolotl;Ambystoma mexicanum;-0,507124281;16;TNRC6A;24818617;0,612067619;hg38
3579;cg11519900;;1713;0;0;EnhA5;0,052091753;0,612338943;0,739298558;97;0,102319431;Axolotl;Ambystoma mexicanum;0,506737603;23;FGF13;138857668;0,612338943;hg38
3580;cg26891414;;1714;0;0;Quies3;0,052056649;0,612578927;0,739298558;97;0,102319806;Axolotl;Ambystoma mexicanum;0,506395651;1;RRP15;218241602;0,612578927;hg38
3581;cg13447705;1867;;0;0;ReprPC1;-0,052046137;0,612650801;0,739298558;97;0,102319918;Axolotl;Ambystoma mexicanum;-0,50629325;11;SLC6A5;20604417;0,612650801;hg38
3582;cg09207400;;1715;0;1;BivProm4;0,052044164;0,612664289;0,739298558;97;0,102319939;Axolotl;Ambystoma mexicanum;0,506274034;7;HOXA-AS3;27143763;0,612664289;hg38
3583;cg04004007;;1716;0;0;TxWk1;0,052038253;0,612704701;0,739298558;97;0,102320002;Axolotl;Ambystoma mexicanum;0,50621646;2;BAZ2B;159398868;0,612704701;hg38
3584;cg04028233;;1717;0;1;BivProm2;0,052018793;0,612837768;0,739298558;97;0,10232021;Axolotl;Ambystoma mexicanum;0,506026896;2;OTX1;63056265;0,612837768;hg38
3585;cg13897219;1868;;0;1;PromF5;-0,05201491;0,612864321;0,739298558;97;0,102320252;Axolotl;Ambystoma mexicanum;-0,505989073;10;ZNF503-AS2;75408490;0,612864321;hg38
3586;cg22284452;1869;;0;0;Tx7;-0,052002769;0,612947347;0,739298558;97;0,102320381;Axolotl;Ambystoma mexicanum;-0,505870808;4;DCUN1D4;51911082;0,612947347;hg38
3587;cg26360022;;1718;0;0;ReprPC5;0,051991305;0,613025748;0,739298558;97;0,102320503;Axolotl;Ambystoma mexicanum;0,505759137;1;LINC01343;38336475;0,613025748;hg38
3588;cg27582354;;1719;0;0;TxEx2;0,051951633;0,613297093;0,739419657;97;0,102320927;Axolotl;Ambystoma mexicanum;0,505372695;12;R3HDM2;57296495;0,613297093;hg38
3589;cg06798772;1870;;0;0;BivProm3;-0,051855286;0,613956296;0,739553411;97;0,102321953;Axolotl;Ambystoma mexicanum;-0,504434191;10;LRMDA;75451201;0,613956296;hg38
3590;cg24111804;;1720;0;0;TxEx1;0,051835311;0,614093007;0,739553411;97;0,102322165;Axolotl;Ambystoma mexicanum;0,504239613;14;PRPF39;45096711;0,614093007;hg38
3591;cg17438107;1871;;0;0;EnhA17;-0,051806888;0,614287549;0,739553411;97;0,102322467;Axolotl;Ambystoma mexicanum;-0,503962756;12;SOX5;24020623;0,614287549;hg38
3592;cg03833239;;1721;0;0;TxWk2;0,05179623;0,61436051;0,739553411;97;0,102322581;Axolotl;Ambystoma mexicanum;0,503858934;5;MCTP1;94892277;0,61436051;hg38
3593;cg06482098;;1722;0;1;TSS2;0,05178501;0,614437321;0,739553411;97;0,1023227;Axolotl;Ambystoma mexicanum;0,50374964;5;CTNND2;11384925;0,614437321;hg38
3594;cg14576603;1872;;0;0;EnhA18;-0,051776832;0,614493305;0,739553411;97;0,102322787;Axolotl;Ambystoma mexicanum;-0,503669983;10;KCNMA1;76723761;0,614493305;hg38
3595;cg25977281;;1723;0;0;TxEnh4;0,051721967;0,614868967;0,739553411;97;0,102323369;Axolotl;Ambystoma mexicanum;0,50313556;17;RARA;40352349;0,614868967;hg38
3596;cg07519168;;1724;0;0;EnhA6;0,051698872;0,615027135;0,739553411;97;0,102323614;Axolotl;Ambystoma mexicanum;0,50291059;8;LINC00251;65145244;0,615027135;hg38
3597;cg10400255;1873;;0;0;TxEnh5;-0,0516873;0,615106386;0,739553411;97;0,102323737;Axolotl;Ambystoma mexicanum;-0,502797877;13;MBNL2;97356831;0,615106386;hg38
3598;cg11324043;1874;;0;0;TxEnh8;-0,051685657;0,615117643;0,739553411;97;0,102323755;Axolotl;Ambystoma mexicanum;-0,502781869;5;SLF1;94692216;0,615117643;hg38
3599;cg05904262;;1725;0;0;EnhA2;0,051619192;0,615572946;0,739895179;97;0,102324459;Axolotl;Ambystoma mexicanum;0,502134454;13;DACH1;71525117;0,615572946;hg38
3600;cg16421820;;1726;0;0;EnhA17;0,051567994;0,615923764;0,740111205;97;0,102325001;Axolotl;Ambystoma mexicanum;0,501635755;9;NFIB;14102477;0,615923764;hg38
3601;cg08656690;1875;;0;0;TxEnh4;-0,051533318;0,616161424;0,740191176;97;0,102325368;Axolotl;Ambystoma mexicanum;-0,501297984;2;MAP4K4;101863872;0,616161424;hg38
3602;cg20402389;1876;;0;0;PromF6;-0,051505848;0,61634972;0,740211818;97;0,102325658;Axolotl;Ambystoma mexicanum;-0,501030411;6;C6orf62;24718622;0,61634972;hg38
3603;cg25196836;;1727;0;0;EnhA17;0,051435609;0,616831299;0,74040312;97;0,1023264;Axolotl;Ambystoma mexicanum;0,500346243;5;TENM2;167919227;0,616831299;hg38
3604;cg02227188;1877;;0;1;BivProm4;-0,051432688;0,616851326;0,74040312;97;0,102326431;Axolotl;Ambystoma mexicanum;-0,500317795;12;HOXC5;54002570;0,616851326;hg38
3605;cg21861112;1878;;0;0;TxEnh4;-0,05136417;0,617321268;0,74076165;97;0,102327154;Axolotl;Ambystoma mexicanum;-0,499650393;11;KMT2A;118476889;0,617321268;hg38
3606;cg20785522;1879;;0;0;EnhWk4;-0,051314762;0,617660234;0,740907897;97;0,102327674;Axolotl;Ambystoma mexicanum;-0,499169138;9;DMAC1;8095813;0,617660234;hg38
3607;cg27313161;1880;;0;0;Tx6;-0,051282827;0,617879367;0,740907897;97;0,10232801;Axolotl;Ambystoma mexicanum;-0,498858081;17;MED13;61945902;0,617879367;hg38
3608;cg26255722;;1728;0;1;EnhA17;0,05127152;0,617956967;0,740907897;97;0,102328129;Axolotl;Ambystoma mexicanum;0,49874794;6;FOXP4;41555821;0,617956967;hg38
3609;cg01645746;;1729;0;0;EnhWk3;0,051176452;0,618609549;0,741136011;97;0,102329128;Axolotl;Ambystoma mexicanum;0,497821942;11;PKNOX2;125382498;0,618609549;hg38
3610;cg08915481;;1730;0;0;EnhA17;0,051144684;0,61882768;0,741136011;97;0,102329462;Axolotl;Ambystoma mexicanum;0,497512515;5;RANBP17;171201490;0,61882768;hg38
3611;cg25194110;1881;;0;0;PromF5;-0,051138803;0,618868063;0,741136011;97;0,102329524;Axolotl;Ambystoma mexicanum;-0,497455235;8;ZFHX4-AS1;76681719;0,618868063;hg38
3612;cg25898064;1882;;0;0;EnhA2;-0,051137136;0,618879514;0,741136011;97;0,102329541;Axolotl;Ambystoma mexicanum;-0,497438992;8;PEX2;77130811;0,618879514;hg38
3613;cg17050836;;1731;0;0;Tx8;0,05111903;0,61900386;0,741136011;97;0,102329731;Axolotl;Ambystoma mexicanum;0,497262631;3;MECOM;169116621;0,61900386;hg38
3614;cg02936468;1883;;0;0;PromF4;-0,051054824;0,619444875;0,74133234;97;0,102330404;Axolotl;Ambystoma mexicanum;-0,496637257;9;CARNMT1;75028054;0,619444875;hg38
3615;cg26962970;1884;;0;0;EnhWk4;-0,051024902;0,619650454;0,74133234;97;0,102330718;Axolotl;Ambystoma mexicanum;-0,496345805;10;BTRC;101507438;0,619650454;hg38
3616;cg18253710;1885;;0;1;BivProm2;-0,050998077;0,619834775;0,74133234;97;0,102330998;Axolotl;Ambystoma mexicanum;-0,496084528;7;FEZF1-AS1;122304715;0,619834775;hg38
3617;cg16932503;1886;;0;0;TxWk1;-0,050963072;0,620075344;0,74133234;97;0,102331365;Axolotl;Ambystoma mexicanum;-0,495743568;7;CDK14;91114572;0,620075344;hg38
3618;cg06620199;;1732;0;0;EnhA6;0,050918967;0,620378503;0,74133234;97;0,102331826;Axolotl;Ambystoma mexicanum;0,495313982;15;MEIS2;36925847;0,620378503;hg38
3619;cg09061197;;1733;0;0;TxEx1;0,050892544;0,620560155;0,74133234;97;0,102332102;Axolotl;Ambystoma mexicanum;0,495056619;3;MSL2;136151421;0,620560155;hg38
3620;cg11643979;;1734;0;0;TxEnh7;0,05088721;0,620596832;0,74133234;97;0,102332157;Axolotl;Ambystoma mexicanum;0,495004658;2;ZEB2;144439410;0,620596832;hg38
3621;cg08819006;;1735;0;0;TxEx1;0,050847922;0,620866977;0,74133234;97;0,102332567;Axolotl;Ambystoma mexicanum;0,49462199;5;TNPO1;72900031;0,620866977;hg38
3622;cg05605723;1887;;0;0;EnhA17;-0,050788322;0,621276884;0,74133234;97;0,102333189;Axolotl;Ambystoma mexicanum;-0,494041482;13;NBEA;35514411;0,621276884;hg38
3623;cg21814894;1888;;0;0;EnhWk8;-0,050783517;0,621309935;0,74133234;97;0,102333239;Axolotl;Ambystoma mexicanum;-0,493994683;6;LOC101927314;97886123;0,621309935;hg38
3624;cg11506040;;1736;0;0;TxWk1;0,050778487;0,621344538;0,74133234;97;0,102333291;Axolotl;Ambystoma mexicanum;0,493945686;8;SLC7A2;17554588;0,621344538;hg38
3625;cg07450073;;1737;0;0;ReprPC7;0,05075092;0,62153418;0,74133234;97;0,102333578;Axolotl;Ambystoma mexicanum;0,493677185;19;CACNA1A;13283314;0,62153418;hg38
3626;cg04987984;1889;;0;0;ReprPC4;-0,05074709;0,621560527;0,74133234;97;0,102333618;Axolotl;Ambystoma mexicanum;-0,493639885;1;LINC01739;62978647;0,621560527;hg38
3627;cg15177520;;1738;0;0;TxEnh1;0,050721366;0,621737521;0,74133234;97;0,102333886;Axolotl;Ambystoma mexicanum;0,493389329;9;PSMB7;124378469;0,621737521;hg38
3628;cg03820088;;1739;0;0;Tx4;0,050685885;0,621981677;0,74133234;97;0,102334255;Axolotl;Ambystoma mexicanum;0,493043746;7;TRA2A;23522229;0,621981677;hg38
3629;cg11848487;1890;;0;0;BivProm1;-0,050661255;0,622151188;0,74133234;97;0,102334511;Axolotl;Ambystoma mexicanum;-0,492803853;6;PTCHD4;48068249;0,622151188;hg38
3630;cg23033318;1891;;0;0;GapArtf1;-0,050651163;0,622220652;0,74133234;97;0,102334616;Axolotl;Ambystoma mexicanum;-0,492705555;3;RSRC1;158309210;0,622220652;hg38
3631;cg08678661;;1740;0;0;EnhA7;0,050614669;0,622471861;0,74133234;97;0,102334995;Axolotl;Ambystoma mexicanum;0,49235011;12;LOC100287944;106761383;0,622471861;hg38
3632;cg17310766;1892;;0;0;EnhWk4;-0,050608203;0,622516379;0,74133234;97;0,102335063;Axolotl;Ambystoma mexicanum;-0,492287127;6;MIR548AI;99185743;0,622516379;hg38
3633;cg23985931;1893;;0;0;ReprPC1;-0,050572734;0,622760583;0,74133234;97;0,102335431;Axolotl;Ambystoma mexicanum;-0,491941665;13;OBI1-AS1;78594976;0,622760583;hg38
3634;cg22087514;1894;;0;0;TxEx3;-0,050556744;0,622870689;0,74133234;97;0,102335597;Axolotl;Ambystoma mexicanum;-0,491785922;17;ERN1;64052850;0,622870689;hg38
3635;cg19401220;;1741;0;0;TxEx2;0,050546966;0,622938025;0,74133234;97;0,102335698;Axolotl;Ambystoma mexicanum;0,491690683;9;SPTAN1;128584285;0,622938025;hg38
3636;cg25849440;;1742;0;0;TxEnh4;0,050517792;0,623138939;0,741367487;97;0,102336001;Axolotl;Ambystoma mexicanum;0,49140654;17;THRA;40089373;0,623138939;hg38
3637;cg19732321;;1743;0;0;Tx7;0,05038746;0,624036863;0,741941518;97;0,10233735;Axolotl;Ambystoma mexicanum;0,490137133;3;TNIK;171066291;0,624036863;hg38
3638;cg13771609;;1744;1;1;BivProm2;0,050354794;0,624262007;0,741941518;97;0,102337688;Axolotl;Ambystoma mexicanum;0,489818968;5;OTP;77644414;0,624262007;hg38
3639;cg23141317;;1745;0;0;TxEnh6;0,050336441;0,62438851;0,741941518;97;0,102337877;Axolotl;Ambystoma mexicanum;0,48964022;5;ABLIM3;149240690;0,62438851;hg38
3640;cg09410305;1895;;0;0;TxEx1;-0,050335226;0,624396887;0,741941518;97;0,10233789;Axolotl;Ambystoma mexicanum;-0,489628384;11;CSTF3;33141725;0,624396887;hg38
3641;cg18126093;;1746;0;0;TxEnh4;0,050309242;0,624576017;0,741941518;97;0,102338158;Axolotl;Ambystoma mexicanum;0,489375303;14;ACTN1;68892240;0,624576017;hg38
3642;cg26340215;1896;;0;0;EnhWk4;-0,050282631;0,624759487;0,741941518;97;0,102338433;Axolotl;Ambystoma mexicanum;-0,489116123;19;URI1;30060153;0,624759487;hg38
3643;cg04516501;1897;;0;0;TxEnh4;-0,05025939;0,624919745;0,741941518;97;0,102338672;Axolotl;Ambystoma mexicanum;-0,488889761;7;GNB2;100678545;0,624919745;hg38
3644;cg02593513;1898;;0;0;ReprPC6;-0,050234012;0,625094754;0,741941518;97;0,102338934;Axolotl;Ambystoma mexicanum;-0,488642592;11;MPPED2;30536171;0,625094754;hg38
3645;cg15215714;;1747;0;0;EnhWk8;0,050206722;0,62528297;0,741941518;97;0,102339215;Axolotl;Ambystoma mexicanum;0,488376803;1;PEX14;10593779;0,62528297;hg38
3646;cg11987336;;1748;0;0;Tx8;0,050198953;0,625336558;0,741941518;97;0,102339295;Axolotl;Ambystoma mexicanum;0,488301134;2;PSMD14;161372091;0,625336558;hg38
3647;cg06227366;;1749;0;0;TxEx2;0,050084142;0,626128706;0,742051008;97;0,102340477;Axolotl;Ambystoma mexicanum;0,487182923;2;WDR33;127764842;0,626128706;hg38
3648;cg07951445;;1750;0;0;EnhA17;0,050076775;0,626179552;0,742051008;97;0,102340552;Axolotl;Ambystoma mexicanum;0,487111169;1;DPYD;97743325;0,626179552;hg38
3649;cg14747475;;1751;0;0;Tx5;0,050033969;0,626475016;0,742051008;97;0,102340992;Axolotl;Ambystoma mexicanum;0,486694257;13;FRY;32295275;0,626475016;hg38
3650;cg07934336;1899;;0;0;PromF7;-0,050027724;0,626518126;0,742051008;97;0,102341056;Axolotl;Ambystoma mexicanum;-0,486633434;3;TRA2B;185931581;0,626518126;hg38
3651;cg00301020;1900;;0;0;EnhA14;-0,050026728;0,626524997;0,742051008;97;0,102341066;Axolotl;Ambystoma mexicanum;-0,48662374;9;RASEF;82895165;0,626524997;hg38
3652;cg20325673;1901;;1;0;TxEx3;-0,05000142;0,626699717;0,742051008;97;0,102341326;Axolotl;Ambystoma mexicanum;-0,486377251;11;LRP4;46886488;0,626699717;hg38
3653;cg06637963;;1752;0;1;TSS2;0,049990943;0,626772051;0,742051008;97;0,102341434;Axolotl;Ambystoma mexicanum;0,486275213;10;ZEB1-AS1;31319259;0,626772051;hg38
3654;cg05629639;;1753;0;0;TxEx1;0,049981331;0,626838421;0,742051008;97;0,102341532;Axolotl;Ambystoma mexicanum;0,486181593;21;PAXBP1;32755292;0,626838421;hg38
3655;cg20167583;;1754;0;0;EnhWk4;0,049961886;0,626972685;0,742051008;97;0,102341732;Axolotl;Ambystoma mexicanum;0,485992216;10;BTRC;101507470;0,626972685;hg38
3656;cg04794444;1902;;0;1;BivProm1;-0,049922166;0,627246996;0,742140088;97;0,102342139;Axolotl;Ambystoma mexicanum;-0,485605359;3;SHOX2;158098257;0,627246996;hg38
3657;cg11720786;;1755;0;0;TxEnh1;0,049901307;0,627391069;0,742140088;97;0,102342352;Axolotl;Ambystoma mexicanum;0,485402205;9;TLE1;81670057;0,627391069;hg38
3658;cg24396429.1;;1756;0;0;BivProm4;0,049855672;0,627706317;0,742232859;97;0,102342819;Axolotl;Ambystoma mexicanum;0,484957749;2;SLC8A1;40512521;0,627706317;hg38
3659;cg26957997;1903;;0;0;Tx7;-0,049830831;0,627877945;0,742232859;97;0,102343073;Axolotl;Ambystoma mexicanum;-0,484715817;1;RCOR3;211312725;0,627877945;hg38
3660;cg04041064;1904;;0;0;EnhWk4;-0,049798416;0,628101938;0,742232859;97;0,102343405;Axolotl;Ambystoma mexicanum;-0,484400113;11;ELP4;31765020;0,628101938;hg38
3661;cg23938154;;1757;0;0;EnhWk3;0,049790619;0,628155817;0,742232859;97;0,102343484;Axolotl;Ambystoma mexicanum;0,484324182;19;LINC01791;31096833;0,628155817;hg38
3662;cg10604959;;1758;0;0;EnhA2;0,049739895;0,628506406;0,742444319;97;0,102344002;Axolotl;Ambystoma mexicanum;0,483830163;8;LINC01605;37452998;0,628506406;hg38
3663;cg03826754;;1759;0;0;EnhWk4;0,049638172;0,629209731;0,74307223;97;0,102345039;Axolotl;Ambystoma mexicanum;0,48283946;2;LOC101928386;143957762;0,629209731;hg38
3664;cg21787201;1905;;0;0;EnhA2;-0,04958538;0,629574869;0,743300524;97;0,102345577;Axolotl;Ambystoma mexicanum;-0,482325311;1;LINC01364;87683753;0,629574869;hg38
3665;cg12436917;1906;;0;0;TxWk1;-0,049524426;0,629996574;0,743431476;97;0,102346197;Axolotl;Ambystoma mexicanum;-0,481731671;4;GRIA2;157361531;0,629996574;hg38
3666;cg01359274;;1760;0;0;EnhA19;0,049519668;0,630029501;0,743431476;97;0,102346245;Axolotl;Ambystoma mexicanum;0,481685327;17;ACACA;37132014;0,630029501;hg38
3667;cg18039229;;1761;0;1;BivProm2;0,04941497;0,630754138;0,744083575;97;0,102347308;Axolotl;Ambystoma mexicanum;0,480665665;2;HOXD10;176119085;0,630754138;hg38
3668;cg04499301;1907;;0;0;ReprPC7;-0,049387262;0,630945965;0,744106949;97;0,102347589;Axolotl;Ambystoma mexicanum;-0,480395821;3;ADCY5;123347875;0,630945965;hg38
3669;cg20596346;1908;;0;0;TxEnh5;-0,04933799;0,631287156;0,744179614;97;0,102348088;Axolotl;Ambystoma mexicanum;-0,479915954;8;RUNX1T1;92005138;0,631287156;hg38
3670;cg12279940;1909;;0;0;PromF2;-0,049317403;0,63142973;0,744179614;97;0,102348296;Axolotl;Ambystoma mexicanum;-0,479715465;2;ZEB2;144510866;0,63142973;hg38
3671;cg05455896;;1762;0;0;BivProm2;0,049250873;0,631890586;0,744179614;97;0,102348969;Axolotl;Ambystoma mexicanum;0,479067533;10;PAX2;100654604;0,631890586;hg38
3672;cg07012968;1910;;0;0;EnhWk4;-0,049246001;0,631924342;0,744179614;97;0,102349018;Axolotl;Ambystoma mexicanum;-0,479020083;15;LINC00924;95497715;0,631924342;hg38
3673;cg13779998;;1763;0;0;EnhA6;0,049231266;0,632026434;0,744179614;97;0,102349167;Axolotl;Ambystoma mexicanum;0,478876579;19;ZNF536;30371227;0,632026434;hg38
3674;cg06683527;;1764;0;0;BivProm3;0,049187835;0,632327386;0,744179614;97;0,102349606;Axolotl;Ambystoma mexicanum;0,478453608;22;MN1;27573483;0,632327386;hg38
3675;cg06735354;;1765;0;0;TxEx2;0,049127622;0,632744727;0,744179614;97;0,102350213;Axolotl;Ambystoma mexicanum;0,477867202;23;HUWE1;53585136;0,632744727;hg38
3676;cg13492133;1911;;0;0;TxEnh4;-0,049110504;0,632863391;0,744179614;97;0,102350385;Axolotl;Ambystoma mexicanum;-0,477700496;1;SMG7;183547131;0,632863391;hg38
3677;cg09227056;;1766;1;1;ReprPC1;0,049099865;0,632937149;0,744179614;97;0,102350493;Axolotl;Ambystoma mexicanum;0,477596884;2;EVX2;176075721;0,632937149;hg38
3678;cg13467309;;1767;0;0;EnhWk2;0,049095761;0,632965599;0,744179614;97;0,102350534;Axolotl;Ambystoma mexicanum;0,47755692;1;PBX1;164731776;0,632965599;hg38
3679;cg10699593;1912;;0;0;Quies3;-0,049093792;0,63297925;0,744179614;97;0,102350554;Axolotl;Ambystoma mexicanum;-0,477537744;5;FER;108954846;0,63297925;hg38
3680;cg07792339;;1768;0;0;HET1;0,049080423;0,633071945;0,744179614;97;0,102350689;Axolotl;Ambystoma mexicanum;0,477407542;11;NELL1;21534421;0,633071945;hg38
3681;cg06641021;1913;;0;0;EnhA19;-0,049015084;0,63352504;0,744509918;97;0,102351346;Axolotl;Ambystoma mexicanum;-0,476771222;1;USH2A;216183590;0,63352504;hg38
3682;cg20778365;1914;;0;1;PromF5;-0,048904688;0,634290899;0,745071992;97;0,102352455;Axolotl;Ambystoma mexicanum;-0,475696101;7;SMARCD3;151248531;0,634290899;hg38
3683;cg27136252;1915;;0;1;ReprPC1;-0,048884083;0,634433882;0,745071992;97;0,102352662;Axolotl;Ambystoma mexicanum;-0,475495441;7;DLX6-AS1;96991837;0,634433882;hg38
3684;cg15877740;;1769;0;0;EnhA9;0,048871669;0,634520035;0,745071992;97;0,102352786;Axolotl;Ambystoma mexicanum;0,475374544;16;EEF2K;22195727;0,634520035;hg38
3685;cg00495518;1916;;0;0;EnhA7;-0,04883;0,634809246;0,745209309;97;0,102353204;Axolotl;Ambystoma mexicanum;-0,474968751;11;CLPB;72334540;0,634809246;hg38
3686;cg22496127;;1770;0;0;Tx8;0,048785971;0,635114905;0,745272367;97;0,102353645;Axolotl;Ambystoma mexicanum;0,474539965;2;ARHGAP15;143624185;0,635114905;hg38
3687;cg08538268;1917;;0;0;Tx3;-0,048772631;0,635207529;0,745272367;97;0,102353779;Axolotl;Ambystoma mexicanum;-0,474410049;9;ELAVL2;23765097;0,635207529;hg38
3688;cg24020597;;1771;0;0;EnhA11;0,048687124;0,635801337;0,745292434;97;0,102354634;Axolotl;Ambystoma mexicanum;0,473577341;8;RIMS2;103766251;0,635801337;hg38
3689;cg11246106;1918;;0;1;BivProm2;-0,048663449;0,635965796;0,745292434;97;0,10235487;Axolotl;Ambystoma mexicanum;-0,473346776;7;MICALL2;1404184;0,635965796;hg38
3690;cg12818942;;1772;0;0;Tx6;0,048647745;0,636074886;0,745292434;97;0,102355027;Axolotl;Ambystoma mexicanum;0,473193849;6;ASCC3;100514935;0,636074886;hg38
3691;cg24252591;;1773;0;0;TxWk1;0,048632781;0,636178849;0,745292434;97;0,102355176;Axolotl;Ambystoma mexicanum;0,473048119;3;RSRC1;158133597;0,636178849;hg38
3692;cg26741512;;1774;0;0;TxEnh3;0,048615805;0,636296795;0,745292434;97;0,102355346;Axolotl;Ambystoma mexicanum;0,472882802;3;MBNL1;152446558;0,636296795;hg38
3693;cg14127269;;1775;0;0;Tx2;0,048602702;0,636387842;0,745292434;97;0,102355476;Axolotl;Ambystoma mexicanum;0,472755197;9;PBX3;125910329;0,636387842;hg38
3694;cg16043228;;1776;0;0;Quies3;0,048596542;0,636430646;0,745292434;97;0,102355538;Axolotl;Ambystoma mexicanum;0,472695208;9;RASEF;82613320;0,636430646;hg38
3695;cg23414911;;1777;0;0;ReprPC3;0,048534872;0,636859237;0,74531556;97;0,102356152;Axolotl;Ambystoma mexicanum;0,472094642;1;BCL9;147574653;0,636859237;hg38
3696;cg02785457;1919;;0;0;PromF5;-0,048499257;0,637106811;0,74531556;97;0,102356507;Axolotl;Ambystoma mexicanum;-0,471747805;2;LOC101929512;161238710;0,637106811;hg38
3697;cg06392275;;1778;0;0;TxEnh4;0,04848199;0,637226853;0,74531556;97;0,102356679;Axolotl;Ambystoma mexicanum;0,471579652;3;DLG1;197076645;0,637226853;hg38
3698;cg27389123;1920;;0;0;Quies1;-0,048262056;0,638756684;0,74531556;97;0,102358862;Axolotl;Ambystoma mexicanum;-0,469437871;12;LINC02378;17159613;0,638756684;hg38
3699;cg15366562;;1779;0;0;ReprPC3;0,04823803;0,638923893;0,74531556;97;0,1023591;Axolotl;Ambystoma mexicanum;0,469203907;16;LINC02140;54546006;0,638923893;hg38
3700;cg11514832;1921;;0;0;EnhA6;-0,04822426;0,63901974;0,74531556;97;0,102359236;Axolotl;Ambystoma mexicanum;-0,469069807;2;ZEB2;144466014;0,63901974;hg38
3701;cg11251215;;1780;0;0;TxEnh4;0,048220577;0,639045378;0,74531556;97;0,102359272;Axolotl;Ambystoma mexicanum;0,469033938;1;RNF220;44638261;0,639045378;hg38
3702;cg07323054;;1781;0;0;EnhWk4;0,04820728;0,639137936;0,74531556;97;0,102359404;Axolotl;Ambystoma mexicanum;0,468904449;23;NLGN3;71148872;0,639137936;hg38
3703;cg13918864;1922;;0;0;TxEnh5;-0,048206938;0,639140311;0,74531556;97;0,102359407;Axolotl;Ambystoma mexicanum;-0,468901127;2;BCL11A;60460617;0,639140311;hg38
3704;cg03132556;;1782;0;1;BivProm2;0,048193211;0,639235874;0,74531556;97;0,102359543;Axolotl;Ambystoma mexicanum;0,468767443;12;HOTAIR;53972976;0,639235874;hg38
3705;cg24947078;;1783;0;0;TxEx1;0,048187955;0,63927246;0,74531556;97;0,102359595;Axolotl;Ambystoma mexicanum;0,468716264;19;ILF3;10678616;0,63927246;hg38
3706;cg23812660;;1784;0;0;TxEnh7;0,048184337;0,639297649;0,74531556;97;0,102359631;Axolotl;Ambystoma mexicanum;0,468681029;2;ZEB2;144489725;0,639297649;hg38
3707;cg12166338;;1785;0;0;TxWk1;0,048165381;0,639429623;0,74531556;97;0,102359818;Axolotl;Ambystoma mexicanum;0,468496431;12;DERA;16018315;0,639429623;hg38
3708;cg22081744;1923;;0;1;EnhA14;-0,048163737;0,639441063;0,74531556;97;0,102359834;Axolotl;Ambystoma mexicanum;-0,468480429;20;LOC284788;22491057;0,639441063;hg38
3709;cg22620222;1924;;0;0;Acet5;-0,048163291;0,639444174;0,74531556;97;0,102359839;Axolotl;Ambystoma mexicanum;-0,468476079;2;LINC01122;58917932;0,639444174;hg38
3710;cg12160807;;1786;0;0;TxEx3;0,048126511;0,639700272;0,74531556;97;0,102360202;Axolotl;Ambystoma mexicanum;0,46811791;10;GBF1;102351318;0,639700272;hg38
3711;cg06679868;1925;;0;0;TxWk2;-0,048115277;0,639778498;0,74531556;97;0,102360313;Axolotl;Ambystoma mexicanum;-0,468008518;4;GRIA2;157363026;0,639778498;hg38
3712;cg27660154;1926;;0;0;EnhA17;-0,048066959;0,640115018;0,74531556;97;0,10236079;Axolotl;Ambystoma mexicanum;-0,467537991;16;ZNF423;49589517;0,640115018;hg38
3713;cg12934962;1927;;0;0;Acet2;-0,04803132;0,640363276;0,74531556;97;0,102361141;Axolotl;Ambystoma mexicanum;-0,467190938;5;LINC02106;51095603;0,640363276;hg38
3714;cg24984507;1928;;0;0;Quies4;-0,048005006;0,640546609;0,74531556;97;0,1023614;Axolotl;Ambystoma mexicanum;-0,466934684;16;LOC390705;33928165;0,640546609;hg38
3715;cg26822414;;1787;0;1;BivProm1;0,047983708;0,640695005;0,74531556;97;0,10236161;Axolotl;Ambystoma mexicanum;0,466727286;8;LOC401463;64580058;0,640695005;hg38
3716;cg24963751;1929;;0;0;EnhWk3;-0,047962892;0,64084006;0,74531556;97;0,102361815;Axolotl;Ambystoma mexicanum;-0,466524577;3;CACNA1D;53673073;0,64084006;hg38
3717;cg01567039;;1788;0;0;EnhA5;0,047949574;0,640932867;0,74531556;97;0,102361946;Axolotl;Ambystoma mexicanum;0,466394892;1;SNORD3G;90387566;0,640932867;hg38
3718;cg01245471;1930;;0;1;BivProm2;-0,04794625;0,640956032;0,74531556;97;0,102361979;Axolotl;Ambystoma mexicanum;-0,466362523;7;EVX1-AS;27243380;0,640956032;hg38
3719;cg01016328;;1789;0;0;Tx8;0,047944555;0,640967843;0,74531556;97;0,102361996;Axolotl;Ambystoma mexicanum;0,46634602;5;ADAMTS6;65291429;0,640967843;hg38
3720;cg11447156;;1790;0;1;ReprPC2;0,04793923;0,641004954;0,74531556;97;0,102362048;Axolotl;Ambystoma mexicanum;0,466294166;19;LOC100505585;41933393;0,641004954;hg38
3721;cg03498321;;1791;0;0;Tx8;0,047925263;0,641102305;0,74531556;97;0,102362185;Axolotl;Ambystoma mexicanum;0,466158147;10;VTI1A;112530808;0,641102305;hg38
3722;cg22141415;;1792;0;1;BivProm1;0,047832414;0,641749577;0,7458676;97;0,102363098;Axolotl;Ambystoma mexicanum;0,465253993;6;OSTM1;108119018;0,641749577;hg38
3723;cg23574174;;1793;0;0;TxEnh5;0,047725808;0,642493085;0,746190609;97;0,102364143;Axolotl;Ambystoma mexicanum;0,46421588;10;ABLIM1;114453462;0,642493085;hg38
3724;cg24290201;;1794;0;0;TxEx2;0,04772393;0,642506189;0,746190609;97;0,102364161;Axolotl;Ambystoma mexicanum;0,464197588;3;ARIH2;48973748;0,642506189;hg38
3725;cg17336754;;1795;0;1;BivProm2;0,047664141;0,642923339;0,746190609;97;0,102364746;Axolotl;Ambystoma mexicanum;0,463615372;14;NRXN3;79280508;0,642923339;hg38
3726;cg12580491;1931;;0;0;Acet8;-0,047592566;0,643422863;0,746190609;97;0,102365446;Axolotl;Ambystoma mexicanum;-0,462918393;16;GNAO1;56355008;0,643422863;hg38
3727;cg06734921;;1796;1;1;BivProm1;0,047591382;0,64343113;0,746190609;97;0,102365457;Axolotl;Ambystoma mexicanum;0,462906861;8;HEY1;79767073;0,64343113;hg38
3728;cg12203266;1932;;0;0;EnhA17;-0,047582194;0,643495264;0,746190609;97;0,102365547;Axolotl;Ambystoma mexicanum;-0,462817391;9;TLE1;81112949;0,643495264;hg38
3729;cg16193888;;1797;0;0;EnhA17;0,047579079;0,643517009;0,746190609;97;0,102365577;Axolotl;Ambystoma mexicanum;0,462787058;9;LINC01507;80066936;0,643517009;hg38
3730;cg12675684;1933;;0;0;TxEx1;-0,04751375;0,643973107;0,746190609;97;0,102366215;Axolotl;Ambystoma mexicanum;-0,462150906;6;C6orf62;24708853;0,643973107;hg38
3731;cg22962079;1934;;0;0;EnhA6;-0,047510524;0,643995635;0,746190609;97;0,102366246;Axolotl;Ambystoma mexicanum;-0,462119489;7;SNORA25B;115707895;0,643995635;hg38
3732;cg09647169;1935;;0;0;EnhWk4;-0,047506914;0,644020839;0,746190609;97;0,102366281;Axolotl;Ambystoma mexicanum;-0,462084341;13;DACH1;71547060;0,644020839;hg38
3733;cg19917435;;1798;0;0;EnhWk4;0,04747839;0,644220029;0,746190609;97;0,102366559;Axolotl;Ambystoma mexicanum;0,461806584;7;SNORA25B;115728653;0,644220029;hg38
3734;cg03962027;1936;;0;0;BivProm4;-0,047467499;0,644296093;0,746190609;97;0,102366666;Axolotl;Ambystoma mexicanum;-0,461700528;8;ZFPM2;105321706;0,644296093;hg38
3735;cg07169519;;1799;0;0;Tx7;0,047443408;0,644464351;0,746190609;97;0,1023669;Axolotl;Ambystoma mexicanum;0,461465942;6;QKI;163566724;0,644464351;hg38
3736;cg15953471;1937;;0;0;EnhWk4;-0,047427956;0,644572281;0,746190609;97;0,102367051;Axolotl;Ambystoma mexicanum;-0,46131548;5;TBCA;77869326;0,644572281;hg38
3737;cg08446518;;1800;0;0;PromF5;0,047414871;0,644663692;0,746190609;97;0,102367178;Axolotl;Ambystoma mexicanum;0,461188054;2;BCL11A;60553263;0,644663692;hg38
3738;cg25819831;1938;;0;1;ReprPC2;-0,047386739;0,644860218;0,746190609;97;0,102367451;Axolotl;Ambystoma mexicanum;-0,460914124;10;LBX1-AS1;101219608;0,644860218;hg38
3739;cg24539381;;1801;0;0;Tx7;0,047325086;0,645291023;0,746190609;97;0,102368051;Axolotl;Ambystoma mexicanum;0,460313765;2;PUM2;20278626;0,645291023;hg38
3740;cg13369768;;1802;0;0;TxEnh4;0,047229993;0,645955705;0,746190609;97;0,102368973;Axolotl;Ambystoma mexicanum;0,459387803;4;DHX15;24537224;0,645955705;hg38
3741;cg11284212;;1803;0;0;TxWk2;0,047228563;0,645965709;0,746190609;97;0,102368987;Axolotl;Ambystoma mexicanum;0,459373871;4;GRIA2;157341332;0,645965709;hg38
3742;cg10676571;;1804;0;0;EnhA2;0,047202939;0,646144863;0,746190609;97;0,102369235;Axolotl;Ambystoma mexicanum;0,459124362;7;AUTS2;70631015;0,646144863;hg38
3743;cg11375458;1939;;0;1;BivProm2;-0,047202284;0,64614944;0,746190609;97;0,102369242;Axolotl;Ambystoma mexicanum;-0,459117987;2;HOXD3;176139268;0,64614944;hg38
3744;cg25568239;1940;;0;0;EnhWk2;-0,047196836;0,646187538;0,746190609;97;0,102369294;Axolotl;Ambystoma mexicanum;-0,459064933;18;ZNF521;25285958;0,646187538;hg38
3745;cg02755069;;1805;0;1;ReprPC1;0,047173168;0,646353042;0,746190609;97;0,102369523;Axolotl;Ambystoma mexicanum;0,458834467;11;PAX6;31801610;0,646353042;hg38
3746;cg19803349;1941;;0;0;TxEnh4;-0,047148455;0,646525871;0,746190609;97;0,102369763;Axolotl;Ambystoma mexicanum;-0,458593826;4;FBXL5;15605736;0,646525871;hg38
3747;cg14814195;1942;;0;1;BivProm1;-0,047114038;0,6467666;0,746190609;97;0,102370095;Axolotl;Ambystoma mexicanum;-0,458258689;6;FOXQ1;1313250;0,6467666;hg38
3748;cg25363406;;1806;0;0;ReprPC7;0,04710424;0,646835136;0,746190609;97;0,10237019;Axolotl;Ambystoma mexicanum;0,458163284;7;POU6F2;39464372;0,646835136;hg38
3749;cg10224895;;1807;0;0;TxWk2;0,047090163;0,646933607;0,746190609;97;0,102370326;Axolotl;Ambystoma mexicanum;0,458026216;5;MCTP1;94892217;0,646933607;hg38
3750;cg01851957;;1808;0;0;EnhA6;0,047038989;0,647291648;0,746190609;97;0,10237082;Axolotl;Ambystoma mexicanum;0,457527908;16;LINC02168;50863280;0,647291648;hg38
3751;cg08438560;1943;;0;0;TxEx2;-0,047034128;0,647325659;0,746190609;97;0,102370867;Axolotl;Ambystoma mexicanum;-0,457480578;23;KDM6A;45063755;0,647325659;hg38
3752;cg09718446;;1809;0;0;EnhA18;0,047002921;0,647544044;0,746190609;97;0,102371168;Axolotl;Ambystoma mexicanum;0,4571767;9;BNC2;16803879;0,647544044;hg38
3753;cg01202508;;1810;0;0;EnhWk1;0,046990191;0,647633134;0,746190609;97;0,102371291;Axolotl;Ambystoma mexicanum;0,457052746;20;TSHZ2;53171335;0,647633134;hg38
3754;cg06144427;1944;;0;0;TxEx1;-0,046967083;0,647794869;0,746190609;97;0,102371514;Axolotl;Ambystoma mexicanum;-0,456827735;4;HNRNPD;82354909;0,647794869;hg38
3755;cg03846926;1945;;0;0;PromF5;-0,046944602;0,647952231;0,746190609;97;0,102371731;Axolotl;Ambystoma mexicanum;-0,45660883;10;SKIDA1;21518282;0,647952231;hg38
3756;cg05101394;1946;;0;0;BivProm3;-0,04692647;0,648079159;0,746190609;97;0,102371905;Axolotl;Ambystoma mexicanum;-0,456432278;1;LINC00862;200247545;0,648079159;hg38
3757;cg02497242;1947;;0;0;TxEx2;-0,046910295;0,648192399;0,746190609;97;0,102372061;Axolotl;Ambystoma mexicanum;-0,456274777;2;HAT1;171966506;0,648192399;hg38
3758;cg26793710;1948;;0;0;PromF4;-0,046903878;0,648237327;0,746190609;97;0,102372123;Axolotl;Ambystoma mexicanum;-0,456212292;1;CDC73;193122269;0,648237327;hg38
3759;cg22395399;1949;;0;0;TxEnh6;-0,046838786;0,648693122;0,746250928;97;0,102372749;Axolotl;Ambystoma mexicanum;-0,455578479;3;SATB1;18369914;0,648693122;hg38
3760;cg22879048;1950;;0;0;ReprPC3;-0,046815453;0,648856542;0,746250928;97;0,102372973;Axolotl;Ambystoma mexicanum;-0,455351277;14;LINC00618;97024006;0,648856542;hg38
3761;cg04845649;1951;;0;1;BivProm2;-0,04681031;0,64889256;0,746250928;97;0,102373022;Axolotl;Ambystoma mexicanum;-0,455301204;16;HSF4;67165560;0,64889256;hg38
3762;cg18232282;;1811;0;0;EnhA20;0,046785746;0,649064624;0,746250928;97;0,102373258;Axolotl;Ambystoma mexicanum;0,455062015;6;ASCC3;100526178;0,649064624;hg38
3763;cg19717233;;1812;0;0;EnhA2;0,046763053;0,649223594;0,746250928;97;0,102373476;Axolotl;Ambystoma mexicanum;0,454841052;18;MIB1;21831553;0,649223594;hg38
3764;cg27323505;;1813;0;1;BivProm1;0,046713479;0,649570929;0,746250928;97;0,102373951;Axolotl;Ambystoma mexicanum;0,454358344;13;OBI1-AS1;78601507;0,649570929;hg38
3765;cg16940931;;1814;0;0;BivProm3;0,046703783;0,649638872;0,746250928;97;0,102374044;Axolotl;Ambystoma mexicanum;0,454263933;9;GAS1;86941022;0,649638872;hg38
3766;cg12353189;;1815;0;0;TxEnh8;0,04669937;0,649669802;0,746250928;97;0,102374087;Axolotl;Ambystoma mexicanum;0,454220956;2;MRPS9;105081295;0,649669802;hg38
3767;cg15451835;;1816;0;0;EnhWk8;0,046673662;0,649849964;0,746259716;97;0,102374333;Axolotl;Ambystoma mexicanum;0,453970633;15;SPATA8;96802826;0,649849964;hg38
3768;cg20204146;;1817;0;0;EnhA2;0,046575105;0,650540832;0,746531749;97;0,102375276;Axolotl;Ambystoma mexicanum;0,453010984;15;LINC00924;95464562;0,650540832;hg38
3769;cg03563956;1952;;0;0;EnhWk4;-0,046574843;0,650542674;0,746531749;97;0,102375278;Axolotl;Ambystoma mexicanum;-0,453008427;1;ESRRG;216518161;0,650542674;hg38
3770;cg06757051;1953;;0;0;EnhWk4;-0,04652939;0,650861394;0,746531749;97;0,102375713;Axolotl;Ambystoma mexicanum;-0,45256585;11;SOX6;16440253;0,650861394;hg38
3771;cg25906744;1954;;0;0;BivProm3;-0,04650484;0,651033568;0,746531749;97;0,102375947;Axolotl;Ambystoma mexicanum;-0,452326806;23;LOC389895;140088074;0,651033568;hg38
3772;cg20638025;1955;;0;0;EnhWk8;-0,046492006;0,651123578;0,746531749;97;0,102376069;Axolotl;Ambystoma mexicanum;-0,452201846;2;LINC01876;155729323;0,651123578;hg38
3773;cg14856567;;1818;0;0;TxEx1;0,046400701;0,651764109;0,746531749;97;0,102376939;Axolotl;Ambystoma mexicanum;0,451312817;4;HNRNPDL;82425608;0,651764109;hg38
3774;cg04235854;1956;;0;0;Tx4;-0,046383644;0,6518838;0,746531749;97;0,102377102;Axolotl;Ambystoma mexicanum;-0,45114673;3;WDR48;39063149;0,6518838;hg38
3775;cg00472926;1957;;0;0;EnhWk4;-0,046371428;0,651969525;0,746531749;97;0,102377218;Axolotl;Ambystoma mexicanum;-0,451027783;14;LINC02304;97092989;0,651969525;hg38
3776;cg10591258;1958;;0;0;EnhWk8;-0,046363858;0,652022645;0,746531749;97;0,10237729;Axolotl;Ambystoma mexicanum;-0,45095408;1;PBX1;164054481;0,652022645;hg38
3777;cg18033436;;1819;0;1;ReprPC1;0,046357172;0,652069572;0,746531749;97;0,102377354;Axolotl;Ambystoma mexicanum;0,450888972;10;LBX1-AS1;101222590;0,652069572;hg38
3778;cg11389618;1959;;0;0;EnhA5;-0,046236622;0,652915814;0,746531749;97;0,102378499;Axolotl;Ambystoma mexicanum;-0,449715195;2;LOC101928386;143955252;0,652915814;hg38
3779;cg00249744;1960;;0;1;BivProm1;-0,046232658;0,652943649;0,746531749;97;0,102378537;Axolotl;Ambystoma mexicanum;-0,449676597;22;OSBP2;30822667;0,652943649;hg38
3780;cg07605328;;1820;0;0;PromF2;0,046227375;0,652980743;0,746531749;97;0,102378587;Axolotl;Ambystoma mexicanum;0,44962516;2;ZEB2;144452672;0,652980743;hg38
3781;cg23270431;1961;;0;0;TxEnh4;-0,046191589;0,653232049;0,746531749;97;0,102378926;Axolotl;Ambystoma mexicanum;-0,44927672;12;TAOK3;118181475;0,653232049;hg38
3782;cg06710458;;1821;0;0;Quies1;0,046180861;0,653307393;0,746531749;97;0,102379028;Axolotl;Ambystoma mexicanum;0,449172265;6;PKHD1;51651325;0,653307393;hg38
3783;cg17385254;;1822;0;0;TxEx3;0,046178542;0,653323678;0,746531749;97;0,10237905;Axolotl;Ambystoma mexicanum;0,44914969;10;PLEKHA1;122428279;0,653323678;hg38
3784;cg27275164;;1823;0;0;ReprPC5;0,046168313;0,653395525;0,746531749;97;0,102379147;Axolotl;Ambystoma mexicanum;0,449050088;10;HIF1AN;100613045;0,653395525;hg38
3785;cg12965599;1962;;0;1;BivProm2;-0,046123053;0,653713447;0,746531749;97;0,102379575;Axolotl;Ambystoma mexicanum;-0,448609406;3;LOC440982;147408137;0,653713447;hg38
3786;cg05212484;1963;;0;0;TxWk2;-0,0460865;0,653970256;0,746531749;97;0,102379921;Axolotl;Ambystoma mexicanum;-0,448253499;9;ELAVL2;23692711;0,653970256;hg38
3787;cg14648518;;1824;0;0;EnhA17;0,046077502;0,654033484;0,746531749;97;0,102380006;Axolotl;Ambystoma mexicanum;0,448165881;15;LOC105369212;95884255;0,654033484;hg38
3788;cg07511706;;1825;0;1;BivProm2;0,0460693;0,654091112;0,746531749;97;0,102380084;Axolotl;Ambystoma mexicanum;0,448086028;10;TLX1;101134165;0,654091112;hg38
3789;cg18082149;;1826;0;1;ReprPC1;0,04605612;0,654183729;0,746531749;97;0,102380208;Axolotl;Ambystoma mexicanum;0,447957694;1;LINC02609;90834208;0,654183729;hg38
3790;cg23006178;;1827;0;0;ReprPC1;0,046050868;0,654220636;0,746531749;97;0,102380258;Axolotl;Ambystoma mexicanum;0,447906557;1;LINC01739;63074396;0,654220636;hg38
3791;cg14877464;1964;;0;1;BivProm2;-0,04604973;0,654228633;0,746531749;97;0,102380269;Axolotl;Ambystoma mexicanum;-0,447895477;5;LOC101929154;77972271;0,654228633;hg38
3792;cg26774146;;1828;0;1;TSS1;0,045991632;0,654636959;0,746800692;97;0,102380817;Axolotl;Ambystoma mexicanum;0,447329793;10;CELF2;11165642;0,654636959;hg38
3793;cg04324237;1965;;1;0;PromF4;-0,045953308;0,654906357;0,746911047;97;0,102381179;Axolotl;Ambystoma mexicanum;-0,446956654;1;PRPF38B;108692822;0,654906357;hg38
3794;cg25327462;1966;;0;0;EnhWk4;-0,045919526;0,655143871;0,746984991;97;0,102381497;Axolotl;Ambystoma mexicanum;-0,446627729;10;BTRC;101507399;0,655143871;hg38
3795;cg20719840;;1829;0;0;EnhA16;0,045893287;0,655328372;0,746998467;97;0,102381744;Axolotl;Ambystoma mexicanum;0,446372253;3;SHOX2;158059033;0,655328372;hg38
3796;cg21614607;;1830;0;0;TxEx2;0,045825101;0,65580793;0,747055375;97;0,102382386;Axolotl;Ambystoma mexicanum;0,445708353;10;OGA;101793992;0,65580793;hg38
3797;cg12097135;;1831;0;0;Quies3;0,045805746;0,655944083;0,747055375;97;0,102382568;Axolotl;Ambystoma mexicanum;0,445519899;1;USH2A;216121580;0,655944083;hg38
3798;cg03178974;;1832;0;0;Tx7;0,045804323;0,655954091;0,747055375;97;0,102382581;Axolotl;Ambystoma mexicanum;0,445506047;15;HERC1;63663203;0,655954091;hg38
3799;cg16471565;1967;;0;0;EnhWk4;-0,045787978;0,656069078;0,747055375;97;0,102382735;Axolotl;Ambystoma mexicanum;-0,445346902;2;GRB14;164429507;0,656069078;hg38
3800;cg11312528;1968;;0;0;EnhA15;-0,045669397;0,656903523;0,747469839;97;0,102383848;Axolotl;Ambystoma mexicanum;-0,444192349;7;POU6F2;39291826;0,656903523;hg38
3801;cg26604524;;1833;0;1;BivProm2;0,045645057;0,657074859;0,747469839;97;0,102384076;Axolotl;Ambystoma mexicanum;0,44395536;11;DBX1;20164191;0,657074859;hg38
3802;cg00077617;;1834;0;1;BivProm4;0,045639048;0,657117159;0,747469839;97;0,102384132;Axolotl;Ambystoma mexicanum;0,443896854;4;MAB21L2;150583302;0,657117159;hg38
3803;cg00187832;;1835;0;0;TxEx4;0,045638044;0,657124227;0,747469839;97;0,102384141;Axolotl;Ambystoma mexicanum;0,443887079;8;PABPC1;100718279;0,657124227;hg38
3804;cg15651067;1969;;0;0;TxEnh4;-0,045520037;0,657955165;0,748218276;97;0,102385245;Axolotl;Ambystoma mexicanum;-0,442738122;19;KIAA0355;34300485;0,657955165;hg38
3805;cg24765252;1970;;0;1;BivProm2;-0,045408549;0,658740586;0,748631744;97;0,102386285;Axolotl;Ambystoma mexicanum;-0,44165264;8;OSR2;98951660;0,658740586;hg38
3806;cg26859540;1971;;0;0;Quies3;-0,045363732;0,659056422;0,748631744;97;0,102386702;Axolotl;Ambystoma mexicanum;-0,441216288;6;ADGRB3;68930597;0,659056422;hg38
3807;cg14986854;1972;;0;0;TxEnh4;-0,045344886;0,659189254;0,748631744;97;0,102386878;Axolotl;Ambystoma mexicanum;-0,441032797;4;DHX15;24537214;0,659189254;hg38
3808;cg10141691;1973;;0;0;EnhWk4;-0,045306644;0,659458816;0,748631744;97;0,102387233;Axolotl;Ambystoma mexicanum;-0,440660474;19;ZNF536;30512258;0,659458816;hg38
3809;cg18440438;;1836;0;0;TxWk1;0,045300685;0,659500826;0,748631744;97;0,102387289;Axolotl;Ambystoma mexicanum;0,440602453;9;NFIB;14086589;0,659500826;hg38
3810;cg05754145;1974;;0;0;EnhWk3;-0,045299661;0,659508046;0,748631744;97;0,102387298;Axolotl;Ambystoma mexicanum;-0,440592483;15;LOC101928174;34790536;0,659508046;hg38
3811;cg17892435;1975;;0;1;BivProm3;-0,045296523;0,659530171;0,748631744;97;0,102387328;Axolotl;Ambystoma mexicanum;-0,440561927;4;PITX2;110634479;0,659530171;hg38
3812;cg06763851;1976;;0;0;EnhA2;-0,045213965;0,660112293;0,748902469;97;0,102388094;Axolotl;Ambystoma mexicanum;-0,439758134;15;LINC00924;95464558;0,660112293;hg38
3813;cg13091892;;1837;0;0;EnhWk6;0,045164234;0,660463048;0,748902469;97;0,102388555;Axolotl;Ambystoma mexicanum;0,439273949;3;FOXP1;71136418;0,660463048;hg38
3814;cg13747168;;1838;0;0;ReprPC1;0,045138757;0,660642769;0,748902469;97;0,102388791;Axolotl;Ambystoma mexicanum;0,439025901;7;SP8;20792646;0,660642769;hg38
3815;cg24355006;;1839;0;0;TxEx3;0,045078959;0,661064673;0,748902469;97;0,102389345;Axolotl;Ambystoma mexicanum;0,438443701;19;CSNK1G2;1969745;0,661064673;hg38
3816;cg09579869;;1840;0;0;EnhWk3;0,045057594;0,661215438;0,748902469;97;0,102389542;Axolotl;Ambystoma mexicanum;0,438235692;1;CASZ1;10678712;0,661215438;hg38
3817;cg19716117;1977;;0;0;TxEx1;-0,045025105;0,661444724;0,748902469;97;0,102389843;Axolotl;Ambystoma mexicanum;-0,437919383;5;ZFR;32380070;0,661444724;hg38
3818;cg10106561;1978;;0;0;EnhA1;-0,045015902;0,661509684;0,748902469;97;0,102389928;Axolotl;Ambystoma mexicanum;-0,437829777;2;ADCY3;24828044;0,661509684;hg38
3819;cg09684189;1979;;0;0;Tx8;-0,044992206;0,66167694;0,748902469;97;0,102390147;Axolotl;Ambystoma mexicanum;-0,437599078;2;ZEB2;144500239;0,66167694;hg38
3820;cg05407740;1980;;0;0;TxEnh4;-0,044986551;0,661716858;0,748902469;97;0,102390199;Axolotl;Ambystoma mexicanum;-0,437544021;3;MBNL1;152446731;0,661716858;hg38
3821;cg25061778;1981;;0;0;HET2;-0,044984633;0,661730402;0,748902469;97;0,102390216;Axolotl;Ambystoma mexicanum;-0,437525342;10;SORCS3;105157228;0,661730402;hg38
3822;cg07900685;1982;;0;0;TxWk1;-0,044983439;0,661738831;0,748902469;97;0,102390227;Axolotl;Ambystoma mexicanum;-0,437513716;2;IKZF2;213056893;0,661738831;hg38
3823;cg12684650;1983;;0;0;Quies1;-0,044918219;0,662199292;0,748902469;97;0,102390829;Axolotl;Ambystoma mexicanum;-0,436878738;6;ADGRB3;69338945;0,662199292;hg38
3824;cg15478432;1984;;0;0;PromF2;-0,044899036;0,662334749;0,748902469;97;0,102391006;Axolotl;Ambystoma mexicanum;-0,436691976;5;SNX18;54518792;0,662334749;hg38
3825;cg02468520;1985;;0;0;EnhWk4;-0,044844195;0,662722062;0,748902469;97;0,102391511;Axolotl;Ambystoma mexicanum;-0,43615805;9;CNTLN;17323642;0,662722062;hg38
3826;cg17689098;;1841;0;0;EnhA17;0,044807398;0,662981986;0,748902469;97;0,102391849;Axolotl;Ambystoma mexicanum;0,435799804;8;TOX;59030067;0,662981986;hg38
3827;cg20849614;1986;;0;0;BivProm3;-0,044707692;0,663686492;0,748902469;97;0,102392765;Axolotl;Ambystoma mexicanum;-0,434829084;1;CASZ1;10791876;0,663686492;hg38
3828;cg16287710;1987;;0;1;BivProm4;-0,044697551;0,663758163;0,748902469;97;0,102392858;Axolotl;Ambystoma mexicanum;-0,434730354;7;HOXA-AS3;27147844;0,663758163;hg38
3829;cg20378129;;1842;0;0;Tx7;0,04469556;0,663772235;0,748902469;97;0,102392876;Axolotl;Ambystoma mexicanum;0,434710969;1;SRSF11;70231928;0,663772235;hg38
3830;cg25597949;1988;;0;1;ReprPC1;-0,044691439;0,663801363;0,748902469;97;0,102392914;Axolotl;Ambystoma mexicanum;-0,434670846;4;NKX6-1;84480768;0,663801363;hg38
3831;cg15256103;;1843;0;0;TxEx1;0,044673927;0,663925141;0,748902469;97;0,102393075;Axolotl;Ambystoma mexicanum;0,43450035;1;SPEN;15876482;0,663925141;hg38
3832;cg09570546;;1844;0;0;ReprPC4;0,044664955;0,663988555;0,748902469;97;0,102393157;Axolotl;Ambystoma mexicanum;0,434413006;19;ZNF507;32266896;0,663988555;hg38
3833;cg08161081;;1845;0;0;TxEx4;0,044659028;0,664030457;0,748902469;97;0,102393211;Axolotl;Ambystoma mexicanum;0,434355294;20;RBM39;35739544;0,664030457;hg38
3834;cg25697669;1989;;0;0;EnhA17;-0,044625229;0,664269388;0,748902469;97;0,102393521;Axolotl;Ambystoma mexicanum;-0,434026238;10;LRMDA;75450790;0,664269388;hg38
3835;cg23134220;1990;;0;0;Tx8;-0,044611012;0,664369903;0,748902469;97;0,102393651;Axolotl;Ambystoma mexicanum;-0,433887823;3;ABCC5;183985353;0,664369903;hg38
3836;cg02203534;;1846;0;0;ReprPC8;0,044587208;0,664538208;0,748902469;97;0,102393869;Axolotl;Ambystoma mexicanum;0,433656075;23;PAK3;111146509;0,664538208;hg38
3837;cg18099778;1991;;0;0;EnhWk4;-0,044580544;0,664585326;0,748902469;97;0,10239393;Axolotl;Ambystoma mexicanum;-0,4335912;13;OBI1-AS1;78402520;0,664585326;hg38
3838;cg23871832;1992;;0;1;ReprPC1;-0,044511043;0,665076844;0,748902469;97;0,102394565;Axolotl;Ambystoma mexicanum;-0,432914557;4;MSX1;4854867;0,665076844;hg38
3839;cg22416332;;1847;0;0;TxEx2;0,044497805;0,66517048;0,748902469;97;0,102394686;Axolotl;Ambystoma mexicanum;0,432785677;8;XPO7;21990865;0,66517048;hg38
3840;cg05086365;1993;;0;1;PromF5;-0,044495841;0,665184371;0,748902469;97;0,102394704;Axolotl;Ambystoma mexicanum;-0,432766557;15;NR2F2;96334483;0,665184371;hg38
3841;cg05553502;;1848;0;1;BivProm2;0,044485964;0,665254234;0,748902469;97;0,102394794;Axolotl;Ambystoma mexicanum;0,432670404;5;NR2F1;93588385;0,665254234;hg38
3842;cg24367661;1994;;0;0;EnhWk4;-0,044459942;0,66543832;0,748902469;97;0,102395031;Axolotl;Ambystoma mexicanum;-0,432417061;3;EPHA3;89341795;0,66543832;hg38
3843;cg26551743;;1849;0;0;TxEx1;0,04445565;0,66546869;0,748902469;97;0,102395071;Axolotl;Ambystoma mexicanum;0,432375269;20;ZMYND8;47298865;0,66546869;hg38
3844;cg19711444;1995;;0;0;EnhA6;-0,044440166;0,665578238;0,748902469;97;0,102395212;Axolotl;Ambystoma mexicanum;-0,432224522;2;LINC01793;59250231;0,665578238;hg38
3845;cg01890425;1996;;0;0;Acet8;-0,044429341;0,665654829;0,748902469;97;0,102395311;Axolotl;Ambystoma mexicanum;-0,432119134;16;GNAO1;56355002;0,665654829;hg38
3846;cg09300383;;1850;0;0;Acet3;0,044336362;0,666312826;0,74936359;97;0,102396157;Axolotl;Ambystoma mexicanum;0,43121393;3;MECOM;169364731;0,666312826;hg38
3847;cg13690410;;1851;0;0;TxEnh5;0,044312004;0,666485244;0,74936359;97;0,102396379;Axolotl;Ambystoma mexicanum;0,430976794;2;LOC101928386;143946641;0,666485244;hg38
3848;cg12546699;;1852;0;0;EnhA13;0,044275637;0,666742698;0,74936359;97;0,102396709;Axolotl;Ambystoma mexicanum;0,430622748;9;SPATA31D1;82275488;0,666742698;hg38
3849;cg21633990;;1853;0;0;Tx5;0,044273532;0,666757607;0,74936359;97;0,102396729;Axolotl;Ambystoma mexicanum;0,430602247;9;COL5A1;134830033;0,666757607;hg38
3850;cg14242308;;1854;0;0;Tx8;0,044233301;0,667042462;0,749413879;97;0,102397094;Axolotl;Ambystoma mexicanum;0,430210586;8;OXR1;106737544;0,667042462;hg38
3851;cg11024113;1997;;0;0;TxEx4;-0,04421828;0,667148833;0,749413879;97;0,10239723;Axolotl;Ambystoma mexicanum;-0,430064348;14;ZFP36L1;68790116;0,667148833;hg38
3852;cg22874685;;1855;0;0;TxEnh8;0,044139299;0,667708243;0,749773496;97;0,102397946;Axolotl;Ambystoma mexicanum;0,429295428;1;AGO3;36008777;0,667708243;hg38
3853;cg17229698;1998;;0;0;ReprPC3;-0,044124141;0,667815621;0,749773496;97;0,102398083;Axolotl;Ambystoma mexicanum;-0,429147865;5;SLIT3;168844965;0,667815621;hg38
3854;cg04407762;1999;;0;1;ReprPC1;-0,044074685;0,668166026;0,749827041;97;0,102398531;Axolotl;Ambystoma mexicanum;-0,428666386;4;NEUROG2-AS1;112521635;0,668166026;hg38
3855;cg04647787;2000;;0;0;EnhWk4;-0,044061098;0,668262305;0,749827041;97;0,102398654;Axolotl;Ambystoma mexicanum;-0,42853411;23;POLA1;24928296;0,668262305;hg38
3856;cg03186150;;1856;0;0;TxEnh6;0,044037181;0,668431793;0,749827041;97;0,10239887;Axolotl;Ambystoma mexicanum;0,428301272;1;SDCCAG8;243416202;0,668431793;hg38
3857;cg19634247;2001;;1;1;BivProm1;-0,044019563;0,668556657;0,749827041;97;0,102399029;Axolotl;Ambystoma mexicanum;-0,428129752;12;HOXC5;54009530;0,668556657;hg38
3858;cg14367547;;1857;0;0;ReprPC6;0,04398825;0,668778599;0,749881542;97;0,102399312;Axolotl;Ambystoma mexicanum;0,427824911;14;VASH1;76675288;0,668778599;hg38
3859;cg14458992;2002;;0;0;EnhA2;-0,043953318;0,669026223;0,749964803;97;0,102399627;Axolotl;Ambystoma mexicanum;-0,427484842;8;ZFPM2-AS1;105592910;0,669026223;hg38
3860;cg21608575;;1858;0;0;Tx5;0,04392386;0,669235077;0,750004572;97;0,102399893;Axolotl;Ambystoma mexicanum;0,427198057;8;RUNX1T1;91991833;0,669235077;hg38
3861;cg11735410;2003;;0;0;BivProm3;-0,043753695;0,670442001;0,751095039;97;0,102401423;Axolotl;Ambystoma mexicanum;-0,425541465;2;ATP5MC3;175441609;0,670442001;hg38
3862;cg03915996;2004;;0;0;TxEnh1;-0,043719294;0,6706861;0,751095039;97;0,102401732;Axolotl;Ambystoma mexicanum;-0,425206563;19;TSHZ3;31315713;0,6706861;hg38
3863;cg02825722;;1859;0;0;EnhA18;0,043713249;0,670728997;0,751095039;97;0,102401786;Axolotl;Ambystoma mexicanum;0,425147714;14;LINC00618;97025860;0,670728997;hg38
3864;cg18713298;2005;;0;0;EnhA14;-0,043644698;0,671215525;0,751260677;97;0,102402401;Axolotl;Ambystoma mexicanum;-0,424480361;2;MIR4432HG;60214577;0,671215525;hg38
3865;cg07099052;2006;;0;0;TxEx1;-0,043640432;0,671245805;0,751260677;97;0,102402439;Axolotl;Ambystoma mexicanum;-0,424438833;1;CHTOP;153638284;0,671245805;hg38
3866;cg20068186;2007;;0;0;Tx8;-0,043619005;0,671397913;0,751260677;97;0,102402631;Axolotl;Ambystoma mexicanum;-0,424230234;8;OXR1;106737592;0,671397913;hg38
3867;cg07228583;;1860;0;0;EnhWk8;0,043539587;0,671961795;0,751675127;97;0,102403341;Axolotl;Ambystoma mexicanum;0,423457096;9;LOC101927450;79209081;0,671961795;hg38
3868;cg16158316;2008;;0;0;EnhA3;-0,043514927;0,672136921;0,751675127;97;0,102403561;Axolotl;Ambystoma mexicanum;-0,423217032;9;BNC2;16628107;0,672136921;hg38
3869;cg06831856;;1861;0;0;PromF5;0,04339802;0,672967396;0,751675127;97;0,102404604;Axolotl;Ambystoma mexicanum;0,422078944;18;TCF4;55321715;0,672967396;hg38
3870;cg22661567;2009;;0;0;TxEnh7;-0,043370894;0,673160148;0,751675127;97;0,102404845;Axolotl;Ambystoma mexicanum;-0,421814874;9;PBX3;125843796;0,673160148;hg38
3871;cg00324422;2010;;0;0;EnhA17;-0,043342046;0,673365157;0,751675127;97;0,102405102;Axolotl;Ambystoma mexicanum;-0,421534044;2;FIGN;163601684;0,673365157;hg38
3872;cg00678568;2011;;0;0;TxEx1;-0,043320442;0,673518703;0,751675127;97;0,102405294;Axolotl;Ambystoma mexicanum;-0,421323732;5;SREK1;66158823;0,673518703;hg38
3873;cg11464067;;1862;0;0;TxEx2;0,04324503;0,674054788;0,751675127;97;0,102405964;Axolotl;Ambystoma mexicanum;0,420589601;2;CCNT2;134954540;0,674054788;hg38
3874;cg20291436;;1863;0;1;BivProm2;0,043217206;0,674252623;0,751675127;97;0,10240621;Axolotl;Ambystoma mexicanum;0,420318738;4;PITX2;110618196;0,674252623;hg38
3875;cg06590599;2012;;0;0;EnhWk4;-0,043183438;0,674492748;0,751675127;97;0,10240651;Axolotl;Ambystoma mexicanum;-0,419990015;23;SOX3;140299121;0,674492748;hg38
3876;cg08172555;;1864;0;0;Acet3;0,043146913;0,67475252;0,751675127;97;0,102406833;Axolotl;Ambystoma mexicanum;0,419634447;6;HDAC2-AS2;114057324;0,67475252;hg38
3877;cg14894872;;1865;0;0;Tx8;0,043141572;0,674790508;0,751675127;97;0,102406881;Axolotl;Ambystoma mexicanum;0,419582454;10;VTI1A;112530938;0,674790508;hg38
3878;cg14091940;;1866;0;0;HET9;0,043140288;0,674799638;0,751675127;97;0,102406892;Axolotl;Ambystoma mexicanum;0,419569958;16;ZNF267;31982075;0,674799638;hg38
3879;cg18568634;2013;;0;1;ReprPC1;-0,043127621;0,67488974;0,751675127;97;0,102407004;Axolotl;Ambystoma mexicanum;-0,419446645;7;DLX6-AS1;97012144;0,67488974;hg38
3880;cg09954563;2014;;0;0;znf1;-0,043124685;0,674910621;0,751675127;97;0,10240703;Axolotl;Ambystoma mexicanum;-0,419418069;23;WNK3;54238939;0,674910621;hg38
3881;cg03510941;2015;;0;0;BivProm4;-0,043093912;0,675129534;0,751675127;97;0,102407302;Axolotl;Ambystoma mexicanum;-0,419118496;18;TCF4;55422885;0,675129534;hg38
3882;cg11525050;;1867;0;0;EnhA6;0,043088115;0,67517077;0,751675127;97;0,102407354;Axolotl;Ambystoma mexicanum;0,41906207;23;NLGN3;71167765;0,67517077;hg38
3883;cg02029630;;1868;0;0;HET2;0,043060028;0,675370607;0,751675127;97;0,102407602;Axolotl;Ambystoma mexicanum;0,418788641;18;LINC01029;78247475;0,675370607;hg38
3884;cg00826905;;1869;0;0;PromF7;0,043029336;0,675588996;0,751675127;97;0,102407873;Axolotl;Ambystoma mexicanum;0,418489863;9;PBX3;125759671;0,675588996;hg38
3885;cg07982366;2016;;0;0;EnhWk4;-0,042994423;0,675837451;0,751675127;97;0,102408181;Axolotl;Ambystoma mexicanum;-0,418149998;1;SYT14;210159474;0,675837451;hg38
3886;cg24080303;2017;;0;0;TxEnh4;-0,042955819;0,676112217;0,751675127;97;0,102408521;Axolotl;Ambystoma mexicanum;-0,417774198;19;DAZAP1;1425903;0,676112217;hg38
3887;cg02259423;;1870;0;0;EnhWk4;0,0429491;0,676160042;0,751675127;97;0,102408581;Axolotl;Ambystoma mexicanum;0,417708794;3;LINC01995;182596952;0,676160042;hg38
3888;cg09834361;;1871;0;0;EnhWk4;0,042934797;0,676261854;0,751675127;97;0,102408707;Axolotl;Ambystoma mexicanum;0,417569563;10;LINC02667;128695825;0,676261854;hg38
3889;cg09033273;;1872;0;0;TxEx3;0,042933251;0,676272865;0,751675127;97;0,10240872;Axolotl;Ambystoma mexicanum;0,417554506;17;TANC2;63421497;0,676272865;hg38
3890;cg00992842;;1873;0;0;Tx8;0,042932905;0,676275327;0,751675127;97;0,102408723;Axolotl;Ambystoma mexicanum;0,417551139;7;GLCCI1;8084968;0,676275327;hg38
3891;cg07258300;2018;;0;0;BivProm3;-0,04291503;0,676402578;0,751675127;97;0,102408881;Axolotl;Ambystoma mexicanum;-0,417377133;2;CYP27C1;127206014;0,676402578;hg38
3892;cg02708939;2019;;0;0;EnhA17;-0,042888457;0,676591766;0,751675127;97;0,102409115;Axolotl;Ambystoma mexicanum;-0,417118456;8;LOC102724710;92505211;0,676591766;hg38
3893;cg09549756;;1874;0;0;Acet3;0,042886117;0,67660843;0,751675127;97;0,102409135;Axolotl;Ambystoma mexicanum;0,417095673;2;UNC80;209894195;0,67660843;hg38
3894;cg20183886;2020;;0;0;TxWk1;-0,042799787;0,677223203;0,751675127;97;0,102409894;Axolotl;Ambystoma mexicanum;-0,416255293;5;MEF2C-AS2;88718438;0,677223203;hg38
3895;cg18265711;;1875;0;0;TxEx1;0,042799365;0,677226211;0,751675127;97;0,102409898;Axolotl;Ambystoma mexicanum;0,416251181;2;LRPPRC;43905829;0,677226211;hg38
3896;cg10763467;;1876;1;1;ReprPC1;0,042781487;0,67735355;0,751675127;97;0,102410055;Axolotl;Ambystoma mexicanum;0,41607715;2;EVX2;176075710;0,67735355;hg38
3897;cg15369693;;1877;0;0;EnhA10;0,042764178;0,677476851;0,751675127;97;0,102410207;Axolotl;Ambystoma mexicanum;0,415908648;3;FOXP1;71228548;0,677476851;hg38
3898;cg26304840;2021;;0;0;Tx3;-0,042763987;0,677478206;0,751675127;97;0,102410209;Axolotl;Ambystoma mexicanum;-0,415906797;10;BTRC;101451839;0,677478206;hg38
3899;cg07806359;2022;;0;0;EnhA17;-0,042760578;0,677502489;0,751675127;97;0,102410238;Axolotl;Ambystoma mexicanum;-0,415873613;2;NRXN1;50529627;0,677502489;hg38
3900;cg22189511;2023;;0;0;Quies1;-0,042680491;0,67807309;0,752112225;97;0,10241094;Axolotl;Ambystoma mexicanum;-0,415094003;1;LINC02790;96008444;0,67807309;hg38
3901;cg15769970;;1878;0;0;TxEnh5;0,042623555;0,678478854;0,752112225;97;0,102411439;Axolotl;Ambystoma mexicanum;0,414539761;8;RUNX1T1;92005153;0,678478854;hg38
3902;cg03199779;;1879;0;1;BivProm2;0,042602051;0,678632132;0,752112225;97;0,102411627;Axolotl;Ambystoma mexicanum;0,414330429;13;SOX1-OT;112104098;0,678632132;hg38
3903;cg10403192;;1880;0;0;TxEx2;0,042578261;0,678801721;0,752112225;97;0,102411835;Axolotl;Ambystoma mexicanum;0,414098841;16;DHX38;72107757;0,678801721;hg38
3904;cg06648649;;1881;0;0;TxEx1;0,042532763;0,679126091;0,752112225;97;0,102412232;Axolotl;Ambystoma mexicanum;0,413655952;21;PAXBP1;32755301;0,679126091;hg38
3905;cg00871526;;1882;0;0;EnhA5;0,042510094;0,679287728;0,752112225;97;0,10241243;Axolotl;Ambystoma mexicanum;0,413435285;15;C15orf41;36658470;0,679287728;hg38
3906;cg00540706;;1883;0;0;Tx8;0,042497615;0,679376717;0,752112225;97;0,102412539;Axolotl;Ambystoma mexicanum;0,413313804;3;MECOM;169116685;0,679376717;hg38
3907;cg27123709;;1884;0;1;ReprPC1;0,042484882;0,679467518;0,752112225;97;0,10241265;Axolotl;Ambystoma mexicanum;0,413189859;4;PHOX2B;41749250;0,679467518;hg38
3908;cg22872620;;1885;0;0;EnhWk4;0,042452543;0,679698154;0,752112225;97;0,102412931;Axolotl;Ambystoma mexicanum;0,412875061;3;FOXP1;70822762;0,679698154;hg38
3909;cg10487093;;1886;0;1;PromF5;0,042416508;0,679955185;0,752112225;97;0,102413245;Axolotl;Ambystoma mexicanum;0,412524284;15;TPM1;63042823;0,679955185;hg38
3910;cg25716835;;1887;0;0;Tx5;0,042414763;0,679967633;0,752112225;97;0,10241326;Axolotl;Ambystoma mexicanum;0,412507297;8;RUNX1T1;91991806;0,679967633;hg38
3911;cg19379020;2024;;0;0;Tx6;-0,042360625;0,680353861;0,752112225;97;0,102413731;Axolotl;Ambystoma mexicanum;-0,411980302;2;INPP4A;98587486;0,680353861;hg38
3912;cg13715498;;1888;0;0;ReprPC2;0,042350286;0,680427635;0,752112225;97;0,102413821;Axolotl;Ambystoma mexicanum;0,411879653;17;LHX1-DT;36809497;0,680427635;hg38
3913;cg04515429;;1889;0;0;TxWk1;0,042341592;0,680489666;0,752112225;97;0,102413897;Axolotl;Ambystoma mexicanum;0,411795028;2;AGAP1;235810939;0,680489666;hg38
3914;cg26187138;2025;;0;0;TxEnh4;-0,042306165;0,68074247;0,752112225;97;0,102414204;Axolotl;Ambystoma mexicanum;-0,411450173;12;C2CD5;22519110;0,68074247;hg38
3915;cg17143801;2026;;0;0;Quies3;-0,042298515;0,68079707;0,752112225;97;0,102414271;Axolotl;Ambystoma mexicanum;-0,411375698;10;MGMT;129648217;0,68079707;hg38
3916;cg00782708;;1890;0;0;EnhA17;0,042286746;0,680881059;0,752112225;97;0,102414373;Axolotl;Ambystoma mexicanum;0,411261143;2;CAMKMT;44706139;0,680881059;hg38
3917;cg15626013;;1891;0;0;BivProm4;0,042266437;0,681026011;0,752112225;97;0,102414549;Axolotl;Ambystoma mexicanum;0,411063448;2;LINC01876;155547142;0,681026011;hg38
3918;cg25334215;;1892;0;0;TxEx1;0,042237273;0,681234186;0,752150107;97;0,102414802;Axolotl;Ambystoma mexicanum;0,410779556;11;CSTF3;33141740;0,681234186;hg38
3919;cg20950377;2027;;0;1;BivProm2;-0,042152157;0,681841874;0,752385555;97;0,102415539;Axolotl;Ambystoma mexicanum;-0,409951025;5;EBF1;159097113;0,681841874;hg38
3920;cg12501356;2028;;0;0;EnhWk3;-0,042147724;0,681873531;0,752385555;97;0,102415577;Axolotl;Ambystoma mexicanum;-0,409907872;11;FAT3;92765521;0,681873531;hg38
3921;cg22424741;;1893;0;0;EnhWk4;0,042123799;0,682044388;0,752385555;97;0,102415784;Axolotl;Ambystoma mexicanum;0,409674978;8;LINC00251;65239010;0,682044388;hg38
3922;cg02657725;;1894;0;0;EnhWk4;0,042109971;0,682143144;0,752385555;97;0,102415904;Axolotl;Ambystoma mexicanum;0,409540374;12;CUX2;111214236;0,682143144;hg38
3923;cg24511235;2029;;0;0;EnhWk4;-0,042039269;0,682648164;0,752583258;97;0,102416514;Axolotl;Ambystoma mexicanum;-0,408852153;14;AKAP6;32649218;0,682648164;hg38
3924;cg03436411;;1895;0;0;Acet2;0,04201148;0,682846694;0,752583258;97;0,102416754;Axolotl;Ambystoma mexicanum;0,408581657;15;LINC02490;53252055;0,682846694;hg38
3925;cg04240809;2030;;0;0;EnhA17;-0,041974837;0,683108519;0,752583258;97;0,102417069;Axolotl;Ambystoma mexicanum;-0,408224968;3;SOX2-OT;181610325;0,683108519;hg38
3926;cg20306303;;1896;0;0;ReprPC2;0,041962383;0,68319751;0,752583258;97;0,102417177;Axolotl;Ambystoma mexicanum;0,408103745;13;OBI1-AS1;78588717;0,68319751;hg38
3927;cg10858898;;1897;0;0;TxEnh4;0,041962196;0,683198847;0,752583258;97;0,102417178;Axolotl;Ambystoma mexicanum;0,408101925;17;THRA;40089354;0,683198847;hg38
3928;cg05204560;2031;;0;0;EnhWk1;-0,041938775;0,683366228;0,752583258;97;0,10241738;Axolotl;Ambystoma mexicanum;-0,407873937;8;LOC102724874;77402223;0,683366228;hg38
3929;cg02791084;;1898;0;0;EnhWk4;0,041834281;0,684113171;0,752965909;97;0,102418278;Axolotl;Ambystoma mexicanum;0,406856793;9;PBX3;126057514;0,684113171;hg38
3930;cg22701693;;1899;0;1;BivProm2;0,041822388;0,684198202;0,752965909;97;0,10241838;Axolotl;Ambystoma mexicanum;0,40674103;9;GAS1;86903075;0,684198202;hg38
3931;cg20052563;2032;;0;0;BivProm4;-0,04181712;0,68423587;0,752965909;97;0,102418425;Axolotl;Ambystoma mexicanum;-0,40668975;18;TCF4;55422918;0,68423587;hg38
3932;cg23888549;;1900;0;0;Acet3;0,041745672;0,684746804;0,753030124;97;0,102419038;Axolotl;Ambystoma mexicanum;0,405994278;2;ARHGAP15;143792759;0,684746804;hg38
3933;cg26604061;;1901;0;0;TxEx1;0,041729299;0,684863911;0,753030124;97;0,102419178;Axolotl;Ambystoma mexicanum;0,405834903;4;HNRNPDL;82425594;0,684863911;hg38
3934;cg12112459;2033;;0;1;PromF3;-0,041712765;0,684982173;0,753030124;97;0,10241932;Axolotl;Ambystoma mexicanum;-0,405673967;5;PURA;140114901;0,684982173;hg38
3935;cg14070880;;1902;0;0;Tx5;0,041695036;0,685108995;0,753030124;97;0,102419471;Axolotl;Ambystoma mexicanum;0,405501392;8;ZFHX4;76704992;0,685108995;hg38
3936;cg11452666;;1903;0;0;EnhA2;0,041687262;0,685164606;0,753030124;97;0,102419538;Axolotl;Ambystoma mexicanum;0,405425723;8;ZFPM2-AS1;105661937;0,685164606;hg38
3937;cg24185526;2034;;0;0;EnhA17;-0,041619878;0,68564672;0,75315174;97;0,102420114;Axolotl;Ambystoma mexicanum;-0,404769813;16;WWOX;78196565;0,68564672;hg38
3938;cg21589872;2035;;0;0;TxEx4;-0,041616984;0,685667424;0,75315174;97;0,102420138;Axolotl;Ambystoma mexicanum;-0,404741649;2;CLK1;200860205;0,685667424;hg38
3939;cg01432400;;1904;0;0;ReprPC3;0,041568147;0,686016922;0,75315174;97;0,102420555;Axolotl;Ambystoma mexicanum;0,404266276;14;LINC02299;96738619;0,686016922;hg38
3940;cg19079350;2036;;0;0;Acet2;-0,041543167;0,686195713;0,75315174;97;0,102420768;Axolotl;Ambystoma mexicanum;-0,404023127;13;PCCA;100257645;0,686195713;hg38
3941;cg17696652;2037;;0;0;TxWk1;-0,041505585;0,686464736;0,75315174;97;0,102421089;Axolotl;Ambystoma mexicanum;-0,40365731;4;LCORL;17885141;0,686464736;hg38
3942;cg06610975;;1905;0;0;TxEnh5;0,041451064;0,686855077;0,75315174;97;0,102421553;Axolotl;Ambystoma mexicanum;0,403126622;2;LOC100132215;63013662;0,686855077;hg38
3943;cg18065257;;1906;0;0;TxEx2;0,04142314;0,687055033;0,75315174;97;0,10242179;Axolotl;Ambystoma mexicanum;0,402854816;1;MFN2;11996158;0,687055033;hg38
3944;cg20891967;2038;;0;0;Tx7;-0,041414393;0,687117671;0,75315174;97;0,102421864;Axolotl;Ambystoma mexicanum;-0,402769676;2;KIAA1841;61077044;0,687117671;hg38
3945;cg08573313;;1907;0;0;TSS1;0,041409664;0,687151539;0,75315174;97;0,102421905;Axolotl;Ambystoma mexicanum;0,402723643;7;CASD1;94510057;0,687151539;hg38
3946;cg20010444;;1908;0;0;BivProm2;0,041406883;0,687171457;0,75315174;97;0,102421928;Axolotl;Ambystoma mexicanum;0,402696571;4;NKX1-1;1521643;0,687171457;hg38
3947;cg26021945;;1909;0;0;TxEnh2;0,041399809;0,687222115;0,75315174;97;0,102421988;Axolotl;Ambystoma mexicanum;0,402627719;20;RBM12;35659032;0,687222115;hg38
3948;cg17086562;2039;;0;0;Quies1;-0,041359177;0,687513132;0,75315174;97;0,102422333;Axolotl;Ambystoma mexicanum;-0,40223222;16;WWOX;78855229;0,687513132;hg38
3949;cg04448212;;1910;0;0;EnhA5;0,041339152;0,687656573;0,75315174;97;0,102422503;Axolotl;Ambystoma mexicanum;0,402037304;7;FOXP2;114653940;0,687656573;hg38
3950;cg08395267;2040;;0;0;BivProm3;-0,041323244;0,687770532;0,75315174;97;0,102422638;Axolotl;Ambystoma mexicanum;-0,401882459;1;AIM2;159141658;0,687770532;hg38
3951;cg07964264;2041;;0;0;EnhA2;-0,041307011;0,687886828;0,75315174;97;0,102422776;Axolotl;Ambystoma mexicanum;-0,40172445;15;LINC00924;95464662;0,687886828;hg38
3952;cg11420834;2042;;0;0;Acet3;-0,041259319;0,688228538;0,753154696;97;0,10242318;Axolotl;Ambystoma mexicanum;-0,401260234;15;LINC00924;95497992;0,688228538;hg38
3953;cg11385236;2043;;0;0;EnhWk8;-0,041258035;0,688237739;0,753154696;97;0,102423191;Axolotl;Ambystoma mexicanum;-0,401247735;11;SOX6;16122041;0,688237739;hg38
3954;cg27228024;;1911;0;0;Quies3;0,041139323;0,689088577;0,753731162;97;0,102424194;Axolotl;Ambystoma mexicanum;0,400092244;15;SPATA8-AS1;96692939;0,689088577;hg38
3955;cg10122105;2044;;0;1;BivProm2;-0,04104824;0,689741653;0,753731162;97;0,102424962;Axolotl;Ambystoma mexicanum;-0,399205688;6;POU3F2;98836012;0,689741653;hg38
3956;cg11802088;2045;;0;0;EnhA15;-0,04104814;0,689742372;0,753731162;97;0,102424963;Axolotl;Ambystoma mexicanum;-0,399204712;1;RRP15;218255415;0,689742372;hg38
3957;cg04570692;;1912;0;0;EnhWk4;0,040960344;0,690372095;0,753731162;97;0,102425702;Axolotl;Ambystoma mexicanum;0,398350155;3;TBC1D5;17567553;0,690372095;hg38
3958;cg00847015;2046;;0;0;EnhWk5;-0,040956196;0,690401854;0,753731162;97;0,102425737;Axolotl;Ambystoma mexicanum;-0,398309777;7;SKAP2;26673396;0,690401854;hg38
3959;cg09080324;2047;;0;0;ReprPC2;-0,040899622;0,690807756;0,753731162;97;0,102426212;Axolotl;Ambystoma mexicanum;-0,397759117;4;NKX1-1;1415787;0,690807756;hg38
3960;cg00659574;;1913;0;0;ReprPC4;0,040734227;0,691994914;0,753731162;97;0,102427597;Axolotl;Ambystoma mexicanum;0,396149269;19;ZNF536;30820807;0,691994914;hg38
3961;cg16660996;;1914;0;0;TxEx2;0,040714553;0,69213618;0,753731162;97;0,102427761;Axolotl;Ambystoma mexicanum;0,395957773;4;ZNF827;145761366;0,69213618;hg38
3962;cg19381443;2048;;0;0;Tx4;-0,040702157;0,692225189;0,753731162;97;0,102427865;Axolotl;Ambystoma mexicanum;-0,395837122;9;PRRC2B;131430141;0,692225189;hg38
3963;cg21335694;2049;;0;0;TxWk2;-0,040678859;0,692392498;0,753731162;97;0,102428059;Axolotl;Ambystoma mexicanum;-0,395610354;13;DACH1;71489185;0,692392498;hg38
3964;cg04383679;;1915;0;0;BivProm4;0,040675536;0,692416362;0,753731162;97;0,102428087;Axolotl;Ambystoma mexicanum;0,395578011;1;ADGRL2;81804404;0,692416362;hg38
3965;cg10021193;2050;;0;0;ReprPC5;-0,040625274;0,692777355;0,753731162;97;0,102428506;Axolotl;Ambystoma mexicanum;-0,395088799;10;PAX2;100649882;0,692777355;hg38
3966;cg23565975;;1916;0;0;EnhWk7;0,04061972;0,692817248;0,753731162;97;0,102428553;Axolotl;Ambystoma mexicanum;0,395034743;14;KCNK10;88188008;0,692817248;hg38
3967;cg07289766;;1917;0;0;TxEx3;0,040595024;0,692994647;0,753731162;97;0,102428758;Axolotl;Ambystoma mexicanum;0,394794375;13;MBNL2;97346911;0,692994647;hg38
3968;cg08435008;;1918;0;0;Tx2;0,040562913;0,69322534;0,753731162;97;0,102429026;Axolotl;Ambystoma mexicanum;0,394481829;9;PTCH1;95485790;0,69322534;hg38
3969;cg18295902;2051;;0;0;TxEx3;-0,040546501;0,693343256;0,753731162;97;0,102429162;Axolotl;Ambystoma mexicanum;-0,39432209;2;LOC100132215;62996810;0,693343256;hg38
3970;cg24667723;2052;;0;0;TxEnh1;-0,0405437;0,693363387;0,753731162;97;0,102429186;Axolotl;Ambystoma mexicanum;-0,39429482;9;TLE1;81670120;0,693363387;hg38
3971;cg12150435;;1919;0;0;EnhA7;0,040523453;0,693508869;0,753731162;97;0,102429354;Axolotl;Ambystoma mexicanum;0,394097754;19;ATP1A3;41967294;0,693508869;hg38
3972;cg02770983;;1920;0;1;ReprPC1;0,040519136;0,693539889;0,753731162;97;0,10242939;Axolotl;Ambystoma mexicanum;0,394055737;11;PAX6;31800793;0,693539889;hg38
3973;cg00055619;2053;;0;0;BivProm2;-0,040492211;0,693733377;0,753731162;97;0,102429614;Axolotl;Ambystoma mexicanum;-0,393793672;23;ZIC3;137568943;0,693733377;hg38
3974;cg00405803;2054;;0;0;BivProm3;-0,040491017;0,693741956;0,753731162;97;0,102429624;Axolotl;Ambystoma mexicanum;-0,393782052;5;LINC00461;88656335;0,693741956;hg38
3975;cg23476546;2055;;0;0;TxEx1;-0,040409799;0,694325724;0,753731162;97;0,102430298;Axolotl;Ambystoma mexicanum;-0,392991548;1;ZNF326;90007463;0,694325724;hg38
3976;cg24145298;2056;;0;0;EnhWk8;-0,040408375;0,694335962;0,753731162;97;0,10243031;Axolotl;Ambystoma mexicanum;-0,392977686;6;LOC101927314;97915112;0,694335962;hg38
3977;cg19360686;;1921;0;0;ReprPC3;0,040374518;0,694579374;0,753731162;97;0,10243059;Axolotl;Ambystoma mexicanum;0,392648147;1;LINC02609;90828956;0,694579374;hg38
3978;cg03149156;;1922;0;0;BivProm2;0,040372276;0,69459549;0,753731162;97;0,102430609;Axolotl;Ambystoma mexicanum;0,39262633;20;LINC00237;21090558;0,69459549;hg38
3979;cg14454077;2057;;0;0;TxEx3;-0,04036854;0,694622349;0,753731162;97;0,10243064;Axolotl;Ambystoma mexicanum;-0,392589969;10;MXI1;110284942;0,694622349;hg38
3980;cg09606431;;1923;0;0;EnhWk3;0,04036079;0,694678071;0,753731162;97;0,102430704;Axolotl;Ambystoma mexicanum;0,392514539;7;SKAP2;26789852;0,694678071;hg38
3981;cg24657259;;1924;0;0;EnhA17;0,040345454;0,694788341;0,753731162;97;0,102430831;Axolotl;Ambystoma mexicanum;0,392365274;21;C21orf62-AS1;32918984;0,694788341;hg38
3982;cg12092528;2058;;0;0;ReprPC5;-0,040339662;0,694829995;0,753731162;97;0,102430879;Axolotl;Ambystoma mexicanum;-0,392308891;10;HIF1AN;100613032;0,694829995;hg38
3983;cg09568551;;1925;0;0;EnhA20;0,040326234;0,694926552;0,753731162;97;0,10243099;Axolotl;Ambystoma mexicanum;0,392178198;14;PRKD1;29216387;0,694926552;hg38
3984;cg08571140;;1926;0;0;EnhA5;0,040320035;0,694971126;0,753731162;97;0,102431041;Axolotl;Ambystoma mexicanum;0,392117868;7;HDAC9;18835539;0,694971126;hg38
3985;cg12956982;2059;;0;0;PromF4;-0,040301004;0,695107992;0,753731162;97;0,102431199;Axolotl;Ambystoma mexicanum;-0,391932631;3;MSL2;136195070;0,695107992;hg38
3986;cg01019608;;1927;0;0;EnhA13;0,040275862;0,69528881;0,753731162;97;0,102431407;Axolotl;Ambystoma mexicanum;0,391687929;9;LOC101927450;78857497;0,69528881;hg38
3987;cg16029936;;1928;0;0;BivProm1;0,040273043;0,695309086;0,753731162;97;0,10243143;Axolotl;Ambystoma mexicanum;0,39166049;20;LINC00237;21100029;0,695309086;hg38
3988;cg08354308;;1929;0;0;PromF4;0,040261185;0,695394379;0,753731162;97;0,102431528;Axolotl;Ambystoma mexicanum;0,391545073;6;SRF;43172122;0,695394379;hg38
3989;cg21532847;2060;;0;0;EnhWk8;-0,040253168;0,695452044;0,753731162;97;0,102431594;Axolotl;Ambystoma mexicanum;-0,391467045;1;ESRRG;216606336;0,695452044;hg38
3990;cg27244752;;1930;0;0;TxEnh1;0,040250068;0,695474342;0,753731162;97;0,10243162;Axolotl;Ambystoma mexicanum;0,391436872;9;PBX3;125762619;0,695474342;hg38
3991;cg24076142;;1931;0;0;Acet3;0,040246657;0,695498875;0,753731162;97;0,102431648;Axolotl;Ambystoma mexicanum;0,391403677;4;TENM3;182601081;0,695498875;hg38
3992;cg02971933;2061;;0;0;TxWk1;-0,040230175;0,695617436;0,753731162;97;0,102431784;Axolotl;Ambystoma mexicanum;-0,391243258;23;POLA1;24805507;0,695617436;hg38
3993;cg07221240;;1932;0;1;PromF4;0,040213965;0,695734054;0,753731162;97;0,102431918;Axolotl;Ambystoma mexicanum;0,391085478;6;SYNE1;152302024;0,695734054;hg38
3994;cg18465053;2062;;0;0;Quies3;-0,040168348;0,696062251;0,753765584;97;0,102432294;Axolotl;Ambystoma mexicanum;-0,390641493;18;NOL4;33957381;0,696062251;hg38
3995;cg10071691;2063;;0;1;ReprPC1;-0,040161112;0,69611432;0,753765584;97;0,102432354;Axolotl;Ambystoma mexicanum;-0,390571061;6;TFAP2D;50715119;0,69611432;hg38
3996;cg27470591;;1933;0;0;TxEx2;0,040080673;0,696693201;0,753986819;97;0,102433016;Axolotl;Ambystoma mexicanum;0,389788158;17;MBTD1;51192913;0,696693201;hg38
3997;cg00820579;;1934;0;0;EnhWk4;0,040034296;0,697027034;0,753986819;97;0,102433397;Axolotl;Ambystoma mexicanum;0,389336778;7;DYNC1I1;95813271;0,697027034;hg38
3998;cg06840251;2064;;0;1;PromF5;-0,039965713;0,697520821;0,753986819;97;0,10243396;Axolotl;Ambystoma mexicanum;-0,388669266;5;NR2F1-AS1;93585305;0,697520821;hg38
3999;cg13133438;;1935;0;0;TxEx1;0,0399473;0,697653417;0,753986819;97;0,102434111;Axolotl;Ambystoma mexicanum;0,388490049;5;SREK1;66158861;0,697653417;hg38
4000;cg22522751;2065;;0;0;TSS2;-0,03992671;0,697801692;0,753986819;97;0,10243428;Axolotl;Ambystoma mexicanum;-0,388289655;18;CELF4;37253839;0,697801692;hg38
4001;cg03073112;2066;;0;0;TxEx2;-0,03991573;0,697880773;0,753986819;97;0,10243437;Axolotl;Ambystoma mexicanum;-0,388182784;10;LCOR;96955471;0,697880773;hg38
4002;cg06484622;2067;;0;1;BivProm1;-0,039910549;0,697918086;0,753986819;97;0,102434412;Axolotl;Ambystoma mexicanum;-0,38813236;2;EN1;118843122;0,697918086;hg38
4003;cg22025436;2068;;0;0;EnhA19;-0,039909908;0,697922702;0,753986819;97;0,102434417;Axolotl;Ambystoma mexicanum;-0,388126122;10;CREM;35211264;0,697922702;hg38
4004;cg25609270;2069;;0;0;BivProm4;-0,039824187;0,69854018;0,753986819;97;0,102435119;Axolotl;Ambystoma mexicanum;-0,387291821;6;LOC101927314;97668810;0,69854018;hg38
4005;cg24760597;;1936;0;0;TxWk2;0,039787797;0,698802375;0,753986819;97;0,102435416;Axolotl;Ambystoma mexicanum;0,386937639;10;ANK3;60068728;0,698802375;hg38
4006;cg01393477;2070;;0;0;Quies2;-0,039743522;0,699121425;0,753986819;97;0,102435777;Axolotl;Ambystoma mexicanum;-0,386506722;8;LOC102724874;77731899;0,699121425;hg38
4007;cg05945291;;1937;0;1;PromF5;0,039686862;0,699529793;0,753986819;97;0,102436239;Axolotl;Ambystoma mexicanum;0,385955275;5;NR2F1-AS1;93583142;0,699529793;hg38
4008;cg10609096;;1938;0;0;TxEx2;0,03967155;0,699640167;0,753986819;97;0,102436363;Axolotl;Ambystoma mexicanum;0,385806249;3;ARMC8;138245202;0,699640167;hg38
4009;cg19694311;2071;;0;0;EnhA20;-0,039668635;0,699661185;0,753986819;97;0,102436387;Axolotl;Ambystoma mexicanum;-0,385777872;22;LOC110091768;26830967;0,699661185;hg38
4010;cg25476259;;1939;0;0;TxEnh7;0,039619003;0,700019001;0,753986819;97;0,102436791;Axolotl;Ambystoma mexicanum;0,385294817;2;ZEB2;144503408;0,700019001;hg38
4011;cg08836210;;1940;0;0;EnhA17;0,039607146;0,700104485;0,753986819;97;0,102436887;Axolotl;Ambystoma mexicanum;0,385179426;5;FAM172A;93891787;0,700104485;hg38
4012;cg08716112;2072;;0;0;TxEnh5;-0,039569942;0,700372757;0,753986819;97;0,10243719;Axolotl;Ambystoma mexicanum;-0,384817332;9;PTCH1;95477645;0,700372757;hg38
4013;cg20928877;2073;;0;0;ReprPC4;-0,039544717;0,700554672;0,753986819;97;0,102437394;Axolotl;Ambystoma mexicanum;-0,384571824;19;THEG5;31577090;0,700554672;hg38
4014;cg17173497;;1941;0;0;PromF5;0,03954395;0,700560207;0,753986819;97;0,102437401;Axolotl;Ambystoma mexicanum;0,384564356;4;LDB2;16898361;0,700560207;hg38
4015;cg27647480;2074;;0;0;EnhA17;-0,039523553;0,700707315;0,753986819;97;0,102437566;Axolotl;Ambystoma mexicanum;-0,38436584;1;RNF220;44536889;0,700707315;hg38
4016;cg15981352;;1942;0;0;EnhWk8;0,039494345;0,700917988;0,753986819;97;0,102437803;Axolotl;Ambystoma mexicanum;0,384081574;13;DACH1;72120689;0,700917988;hg38
4017;cg16884658;;1943;0;0;TxEnh5;0,039484698;0,700987579;0,753986819;97;0,102437881;Axolotl;Ambystoma mexicanum;0,38398768;2;BCL11A;60460688;0,700987579;hg38
4018;cg13028739;2075;;0;0;EnhA17;-0,039479564;0,701024611;0,753986819;97;0,102437923;Axolotl;Ambystoma mexicanum;-0,383937717;8;RUNX1T1;92273108;0,701024611;hg38
4019;cg06433155;2076;;0;0;ReprPC3;-0,039477232;0,701041432;0,753986819;97;0,102437941;Axolotl;Ambystoma mexicanum;-0,383915022;21;OLIG1;33095913;0,701041432;hg38
4020;cg25033393;;1944;0;0;BivProm1;0,039469297;0,701098673;0,753986819;97;0,102438006;Axolotl;Ambystoma mexicanum;0,383837796;1;PKN2-AS1;88462485;0,701098673;hg38
4021;cg17573879;;1945;0;0;TxEnh5;0,039443046;0,701288056;0,753986819;97;0,102438218;Axolotl;Ambystoma mexicanum;0,383582307;4;PPP3CA;101025998;0,701288056;hg38
4022;cg07224818;;1946;0;0;ReprPC7;0,039424974;0,701418448;0,753986819;97;0,102438364;Axolotl;Ambystoma mexicanum;0,383406415;9;PBX3;126058712;0,701418448;hg38
4023;cg08498064;;1947;0;0;TxEx1;0,039408467;0,70153755;0,753986819;97;0,102438498;Axolotl;Ambystoma mexicanum;0,383245762;16;CNOT1;58599360;0,70153755;hg38
4024;cg02930279;2077;;0;0;TxEx3;-0,039377936;0,701757862;0,753986819;97;0,102438745;Axolotl;Ambystoma mexicanum;-0,382948618;19;MCOLN1;7529688;0,701757862;hg38
4025;cg03637425;2078;;0;0;TxWk2;-0,039360283;0,701885255;0,753986819;97;0,102438887;Axolotl;Ambystoma mexicanum;-0,382776813;20;TSHZ2;53256459;0,701885255;hg38
4026;cg13764029;;1948;0;0;TxEnh4;0,039357739;0,701903616;0,753986819;97;0,102438908;Axolotl;Ambystoma mexicanum;0,382752052;10;LZTS2;101007034;0,701903616;hg38
4027;cg00902716;;1949;0;0;ReprPC7;0,039318341;0,702187973;0,753986819;97;0,102439226;Axolotl;Ambystoma mexicanum;0,382368606;21;CLDN14;36461493;0,702187973;hg38
4028;cg26425349;;1950;0;0;TxEx1;0,039277871;0,702480101;0,753986819;97;0,102439552;Axolotl;Ambystoma mexicanum;0,38197474;18;USP14;180305;0,702480101;hg38
4029;cg19166078;;1951;0;0;EnhA17;0,039271527;0,702525905;0,753986819;97;0,102439603;Axolotl;Ambystoma mexicanum;0,38191299;2;MRPS9;105081128;0,702525905;hg38
4030;cg11689958;2079;;0;0;TxEx3;-0,039267491;0,702555037;0,753986819;97;0,102439636;Axolotl;Ambystoma mexicanum;-0,381873717;4;ZNF827;145761452;0,702555037;hg38
4031;cg11899916;;1952;0;0;EnhA5;0,039262185;0,702593346;0,753986819;97;0,102439679;Axolotl;Ambystoma mexicanum;0,381822072;7;HDAC9;18846950;0,702593346;hg38
4032;cg24594294;;1953;0;0;TxEx2;0,039210932;0,702963395;0,754068344;97;0,102440091;Axolotl;Ambystoma mexicanum;0,381323261;17;LUC7L3;50751297;0,702963395;hg38
4033;cg11068685;2080;;0;0;TxEnh4;-0,039203378;0,703017947;0,754068344;97;0,102440152;Axolotl;Ambystoma mexicanum;-0,381249736;6;QKI;163570790;0,703017947;hg38
4034;cg05549807;;1954;0;0;TxEx1;0,039094357;0,703805343;0,754594526;97;0,102441028;Axolotl;Ambystoma mexicanum;0,380188705;1;RC3H1;173992909;0,703805343;hg38
4035;cg03919675;;1955;0;0;TxEx1;0,039065186;0,704016084;0,754594526;97;0,102441262;Axolotl;Ambystoma mexicanum;0,379904801;14;MIR6764;100277442;0,704016084;hg38
4036;cg21430924;2081;;0;0;EnhWk4;-0,039035664;0,704229381;0,754594526;97;0,102441498;Axolotl;Ambystoma mexicanum;-0,379617483;8;CYP7B1;64722907;0,704229381;hg38
4037;cg06078629;2082;;0;0;EnhA17;-0,039017567;0,704360138;0,754594526;97;0,102441643;Axolotl;Ambystoma mexicanum;-0,379441365;10;TCF7L2;113125861;0,704360138;hg38
4038;cg04186556;2083;;0;0;TxEnh5;-0,03895704;0,704797549;0,754594526;97;0,102442128;Axolotl;Ambystoma mexicanum;-0,378852297;3;MECOM;169121172;0,704797549;hg38
4039;cg20158292;2084;;0;0;TxEnh7;-0,038945833;0,704878552;0,754594526;97;0,102442217;Axolotl;Ambystoma mexicanum;-0,378743224;9;NFIB;14303652;0,704878552;hg38
4040;cg13143654;2085;;0;0;TxEx1;-0,03892783;0,705008674;0,754594526;97;0,102442361;Axolotl;Ambystoma mexicanum;-0,378568019;1;PUM1;31059335;0,705008674;hg38
4041;cg24787530;;1956;0;0;BivProm4;0,038920091;0,705064617;0,754594526;97;0,102442423;Axolotl;Ambystoma mexicanum;0,378492699;8;LINC00535;93495684;0,705064617;hg38
4042;cg15939697;;1957;0;1;BivProm4;0,038901635;0,705198028;0,754594526;97;0,10244257;Axolotl;Ambystoma mexicanum;0,378313082;1;RNF220;44524776;0,705198028;hg38
4043;cg20114360;2086;;0;0;TxWk2;-0,038894047;0,705252886;0,754594526;97;0,102442631;Axolotl;Ambystoma mexicanum;-0,378239229;5;AP3B1;78062851;0,705252886;hg38
4044;cg25467381;;1958;0;0;EnhWk2;0,038821877;0,705774681;0,754953899;97;0,102443206;Axolotl;Ambystoma mexicanum;0,377536856;19;NFIX;13090331;0,705774681;hg38
4045;cg25468783;;1959;0;0;TxEx3;0,038795335;0,705966613;0,754953899;97;0,102443417;Axolotl;Ambystoma mexicanum;0,377278548;7;AGAP3;151136533;0,705966613;hg38
4046;cg18301350;;1960;0;0;ReprPC3;0,038715047;0,706547319;0,754953899;97;0,102444056;Axolotl;Ambystoma mexicanum;0,37649717;10;HIF1AN;100613946;0,706547319;hg38
4047;cg09029989;;1961;0;0;EnhA17;0,038713886;0,706555718;0,754953899;97;0,102444065;Axolotl;Ambystoma mexicanum;0,37648587;4;ANAPC10;145043437;0,706555718;hg38
4048;cg24241736;2087;;0;0;EnhWk2;-0,03868727;0,706748264;0,754953899;97;0,102444277;Axolotl;Ambystoma mexicanum;-0,376226839;18;ZNF521;25168352;0,706748264;hg38
4049;cg01052585;2088;;0;1;BivProm1;-0,038682145;0,70678534;0,754953899;97;0,102444317;Axolotl;Ambystoma mexicanum;-0,376176963;14;TRIM9;51094243;0,70678534;hg38
4050;cg06412376;;1962;0;0;Quies2;0,038654047;0,706988628;0,754953899;97;0,10244454;Axolotl;Ambystoma mexicanum;0,375903515;6;ADGRB3;69338937;0,706988628;hg38
4051;cg23834309;;1963;0;0;ReprPC3;0,03864159;0,707078761;0,754953899;97;0,102444639;Axolotl;Ambystoma mexicanum;0,375782282;5;SLIT3;168844976;0,707078761;hg38
4052;cg19941852;2089;;0;0;Tx6;-0,038630439;0,70715945;0,754953899;97;0,102444727;Axolotl;Ambystoma mexicanum;-0,375673757;15;MEF2A;99671370;0,70715945;hg38
4053;cg08174781;;1964;0;0;EnhWk4;0,03859395;0,707423503;0,755049458;97;0,102445016;Axolotl;Ambystoma mexicanum;0,375318643;18;ZNF521;25176259;0,707423503;hg38
4054;cg11146440;;1965;0;0;TxEnh3;0,038550776;0,707735974;0,755196635;97;0,102445358;Axolotl;Ambystoma mexicanum;0,374898475;16;CBFB;67036682;0,707735974;hg38
4055;cg12774550;;1966;0;0;Tx7;0,038450381;0,708462774;0,755363185;97;0,102446151;Axolotl;Ambystoma mexicanum;0,373921428;20;CSNK2A1;497766;0,708462774;hg38
4056;cg11621446;;1967;0;0;Tx6;0,038446118;0,708493645;0,755363185;97;0,102446185;Axolotl;Ambystoma mexicanum;0,373879936;7;SEPTIN7;35883894;0,708493645;hg38
4057;cg27501104;2090;;0;0;ReprPC4;-0,038436857;0,708560703;0,755363185;97;0,102446258;Axolotl;Ambystoma mexicanum;-0,373789808;9;PRUNE2;76738539;0,708560703;hg38
4058;cg23526824;;1968;0;0;TxEnh4;0,038432739;0,708590519;0,755363185;97;0,10244629;Axolotl;Ambystoma mexicanum;0,373749735;17;THRA;40089289;0,708590519;hg38
4059;cg26441853;2091;;0;0;EnhA6;-0,038376033;0,709001178;0,755614747;97;0,102446737;Axolotl;Ambystoma mexicanum;-0,373197874;2;LINC01102;104431879;0,709001178;hg38
4060;cg23101882;;1969;0;0;EnhA2;0,038295749;0,70958273;0,756048268;97;0,102447369;Axolotl;Ambystoma mexicanum;0,372416555;3;LINC01206;182242208;0,70958273;hg38
4061;cg08802662;;1970;0;0;TxEx3;0,038241086;0,709978782;0,756283979;97;0,102447798;Axolotl;Ambystoma mexicanum;0,371884585;12;LRP6;12159023;0,709978782;hg38
4062;cg18987683;2092;;0;0;PromF4;-0,038163578;0,710540494;0,756695993;97;0,102448406;Axolotl;Ambystoma mexicanum;-0,371130286;3;KPNA4;160565270;0,710540494;hg38
4063;cg16903980;;1971;0;0;Tx7;0,038081965;0,711132119;0,757139654;97;0,102449044;Axolotl;Ambystoma mexicanum;0,370336046;3;SETD5;9468547;0,711132119;hg38
4064;cg17523323;;1972;0;0;EnhWk1;0,038016628;0,71160588;0,757457637;97;0,102449554;Axolotl;Ambystoma mexicanum;0,369700204;8;LOC102724874;77402205;0,71160588;hg38
4065;cg01505662;2093;;0;0;HET2;-0,037967394;0,711962955;0,75765129;97;0,102449938;Axolotl;Ambystoma mexicanum;-0,369221066;10;LINC02667;128709855;0,711962955;hg38
4066;cg25520784;2094;;0;0;Tx6;-0,037917517;0,71232475;0,757849869;97;0,102450326;Axolotl;Ambystoma mexicanum;-0,368735681;7;CUX1;102249638;0,71232475;hg38
4067;cg19891121;;1973;0;0;EnhA11;0,037824125;0,71300237;0,758070039;97;0,102451052;Axolotl;Ambystoma mexicanum;0,367826819;18;ZNF407;74637269;0,71300237;hg38
4068;cg22399544;2095;;0;0;Tx5;-0,037750664;0,713535533;0,758070039;97;0,102451622;Axolotl;Ambystoma mexicanum;-0,367111924;1;ADGRL2;81986947;0,713535533;hg38
4069;cg04929868;2096;;0;0;TxEx1;-0,037734566;0,713652385;0,758070039;97;0,102451746;Axolotl;Ambystoma mexicanum;-0,366955267;4;HNRNPDL;82425612;0,713652385;hg38
4070;cg01952154;;1974;0;0;EnhA16;0,037698911;0,713911224;0,758070039;97;0,102452022;Axolotl;Ambystoma mexicanum;0,36660829;16;FTO;54067491;0,713911224;hg38
4071;cg13026235;2097;;0;0;TxEx3;-0,037623315;0,714460127;0,758070039;97;0,102452607;Axolotl;Ambystoma mexicanum;-0,365872622;8;PTK2B;27431446;0,714460127;hg38
4072;cg24250511;2098;;0;0;PromF2;-0,037617255;0,714504131;0,758070039;97;0,102452653;Axolotl;Ambystoma mexicanum;-0,365813653;2;ZEB2;144510776;0,714504131;hg38
4073;cg04632369;2099;;0;0;Quies3;-0,037548222;0,715005518;0,758070039;97;0,102453186;Axolotl;Ambystoma mexicanum;-0,365141857;18;ZNF521;25147552;0,715005518;hg38
4074;cg11830277;2100;;0;0;ReprPC1;-0,037547309;0,715012148;0,758070039;97;0,102453193;Axolotl;Ambystoma mexicanum;-0,365132974;13;LINC00557;94966916;0,715012148;hg38
4075;cg24384497;2101;;0;0;ReprPC6;-0,037529067;0,715144659;0,758070039;97;0,102453333;Axolotl;Ambystoma mexicanum;-0,364955454;1;CACNA1E;181756974;0,715144659;hg38
4076;cg16978019;;1975;1;1;PromF5;0,037516964;0,715232584;0,758070039;97;0,102453426;Axolotl;Ambystoma mexicanum;0,36483767;10;SKIDA1;21517680;0,715232584;hg38
4077;cg10144148;2102;;0;1;ReprPC1;-0,037481371;0,715491169;0,758070039;97;0,1024537;Axolotl;Ambystoma mexicanum;-0,3644913;7;UNCX;1226421;0,715491169;hg38
4078;cg27482906;2103;;0;0;TxEx2,Tx7;-0,037459079;0,715653141;0,758070039;97;0,102453872;Axolotl;Ambystoma mexicanum;-0,364274364;12;ATP2B1;89591273;0,715653141;hg38
4079;cg00567001;2104;;0;0;ReprPC3;-0,037442996;0,715770001;0,758070039;97;0,102453995;Axolotl;Ambystoma mexicanum;-0,364117859;2;LINC01833;44841452;0,715770001;hg38
4080;cg25183962;;1976;0;0;EnhWk4;0,037433644;0,715837963;0,758070039;97;0,102454067;Axolotl;Ambystoma mexicanum;0,364026845;15;LINC00923;97749205;0,715837963;hg38
4081;cg07636454;2105;;0;0;EnhA17;-0,037430141;0,715863417;0,758070039;97;0,102454094;Axolotl;Ambystoma mexicanum;-0,363992758;4;LOC101928978;84325109;0,715863417;hg38
4082;cg03479969;;1977;0;0;EnhA18;0,03742772;0,715881007;0,758070039;97;0,102454113;Axolotl;Ambystoma mexicanum;0,363969202;6;TFAP2D;50591459;0,715881007;hg38
4083;cg13710507;2106;;0;0;TxEnh8;-0,037405049;0,716045768;0,758070039;97;0,102454287;Axolotl;Ambystoma mexicanum;-0,363748574;6;ARID1B;157150777;0,716045768;hg38
4084;cg15104569;;1978;0;0;ReprPC4;0,037404137;0,716052394;0,758070039;97;0,102454294;Axolotl;Ambystoma mexicanum;0,363739701;2;MTX2;176370970;0,716052394;hg38
4085;cg21885075;;1979;0;0;EnhWk8;0,037390072;0,716154613;0,758070039;97;0,102454402;Axolotl;Ambystoma mexicanum;0,36360283;11;GRIA4;105965938;0,716154613;hg38
4086;cg03036119;2107;;0;0;TxWk2;-0,037375562;0,716260073;0,758070039;97;0,102454513;Axolotl;Ambystoma mexicanum;-0,363461627;2;NEB;151663807;0,716260073;hg38
4087;cg17134427;;1980;0;0;TxEx2;0,037335217;0,71655333;0,758070039;97;0,102454822;Axolotl;Ambystoma mexicanum;0,363069015;5;ZFR;32390435;0,71655333;hg38
4088;cg07013496;;1981;0;0;HET2;0,037316661;0,716688225;0,758070039;97;0,102454964;Axolotl;Ambystoma mexicanum;0,362888436;18;LINC01029;78430332;0,716688225;hg38
4089;cg19478583;2108;;0;0;EnhA11;-0,037277465;0,716973183;0,758070039;97;0,102455264;Axolotl;Ambystoma mexicanum;-0,362507014;15;SPATA8-AS1;96728196;0,716973183;hg38
4090;cg01013124;2109;;0;1;BivProm3;-0,037238638;0,717255502;0,758070039;97;0,102455561;Axolotl;Ambystoma mexicanum;-0,362129176;9;MIR4475;36819122;0,717255502;hg38
4091;cg01291262;;1982;0;0;TxWk1;0,037212423;0,71744614;0,758070039;97;0,102455761;Axolotl;Ambystoma mexicanum;0,361874066;4;GRIA2;157361565;0,71744614;hg38
4092;cg15987146;;1983;1;0;TxEx3;0,0372081;0,717477579;0,758070039;97;0,102455794;Axolotl;Ambystoma mexicanum;0,361831998;11;LRP4;46886491;0,717477579;hg38
4093;cg04411283;;1984;0;0;TxEx4;0,03719865;0,717546307;0,758070039;97;0,102455867;Axolotl;Ambystoma mexicanum;0,361740035;14;SRSF5;69769800;0,717546307;hg38
4094;cg09610373;2110;;0;0;TxEnh5;-0,037164949;0,717791419;0,758070039;97;0,102456124;Axolotl;Ambystoma mexicanum;-0,36141208;23;EFNB1;68838813;0,717791419;hg38
4095;cg07080569;2111;;0;0;TxEnh7;-0,037150678;0,71789522;0,758070039;97;0,102456232;Axolotl;Ambystoma mexicanum;-0,361273208;9;PBX3;125843828;0,71789522;hg38
4096;cg03925018;2112;;0;0;EnhWk4;-0,037139965;0,717973147;0,758070039;97;0,102456314;Axolotl;Ambystoma mexicanum;-0,361168957;7;EXOC4;133501969;0,717973147;hg38
4097;cg10860834;2113;;0;0;EnhWk3;-0,037136026;0,718001802;0,758070039;97;0,102456344;Axolotl;Ambystoma mexicanum;-0,361130623;2;MEIS1;66522834;0,718001802;hg38
4098;cg19898504;2114;;0;0;Quies1;-0,037117108;0,718139421;0,758070039;97;0,102456488;Axolotl;Ambystoma mexicanum;-0,360946528;3;SOX14;137406950;0,718139421;hg38
4099;cg09622673;2115;;0;0;Tx3;-0,037080468;0,718405986;0,758071602;97;0,102456767;Axolotl;Ambystoma mexicanum;-0,360589973;10;BTRC;101452071;0,718405986;hg38
4100;cg12451099;;1985;0;1;BivProm2;0,037056519;0,718580236;0,758071602;97;0,102456949;Axolotl;Ambystoma mexicanum;0,360356923;20;SLC32A1;38727823;0,718580236;hg38
4101;cg24774179;;1986;0;1;BivProm2;0,036962803;0,719262246;0,758071602;97;0,102457661;Axolotl;Ambystoma mexicanum;0,359444959;2;HOXD3;176157306;0,719262246;hg38
4102;cg08682946;2116;;0;0;EnhWk2;-0,036914068;0,719617002;0,758071602;97;0,10245803;Axolotl;Ambystoma mexicanum;-0,358970709;1;PRDM16;3169997;0,719617002;hg38
4103;cg17848875;2117;;0;0;Tx7;-0,036892034;0,719777414;0,758071602;97;0,102458197;Axolotl;Ambystoma mexicanum;-0,35875629;17;STRADA;63726694;0,719777414;hg38
4104;cg14799760.2;;1987;0;0;TxEnh4;0,036880081;0,719864436;0,758071602;97;0,102458288;Axolotl;Ambystoma mexicanum;0,358639977;19;DAZAP1;1425868;0,719864436;hg38
4105;cg07562874;;1988;0;0;EnhA17;0,036873896;0,719909467;0,758071602;97;0,102458335;Axolotl;Ambystoma mexicanum;0,358579791;13;DACH1;71831922;0,719909467;hg38
4106;cg12464059;;1989;0;0;EnhA17;0,036851069;0,720075676;0,758071602;97;0,102458507;Axolotl;Ambystoma mexicanum;0,358357656;10;LRMDA;75967636;0,720075676;hg38
4107;cg07601141;2118;;0;1;BivProm1;-0,036840941;0,720149422;0,758071602;97;0,102458584;Axolotl;Ambystoma mexicanum;-0,358259101;1;MIR137HG;98046153;0,720149422;hg38
4108;cg08382491;2119;;0;1;TSS1;-0,036766385;0,720692383;0,758071602;97;0,102459147;Axolotl;Ambystoma mexicanum;-0,357533592;1;BCAR3;93847634;0,720692383;hg38
4109;cg22766890;2120;;0;0;TSS1;-0,036738556;0,720895086;0,758071602;97;0,102459357;Axolotl;Ambystoma mexicanum;-0,357262787;11;WNT11;76235834;0,720895086;hg38
4110;cg16831375;;1990;0;0;TxEx2;0,036736048;0,720913354;0,758071602;97;0,102459376;Axolotl;Ambystoma mexicanum;0,357238383;2;ATL2;38298358;0,720913354;hg38
4111;cg03932441;;1991;0;0;BivProm2;0,036640288;0,721611016;0,758071602;97;0,102460097;Axolotl;Ambystoma mexicanum;0,356306535;10;PAX2;100655540;0,721611016;hg38
4112;cg00414520;2121;;0;0;BivProm2;-0,036637649;0,721630242;0,758071602;97;0,102460116;Axolotl;Ambystoma mexicanum;-0,35628086;3;SOX2-OT;181710447;0,721630242;hg38
4113;cg13427075;;1992;0;0;Acet7;0,036587081;0,721998746;0,758071602;97;0,102460496;Axolotl;Ambystoma mexicanum;0,355788788;6;RUNX2;45590946;0,721998746;hg38
4114;cg26161880;2122;;0;1;BivProm2;-0,03656609;0,722151735;0,758071602;97;0,102460654;Axolotl;Ambystoma mexicanum;-0,355584524;5;LOC101929154;77972293;0,722151735;hg38
4115;cg05867960;;1993;0;0;TSS1;0,036482877;0,722758321;0,758071602;97;0,102461277;Axolotl;Ambystoma mexicanum;0,354774783;13;ING1;110713710;0,722758321;hg38
4116;cg03303633;;1994;0;0;TxEnh1;0,036475161;0,722814574;0,758071602;97;0,102461335;Axolotl;Ambystoma mexicanum;0,354699702;2;ZEB2;144439405;0,722814574;hg38
4117;cg05650111;2123;;0;1;BivProm2;-0,036473298;0,722828157;0,758071602;97;0,102461349;Axolotl;Ambystoma mexicanum;-0,354681573;13;SOX1-OT;112104139;0,722828157;hg38
4118;cg02215504;2124;;0;0;EnhA11;-0,036453358;0,722973546;0,758071602;97;0,102461498;Axolotl;Ambystoma mexicanum;-0,354487532;5;TENM2;168111000;0,722973546;hg38
4119;cg24582152;;1995;0;0;EnhA3;0,036444081;0,723041189;0,758071602;97;0,102461568;Axolotl;Ambystoma mexicanum;0,354397258;18;ZNF407;74797310;0,723041189;hg38
4120;cg27037659;2125;;0;0;HET2;-0,03639342;0,723410611;0,758071602;97;0,102461946;Axolotl;Ambystoma mexicanum;-0,353904291;18;MIR4527HG;47334023;0,723410611;hg38
4121;cg06026845;2126;;0;0;TxEnh1;-0,036392614;0,723416495;0,758071602;97;0,102461952;Axolotl;Ambystoma mexicanum;-0,35389644;8;ZFHX4;76699984;0,723416495;hg38
4122;cg04069552;2127;;0;0;ReprPC3;-0,036368525;0,723592175;0,758071602;97;0,102462132;Axolotl;Ambystoma mexicanum;-0,353662039;10;SLF2;100864712;0,723592175;hg38
4123;cg07889054;;1996;0;0;TxEx3;0,036362461;0,723636402;0,758071602;97;0,102462177;Axolotl;Ambystoma mexicanum;0,353603031;1;LRRC8D;89933120;0,723636402;hg38
4124;cg01428642;;1997;0;0;BivProm3;0,036342772;0,723780014;0,758071602;97;0,102462324;Axolotl;Ambystoma mexicanum;0,353411436;12;MGST1;16600793;0,723780014;hg38
4125;cg14792969;;1998;0;0;EnhA17;0,036338245;0,723813028;0,758071602;97;0,102462358;Axolotl;Ambystoma mexicanum;0,353367392;3;RSRC1;158272247;0,723813028;hg38
4126;cg19360170;;1999;0;0;Quies1;0,036283383;0,724213239;0,758071602;97;0,102462767;Axolotl;Ambystoma mexicanum;0,352833538;14;LRFN5;41887958;0,724213239;hg38
4127;cg08697532;2128;;0;0;Tx3;-0,036276561;0,724263013;0,758071602;97;0,102462818;Axolotl;Ambystoma mexicanum;-0,35276715;9;PBX3;125856518;0,724263013;hg38
4128;cg03768031;2129;;0;0;EnhWk4;-0,036272519;0,724292501;0,758071602;97;0,102462848;Axolotl;Ambystoma mexicanum;-0,35272782;19;LINC01533;31962177;0,724292501;hg38
4129;cg08571946;2130;;0;0;EnhA6;-0,036261824;0,724370531;0,758071602;97;0,102462927;Axolotl;Ambystoma mexicanum;-0,352623749;2;FIGN;163944570;0,724370531;hg38
4130;cg06637343;;2000;0;0;TxEx1;0,036209815;0,724750022;0,758071602;97;0,102463314;Axolotl;Ambystoma mexicanum;0,352117664;1;PRPF38B;108698016;0,724750022;hg38
4131;cg01537733;;2001;0;0;EnhWk8;0,03619001;0,724894548;0,758071602;97;0,102463461;Axolotl;Ambystoma mexicanum;0,351924948;2;PABPC1P2;146041502;0,724894548;hg38
4132;cg02551294;;2002;0;0;ReprPC3;0,036172393;0,725023119;0,758071602;97;0,102463592;Axolotl;Ambystoma mexicanum;0,351753521;1;LINC01739;62999399;0,725023119;hg38
4133;cg22157271;2131;;0;0;HET2;-0,036149338;0,725191388;0,758071602;97;0,102463763;Axolotl;Ambystoma mexicanum;-0,351529176;19;LINC01533;32011825;0,725191388;hg38
4134;cg14728698;2132;;0;0;Quies1;-0,036126401;0,725358804;0,758071602;97;0,102463933;Axolotl;Ambystoma mexicanum;-0,351305987;3;SOX14;137406886;0,725358804;hg38
4135;cg08875759;;2003;0;0;ReprPC4;0,036084886;0,725661864;0,758071602;97;0,102464241;Axolotl;Ambystoma mexicanum;0,350902009;18;ONECUT2;57484334;0,725661864;hg38
4136;cg08826760;2133;;0;0;TxEnh1;-0,036015977;0,726164979;0,758071602;97;0,10246475;Axolotl;Ambystoma mexicanum;-0,350231486;2;OLA1;174177006;0,726164979;hg38
4137;cg15395168;;2004;0;0;EnhWk4;0,035989584;0,726357718;0,758071602;97;0,102464945;Axolotl;Ambystoma mexicanum;0,349974656;23;GRIA3;123480090;0,726357718;hg38
4138;cg16589174;2134;;0;0;Acet3;-0,035929114;0,726799356;0,758071602;97;0,102465392;Axolotl;Ambystoma mexicanum;-0,349386248;1;DAB1;57290988;0,726799356;hg38
4139;cg13590730;;2005;0;0;PromF5;0,035875628;0,72719006;0,758071602;97;0,102465786;Axolotl;Ambystoma mexicanum;0,348865802;10;ZNF503-AS1;75295545;0,72719006;hg38
4140;cg12351585;2135;;0;0;EnhA4;-0,035871804;0,727217998;0,758071602;97;0,102465814;Axolotl;Ambystoma mexicanum;-0,348828591;7;HDAC9;18770620;0,727217998;hg38
4141;cg00117955;;2006;0;0;TxEx3;0,035855474;0,727337305;0,758071602;97;0,102465934;Axolotl;Ambystoma mexicanum;0,348669685;4;APBB2;40816114;0,727337305;hg38
4142;cg14767971;;2007;0;0;ReprPC3;0,035848766;0,72738631;0,758071602;97;0,102465983;Axolotl;Ambystoma mexicanum;0,348604418;2;LINC01122;58767936;0,72738631;hg38
4143;cg13285426;2136;;0;0;EnhA17;-0,035843695;0,727423362;0,758071602;97;0,102466021;Axolotl;Ambystoma mexicanum;-0,348555072;10;CPEB3;92091835;0,727423362;hg38
4144;cg09998077;2137;;0;0;EnhWk8;-0,035837573;0,727468091;0,758071602;97;0,102466066;Axolotl;Ambystoma mexicanum;-0,348495502;3;SOX2-OT;181174692;0,727468091;hg38
4145;cg10429476;2138;;0;0;TxWk1;-0,035765149;0,727997316;0,758071602;97;0,102466598;Axolotl;Ambystoma mexicanum;-0,347790778;17;ITGB3;47284472;0,727997316;hg38
4146;cg07995570;2139;;0;1;BivProm2;-0,03575498;0,728071638;0,758071602;97;0,102466672;Axolotl;Ambystoma mexicanum;-0,347691823;1;BARHL2;90726468;0,728071638;hg38
4147;cg12085679;;2008;0;0;EnhWk1;0,035746595;0,728132916;0,758071602;97;0,102466734;Axolotl;Ambystoma mexicanum;0,347610238;1;ITGB3BP;63449116;0,728132916;hg38
4148;cg05767211;;2009;0;0;TSS1;0,035737657;0,728198243;0,758071602;97;0,102466799;Axolotl;Ambystoma mexicanum;0,347523266;18;TCF4;55321744;0,728198243;hg38
4149;cg24271875;2140;;0;0;TxEnh8;-0,03573653;0,728206481;0,758071602;97;0,102466808;Axolotl;Ambystoma mexicanum;-0,347512298;2;ZEB2;144404058;0,728206481;hg38
4150;cg04415268;2141;;0;0;Tx8;-0,035732231;0,728237898;0,758071602;97;0,102466839;Axolotl;Ambystoma mexicanum;-0,347470472;3;PTPRG-AS1;62277620;0,728237898;hg38
4151;cg04900296;;2010;0;0;TxEx2;0,03572693;0,728276645;0,758071602;97;0,102466878;Axolotl;Ambystoma mexicanum;0,347418889;11;SIK2;111705044;0,728276645;hg38
4152;cg22368918;;2011;0;0;ReprPC7;0,035695411;0,728507036;0,758071602;97;0,102467109;Axolotl;Ambystoma mexicanum;0,34711219;12;CUX2;111310577;0,728507036;hg38
4153;cg05822075;;2012;0;0;EnhA17;0,035668295;0,728705258;0,758071602;97;0,102467307;Axolotl;Ambystoma mexicanum;0,346848341;16;WWOX;78278280;0,728705258;hg38
4154;cg13528652;2142;;0;0;TxEx1;-0,035660038;0,728765625;0,758071602;97;0,102467368;Axolotl;Ambystoma mexicanum;-0,346767993;6;SYNCRIP;85614956;0,728765625;hg38
4155;cg26137606;;2013;0;0;TxWk2;0,035656026;0,728794952;0,758071602;97;0,102467397;Axolotl;Ambystoma mexicanum;0,346728959;4;TENM3;182601059;0,728794952;hg38
4156;cg11597255;;2014;0;0;EnhA17;0,035646452;0,72886495;0,758071602;97;0,102467467;Axolotl;Ambystoma mexicanum;0,346635796;9;MAPKAP1;125652378;0,72886495;hg38
4157;cg04964266;2143;;0;0;Acet2;-0,035616241;0,729085833;0,758071602;97;0,102467688;Axolotl;Ambystoma mexicanum;-0,346341834;1;ESRRG;216563331;0,729085833;hg38
4158;cg08885324;2144;;0;0;Tx8;-0,03557689;0,729373583;0,758071602;97;0,102467976;Axolotl;Ambystoma mexicanum;-0,345958926;9;SLC44A1;105356234;0,729373583;hg38
4159;cg06468945;;2015;0;0;EnhA2;0,035534237;0,729685518;0,758071602;97;0,102468287;Axolotl;Ambystoma mexicanum;0,345543893;17;BCAS3;61157780;0,729685518;hg38
4160;cg00688252;;2016;0;0;EnhA3;0,035524954;0,729753408;0,758071602;97;0,102468354;Axolotl;Ambystoma mexicanum;0,345453572;16;ZFHX3;72927841;0,729753408;hg38
4161;cg12336777;;2017;0;0;PromF2;0,035518771;0,729798637;0,758071602;97;0,1024684;Axolotl;Ambystoma mexicanum;0,345393402;2;ZEB2;144452655;0,729798637;hg38
4162;cg02632559;2145;;0;0;Tx7;-0,035517433;0,72980842;0,758071602;97;0,102468409;Axolotl;Ambystoma mexicanum;-0,345380387;1;RCOR3;211312818;0,72980842;hg38
4163;cg17252422;;2018;0;0;TxEx1;0,035486279;0,730036298;0,758071602;97;0,102468636;Axolotl;Ambystoma mexicanum;0,345077247;8;YTHDF3;63187716;0,730036298;hg38
4164;cg03443886;;2019;0;0;EnhWk4;0,035450734;0,730296329;0,758071602;97;0,102468895;Axolotl;Ambystoma mexicanum;0,344731375;23;POLA1;24928416;0,730296329;hg38
4165;cg16293579;;2020;0;0;TxEnh5;0,035391695;0,730728289;0,758071602;97;0,102469324;Axolotl;Ambystoma mexicanum;0,344156906;1;MTR;236889282;0,730728289;hg38
4166;cg12324954;2146;;0;0;Quies1;-0,03539134;0,730730887;0,758071602;97;0,102469327;Axolotl;Ambystoma mexicanum;-0,344153452;18;SALL3;78758296;0,730730887;hg38
4167;cg13025676;2147;;0;0;EnhWk8;-0,035377547;0,730831816;0,758071602;97;0,102469427;Axolotl;Ambystoma mexicanum;-0,344019241;23;POLA1;24990697;0,730831816;hg38
4168;cg09580239;2148;;0;0;EnhA8;-0,035357938;0,730975305;0,758071602;97;0,102469569;Axolotl;Ambystoma mexicanum;-0,343828448;14;BCL11B;99189038;0,730975305;hg38
4169;cg22587050;;2021;0;0;EnhA2;0,035352737;0,731013369;0,758071602;97;0,102469607;Axolotl;Ambystoma mexicanum;0,343777836;8;LINC01605;37381038;0,731013369;hg38
4170;cg22110364;;2022;0;1;PromF3;0,035352069;0,73101826;0,758071602;97;0,102469612;Axolotl;Ambystoma mexicanum;0,343771334;5;PURA;140114922;0,73101826;hg38
4171;cg11630053;;2023;0;1;PromF5;0,035334522;0,731146671;0,758071602;97;0,102469739;Axolotl;Ambystoma mexicanum;0,343600603;14;EML5;88792445;0,731146671;hg38
4172;cg17389888;2149;;0;1;BivProm2;-0,035323573;0,731226805;0,758071602;97;0,102469818;Axolotl;Ambystoma mexicanum;-0,343494065;7;LHFPL3;104328887;0,731226805;hg38
4173;cg13830681;2150;;0;0;DNase1;-0,035315754;0,731284036;0,758071602;97;0,102469875;Axolotl;Ambystoma mexicanum;-0,343417979;13;NBEA;35157187;0,731284036;hg38
4174;cg24030333;;2024;0;0;EnhWk3;0,035282394;0,731528211;0,758143043;97;0,102470117;Axolotl;Ambystoma mexicanum;0,34309338;10;EBF3;129851934;0,731528211;hg38
4175;cg13132580;;2025;0;0;EnhA5;0,035236715;0,7318626;0,758181908;97;0,102470447;Axolotl;Ambystoma mexicanum;0,342648913;23;FGF13;138857634;0,7318626;hg38
4176;cg06113157;2151;;0;1;BivProm2;-0,03521947;0,731988857;0,758181908;97;0,102470572;Axolotl;Ambystoma mexicanum;-0,342481111;6;POU3F2;98835945;0,731988857;hg38
4177;cg03457443;;2026;0;0;TxWk1;0,035205449;0,732091513;0,758181908;97;0,102470673;Axolotl;Ambystoma mexicanum;0,342344682;6;SRSF12;89107181;0,732091513;hg38
4178;cg25875397;2152;;0;0;TxEx1;-0,035094796;0,73290183;0,758694918;97;0,102471471;Axolotl;Ambystoma mexicanum;-0,341268008;5;ZFR;32380162;0,73290183;hg38
4179;cg11523137;;2027;0;0;ReprPC9;0,035069012;0,733090693;0,758694918;97;0,102471657;Axolotl;Ambystoma mexicanum;0,341017121;17;MRM1;36701760;0,733090693;hg38
4180;cg27534091;2153;;0;0;EnhWk4;-0,035038207;0,733316349;0,758694918;97;0,102471878;Axolotl;Ambystoma mexicanum;-0,340717386;23;GRIA3;123480056;0,733316349;hg38
4181;cg07868578;;2028;0;0;TxWk2;0,035037748;0,733319708;0,758694918;97;0,102471882;Axolotl;Ambystoma mexicanum;0,340712924;4;TENM3;182601084;0,733319708;hg38
4182;cg10677710;2154;;0;0;BivProm2;-0,03501808;0,733463799;0,758694918;97;0,102472023;Axolotl;Ambystoma mexicanum;-0,340521547;18;KLHL14;32772947;0,733463799;hg38
4183;cg02027148;2155;;0;0;EnhA2;-0,0348832;0,734452178;0,759293204;97;0,10247299;Axolotl;Ambystoma mexicanum;-0,339209149;1;PROX1;213997241;0,734452178;hg38
4184;cg05659128;;2029;0;0;EnhA3;0,034860916;0,734615507;0,759293204;97;0,10247315;Axolotl;Ambystoma mexicanum;0,338992332;2;PTPN4;119809863;0,734615507;hg38
4185;cg19715364;;2030;0;0;Quies3;0,034849365;0,73470018;0,759293204;97;0,102473232;Axolotl;Ambystoma mexicanum;0,338879936;9;NFIB;14084353;0,73470018;hg38
4186;cg03163284;2156;;0;0;EnhA18;-0,034843348;0,734744285;0,759293204;97;0,102473275;Axolotl;Ambystoma mexicanum;-0,338821391;9;BNC2;16803741;0,734744285;hg38
4187;cg00913314;;2031;0;0;EnhA1;0,034777583;0,735226419;0,759543008;97;0,102473745;Axolotl;Ambystoma mexicanum;0,338181496;5;ZNF366;72452303;0,735226419;hg38
4188;cg01167388;;2032;0;0;Tx2;0,034746682;0,735452997;0,759543008;97;0,102473966;Axolotl;Ambystoma mexicanum;0,337880826;10;TCF7L2;113119017;0,735452997;hg38
4189;cg17414093;;2033;0;0;Tx6;0,034704342;0,735763484;0,759543008;97;0,102474267;Axolotl;Ambystoma mexicanum;0,337468859;14;YLPM1;74824266;0,735763484;hg38
4190;cg12327770;;2034;0;0;Acet2;0,034700084;0,735794707;0,759543008;97;0,102474298;Axolotl;Ambystoma mexicanum;0,337427434;8;RIMS2;103910505;0,735794707;hg38
4191;cg16573364;2157;;0;0;TxEnh5;-0,034671795;0,736002184;0,759543008;97;0,102474499;Axolotl;Ambystoma mexicanum;-0,33715218;5;MEF2C-AS2;88722824;0,736002184;hg38
4192;cg00196544;2158;;0;0;TxEx1;-0,034644835;0,736199928;0,759543008;97;0,102474691;Axolotl;Ambystoma mexicanum;-0,336889862;16;CNOT1;58599317;0,736199928;hg38
4193;cg18065210;;2035;0;0;TxEnh8;0,034628265;0,736321476;0,759543008;97;0,102474808;Axolotl;Ambystoma mexicanum;0,336728633;19;ACTN4;38711292;0,736321476;hg38
4194;cg13123762;2159;;0;0;ReprPC3;-0,034618833;0,736390669;0,759543008;97;0,102474875;Axolotl;Ambystoma mexicanum;-0,336636856;10;HIF1AN;100614002;0,736390669;hg38
4195;cg02206762;2160;;0;0;Acet2;-0,034542674;0,736949413;0,759938123;97;0,102475416;Axolotl;Ambystoma mexicanum;-0,335895841;2;ATP5MC3;175490552;0,736949413;hg38
4196;cg00282792;;2036;0;0;EnhA6;0,03437227;0,738200094;0,760803854;97;0,102476621;Axolotl;Ambystoma mexicanum;0,334237838;16;ZFHX3;73329471;0,738200094;hg38
4197;cg03706372;;2037;0;0;TxEx2;0,034367101;0,738238046;0,760803854;97;0,102476657;Axolotl;Ambystoma mexicanum;0,334187539;12;CHD4;6583239;0,738238046;hg38
4198;cg21615099;2161;;0;0;EnhA6;-0,034331189;0,738501709;0,760803854;97;0,10247691;Axolotl;Ambystoma mexicanum;-0,333838129;5;TBCA;77912784;0,738501709;hg38
4199;cg06467581;2162;;0;0;TSS1;-0,034315468;0,738617149;0,760803854;97;0,102477021;Axolotl;Ambystoma mexicanum;-0,33368516;5;PURA;140114354;0,738617149;hg38
4200;cg05571800;;2038;0;0;EnhA18;0,034291942;0,738789905;0,760803854;97;0,102477187;Axolotl;Ambystoma mexicanum;0,333456255;18;CCDC178;32937801;0,738789905;hg38
4201;cg07584109;;2039;0;0;TxEx1;0,034284549;0,738844195;0,760803854;97;0,102477239;Axolotl;Ambystoma mexicanum;0,333384324;5;SREK1;66158899;0,738844195;hg38
4202;cg14737427;;2040;0;1;BivProm3;0,034245701;0,739129496;0,760916507;97;0,102477512;Axolotl;Ambystoma mexicanum;0,333006342;7;UNCX;1230109;0,739129496;hg38
4203;cg16657465;;2041;0;0;TxEnh7;0,034220599;0,739313865;0,760925223;97;0,102477688;Axolotl;Ambystoma mexicanum;0,332762106;8;EXT1;117837145;0,739313865;hg38
4204;cg21949868;;2042;0;0;Tx6;0,034185511;0,739571601;0,760930908;97;0,102477934;Axolotl;Ambystoma mexicanum;0,332420712;23;SMARCA1;129465572;0,739571601;hg38
4205;cg11681502;2163;;0;0;TxEx4;-0,034171954;0,739671193;0,760930908;97;0,102478029;Axolotl;Ambystoma mexicanum;-0,332288804;16;C16orf72;9103004;0,739671193;hg38
4206;cg21094153;;2043;0;0;TxEx2;0,034070939;0,740413386;0,761081472;97;0,102478737;Axolotl;Ambystoma mexicanum;0,331305965;3;ACAP2;195295280;0,740413386;hg38
4207;cg02419397;;2044;0;0;EnhWk4;0,034069045;0,740427306;0,761081472;97;0,10247875;Axolotl;Ambystoma mexicanum;0,331287535;8;LINC01414;63704279;0,740427306;hg38
4208;cg23885558;2164;;0;0;Tx8;-0,034063776;0,740466023;0,761081472;97;0,102478787;Axolotl;Ambystoma mexicanum;-0,331236274;2;ZEB2;144403722;0,740466023;hg38
4209;cg00249321;2165;;0;0;EnhWk1;-0,034052547;0,740548545;0,761081472;97;0,102478865;Axolotl;Ambystoma mexicanum;-0,331127018;1;USH2A;215715800;0,740548545;hg38
4210;cg03568747;;2045;0;0;BivProm3;0,033972797;0,741134703;0,761081472;97;0,102479422;Axolotl;Ambystoma mexicanum;0,330351077;20;CFAP61;20199872;0,741134703;hg38
4211;cg06191504;;2046;0;0;ReprPC3;0,03397167;0,74114299;0,761081472;97;0,10247943;Axolotl;Ambystoma mexicanum;0,330340108;10;HIF1AN;100614120;0,74114299;hg38
4212;cg03267466;;2047;0;0;TxEnh5;0,033968689;0,741164898;0,761081472;97;0,10247945;Axolotl;Ambystoma mexicanum;0,330311112;17;MSI2;57674958;0,741164898;hg38
4213;cg03581876;2166;;0;1;ReprPC1;-0,033922089;0,741507478;0,761081472;97;0,102479775;Axolotl;Ambystoma mexicanum;-0,329857711;2;EN1;118850154;0,741507478;hg38
4214;cg21417562;;2048;0;0;Tx8;0,033915077;0,741559036;0,761081472;97;0,102479824;Axolotl;Ambystoma mexicanum;0,329789481;9;MAPKAP1;125468020;0,741559036;hg38
4215;cg27425459;;2049;0;0;EnhA17;0,033891086;0,741735423;0,761081472;97;0,102479991;Axolotl;Ambystoma mexicanum;0,329556067;2;MRPS9;105081131;0,741735423;hg38
4216;cg21898740;2167;;0;0;Tx7;-0,033888714;0,741752864;0,761081472;97;0,102480007;Axolotl;Ambystoma mexicanum;-0,329532988;5;CNOT6;180569256;0,741752864;hg38
4217;cg11550061;;2050;0;0;TxEx1;0,033806919;0,742354363;0,761144857;97;0,102480575;Axolotl;Ambystoma mexicanum;0,328737162;1;PUM1;31059332;0,742354363;hg38
4218;cg08661762;2168;;0;1;ReprPC1;-0,03379871;0,742414743;0,761144857;97;0,102480632;Axolotl;Ambystoma mexicanum;-0,328657287;7;MNX1-AS1;157020413;0,742414743;hg38
4219;cg22791342;2169;;0;0;TxEx2;-0,03378632;0,742505875;0,761144857;97;0,102480718;Axolotl;Ambystoma mexicanum;-0,328536734;10;KAT6B;74975505;0,742505875;hg38
4220;cg23434499;;2051;0;0;Tx4;0,033726765;0,742943949;0,761144857;97;0,102481131;Axolotl;Ambystoma mexicanum;0,3279573;14;NAA30;57396818;0,742943949;hg38
4221;cg24837799;;2052;0;0;EnhA6;0,033722529;0,742975116;0,761144857;97;0,10248116;Axolotl;Ambystoma mexicanum;0,327916079;8;LINC00251;65145507;0,742975116;hg38
4222;cg10570203;;2053;0;0;EnhWk4;0,03371348;0,743041682;0,761144857;97;0,102481223;Axolotl;Ambystoma mexicanum;0,327828044;2;SPRED2;65864919;0,743041682;hg38
4223;cg22825316;2170;;0;0;EnhA17;-0,03367371;0,743334283;0,761144857;97;0,102481498;Axolotl;Ambystoma mexicanum;-0,327441102;9;RFX3;3401774;0,743334283;hg38
4224;cg06789893;2171;;0;0;ReprPC3;-0,033671713;0,743348977;0,761144857;97;0,102481511;Axolotl;Ambystoma mexicanum;-0,327421672;2;MIR4778;66071365;0,743348977;hg38
4225;cg05000269;2172;;0;0;Quies1;-0,033640461;0,743578933;0,761144857;97;0,102481727;Axolotl;Ambystoma mexicanum;-0,32711761;3;SOX14;137406939;0,743578933;hg38
4226;cg25117614;;2054;0;0;Tx5;0,033595601;0,743909067;0,761144857;97;0,102482037;Axolotl;Ambystoma mexicanum;0,326681139;9;CNTLN;17487551;0,743909067;hg38
4227;cg04972977;;2055;0;0;EnhWk2;0,033545051;0,744281122;0,761144857;97;0,102482385;Axolotl;Ambystoma mexicanum;0,326189319;19;TSHZ3;31315680;0,744281122;hg38
4228;cg23499683;;2056;0;0;Acet3;0,033531288;0,744382426;0,761144857;97;0,10248248;Axolotl;Ambystoma mexicanum;0,326055418;5;GRIA1;153795503;0,744382426;hg38
4229;cg12798524;;2057;0;0;BivProm3;0,033515647;0,744497567;0,761144857;97;0,102482587;Axolotl;Ambystoma mexicanum;0,325903237;1;AIM2;159141633;0,744497567;hg38
4230;cg20586603;;2058;0;0;Acet7;0,033507012;0,744561129;0,761144857;97;0,102482647;Axolotl;Ambystoma mexicanum;0,325819229;15;FBN1;48537703;0,744561129;hg38
4231;cg26848592;;2059;0;0;EnhWk4;0,033503536;0,744586723;0,761144857;97;0,10248267;Axolotl;Ambystoma mexicanum;0,325785404;23;POLA1;24928393;0,744586723;hg38
4232;cg07578168;;2060;0;0;EnhA17;0,033497674;0,744629875;0,761144857;97;0,102482711;Axolotl;Ambystoma mexicanum;0,325728374;2;FIGN;163469602;0,744629875;hg38
4233;cg13689075;;2061;0;0;TxWk2;0,033416659;0,745226366;0,761349632;97;0,102483267;Axolotl;Ambystoma mexicanum;0,324940153;12;CACNA1C;2608589;0,745226366;hg38
4234;cg16120895;2173;;0;0;Tx8;-0,033392079;0,745407376;0,761349632;97;0,102483435;Axolotl;Ambystoma mexicanum;-0,324701003;1;DPYD;97828138;0,745407376;hg38
4235;cg17278116;2174;;0;0;PromF2;-0,033384927;0,745460047;0,761349632;97;0,102483484;Axolotl;Ambystoma mexicanum;-0,324631417;2;ZEB2;144452613;0,745460047;hg38
4236;cg04221461;2175;;0;0;EnhA2;-0,03336395;0,745614532;0,761349632;97;0,102483628;Axolotl;Ambystoma mexicanum;-0,324427329;1;AKT3;243713674;0,745614532;hg38
4237;cg06937549;;2062;0;0;TxEx4;0,03335096;0,745710205;0,761349632;97;0,102483717;Axolotl;Ambystoma mexicanum;0,324300945;5;HNRNPH1;179619301;0,745710205;hg38
4238;cg00751472;2176;;0;0;Tx6;-0,033318538;0,74594901;0,76141374;97;0,102483939;Axolotl;Ambystoma mexicanum;-0,323985502;3;TNIK;171063945;0,74594901;hg38
4239;cg12358946;;2063;0;0;EnhWk1;0,033284802;0,746197522;0,761487722;97;0,102484169;Axolotl;Ambystoma mexicanum;0,323657274;7;SNORA25B;115679402;0,746197522;hg38
4240;cg14991111;;2064;0;0;TxEx2;0,033176332;0,746996725;0,762123513;97;0,102484909;Axolotl;Ambystoma mexicanum;0,32260194;7;CNOT4;135394031;0,746996725;hg38
4241;cg20591271;;2065;0;0;TxWk2;0,033135356;0,7472987;0,762251828;97;0,102485188;Axolotl;Ambystoma mexicanum;0,322203279;1;PROX1;214035688;0,7472987;hg38
4242;cg08902786;2177;;0;0;TxEx1;-0,033054373;0,747895629;0,762680865;97;0,102485738;Axolotl;Ambystoma mexicanum;-0,321415381;2;SF3B1;197418901;0,747895629;hg38
4243;cg02221620;;2066;0;1;BivProm1;0,033008118;0,748236647;0,762694439;97;0,102486051;Axolotl;Ambystoma mexicanum;0,320965353;5;OTP;77645383;0,748236647;hg38
4244;cg16340226;2178;;0;0;TxEx3;-0,033004739;0,74826156;0,762694439;97;0,102486074;Axolotl;Ambystoma mexicanum;-0,320932479;5;PPIP5K2;103183312;0,74826156;hg38
4245;cg21198993;;2067;0;0;TxEx1;0,032964682;0,748556917;0,762770399;97;0,102486345;Axolotl;Ambystoma mexicanum;0,320542765;6;SYNCRIP;85612908;0,748556917;hg38
4246;cg14219291;2179;;0;0;PromF4;-0,032920748;0,748880907;0,762770399;97;0,102486642;Axolotl;Ambystoma mexicanum;-0,320115328;10;ABRAXAS2;124801880;0,748880907;hg38
4247;cg16269798;;2068;0;0;Tx7;0,032904184;0,749003071;0,762770399;97;0,102486754;Axolotl;Ambystoma mexicanum;0,319954173;1;SRSF11;70231944;0,749003071;hg38
4248;cg02448386;;2069;0;0;EnhA2;0,032891135;0,749099314;0,762770399;97;0,102486842;Axolotl;Ambystoma mexicanum;0,319827218;9;NFIB;14271264;0,749099314;hg38
4249;cg21636128;;2070;0;0;TxEx2;0,032875081;0,749217723;0,762770399;97;0,10248695;Axolotl;Ambystoma mexicanum;0,319671029;2;CCNT2;134954489;0,749217723;hg38
4250;cg14834629;2180;;0;0;EnhA18;-0,032833668;0,74952321;0,762788229;97;0,10248723;Axolotl;Ambystoma mexicanum;-0,319268114;18;MIR4527HG;47561421;0,74952321;hg38
4251;cg13074528;2181;;0;0;EnhWk5;-0,032806844;0,749721098;0,762788229;97;0,10248741;Axolotl;Ambystoma mexicanum;-0,31900714;15;LINC00924;95454915;0,749721098;hg38
4252;cg01143372;;2071;0;0;TxEnh5;0,032800997;0,749764232;0,762788229;97;0,10248745;Axolotl;Ambystoma mexicanum;0,318950258;11;PKNOX2;125429982;0,749764232;hg38
4253;cg17201133;;2072;0;0;TxEx2;0,032736919;0,750237024;0,762939019;97;0,102487881;Axolotl;Ambystoma mexicanum;0,318326844;10;ZMIZ1;79306206;0,750237024;hg38
4254;cg10374774;2182;;0;0;BivProm1;-0,032733103;0,750265182;0,762939019;97;0,102487906;Axolotl;Ambystoma mexicanum;-0,31828972;5;KCNN2;114362746;0,750265182;hg38
4255;cg22743466;2183;;0;0;TxEnh8;-0,032663284;0,750780445;0,762969635;97;0,102488375;Axolotl;Ambystoma mexicanum;-0,317610452;10;MXI1;110280025;0,750780445;hg38
4256;cg25205034;;2073;0;0;Tx6;0,032653089;0,7508557;0,762969635;97;0,102488443;Axolotl;Ambystoma mexicanum;0,317511257;2;LOC100132215;63003417;0,7508557;hg38
4257;cg05153759;;2074;0;0;EnhA6;0,032651489;0,750867506;0,762969635;97;0,102488454;Axolotl;Ambystoma mexicanum;0,317495694;17;SEPTIN4-AS1;58522030;0,750867506;hg38
4258;cg04998737;2184;;0;1;BivProm1;-0,032569202;0,751474943;0,762969635;97;0,102489004;Axolotl;Ambystoma mexicanum;-0,316695131;5;OTP;77645403;0,751474943;hg38
4259;cg21132526;2185;;0;0;TxEnh6;-0,032542872;0,751669342;0,762969635;97;0,10248918;Axolotl;Ambystoma mexicanum;-0,31643897;3;SATB1;18370886;0,751669342;hg38
4260;cg11276577;2186;;0;0;TxWk2;-0,032529779;0,751766021;0,762969635;97;0,102489268;Axolotl;Ambystoma mexicanum;-0,316311582;1;HIVEP3;41524866;0,751766021;hg38
4261;cg08508546;2187;;0;0;EnhWk4;-0,032521376;0,751828062;0,762969635;97;0,102489324;Axolotl;Ambystoma mexicanum;-0,316229838;5;NR2F1-AS1;92713399;0,751828062;hg38
4262;cg26476875;2188;;0;0;TxEnh4;-0,032508594;0,751922445;0,762969635;97;0,102489409;Axolotl;Ambystoma mexicanum;-0,316105484;1;RNF11;51271261;0,751922445;hg38
4263;cg12818872;2189;;0;0;TxEx1;-0,032475104;0,752169758;0,762969635;97;0,102489632;Axolotl;Ambystoma mexicanum;-0,315779659;2;LRPPRC;43905666;0,752169758;hg38
4264;cg12663535;;2075;0;1;ReprPC1;0,032439174;0,752435116;0,762969635;97;0,102489872;Axolotl;Ambystoma mexicanum;0,3154301;2;DLX1;172091809;0,752435116;hg38
4265;cg08797698;;2076;0;1;EnhA19;0,03239951;0,752728081;0,762969635;97;0,102490135;Axolotl;Ambystoma mexicanum;0,315044218;16;ZNF423;49702243;0,752728081;hg38
4266;cg06288368;2190;;0;0;ReprPC6;-0,032339121;0,753174194;0,762969635;97;0,102490536;Axolotl;Ambystoma mexicanum;-0,314456705;17;LINC00469;73774984;0,753174194;hg38
4267;cg08667379;;2077;0;0;TxEx2;0,032274035;0,753655104;0,762969635;97;0,102490968;Axolotl;Ambystoma mexicanum;0,313823489;20;PTPRA;3035888;0,753655104;hg38
4268;cg09286326;;2078;0;0;Tx7;0,032260278;0,753756762;0,762969635;97;0,102491059;Axolotl;Ambystoma mexicanum;0,313689651;17;TAOK1;29491839;0,753756762;hg38
4269;cg09978510;2191;;0;0;TxEx1;-0,032231821;0,753967063;0,762969635;97;0,102491247;Axolotl;Ambystoma mexicanum;-0,313412798;1;YTHDF2;28743909;0,753967063;hg38
4270;cg14936776;2192;;0;0;HET2;-0,032197419;0,754221321;0,762969635;97;0,102491475;Axolotl;Ambystoma mexicanum;-0,313078107;10;LINC02667;128735920;0,754221321;hg38
4271;cg02147293;2193;;0;0;Quies2;-0,032196297;0,754229614;0,762969635;97;0,102491482;Axolotl;Ambystoma mexicanum;-0,313067192;2;LINC01876;155651822;0,754229614;hg38
4272;cg09455096;;2079;0;0;TSS1;0,032178487;0,75436125;0,762969635;97;0,1024916;Axolotl;Ambystoma mexicanum;0,312893929;2;XPO1;61538335;0,75436125;hg38
4273;cg13208500;2194;;0;0;EnhA19;-0,032146911;0,754594656;0,762969635;97;0,102491808;Axolotl;Ambystoma mexicanum;-0,312586737;18;NEDD4L;58255503;0,754594656;hg38
4274;cg21202820;;2080;0;0;EnhA13;0,032130252;0,75471781;0,762969635;97;0,102491918;Axolotl;Ambystoma mexicanum;0,312424662;9;LOC101927450;78857479;0,75471781;hg38
4275;cg07905480;2195;;0;0;TxEx2;-0,032113151;0,754844233;0,762969635;97;0,102492031;Axolotl;Ambystoma mexicanum;-0,312258294;4;YTHDC1;68322713;0,754844233;hg38
4276;cg17285448;2196;;0;1;BivProm4;-0,032089613;0,755018259;0,762969635;97;0,102492186;Axolotl;Ambystoma mexicanum;-0,312029297;7;HOXA-AS3;27133861;0,755018259;hg38
4277;cg20037279;;2081;0;0;Tx3;0,032079919;0,755089935;0,762969635;97;0,10249225;Axolotl;Ambystoma mexicanum;0,311934984;9;PBX3;125856521;0,755089935;hg38
4278;cg06570740;;2082;0;0;TxEx1;0,032057153;0,755258263;0,762969635;97;0,102492399;Axolotl;Ambystoma mexicanum;0,311713505;1;SPEN;15873123;0,755258263;hg38
4279;cg14374207;2197;;0;0;Tx7;-0,032056158;0,755265623;0,762969635;97;0,102492406;Axolotl;Ambystoma mexicanum;-0,311703823;3;FOXP1;70972059;0,755265623;hg38
4280;cg26775450;2198;;0;0;Tx8;-0,032036929;0,755407812;0,762969635;97;0,102492532;Axolotl;Ambystoma mexicanum;-0,311516749;3;MECOM;169116694;0,755407812;hg38
4281;cg17871502;2199;;0;0;EnhA12;-0,032021138;0,755524582;0,762969635;97;0,102492636;Axolotl;Ambystoma mexicanum;-0,311363127;1;FAF1;50705841;0,755524582;hg38
4282;cg06847330;2200;;0;0;ReprPC6;-0,031987678;0,755772032;0,762969635;97;0,102492856;Axolotl;Ambystoma mexicanum;-0,311037608;11;LOC101929227;120875159;0,755772032;hg38
4283;cg23653728;2201;;0;0;PromF5;-0,031975072;0,75586527;0,762969635;97;0,102492939;Axolotl;Ambystoma mexicanum;-0,310914962;2;LOC101929512;161238735;0,75586527;hg38
4284;cg18511286;;2083;0;0;Tx7;0,03193534;0,756159148;0,762969635;97;0,102493199;Axolotl;Ambystoma mexicanum;0,310528423;2;PIKFYVE;208304866;0,756159148;hg38
4285;cg18783345;;2084;0;0;EnhA2;0,031905679;0,75637856;0,762969635;97;0,102493393;Axolotl;Ambystoma mexicanum;0,310239862;7;AUTS2;70631020;0,75637856;hg38
4286;cg10276377;2202;;0;0;ReprPC4;-0,031866795;0,756666221;0,762969635;97;0,102493648;Axolotl;Ambystoma mexicanum;-0,309861579;1;USH2A;215963630;0,756666221;hg38
4287;cg27473332;;2085;0;0;TxEnh6;0,03182481;0,756976863;0,762969635;97;0,102493922;Axolotl;Ambystoma mexicanum;0,309453126;18;TTC39C;24080939;0,756976863;hg38
4288;cg04759679;;2086;0;0;TxEnh5;0,031800269;0,757158461;0,762969635;97;0,102494082;Axolotl;Ambystoma mexicanum;0,309214373;10;TCF7L2;113159949;0,757158461;hg38
4289;cg23114362;;2087;0;0;Tx6;0,031799989;0,757160535;0,762969635;97;0,102494084;Axolotl;Ambystoma mexicanum;0,309211647;15;MYEF2;48167384;0,757160535;hg38
4290;cg03901868;;2088;0;1;PromF5;0,031792382;0,757216825;0,762969635;97;0,102494134;Axolotl;Ambystoma mexicanum;0,309137643;2;ZNF804A;184599014;0,757216825;hg38
4291;cg19773748;;2089;0;0;EnhA5;0,031748311;0,75754297;0,762969635;97;0,102494421;Axolotl;Ambystoma mexicanum;0,308708904;15;LINC00924;95134564;0,75754297;hg38
4292;cg08971090;2203;;0;0;TxEnh6;-0,03172001;0,757752438;0,762969635;97;0,102494605;Axolotl;Ambystoma mexicanum;-0,308433574;22;TNRC6B;40323266;0,757752438;hg38
4293;cg24303809;;2090;0;0;TxEnh5;0,031688302;0,757987146;0,762969635;97;0,102494812;Axolotl;Ambystoma mexicanum;0,308125096;2;HDAC4;239176508;0,757987146;hg38
4294;cg12854176;;2091;0;0;Tx3;0,031685035;0,758011323;0,762969635;97;0,102494833;Axolotl;Ambystoma mexicanum;0,308093321;22;RBFOX2;35768267;0,758011323;hg38
4295;cg21370379;;2092;0;0;EnhWk8;0,031665432;0,758156439;0,762969635;97;0,10249496;Axolotl;Ambystoma mexicanum;0,307902611;6;ZDHHC14;157628464;0,758156439;hg38
4296;cg16010809;;2093;0;0;TxEnh5;0,031665401;0,758156673;0,762969635;97;0,102494961;Axolotl;Ambystoma mexicanum;0,307902304;1;MIR181A1HG;198859114;0,758156673;hg38
4297;cg06608341;;2094;0;0;EnhWk6;0,031659135;0,758203054;0,762969635;97;0,102495001;Axolotl;Ambystoma mexicanum;0,307841352;8;NCOA2;70213920;0,758203054;hg38
4298;cg01340195;2204;;0;0;EnhA6;-0,031656111;0,758225444;0,762969635;97;0,102495021;Axolotl;Ambystoma mexicanum;-0,307811928;3;TBC1D5;17551478;0,758225444;hg38
4299;cg22362035;2205;;0;0;TxWk2;-0,031627296;0,758438773;0,762969635;97;0,102495208;Axolotl;Ambystoma mexicanum;-0,307531602;12;CACNA1C;2634332;0,758438773;hg38
4300;cg02955020;;2095;0;0;Tx5;0,031614639;0,758532479;0,762969635;97;0,10249529;Axolotl;Ambystoma mexicanum;0,307408474;1;PBX1;164820121;0,758532479;hg38
4301;cg23701217;;2096;0;0;BivProm1;0,031607563;0,758584871;0,762969635;97;0,102495336;Axolotl;Ambystoma mexicanum;0,307339634;19;KCTD15;33868920;0,758584871;hg38
4302;cg14729575;2206;;0;0;ReprPC3;-0,031515713;0,759265031;0,763066373;97;0,102495931;Axolotl;Ambystoma mexicanum;-0,306446076;2;ATP5MC3;175370935;0,759265031;hg38
4303;cg24380618;2207;;0;0;TxEx2;-0,031510805;0,759301386;0,763066373;97;0,102495963;Axolotl;Ambystoma mexicanum;-0,306398321;12;CLIP1;122347477;0,759301386;hg38
4304;cg00036705;2208;;0;0;EnhA15;-0,031508843;0,759315918;0,763066373;97;0,102495975;Axolotl;Ambystoma mexicanum;-0,306379234;2;LINC01159;104901362;0,759315918;hg38
4305;cg17954486;;2097;1;0;TSS1;0,031484617;0,759495348;0,763066373;97;0,102496132;Axolotl;Ambystoma mexicanum;0,306143554;9;RFX3;3525888;0,759495348;hg38
4306;cg13700099;2209;;0;0;HET1;-0,031410571;0,760043845;0,763066373;97;0,10249661;Axolotl;Ambystoma mexicanum;-0,305423212;7;NXPH1;9200891;0,760043845;hg38
4307;cg06530207;;2098;0;0;BivProm2;0,031354137;0,760461968;0,763066373;97;0,102496973;Axolotl;Ambystoma mexicanum;0,304874197;14;LINC02325;97413108;0,760461968;hg38
4308;cg10373443;2210;;0;0;EnhA6;-0,031348612;0,760502908;0,763066373;97;0,102497009;Axolotl;Ambystoma mexicanum;-0,304820447;2;FIGN;163612445;0,760502908;hg38
4309;cg04595593;2211;;0;1;ReprPC1;-0,03133762;0,76058436;0,763066373;97;0,102497079;Axolotl;Ambystoma mexicanum;-0,304713509;7;UNCX;1240821;0,76058436;hg38
4310;cg16999170;;2099;0;0;EnhA4;0,031334681;0,760606131;0,763066373;97;0,102497098;Axolotl;Ambystoma mexicanum;0,304684927;21;MAP3K7CL;29130476;0,760606131;hg38
4311;cg21344610;;2100;0;0;EnhA17;0,031330739;0,760635346;0,763066373;97;0,102497124;Axolotl;Ambystoma mexicanum;0,304646572;9;LOC101927502;81824158;0,760635346;hg38
4312;cg25739107;;2101;0;0;Tx7;0,03125235;0,761216283;0,763066373;97;0,102497627;Axolotl;Ambystoma mexicanum;0,30388398;3;FOXP1;70972065;0,761216283;hg38
4313;cg04178407;2212;;0;0;Tx7;-0,03125177;0,761220586;0,763066373;97;0,102497631;Axolotl;Ambystoma mexicanum;-0,303878332;17;MED13;61972738;0,761220586;hg38
4314;cg09738906;2213;;0;1;PromF5;-0,031234188;0,761350897;0,763066373;97;0,102497743;Axolotl;Ambystoma mexicanum;-0,303707298;15;NR2F2;96332474;0,761350897;hg38
4315;cg04016956;2214;;0;1;BivProm1;-0,031225097;0,761418287;0,763066373;97;0,102497802;Axolotl;Ambystoma mexicanum;-0,303618852;5;TBCA;77844571;0,761418287;hg38
4316;cg12756264;;2102;0;0;TxEnh4;0,031215107;0,76149234;0,763066373;97;0,102497866;Axolotl;Ambystoma mexicanum;0,303521664;2;KLF7;207123848;0,76149234;hg38
4317;cg13735125;2215;;0;0;EnhA6;-0,031194038;0,761648521;0,763066373;97;0,102498001;Axolotl;Ambystoma mexicanum;-0,303316699;8;ZFHX4;76866563;0,761648521;hg38
4318;cg21110231;2216;;0;1;ReprPC1;-0,031189819;0,761679792;0,763066373;97;0,102498028;Axolotl;Ambystoma mexicanum;-0,303275662;2;DLX1;172093972;0,761679792;hg38
4319;cg08321639;2217;;0;0;TSS2;-0,031065669;0,762600303;0,763516122;97;0,102498821;Axolotl;Ambystoma mexicanum;-0,302067899;8;TRPS1;115668975;0,762600303;hg38
4320;cg08758366;;2103;0;0;TxEx1;0,031058699;0,762651991;0,763516122;97;0,102498865;Axolotl;Ambystoma mexicanum;0,302000094;20;RBM12;35655264;0,762651991;hg38
4321;cg05742632;;2104;0;0;BivProm3;0,031043584;0,762764088;0,763516122;97;0,102498961;Axolotl;Ambystoma mexicanum;0,30185305;1;LINC00466;63200015;0,762764088;hg38
4322;cg09265662;;2105;0;0;TxEx2;0,031030738;0,762859359;0,763516122;97;0,102499043;Axolotl;Ambystoma mexicanum;0,301728083;17;XYLT2;50357084;0,762859359;hg38
4323;cg20974359;;2106;0;0;EnhA17;0,031010262;0,763011226;0,763516122;97;0,102499173;Axolotl;Ambystoma mexicanum;0,301528886;14;LINC02325;97573274;0,763011226;hg38
4324;cg25517207;;2107;0;0;PromF5;0,03094451;0,763498958;0,763723698;97;0,102499591;Axolotl;Ambystoma mexicanum;0,300889237;2;LOC101929512;161238642;0,763498958;hg38
4325;cg27278067;;2108;0;0;TxEnh4;0,030934696;0,763571761;0,763723698;97;0,102499654;Axolotl;Ambystoma mexicanum;0,300793768;9;RAB14;121181442;0,763571761;hg38
4326;cg21811373;2218;;0;0;EnhWk4;-0,030904044;0,763799167;0,763774554;97;0,102499848;Axolotl;Ambystoma mexicanum;-0,30049558;8;LINC01414;63974366;0,763799167;hg38
4327;cg24044509;2219;;0;0;TxEx3;-0,030848189;0,764213609;0,763871716;97;0,102500202;Axolotl;Ambystoma mexicanum;-0,29995221;1;PBX1;164822230;0,764213609;hg38
4328;cg17659732;2220;;0;0;EnhWk8;-0,030821049;0,764415004;0,763871716;97;0,102500374;Axolotl;Ambystoma mexicanum;-0,299688195;16;TOX3;52466162;0,764415004;hg38
4329;cg17651973;2221;;0;0;PromF5;-0,03079005;0,76464506;0,763871716;97;0,10250057;Axolotl;Ambystoma mexicanum;-0,299386634;2;LOC101929512;161238737;0,76464506;hg38
4330;cg21005654;;2109;0;1;ReprPC1;0,030777792;0,764736042;0,763871716;97;0,102500647;Axolotl;Ambystoma mexicanum;0,29926738;10;C10orf67;23202176;0,764736042;hg38
4331;cg22373416;;2110;0;0;Tx7;0,030771971;0,764779246;0,763871716;97;0,102500684;Axolotl;Ambystoma mexicanum;0,299210753;1;RPS6KC1;213176450;0,764779246;hg38
4332;cg15078584;;2111;0;0;EnhA17;0,030716972;0,765187484;0,763933485;97;0,102501031;Axolotl;Ambystoma mexicanum;0,29867572;17;ACACA;37132145;0,765187484;hg38
4333;cg26051847;;2112;0;0;TSS2;0,030716056;0,765194281;0,763933485;97;0,102501037;Axolotl;Ambystoma mexicanum;0,298666813;6;ADGRB3;69233355;0,765194281;hg38
4334;cg07597118;;2113;0;0;Quies3;0,030683593;0,76543528;0,763997766;97;0,102501241;Axolotl;Ambystoma mexicanum;0,298351004;14;NRXN3;78649285;0,76543528;hg38
4335;cg24979496;2222;;0;0;Quies3;-0,030623379;0,765882346;0,764252134;97;0,10250162;Axolotl;Ambystoma mexicanum;-0,297765241;9;TRPM3;70625516;0,765882346;hg38
4336;cg00522402;2223;;0;0;EnhWk4;-0,030590369;0,766127465;0,764252134;97;0,102501827;Axolotl;Ambystoma mexicanum;-0,297444119;3;RSRC1;158528382;0,766127465;hg38
4337;cg19865442;;2114;0;0;TxEx3;0,030576101;0,766233416;0,764252134;97;0,102501917;Axolotl;Ambystoma mexicanum;0,297305325;1;PBX1;164822178;0,766233416;hg38
4338;cg20863884;2224;;0;0;EnhWk4;-0,030546804;0,766450995;0,764252134;97;0,1025021;Axolotl;Ambystoma mexicanum;-0,297020321;1;ESRRG;216550231;0,766450995;hg38
4339;cg19999314;;2115;0;0;ReprPC2;0,030530312;0,76657348;0,764252134;97;0,102502204;Axolotl;Ambystoma mexicanum;0,296859889;2;NR4A2;156327062;0,76657348;hg38
4340;cg20186843;2225;;0;0;EnhA17;-0,03050117;0,766789936;0,76429179;97;0,102502386;Axolotl;Ambystoma mexicanum;-0,296576393;7;LOC441204;26439653;0,766789936;hg38
4341;cg21931649;;2116;0;0;EnhWk4;0,030308206;0,768223634;0,765280011;97;0,10250359;Axolotl;Ambystoma mexicanum;0,294699253;8;LINC00251;65239088;0,768223634;hg38
4342;cg14302062;2226;;0;1;BivProm1;-0,030260963;0,768574762;0,765280011;97;0,102503884;Axolotl;Ambystoma mexicanum;-0,29423968;4;LINC00682;41882658;0,768574762;hg38
4343;cg12315723;2227;;0;0;Tx7;-0,030256474;0,768608127;0,765280011;97;0,102503912;Axolotl;Ambystoma mexicanum;-0,294196013;1;FUBP1;77948397;0,768608127;hg38
4344;cg11827910;2228;;0;1;BivProm2;-0,030251216;0,768647214;0,765280011;97;0,102503944;Axolotl;Ambystoma mexicanum;-0,294144858;11;PAX6;31804208;0,768647214;hg38
4345;cg02828449;;2117;0;0;EnhA17;0,0302223;0,76886216;0,765280011;97;0,102504124;Axolotl;Ambystoma mexicanum;0,293863566;10;BTRC;101445989;0,76886216;hg38
4346;cg10962665;;2118;0;0;TxEnh4;0,030199398;0,769032405;0,765280011;97;0,102504266;Axolotl;Ambystoma mexicanum;0,293640787;16;NFAT5;69647122;0,769032405;hg38
4347;cg04080314;;2119;0;0;Acet3;0,030192193;0,769085975;0,765280011;97;0,10250431;Axolotl;Ambystoma mexicanum;0,293570691;5;GRIA1;153795482;0,769085975;hg38
4348;cg25600037;2229;;0;0;Tx4;-0,030156883;0,769348492;0,765280011;97;0,102504529;Axolotl;Ambystoma mexicanum;-0,293227204;8;CHD7;60742366;0,769348492;hg38
4349;cg10392682;2230;;0;0;TxEnh3;-0,030153511;0,769373561;0,765280011;97;0,10250455;Axolotl;Ambystoma mexicanum;-0,293194404;9;TLE4;79580137;0,769373561;hg38
4350;cg21466623;2231;;0;1;BivProm1;-0,030120971;0,769615511;0,765344692;97;0,102504751;Axolotl;Ambystoma mexicanum;-0,292877862;1;DLGAP3;34886176;0,769615511;hg38
4351;cg23751538;2232;;0;1;BivProm1;-0,030073099;0,769971505;0,76536828;97;0,102505047;Axolotl;Ambystoma mexicanum;-0,292412169;7;HOXA7;27156521;0,769971505;hg38
4352;cg08375909;;2120;0;0;TxEnh1;0,030070197;0,769993087;0,76536828;97;0,102505065;Axolotl;Ambystoma mexicanum;0,292383939;3;FOXP1;71004785;0,769993087;hg38
4353;cg23734134;2233;;0;0;EnhA2;-0,030012731;0,770420489;0,76561407;97;0,102505419;Axolotl;Ambystoma mexicanum;-0,291824922;4;LINC01088;79050615;0,770420489;hg38
4354;cg17564205;;2121;0;0;TxEx3;0,029977557;0,770682127;0,76561407;97;0,102505635;Axolotl;Ambystoma mexicanum;0,291482761;12;ATP2B1;89599163;0,770682127;hg38
4355;cg03157204;;2122;0;0;TxEx1;0,02995139;0,770876787;0,76561407;97;0,102505796;Axolotl;Ambystoma mexicanum;0,291228212;16;CNOT1;58588891;0,770876787;hg38
4356;cg09822402;2234;;0;0;Tx8;-0,029901837;0,771245455;0,76561407;97;0,1025061;Axolotl;Ambystoma mexicanum;-0,290746174;17;CDK12;39550120;0,771245455;hg38
4357;cg25828564;2235;;0;0;znf2;-0,029890852;0,771327183;0,76561407;97;0,102506168;Axolotl;Ambystoma mexicanum;-0,290639323;1;PRKAA2;56704173;0,771327183;hg38
4358;cg27113320;;2123;0;0;ReprPC6;0,029885025;0,77137054;0,76561407;97;0,102506204;Axolotl;Ambystoma mexicanum;0,290582638;10;BTRC;101318240;0,77137054;hg38
4359;cg22728816;;2124;0;0;TxEx4;0,029870414;0,77147926;0,76561407;97;0,102506293;Axolotl;Ambystoma mexicanum;0,290440505;13;MIR92A1;91351334;0,77147926;hg38
4360;cg19577171;;2125;0;0;EnhA18;0,029801738;0,771990332;0,765935683;97;0,102506714;Axolotl;Ambystoma mexicanum;0,289772442;10;PAX2;100792858;0,771990332;hg38
4361;cg19573972;;2126;0;0;TxEnh8;0,029774022;0,772196615;0,765935683;97;0,102506883;Axolotl;Ambystoma mexicanum;0,289502829;1;RPS6KC1;213232174;0,772196615;hg38
4362;cg26122142;;2127;0;0;TxEnh4;0,029755494;0,772334517;0,765935683;97;0,102506996;Axolotl;Ambystoma mexicanum;0,289322603;1;RNF220;44640640;0,772334517;hg38
4363;cg00983568;2236;;0;0;EnhA17;-0,029651447;0,773109093;0,766261387;97;0,10250763;Axolotl;Ambystoma mexicanum;-0,288310471;9;LOC101927502;81824063;0,773109093;hg38
4364;cg24479366;2237;;0;0;TxWk2;-0,029647141;0,773141157;0,766261387;97;0,102507657;Axolotl;Ambystoma mexicanum;-0,288268578;10;EBF3;129869779;0,773141157;hg38
4365;cg22067905;;2128;0;0;TxEx1;0,029639997;0,773194346;0,766261387;97;0,1025077;Axolotl;Ambystoma mexicanum;0,288199089;2;LRPPRC;43905631;0,773194346;hg38
4366;cg20131846;;2129;0;0;EnhA10;0,029591313;0,773556861;0,766357367;97;0,102507996;Axolotl;Ambystoma mexicanum;0,28772551;2;LOC105373656;144582991;0,773556861;hg38
4367;cg26954891;;2130;0;0;Tx7;0,029544948;0,77390215;0,766357367;97;0,102508277;Axolotl;Ambystoma mexicanum;0,287274495;17;GGNBP2;36589349;0,77390215;hg38
4368;cg01935616;2238;;0;0;EnhA2;-0,029519813;0,774089357;0,766357367;97;0,102508429;Axolotl;Ambystoma mexicanum;-0,287029991;9;LOC101927502;81826854;0,774089357;hg38
4369;cg23507108;;2131;0;1;BivProm4;0,02951912;0,774094521;0,766357367;97;0,102508434;Axolotl;Ambystoma mexicanum;0,287023246;1;RNF220;44524759;0,774094521;hg38
4370;cg23718844;;2132;0;0;EnhA17;0,029486151;0,774340093;0,766357367;97;0,102508633;Axolotl;Ambystoma mexicanum;0,286702539;15;SPATA8-AS1;96598700;0,774340093;hg38
4371;cg24563131;2239;;0;0;EnhA18;-0,029474909;0,77442383;0,766357367;97;0,102508701;Axolotl;Ambystoma mexicanum;-0,286593189;2;LINC01122;58543611;0,77442383;hg38
4372;cg17906950;2240;;0;0;Tx7;-0,029460483;0,774531295;0,766357367;97;0,102508788;Axolotl;Ambystoma mexicanum;-0,286452858;20;ITCH;34477805;0,774531295;hg38
4373;cg07919443;;2133;0;1;ReprPC1;0,02941647;0,774859191;0,766439029;97;0,102509054;Axolotl;Ambystoma mexicanum;0,286024716;10;PAX2;100659652;0,774859191;hg38
4374;cg12904782;2241;;0;0;EnhA2;-0,029384932;0,775094171;0,766439029;97;0,102509245;Axolotl;Ambystoma mexicanum;-0,28571793;7;AUTS2;70630856;0,775094171;hg38
4375;cg04312122;2242;;0;0;TxEnh4;-0,029378062;0,775145356;0,766439029;97;0,102509286;Axolotl;Ambystoma mexicanum;-0,285651107;9;SPTAN1;128629138;0,775145356;hg38
4376;cg22571854;;2134;0;0;TxEx1;0,029299593;0,775730102;0,766554195;97;0,102509758;Axolotl;Ambystoma mexicanum;0,284887801;17;KLHL10;41848133;0,775730102;hg38
4377;cg08611749;;2135;0;0;BivProm4;0,02929763;0,77574473;0,766554195;97;0,10250977;Axolotl;Ambystoma mexicanum;0,284868708;6;LOC101927314;97668915;0,77574473;hg38
4378;cg27245416;2243;;0;0;TxEnh8;-0,029179724;0,776623599;0,766554195;97;0,102510478;Axolotl;Ambystoma mexicanum;-0,283721784;1;ARID1A;26772876;0,776623599;hg38
4379;cg22988741;2244;;0;0;EnhWk3;-0,029143287;0,776895252;0,766554195;97;0,102510696;Axolotl;Ambystoma mexicanum;-0,283367353;1;ERI3;44238944;0,776895252;hg38
4380;cg25857570;2245;;0;0;ReprPC5;-0,029129085;0,777001144;0,766554195;97;0,102510781;Axolotl;Ambystoma mexicanum;-0,283229203;10;BTRC;101322923;0,777001144;hg38
4381;cg10125423;;2136;0;1;ReprPC1;0,029127664;0,777011742;0,766554195;97;0,102510789;Axolotl;Ambystoma mexicanum;0,283215377;7;UNCX;1239561;0,777011742;hg38
4382;cg17489311;;2137;0;0;EnhA12;0,029106036;0,777173008;0,766554195;97;0,102510918;Axolotl;Ambystoma mexicanum;0,283004995;6;PKHD1;51679304;0,777173008;hg38
4383;cg12189585;;2138;0;0;ReprPC7;0,029094139;0,777261725;0,766554195;97;0,102510989;Axolotl;Ambystoma mexicanum;0,282889263;1;LINC01685;38445138;0,777261725;hg38
4384;cg03228030;2246;;0;0;Acet2;-0,029072003;0,777426792;0,766554195;97;0,102511121;Axolotl;Ambystoma mexicanum;-0,282673943;2;VRK2;57959588;0,777426792;hg38
4385;cg24854395;2247;;0;0;ReprPC1;-0,02904134;0,777655465;0,766554195;97;0,102511304;Axolotl;Ambystoma mexicanum;-0,282375675;17;TAF15;35740439;0,777655465;hg38
4386;cg01432993;;2139;0;0;ReprPC6;0,029033813;0,777711605;0,766554195;97;0,102511349;Axolotl;Ambystoma mexicanum;0,282302453;10;EBF3;129851239;0,777711605;hg38
4387;cg24243964;2248;;0;0;Quies3;-0,029011443;0,777878445;0,766554195;97;0,102511482;Axolotl;Ambystoma mexicanum;-0,282084856;6;TFAP2A-AS2;10150126;0,777878445;hg38
4388;cg08955338;;2140;0;0;ReprPC3;0,028962466;0,77824377;0,766554195;97;0,102511774;Axolotl;Ambystoma mexicanum;0,281608437;1;LINC01739;62999273;0,77824377;hg38
4389;cg21308134;2249;;0;0;EnhA2;-0,028955332;0,778296988;0,766554195;97;0,102511816;Axolotl;Ambystoma mexicanum;-0,281539042;7;AUTS2;70630929;0,778296988;hg38
4390;cg04422341;2250;;0;1;BivProm1;-0,028947055;0,778358728;0,766554195;97;0,102511865;Axolotl;Ambystoma mexicanum;-0,281458534;1;FOXO6;41362283;0,778358728;hg38
4391;cg04990315;;2141;0;0;EnhA17;0,028934166;0,77845488;0,766554195;97;0,102511942;Axolotl;Ambystoma mexicanum;0,281333158;13;NBEA;35514414;0,77845488;hg38
4392;cg04824169;2251;;0;0;TxEx2;-0,028883365;0,778833887;0,766554195;97;0,102512243;Axolotl;Ambystoma mexicanum;-0,280839003;6;PNISR;99403829;0,778833887;hg38
4393;cg24533228;2252;;0;0;EnhA19;-0,028882455;0,778840681;0,766554195;97;0,102512248;Axolotl;Ambystoma mexicanum;-0,280830146;9;PLPPR1;101269873;0,778840681;hg38
4394;cg16687257;2253;;0;0;TxEx2;-0,028878316;0,77887156;0,766554195;97;0,102512273;Axolotl;Ambystoma mexicanum;-0,280789888;3;DNAJC13;132531016;0,77887156;hg38
4395;cg16275162;2254;;0;0;EnhWk4;-0,028866723;0,778958057;0,766554195;97;0,102512342;Axolotl;Ambystoma mexicanum;-0,280677122;12;MGST1;16563205;0,778958057;hg38
4396;cg09407361;2255;;0;0;TxWk1;-0,02882424;0,779275064;0,766554195;97;0,102512593;Axolotl;Ambystoma mexicanum;-0,280263876;10;BEND7;13481045;0,779275064;hg38
4397;cg15265788;2256;;0;0;PromF5;-0,028820312;0,779304372;0,766554195;97;0,102512616;Axolotl;Ambystoma mexicanum;-0,280225672;2;LOC101929512;161238721;0,779304372;hg38
4398;cg03821809;2257;;0;0;TxEx1;-0,028763117;0,779731216;0,766554195;97;0,102512954;Axolotl;Ambystoma mexicanum;-0,279669323;8;RNF139;124487366;0,779731216;hg38
4399;cg08539006;;2142;0;0;ReprPC1;0,028735797;0,779935128;0,766554195;97;0,102513115;Axolotl;Ambystoma mexicanum;0,279403575;2;SP9;174332063;0,779935128;hg38
4400;cg06256720;2258;;0;1;TSS1;-0,02863954;0,78065369;0,766554195;97;0,102513682;Axolotl;Ambystoma mexicanum;-0,278467265;12;ELK3;96195732;0,78065369;hg38
4401;cg04651121;2259;;0;0;Quies1;-0,02862224;0,780782856;0,766554195;97;0,102513784;Axolotl;Ambystoma mexicanum;-0,278298983;12;LMO3;16786836;0,780782856;hg38
4402;cg02658132;;2143;0;0;EnhWk4;0,028579661;0,781100781;0,766554195;97;0,102514034;Axolotl;Ambystoma mexicanum;0,277884814;9;PTPRD;8314333;0,781100781;hg38
4403;cg16671190;;2144;0;0;TxWk2;0,028560153;0,781246456;0,766554195;97;0,102514148;Axolotl;Ambystoma mexicanum;0,277695056;10;KCNMA1-AS1;76944864;0,781246456;hg38
4404;cg06144801;2260;;0;0;TxEx1;-0,028559727;0,781249638;0,766554195;97;0,10251415;Axolotl;Ambystoma mexicanum;-0,277690912;17;KRT222;40642587;0,781249638;hg38
4405;cg02774981;;2145;0;1;BivProm2;0,028548709;0,781331921;0,766554195;97;0,102514215;Axolotl;Ambystoma mexicanum;0,277583733;18;KLHL14;32770010;0,781331921;hg38
4406;cg01530159;2261;;0;0;EnhA19;-0,028536806;0,781420809;0,766554195;97;0,102514285;Axolotl;Ambystoma mexicanum;-0,277467954;11;SOX6;16111871;0,781420809;hg38
4407;cg24370741;2262;;0;0;EnhA13;-0,028517114;0,781567874;0,766554195;97;0,1025144;Axolotl;Ambystoma mexicanum;-0,277276407;2;MIR4432HG;60214893;0,781567874;hg38
4408;cg22533021;;2146;0;0;TxEx2;0,028501096;0,781687504;0,766554195;97;0,102514494;Axolotl;Ambystoma mexicanum;0,277120601;4;ZNF827;145765040;0,781687504;hg38
4409;cg23527494;;2147;0;0;Quies1;0,028474272;0,781887857;0,766554195;97;0,102514651;Axolotl;Ambystoma mexicanum;0,276859676;7;AUTS2;70515975;0,781887857;hg38
4410;cg19860527;2263;;0;0;TxEx1;-0,028472516;0,781900972;0,766554195;97;0,102514661;Axolotl;Ambystoma mexicanum;-0,276842596;11;SF1;64773469;0,781900972;hg38
4411;cg10235290;;2148;0;0;EnhA6;0,028452948;0,782047132;0,766554195;97;0,102514775;Axolotl;Ambystoma mexicanum;0,276652261;1;RNF220;44581211;0,782047132;hg38
4412;cg03391245;;2149;0;0;ReprPC1;0,028439216;0,782149712;0,766554195;97;0,102514855;Axolotl;Ambystoma mexicanum;0,276518683;1;LINC02609;90841210;0,782149712;hg38
4413;cg03466638;2264;;0;0;Tx8;-0,028413973;0,782338282;0,766554195;97;0,102515002;Axolotl;Ambystoma mexicanum;-0,276273143;5;MEF2C-AS2;88761274;0,782338282;hg38
4414;cg24467057;2265;;0;0;ReprPC3;-0,028400687;0,782437536;0,766554195;97;0,10251508;Axolotl;Ambystoma mexicanum;-0,27614391;5;ARAP3;141763830;0,782437536;hg38
4415;cg22703186;;2150;0;0;TxEx1;0,028383296;0,782567459;0,766554195;97;0,102515181;Axolotl;Ambystoma mexicanum;0,275974752;12;TMED2;123596715;0,782567459;hg38
4416;cg18013240;;2151;0;0;PromF4;0,028325822;0,782996884;0,766554195;97;0,102515516;Axolotl;Ambystoma mexicanum;0,2754157;17;GNA13;65056377;0,782996884;hg38
4417;cg07440924;;2152;0;0;EnhWk3;0,028313218;0,783091066;0,766554195;97;0,102515589;Axolotl;Ambystoma mexicanum;0,275293099;16;XYLT1;17323297;0,783091066;hg38
4418;cg22521808;2266;;0;0;EnhA16;-0,028292289;0,783247467;0,766554195;97;0,10251571;Axolotl;Ambystoma mexicanum;-0,275089515;23;GRIA3;123465764;0,783247467;hg38
4419;cg10243630;2267;;0;0;EnhA6;-0,02828394;0,783309857;0,766554195;97;0,102515759;Axolotl;Ambystoma mexicanum;-0,275008306;1;ESRRG;216532337;0,783309857;hg38
4420;cg18408272;;2153;0;0;EnhWk8;0,028234614;0,783678497;0,766554195;97;0,102516045;Axolotl;Ambystoma mexicanum;0,274528511;11;ELP4;31664287;0,783678497;hg38
4421;cg20657145;2268;;0;0;EnhWk8;-0,028223212;0,783763718;0,766554195;97;0,102516111;Axolotl;Ambystoma mexicanum;-0,274417602;14;NRXN3;79861210;0,783763718;hg38
4422;cg14211535;2269;;0;0;TxEx1;-0,028215861;0,783818659;0,766554195;97;0,102516154;Axolotl;Ambystoma mexicanum;-0,274346102;4;HNRNPD;82354974;0,783818659;hg38
4423;cg04920416;2270;;0;0;TxEnh1;-0,028201115;0,783928876;0,766554195;97;0,102516239;Axolotl;Ambystoma mexicanum;-0,274202671;17;AATF;36978946;0,783928876;hg38
4424;cg08069628;2271;;0;1;BivProm1;-0,028133973;0,784430785;0,766554195;97;0,102516627;Axolotl;Ambystoma mexicanum;-0,273549581;2;HOXD-AS2;176130777;0,784430785;hg38
4425;cg04028333;2272;;0;1;ReprPC1;-0,028127438;0,784479645;0,766554195;97;0,102516665;Axolotl;Ambystoma mexicanum;-0,27348601;2;EVX2;176073589;0,784479645;hg38
4426;cg19643847;2273;;0;0;EnhWk5;-0,028125801;0,78449188;0,766554195;97;0,102516674;Axolotl;Ambystoma mexicanum;-0,273470091;8;ZFPM2;104869327;0,78449188;hg38
4427;cg10704133;;2154;0;0;EnhA17;0,028106223;0,784638248;0,766554195;97;0,102516787;Axolotl;Ambystoma mexicanum;0,273279661;1;PBX1;164731674;0,784638248;hg38
4428;cg18616546;;2155;0;0;PromF5;0,028104174;0,784653573;0,766554195;97;0,102516799;Axolotl;Ambystoma mexicanum;0,273259724;16;ZFHX3;72787314;0,784653573;hg38
4429;cg09760769;;2156;0;0;TxEnh1;0,028062962;0,784961711;0,766682081;97;0,102517036;Axolotl;Ambystoma mexicanum;0,27285886;2;OLA1;174177316;0,784961711;hg38
4430;cg11925076;2274;;0;0;Tx3;-0,027997075;0,785454418;0,766990139;97;0,102517415;Axolotl;Ambystoma mexicanum;-0,27221798;2;MEIS1;66512272;0,785454418;hg38
4431;cg20212950;;2157;0;0;Tx7;0,027918373;0,786043058;0,767115706;97;0,102517867;Axolotl;Ambystoma mexicanum;0,271452461;6;QKI;163566741;0,786043058;hg38
4432;cg12509442;;2158;0;0;EnhWk8;0,027908647;0,786115812;0,767115706;97;0,102517923;Axolotl;Ambystoma mexicanum;0,271357857;7;VSTM2A;54569163;0,786115812;hg38
4433;cg20987616;2275;;0;0;EnhWk4;-0,027897737;0,786197425;0,767115706;97;0,102517985;Axolotl;Ambystoma mexicanum;-0,271251735;14;ESRRB;76271760;0,786197425;hg38
4434;cg13795805;2276;;0;0;Acet1;-0,027848632;0,786564787;0,767115706;97;0,102518266;Axolotl;Ambystoma mexicanum;-0,270774093;14;BCL11B;99174267;0,786564787;hg38
4435;cg20049544;2277;;0;0;TxWk1;-0,027782639;0,787058553;0,767115706;97;0,102518642;Axolotl;Ambystoma mexicanum;-0,270132197;4;CNOT6L;77776300;0,787058553;hg38
4436;cg05655308;;2159;0;0;Tx4;0,027747166;0,787324004;0,767115706;97;0,102518845;Axolotl;Ambystoma mexicanum;0,269787156;3;ATG7;11556749;0,787324004;hg38
4437;cg20584529;;2160;0;0;ReprPC9;0,027737933;0,787393099;0,767115706;97;0,102518897;Axolotl;Ambystoma mexicanum;0,269697351;13;DACH1;71682018;0,787393099;hg38
4438;cg12368841;;2161;0;0;ReprPC6;0,027735376;0,787412236;0,767115706;97;0,102518912;Axolotl;Ambystoma mexicanum;0,269672477;6;PACSIN1;34528816;0,787412236;hg38
4439;cg14397160;;2162;0;0;EnhA17;0,027724903;0,787490619;0,767115706;97;0,102518971;Axolotl;Ambystoma mexicanum;0,269570603;7;AUTS2;70132461;0,787490619;hg38
4440;cg22310800;2278;;0;0;TxEnh6;-0,027687689;0,787769139;0,767115706;97;0,102519183;Axolotl;Ambystoma mexicanum;-0,26920863;10;ABLIM1;114491844;0,787769139;hg38
4441;cg17779243;2279;;0;0;EnhA17;-0,027684232;0,787795014;0,767115706;97;0,102519203;Axolotl;Ambystoma mexicanum;-0,269175005;3;RSRC1;158432179;0,787795014;hg38
4442;cg21362567;2280;;0;0;EnhA18;-0,027682907;0,78780493;0,767115706;97;0,10251921;Axolotl;Ambystoma mexicanum;-0,269162118;1;LINC00466;63199903;0,78780493;hg38
4443;cg24850996;;2163;0;0;Tx3;0,027671764;0,78788833;0,767115706;97;0,102519273;Axolotl;Ambystoma mexicanum;0,269053738;4;CHIC2;54015826;0,78788833;hg38
4444;cg00130771;2281;;0;0;TxEnh4;-0,027530931;0,788942653;0,767817846;97;0,102520071;Axolotl;Ambystoma mexicanum;-0,267683888;12;TAOK3;118181534;0,788942653;hg38
4445;cg06448663;;2164;0;0;EnhWk5;0,027506229;0,789127619;0,767817846;97;0,10252021;Axolotl;Ambystoma mexicanum;0,267443618;2;HECW2;196217024;0,789127619;hg38
4446;cg12769242;;2165;0;0;Acet2;0,027460451;0,789470431;0,767817846;97;0,102520469;Axolotl;Ambystoma mexicanum;0,266998351;18;CCDC178;33124193;0,789470431;hg38
4447;cg18069537;2282;;0;0;EnhWk4;-0,027426159;0,789727252;0,767817846;97;0,102520662;Axolotl;Ambystoma mexicanum;-0,266664808;3;PTPRG-AS1;62243856;0,789727252;hg38
4448;cg08008510;2283;;0;0;TxEx1;-0,027402926;0,78990127;0,767817846;97;0,102520792;Axolotl;Ambystoma mexicanum;-0,266438822;5;ZFR;32380141;0,78990127;hg38
4449;cg13814560;2284;;0;0;ReprPC4;-0,027379746;0,790074895;0,767817846;97;0,102520923;Axolotl;Ambystoma mexicanum;-0,266213359;10;LRMDA;75937933;0,790074895;hg38
4450;cg01429507;;2166;0;0;Acet4;0,027362373;0,790205032;0,767817846;97;0,10252102;Axolotl;Ambystoma mexicanum;0,266044377;5;NR2F1-AS1;92635133;0,790205032;hg38
4451;cg03927039;;2167;0;0;Tx1;0,027306291;0,790625166;0,767817846;97;0,102521335;Axolotl;Ambystoma mexicanum;0,265498889;9;PBX3;125892785;0,790625166;hg38
4452;cg04510523;2285;;0;0;EnhWk4;-0,027295964;0,790702534;0,767817846;97;0,102521393;Axolotl;Ambystoma mexicanum;-0,265398445;5;IRX1;3854108;0,790702534;hg38
4453;cg14820859;;2168;0;0;BivProm4;0,027277339;0,790842082;0,767817846;97;0,102521497;Axolotl;Ambystoma mexicanum;0,265217282;1;PRRX1;170663282;0,790842082;hg38
4454;cg00393367;2286;;0;0;TxEnh7;-0,027270471;0,790893536;0,767817846;97;0,102521535;Axolotl;Ambystoma mexicanum;-0,265150487;2;ZEB2;144494821;0,790893536;hg38
4455;cg05756833;;2169;0;0;EnhA9;0,027267921;0,790912648;0,767817846;97;0,10252155;Axolotl;Ambystoma mexicanum;0,265125676;3;FOXP1;71444459;0,790912648;hg38
4456;cg01998606;;2170;0;0;TxEnh8;0,027259258;0,790977558;0,767817846;97;0,102521598;Axolotl;Ambystoma mexicanum;0,265041414;2;ZEB2;144403976;0,790977558;hg38
4457;cg14817590;2287;;0;0;EnhWk4;-0,027243663;0,791094412;0,767817846;97;0,102521685;Axolotl;Ambystoma mexicanum;-0,264889728;19;THEG5;31546430;0,791094412;hg38
4458;cg08229983;;2171;0;0;EnhA5;0,02715531;0,791756528;0,768258891;97;0,102522178;Axolotl;Ambystoma mexicanum;0,264030355;23;FGF13;138857612;0,791756528;hg38
4459;cg16375103;2288;;0;0;Tx5;-0,027125312;0,791981361;0,768258891;97;0,102522346;Axolotl;Ambystoma mexicanum;-0,263738586;14;FUT8;65561717;0,791981361;hg38
4460;cg23871793;;2172;0;0;EnhWk4;0,027111937;0,792081617;0,768258891;97;0,10252242;Axolotl;Ambystoma mexicanum;0,263608489;6;MIR548AI;99185537;0,792081617;hg38
4461;cg25934383;2289;;0;0;TxEx2;-0,027041006;0,792613336;0,768415239;97;0,102522814;Axolotl;Ambystoma mexicanum;-0,262918579;19;SAMD4B;39381041;0,792613336;hg38
4462;cg09161730;2290;;0;0;EnhWk8;-0,027017647;0,792788462;0,768415239;97;0,102522944;Axolotl;Ambystoma mexicanum;-0,262691379;2;PABPC1P2;146041411;0,792788462;hg38
4463;cg03136055;;2173;0;0;EnhA2;0,026993219;0,792971618;0,768415239;97;0,102523079;Axolotl;Ambystoma mexicanum;0,262453776;20;HAO1;7866591;0,792971618;hg38
4464;cg16480381;2291;;0;0;Quies5;-0,026986679;0,793020654;0,768415239;97;0,102523115;Axolotl;Ambystoma mexicanum;-0,262390165;23;DACH2;86157529;0,793020654;hg38
4465;cg04980135;;2174;0;0;ReprPC4;0,026929556;0,793448995;0,768415239;97;0,102523431;Axolotl;Ambystoma mexicanum;0,261834558;5;PRDM6;123159559;0,793448995;hg38
4466;cg01363325;2292;;0;0;EnhA17;-0,026927487;0,79346451;0,768415239;97;0,102523443;Axolotl;Ambystoma mexicanum;-0,261814434;2;FIGN;163593947;0,79346451;hg38
4467;cg23826080;2293;;0;0;TxEx1;-0,026865644;0,793928316;0,768415239;97;0,102523784;Axolotl;Ambystoma mexicanum;-0,261212919;6;ATP6V1G2-DDX39B;31535395;0,793928316;hg38
4468;cg03452756;;2175;0;0;ReprPC3;0,02684944;0,794049854;0,768415239;97;0,102523873;Axolotl;Ambystoma mexicanum;0,26105531;4;SORBS2;185638079;0,794049854;hg38
4469;cg16351469;;2176;0;0;TxEx2;0,026839631;0,794123427;0,768415239;97;0,102523927;Axolotl;Ambystoma mexicanum;0,260959906;17;TNRC6C;78086859;0,794123427;hg38
4470;cg07456773;2294;;0;1;BivProm1;-0,026825545;0,794229081;0,768415239;97;0,102524005;Axolotl;Ambystoma mexicanum;-0,260822904;7;HOXA7;27156570;0,794229081;hg38
4471;cg20010041;2295;;0;0;TxEnh4;-0,026799158;0,794427022;0,768415239;97;0,10252415;Axolotl;Ambystoma mexicanum;-0,260566246;12;ATP2B1;89598674;0,794427022;hg38
4472;cg10029843;2296;;0;0;TxEx1;-0,026732413;0,794927754;0,768415239;97;0,102524517;Axolotl;Ambystoma mexicanum;-0,259917057;17;VEZF1;57980749;0,794927754;hg38
4473;cg01275157;;2177;0;1;ReprPC1;0,026729623;0,794948683;0,768415239;97;0,102524532;Axolotl;Ambystoma mexicanum;0,259889925;7;UNCX;1225725;0,794948683;hg38
4474;cg25001128;2297;;0;1;ReprPC1;-0,026723242;0,794996562;0,768415239;97;0,102524567;Axolotl;Ambystoma mexicanum;-0,259827857;10;LBX1-AS1;101219732;0,794996562;hg38
4475;cg25260948;2298;;0;0;EnhWk4;-0,026670518;0,795392175;0,768415239;97;0,102524856;Axolotl;Ambystoma mexicanum;-0,259315041;19;URI1;30060144;0,795392175;hg38
4476;cg00585108;2299;;0;0;EnhA4;-0,026669302;0,795401296;0,768415239;97;0,102524862;Axolotl;Ambystoma mexicanum;-0,259303219;4;LOC645513;119525598;0,795401296;hg38
4477;cg11137360;2300;;0;0;EnhWk8;-0,02664619;0,795574736;0,768415239;97;0,102524989;Axolotl;Ambystoma mexicanum;-0,259078419;1;SNORD3G;90622313;0,795574736;hg38
4478;cg02675830;2301;;0;0;Tx8;-0,026609904;0,79584705;0,768415239;97;0,102525187;Axolotl;Ambystoma mexicanum;-0,258725491;4;CHIC2;54010105;0,79584705;hg38
4479;cg07904661;2302;;0;0;TxEx3;-0,026548794;0,796305715;0,768415239;97;0,10252552;Axolotl;Ambystoma mexicanum;-0,25813112;6;ITPR3;33680375;0,796305715;hg38
4480;cg18401084;;2178;0;0;ReprPC2;0,026538785;0,796380847;0,768415239;97;0,102525575;Axolotl;Ambystoma mexicanum;0,258033767;13;OBI1-AS1;78588691;0,796380847;hg38
4481;cg13866150;;2179;0;1;BivProm1;0,026536059;0,796401312;0,768415239;97;0,10252559;Axolotl;Ambystoma mexicanum;0,258007249;5;OTP;77645482;0,796401312;hg38
4482;cg00564054;2303;;0;0;EnhA20;-0,026519767;0,796523606;0,768415239;97;0,102525678;Axolotl;Ambystoma mexicanum;-0,257848793;7;LOC441204;26485654;0,796523606;hg38
4483;cg23220306;2304;;0;0;EnhWk4;-0,026497724;0,796689084;0,768415239;97;0,102525798;Axolotl;Ambystoma mexicanum;-0,257634393;13;DACH1;71516727;0,796689084;hg38
4484;cg09633555;;2180;0;0;EnhWk4;0,026497617;0,796689891;0,768415239;97;0,102525799;Axolotl;Ambystoma mexicanum;0,257633347;6;ID4;19861017;0,796689891;hg38
4485;cg00967908;;2181;0;0;TxEnh4;0,026468605;0,796907695;0,768415239;97;0,102525956;Axolotl;Ambystoma mexicanum;0,257351169;5;ZSWIM6;61535618;0,796907695;hg38
4486;cg18652212;;2182;0;1;BivProm2;0,026468417;0,796909104;0,768415239;97;0,102525958;Axolotl;Ambystoma mexicanum;0,257349343;6;NRN1;5999162;0,796909104;hg38
4487;cg24779309;2305;;0;0;EnhWk8;-0,026444;0,797092427;0,768415239;97;0,10252609;Axolotl;Ambystoma mexicanum;-0,257111854;2;CAMKMT;44743975;0,797092427;hg38
4488;cg15051314;;2183;0;0;TxEx2;0,026414623;0,797312997;0,768415239;97;0,102526249;Axolotl;Ambystoma mexicanum;0,256826131;19;UPF1;18860923;0,797312997;hg38
4489;cg07549765;2306;;0;0;TxEx3;-0,026403813;0,797394167;0,768415239;97;0,102526308;Axolotl;Ambystoma mexicanum;-0,256720989;2;LOC100132215;62996726;0,797394167;hg38
4490;cg13066404;;2184;0;0;EnhA20;0,026355395;0,797757758;0,768543104;97;0,10252657;Axolotl;Ambystoma mexicanum;0,256250057;18;CCDC178;33183288;0,797757758;hg38
4491;cg07652573;2307;;0;0;TxEnh7;-0,026338827;0,797882179;0,768543104;97;0,10252666;Axolotl;Ambystoma mexicanum;-0,256088917;8;RBPMS;30544572;0,797882179;hg38
4492;cg24867198;2308;;0;0;EnhA2;-0,026290881;0,798242282;0,768718796;97;0,102526919;Axolotl;Ambystoma mexicanum;-0,255622579;8;ZFPM2-AS1;105661895;0,798242282;hg38
4493;cg25369687;;2185;0;0;EnhA17;0,026214065;0,798819292;0,769103249;97;0,102527332;Axolotl;Ambystoma mexicanum;0,254875458;7;GLI3;42153291;0,798819292;hg38
4494;cg03604970;;2186;0;0;ReprPC2;0,026159899;0,799226237;0,769149389;97;0,102527623;Axolotl;Ambystoma mexicanum;0,254348625;19;LOC100505585;41933339;0,799226237;hg38
4495;cg16388536;2309;;0;0;TxWk1;-0,02609211;0,7997356;0,769149389;97;0,102527987;Axolotl;Ambystoma mexicanum;-0,253689302;5;AP3B1;78062984;0,7997356;hg38
4496;cg07048205;2310;;0;1;BivProm2;-0,026072664;0,799881731;0,769149389;97;0,102528091;Axolotl;Ambystoma mexicanum;-0,253500168;12;HOXC4;54029702;0,799881731;hg38
4497;cg08309206;2311;;0;0;TxEnh5;-0,02606165;0,799964504;0,769149389;97;0,10252815;Axolotl;Ambystoma mexicanum;-0,253393042;23;MID1;10566934;0,799964504;hg38
4498;cg01941781;2312;;0;0;TxEx2;-0,02605362;0,800024853;0,769149389;97;0,102528193;Axolotl;Ambystoma mexicanum;-0,253314939;23;OGT;71573705;0,800024853;hg38
4499;cg13345581;2313;;0;0;Quies3;-0,026053283;0,800027382;0,769149389;97;0,102528195;Axolotl;Ambystoma mexicanum;-0,253311665;1;RRP15;218241761;0,800027382;hg38
4500;cg11543317;;2187;0;0;TxEnh5;0,026042046;0,800111833;0,769149389;97;0,102528255;Axolotl;Ambystoma mexicanum;0,253202373;13;MBNL2;97356777;0,800111833;hg38
4501;cg22678587;;2188;1;1;PromF1;0,025942745;0,800858221;0,769637864;97;0,102528784;Axolotl;Ambystoma mexicanum;0,252236559;8;CHD7;60793049;0,800858221;hg38
4502;cg00663363;;2189;0;0;ReprPC2;0,025927104;0,800975803;0,769637864;97;0,102528867;Axolotl;Ambystoma mexicanum;0,252084432;13;LINC02337;111532295;0,800975803;hg38
4503;cg03964231;2314;;0;0;EnhWk8;-0,025827794;0,801722469;0,770184241;97;0,102529395;Axolotl;Ambystoma mexicanum;-0,251118531;2;CAMKMT;44743959;0,801722469;hg38
4504;cg09566714;;2190;0;0;Tx7;0,025748609;0,80231795;0,770202312;97;0,102529814;Axolotl;Ambystoma mexicanum;0,250348374;8;ZBTB10;80519310;0,80231795;hg38
4505;cg22748772;2315;;0;0;ReprPC5;-0,025737459;0,802401802;0,770202312;97;0,102529873;Axolotl;Ambystoma mexicanum;-0,250239937;7;UNCX;1269095;0,802401802;hg38
4506;cg11011772;2316;;0;0;ReprPC9;-0,025699296;0,802688847;0,770202312;97;0,102530074;Axolotl;Ambystoma mexicanum;-0,249868755;10;EBF3;129895933;0,802688847;hg38
4507;cg19889017;2317;;0;0;PromF5;-0,025693807;0,802730128;0,770202312;97;0,102530103;Axolotl;Ambystoma mexicanum;-0,249815376;2;LOC101929512;161238584;0,802730128;hg38
4508;cg00009319;;2191;0;0;EnhA2;0,025683491;0,802807726;0,770202312;97;0,102530157;Axolotl;Ambystoma mexicanum;0,249715041;7;AUTS2;70631040;0,802807726;hg38
4509;cg18743610;2318;;0;0;TxEnh1;-0,025678769;0,802843247;0,770202312;97;0,102530182;Axolotl;Ambystoma mexicanum;-0,249669111;2;ZEB2;144439566;0,802843247;hg38
4510;cg26481779;2319;;0;0;EnhWk2;-0,025596836;0,803459611;0,770202312;97;0,102530613;Axolotl;Ambystoma mexicanum;-0,248872238;9;MAPKAP1;125463124;0,803459611;hg38
4511;cg17349123;;2192;0;0;TxWk2;0,0255679;0,803677319;0,770202312;97;0,102530765;Axolotl;Ambystoma mexicanum;0,248590808;19;GRIK5;42065230;0,803677319;hg38
4512;cg25430489;2320;;0;0;ReprPC6;-0,025561349;0,803726614;0,770202312;97;0,1025308;Axolotl;Ambystoma mexicanum;-0,248527089;14;ESRRB;76462595;0,803726614;hg38
4513;cg06832823;;2193;0;0;HET1;0,025550429;0,803808776;0,770202312;97;0,102530857;Axolotl;Ambystoma mexicanum;0,248420885;9;BRINP1;119167769;0,803808776;hg38
4514;cg14712939;;2194;0;0;Tx1;0,025535673;0,803919811;0,770202312;97;0,102530934;Axolotl;Ambystoma mexicanum;0,248277365;1;PRRC2C;171512071;0,803919811;hg38
4515;cg05482254;;2195;0;0;TxEx4;0,025530789;0,803956559;0,770202312;97;0,10253096;Axolotl;Ambystoma mexicanum;0,248229867;3;TIPARP;156681104;0,803956559;hg38
4516;cg07117806;;2196;0;0;Tx8;0,025506967;0,804135821;0,770202312;97;0,102531085;Axolotl;Ambystoma mexicanum;0,247998172;6;RUNX2;45492006;0,804135821;hg38
4517;cg16807187;;2197;0;1;BivProm4;0,02549393;0,804233924;0,770202312;97;0,102531153;Axolotl;Ambystoma mexicanum;0,24787138;12;HOXC4;54033675;0,804233924;hg38
4518;cg02175911;2321;;0;0;TxEnh4;-0,025357815;0,805258408;0,770387725;97;0,102531863;Axolotl;Ambystoma mexicanum;-0,24654754;9;SPTAN1;128629147;0,805258408;hg38
4519;cg23128382;2322;;0;0;TSS1;-0,025346268;0,805345336;0,770387725;97;0,102531923;Axolotl;Ambystoma mexicanum;-0,246435231;11;OSBP;59615345;0,805345336;hg38
4520;cg25659357;2323;;0;0;TxEx1;-0,025341453;0,805381583;0,770387725;97;0,102531948;Axolotl;Ambystoma mexicanum;-0,246388403;5;ZFR;32380110;0,805381583;hg38
4521;cg22320085;;2198;0;0;EnhWk4;0,025315463;0,805577245;0,770387725;97;0,102532083;Axolotl;Ambystoma mexicanum;0,246135627;3;FOXP1;70822658;0,805577245;hg38
4522;cg03779702;;2199;0;0;Tx6;0,025302137;0,80567757;0,770387725;97;0,102532152;Axolotl;Ambystoma mexicanum;0,246006023;15;FAM214A;52584853;0,80567757;hg38
4523;cg13342658;2324;;0;1;BivProm2;-0,025294071;0,8057383;0,770387725;97;0,102532194;Axolotl;Ambystoma mexicanum;-0,245927571;20;NKX2-2;21516001;0,8057383;hg38
4524;cg15637759;;2200;0;0;EnhA4;0,025252458;0,806051619;0,770387725;97;0,10253241;Axolotl;Ambystoma mexicanum;0,245522848;12;SCN8A;51687176;0,806051619;hg38
4525;cg08162897;2325;;0;0;Tx2;-0,025227349;0,806240684;0,770387725;97;0,10253254;Axolotl;Ambystoma mexicanum;-0,245278647;23;AMMECR1;110264570;0,806240684;hg38
4526;cg17050587;;2201;0;0;EnhWk2;0,025192076;0,806506308;0,770387725;97;0,102532722;Axolotl;Ambystoma mexicanum;0,244935585;1;NFIA;61088260;0,806506308;hg38
4527;cg12923727;;2202;0;0;EnhA18;0,025162491;0,806729116;0,770387725;97;0,102532875;Axolotl;Ambystoma mexicanum;0,244647843;12;SOX5;23561887;0,806729116;hg38
4528;cg25410683;;2203;0;0;TxEnh4;0,025143537;0,806871862;0,770387725;97;0,102532973;Axolotl;Ambystoma mexicanum;0,244463507;18;SMAD7;48921744;0,806871862;hg38
4529;cg01927175;;2204;0;0;EnhWk1;0,025126902;0,806997156;0,770387725;97;0,102533059;Axolotl;Ambystoma mexicanum;0,244301715;5;RANBP17;171156710;0,806997156;hg38
4530;cg18556021;;2205;0;0;DNase1;0,025121381;0,807038738;0,770387725;97;0,102533087;Axolotl;Ambystoma mexicanum;0,244248021;7;CNOT4;135415252;0,807038738;hg38
4531;cg06772281;2326;;0;0;TxWk1;-0,025079722;0,807352527;0,770387725;97;0,102533302;Axolotl;Ambystoma mexicanum;-0,243842857;14;GPHN;66987942;0,807352527;hg38
4532;cg10901833;;2206;0;0;TxEx2;0,02506769;0,807443163;0,770387725;97;0,102533364;Axolotl;Ambystoma mexicanum;0,243725835;8;PPP2R2A;26370252;0,807443163;hg38
4533;cg17298239;2327;;0;0;PromF5;-0,025047219;0,807597378;0,770387725;97;0,102533469;Axolotl;Ambystoma mexicanum;-0,243526734;18;DLGAP1;3499255;0,807597378;hg38
4534;cg07206761;;2207;0;0;EnhA6;0,025039963;0,807652036;0,770387725;97;0,102533506;Axolotl;Ambystoma mexicanum;0,243456169;2;FIGN;163612465;0,807652036;hg38
4535;cg26439200;;2208;0;0;EnhWk8;0,025033505;0,80770069;0,770387725;97;0,10253354;Axolotl;Ambystoma mexicanum;0,243393356;6;LOC101927314;97885424;0,80770069;hg38
4536;cg19291010;;2209;0;0;TxEx3;0,024994659;0,807993347;0,770387725;97;0,102533739;Axolotl;Ambystoma mexicanum;0,243015555;1;BCL9;147612914;0,807993347;hg38
4537;cg07309812;2328;;0;0;BivProm4;-0,024990073;0,808027899;0,770387725;97;0,102533762;Axolotl;Ambystoma mexicanum;-0,242970953;4;CXXC4;104425309;0,808027899;hg38
4538;cg25639809;2329;;0;0;TxEx1;-0,024960062;0,808254023;0,770387725;97;0,102533916;Axolotl;Ambystoma mexicanum;-0,242679069;16;CMIP;81607614;0,808254023;hg38
4539;cg12084468;;2210;0;1;TSS1;0,024947923;0,808345485;0,770387725;97;0,102533978;Axolotl;Ambystoma mexicanum;0,242561014;12;ELK3;96195706;0,808345485;hg38
4540;cg18766286;2330;;0;0;TxEx2;-0,024884252;0,808825289;0,770675209;97;0,102534304;Axolotl;Ambystoma mexicanum;-0,241941763;10;LCOR;96955480;0,808825289;hg38
4541;cg26828755;2331;;0;0;TxWk1;-0,024824707;0,809274063;0,770933006;97;0,102534608;Axolotl;Ambystoma mexicanum;-0,241362644;4;GRIA2;157361015;0,809274063;hg38
4542;cg07749944;;2211;0;0;EnhA19;0,024639963;0,810666808;0,772028251;97;0,102535545;Axolotl;Ambystoma mexicanum;0,239565893;18;ZNF521;25286106;0,810666808;hg38
4543;cg16540608;2332;;0;0;BivProm4;-0,024624857;0,810780714;0,772028251;97;0,102535622;Axolotl;Ambystoma mexicanum;-0,23941898;4;CXXC4;104425155;0,810780714;hg38
4544;cg27281625;2333;;0;0;EnhA2;-0,024563833;0,811240906;0,772244467;97;0,10253593;Axolotl;Ambystoma mexicanum;-0,238825487;1;LINC01343;38247057;0,811240906;hg38
4545;cg02313256;2334;;0;0;Tx8;-0,024547403;0,81136482;0,772244467;97;0,102536012;Axolotl;Ambystoma mexicanum;-0,238665695;2;ZEB2;144500237;0,81136482;hg38
4546;cg13039539;;2212;0;0;EnhA17;0,024508322;0,81165958;0,772346423;97;0,102536209;Axolotl;Ambystoma mexicanum;0,238285611;7;AUTS2;70573641;0,81165958;hg38
4547;cg06956589;;2213;0;0;TxEnh5;0,024485858;0,811829025;0,772346423;97;0,102536322;Axolotl;Ambystoma mexicanum;0,238067135;13;DOCK9;98845998;0,811829025;hg38
4548;cg12496842;2335;;0;0;Acet1,EnhWk5;-0,024405956;0,812431784;0,772377359;97;0,102536723;Axolotl;Ambystoma mexicanum;-0,237290046;2;ARHGAP15;143358229;0,812431784;hg38
4549;cg07458047;;2214;0;0;TxEnh3;0,024394395;0,812519007;0,772377359;97;0,102536781;Axolotl;Ambystoma mexicanum;0,237177608;5;ZSWIM6;61472764;0,812519007;hg38
4550;cg06695854;2336;;0;1;BivProm1;-0,024380755;0,812621923;0,772377359;97;0,102536849;Axolotl;Ambystoma mexicanum;-0,237044945;14;SIX1;60648715;0,812621923;hg38
4551;cg13846278;;2215;0;0;TxEx2;0,024361221;0,812769305;0,772377359;97;0,102536947;Axolotl;Ambystoma mexicanum;0,23685497;12;MAP3K12;53485350;0,812769305;hg38
4552;cg05499494;2337;;0;0;EnhA10;-0,024346637;0,812879342;0,772377359;97;0,102537019;Axolotl;Ambystoma mexicanum;-0,236713138;21;ERG;38498185;0,812879342;hg38
4553;cg00166917;2338;;0;0;Tx1;-0,024339548;0,812932835;0,772377359;97;0,102537055;Axolotl;Ambystoma mexicanum;-0,23664419;1;TRIM33;114464376;0,812932835;hg38
4554;cg25320313;;2216;0;0;EnhA15;0,02426441;0,813499842;0,77239655;97;0,10253743;Axolotl;Ambystoma mexicanum;0,235913436;3;ZBTB20;114716367;0,813499842;hg38
4555;cg13219248;2339;;0;0;TSS1;-0,024251533;0,813597028;0,77239655;97;0,102537494;Axolotl;Ambystoma mexicanum;-0,235788196;18;TCF4;55322309;0,813597028;hg38
4556;cg10448703;;2217;0;0;Acet3;0,02424535;0,813643688;0,77239655;97;0,102537524;Axolotl;Ambystoma mexicanum;0,235728069;1;SPATA17;217729125;0,813643688;hg38
4557;cg17091071;2340;;0;0;Acet2;-0,02422955;0,813762934;0,77239655;97;0,102537603;Axolotl;Ambystoma mexicanum;-0,235574408;9;CNTLN;17323449;0,813762934;hg38
4558;cg23541245;2341;;0;0;EnhA7;-0,024218571;0,813845799;0,77239655;97;0,102537658;Axolotl;Ambystoma mexicanum;-0,235467631;19;LOC100505622;42134866;0,813845799;hg38
4559;cg27579480;2342;;0;0;PromF4;-0,024161592;0,814275885;0,772635219;97;0,10253794;Axolotl;Ambystoma mexicanum;-0,234913482;19;JUND;18280519;0,814275885;hg38
4560;cg08072685;;2218;0;0;Tx8;0,024080629;0,814887093;0,772807;97;0,102538341;Axolotl;Ambystoma mexicanum;0,234126088;8;RNF19A;100269989;0,814887093;hg38
4561;cg08072531;;2219;0;0;TxWk1;0,024048346;0,815130845;0,772807;97;0,102538501;Axolotl;Ambystoma mexicanum;0,233812113;1;ADGRL2;81907139;0,815130845;hg38
4562;cg26155004;2343;;0;0;ReprPC2;-0,024017876;0,815360915;0,772807;97;0,102538651;Axolotl;Ambystoma mexicanum;-0,233515783;8;LOC401463;64584724;0,815360915;hg38
4563;cg19115789;2344;;0;0;TxWk2;-0,024016347;0,815372459;0,772807;97;0,102538658;Axolotl;Ambystoma mexicanum;-0,233500915;23;GRPR;16152412;0,815372459;hg38
4564;cg09530766;2345;;0;1;ReprPC1;-0,024008033;0,815435236;0,772807;97;0,102538699;Axolotl;Ambystoma mexicanum;-0,233420062;5;NR2F1;93598354;0,815435236;hg38
4565;cg08123457;;2220;1;1;PromF3;0,023995641;0,815528812;0,772807;97;0,10253876;Axolotl;Ambystoma mexicanum;0,233299544;19;ERCC1;45478605;0,815528812;hg38
4566;cg05869876;2346;;0;0;ReprPC3;-0,023933778;0,815995996;0,772831462;97;0,102539065;Axolotl;Ambystoma mexicanum;-0,232697905;18;SMIM21;75363311;0,815995996;hg38
4567;cg13645387;2347;;0;0;Tx6;-0,023900709;0,816245762;0,772831462;97;0,102539227;Axolotl;Ambystoma mexicanum;-0,232376291;5;PPIP5K2;103187322;0,816245762;hg38
4568;cg16000161;;2221;0;0;TxWk1;0,023821011;0,816847776;0,772831462;97;0,102539617;Axolotl;Ambystoma mexicanum;0,2316012;23;AMMECR1;110196116;0,816847776;hg38
4569;cg07787884;2348;;0;0;Tx5;-0,023798992;0,817014115;0,772831462;97;0,102539725;Axolotl;Ambystoma mexicanum;-0,231387063;1;ADGRL2;81990439;0,817014115;hg38
4570;cg12242396;;2222;0;1;BivProm1;0,023797466;0,817025644;0,772831462;97;0,102539732;Axolotl;Ambystoma mexicanum;0,231372221;20;MAFB;40688123;0,817025644;hg38
4571;cg05962837;;2223;0;0;PromF2;0,02378586;0,817113329;0,772831462;97;0,102539789;Axolotl;Ambystoma mexicanum;0,231259344;2;ZEB2;144510779;0,817113329;hg38
4572;cg18467214;2349;;0;0;ReprPC4;-0,023772802;0,81721198;0,772831462;97;0,102539852;Axolotl;Ambystoma mexicanum;-0,231132355;1;LINC01343;38258600;0,81721198;hg38
4573;cg11825056;2350;;0;0;Tx5;-0,023734635;0,817500352;0,772831462;97;0,102540038;Axolotl;Ambystoma mexicanum;-0,230761166;2;BCL11A;60462007;0,817500352;hg38
4574;cg01128516;2351;;0;0;Quies3;-0,023734509;0,817501302;0,772831462;97;0,102540039;Axolotl;Ambystoma mexicanum;-0,230759943;10;LRMDA;75863109;0,817501302;hg38
4575;cg04193235;2352;;0;1;BivProm1;-0,023676779;0,817937522;0,772831462;97;0,10254032;Axolotl;Ambystoma mexicanum;-0,230198507;8;LOC401463;64580246;0,817937522;hg38
4576;cg13079992;;2224;0;0;TxEx3;0,023659473;0,818068307;0,772831462;97;0,102540404;Axolotl;Ambystoma mexicanum;0,230030194;20;TAF4;61976208;0,818068307;hg38
4577;cg14583440;;2225;0;0;TxEx2;0,023648961;0,818147746;0,772831462;97;0,102540455;Axolotl;Ambystoma mexicanum;0,229927964;12;CHD4;6577876;0,818147746;hg38
4578;cg17506882;2353;;0;0;EnhWk4;-0,023622539;0,818347424;0,772831462;97;0,102540583;Axolotl;Ambystoma mexicanum;-0,229671009;16;LOC102724084;80390065;0,818347424;hg38
4579;cg25947654;2354;;0;0;TxWk2;-0,023611716;0,818429224;0,772831462;97;0,102540636;Axolotl;Ambystoma mexicanum;-0,229565749;5;AP3B1;78062828;0,818429224;hg38
4580;cg05470767;;2226;0;0;Tx2;0,023594012;0,818563032;0,772831462;97;0,102540721;Axolotl;Ambystoma mexicanum;0,229393572;8;ZFHX4;76808558;0,818563032;hg38
4581;cg06459870;2355;;0;0;TxEnh4;-0,023581831;0,818655094;0,772831462;97;0,10254078;Axolotl;Ambystoma mexicanum;-0,229275115;19;DAZAP1;1425865;0,818655094;hg38
4582;cg26294925;2356;;0;0;EnhA20;-0,023580328;0,818666457;0,772831462;97;0,102540788;Axolotl;Ambystoma mexicanum;-0,229260494;2;WDPCP;63434694;0,818666457;hg38
4583;cg20701299;;2227;0;0;TxEnh5;0,023538907;0,818979547;0,772831462;97;0,102540988;Axolotl;Ambystoma mexicanum;0,228857664;2;MEIS1;66461787;0,818979547;hg38
4584;cg23078557;;2228;0;0;EnhWk5;0,023528754;0,819056296;0,772831462;97;0,102541037;Axolotl;Ambystoma mexicanum;0,228758922;14;LINC00618;96965270;0,819056296;hg38
4585;cg24236358;2357;;0;0;TxWk1;-0,023519307;0,819127703;0,772831462;97;0,102541082;Axolotl;Ambystoma mexicanum;-0,228667054;5;KCNN2;114404843;0,819127703;hg38
4586;cg09439840;;2229;0;0;TxEx2;0,023455023;0,819613685;0,772876723;97;0,102541392;Axolotl;Ambystoma mexicanum;0,228041877;12;MLEC;120696463;0,819613685;hg38
4587;cg18526971;2358;;0;1;PromF5;-0,023437187;0,81974854;0,772876723;97;0,102541478;Axolotl;Ambystoma mexicanum;-0,227868413;5;NR2F1-AS1;93585447;0,81974854;hg38
4588;cg11105807;;2230;0;1;BivProm1;0,023430841;0,819796519;0,772876723;97;0,102541509;Axolotl;Ambystoma mexicanum;0,227806698;20;MAFB;40688105;0,819796519;hg38
4589;cg00479641;;2231;0;0;Tx7;0,023418433;0,819890333;0,772876723;97;0,102541568;Axolotl;Ambystoma mexicanum;0,227686031;20;ARFGEF2;49033107;0,819890333;hg38
4590;cg07264916;;2232;0;0;TxEnh5;0,023362895;0,820310286;0,773038061;97;0,102541835;Axolotl;Ambystoma mexicanum;0,22714591;2;NRP2;205776322;0,820310286;hg38
4591;cg01783053;2359;;0;0;TxEx1;-0,023340598;0,820478893;0,773038061;97;0,102541942;Axolotl;Ambystoma mexicanum;-0,226929075;15;SNHG14;25375758;0,820478893;hg38
4592;cg24978178;2360;;0;0;EnhWk4;-0,023295156;0,820822558;0,773038061;97;0,102542159;Axolotl;Ambystoma mexicanum;-0,226487143;1;LINC01364;87356854;0,820822558;hg38
4593;cg24766227;2361;;0;0;ReprPC3;-0,023269316;0,82101799;0,773038061;97;0,102542282;Axolotl;Ambystoma mexicanum;-0,226235849;19;ZNF536;30266929;0,82101799;hg38
4594;cg18980531;;2233;0;0;TxEx1;0,02326568;0,821045498;0,773038061;97;0,1025423;Axolotl;Ambystoma mexicanum;0,22620048;5;ZFR;32380089;0,821045498;hg38
4595;cg24750270;2362;;0;0;EnhWk4;-0,023254019;0,821133694;0,773038061;97;0,102542355;Axolotl;Ambystoma mexicanum;-0,226087079;15;C15orf41;36673190;0,821133694;hg38
4596;cg17567299;;2234;0;0;TxEnh7;0,023182526;0,821674491;0,773108998;97;0,102542696;Axolotl;Ambystoma mexicanum;0,225391799;15;TCF12;57133542;0,821674491;hg38
4597;cg03436601;2363;;0;0;ReprPC5;-0,023152307;0,821903101;0,773108998;97;0,10254284;Axolotl;Ambystoma mexicanum;-0,225097917;17;RBFOX3;79103205;0,821903101;hg38
4598;cg27441580;2364;;0;0;TSS2;-0,023132027;0,822056528;0,773108998;97;0,102542936;Axolotl;Ambystoma mexicanum;-0,224900696;5;CREBRF;173056360;0,822056528;hg38
4599;cg07397105;;2235;0;0;TxEx3;0,023094464;0,822340732;0,773108998;97;0,102543114;Axolotl;Ambystoma mexicanum;0,224535391;22;HORMAD2-AS1;30022077;0,822340732;hg38
4600;cg02895114;2365;;0;0;EnhWk3;-0,023093636;0,822346998;0,773108998;97;0,102543118;Axolotl;Ambystoma mexicanum;-0,224527337;1;CASZ1;10672668;0,822346998;hg38
4601;cg19773399;2366;;0;0;TxEx2;-0,02306403;0,822571016;0,773108998;97;0,102543258;Axolotl;Ambystoma mexicanum;-0,224239414;16;CNOT1;58586689;0,822571016;hg38
4602;cg01784864;;2236;0;0;Quies2;0,023054536;0,822642851;0,773108998;97;0,102543303;Axolotl;Ambystoma mexicanum;0,224147091;1;SPATA17;217813303;0,822642851;hg38
4603;cg25266160;2367;;0;0;EnhA11;-0,023042821;0,822731503;0,773108998;97;0,102543359;Axolotl;Ambystoma mexicanum;-0,224033158;5;TBCA;77875321;0,822731503;hg38
4604;cg25728835;;2237;0;0;PromF4;0,023031456;0,822817506;0,773108998;97;0,102543412;Axolotl;Ambystoma mexicanum;0,22392263;13;IRS2;109785735;0,822817506;hg38
4605;cg25332194;2368;;0;0;TxEnh4;-0,02297134;0,823272451;0,773269508;97;0,102543696;Axolotl;Ambystoma mexicanum;-0,223338004;20;RPN2;37238448;0,823272451;hg38
4606;cg24318948;;2238;0;0;EnhWk4;0,022961642;0,823345847;0,773269508;97;0,102543742;Axolotl;Ambystoma mexicanum;0,223243694;11;PKNOX2;125251347;0,823345847;hg38
4607;cg02480322;;2239;0;0;EnhWk5;0,02290157;0,823800535;0,773438035;97;0,102544025;Axolotl;Ambystoma mexicanum;0,222659486;5;RANBP17;171202528;0,823800535;hg38
4608;cg16101912;2369;;0;0;Quies3;-0,022826707;0,824367248;0,773438035;97;0,102544376;Axolotl;Ambystoma mexicanum;-0,221931449;4;MIR297;110995390;0,824367248;hg38
4609;cg11729436;2370;;0;0;ReprPC2;-0,022824956;0,824380504;0,773438035;97;0,102544384;Axolotl;Ambystoma mexicanum;-0,221914421;6;TFAP2B;50854172;0,824380504;hg38
4610;cg14700070;2371;;0;0;TxEnh4;-0,022806521;0,824520078;0,773438035;97;0,10254447;Axolotl;Ambystoma mexicanum;-0,221735134;3;MBNL1;152446711;0,824520078;hg38
4611;cg17391063;2372;;0;0;Tx8;-0,022746635;0,824973501;0,773438035;97;0,10254475;Axolotl;Ambystoma mexicanum;-0,221152746;2;LRPPRC;43906037;0,824973501;hg38
4612;cg19385750;;2240;0;0;EnhWk4;0,022716195;0,825203994;0,773438035;97;0,102544892;Axolotl;Ambystoma mexicanum;0,220856725;5;FAM172A;93893200;0,825203994;hg38
4613;cg23505734;2373;;0;0;EnhA15;-0,022679691;0,82548043;0,773438035;97;0,102545062;Axolotl;Ambystoma mexicanum;-0,220501723;3;RSRC1;158432293;0,82548043;hg38
4614;cg07248946;;2241;0;0;TxWk2;0,022673987;0,825523627;0,773438035;97;0,102545089;Axolotl;Ambystoma mexicanum;0,220446253;22;KCNJ4;38427414;0,825523627;hg38
4615;cg15062281;2374;;0;0;PromF4;-0,02265911;0,825636298;0,773438035;97;0,102545158;Axolotl;Ambystoma mexicanum;-0,220301569;3;KPNA4;160565224;0,825636298;hg38
4616;cg12821343;;2242;0;0;EnhWk3;0,022628289;0,825869718;0,773438035;97;0,102545301;Axolotl;Ambystoma mexicanum;0,220001845;13;DACH1;71524825;0,825869718;hg38
4617;cg19258425;;2243;0;0;BivProm2;0,022618467;0,825944115;0,773438035;97;0,102545347;Axolotl;Ambystoma mexicanum;0,219906319;3;SOX2-OT;181710492;0,825944115;hg38
4618;cg14783285;2375;;1;0;PromF5;-0,022593531;0,826132984;0,773438035;97;0,102545462;Axolotl;Ambystoma mexicanum;-0,21966382;18;ZNF521;25352112;0,826132984;hg38
4619;cg12001730;;2244;0;0;ReprPC1;0,022583214;0,826211131;0,773438035;97;0,10254551;Axolotl;Ambystoma mexicanum;0,219563486;1;BARHL2;90731976;0,826211131;hg38
4620;cg20432233;2376;;0;0;BivProm4;-0,022565788;0,826343123;0,773438035;97;0,102545591;Axolotl;Ambystoma mexicanum;-0,219394026;6;LOC101927314;97668822;0,826343123;hg38
4621;cg15715091;;2245;0;0;TxEx2;0,022539142;0,826544972;0,773438035;97;0,102545714;Axolotl;Ambystoma mexicanum;0,219134891;14;AP4S1;31113953;0,826544972;hg38
4622;cg18567986;2377;;0;0;TxEx3;-0,022471462;0,827057698;0,773438035;97;0,102546027;Axolotl;Ambystoma mexicanum;-0,218476716;5;PPIP5K2;103183321;0,827057698;hg38
4623;cg14899396;2378;;0;0;Tx7;-0,02245792;0,827160297;0,773438035;97;0,102546089;Axolotl;Ambystoma mexicanum;-0,218345024;4;DHX15;24527592;0,827160297;hg38
4624;cg12601476;2379;;0;0;Tx6;-0,022446392;0,827247645;0,773438035;97;0,102546142;Axolotl;Ambystoma mexicanum;-0,218232909;10;ANK3;60080572;0,827247645;hg38
4625;cg11853743;2380;;0;0;TxEnh4;-0,022404146;0,827567745;0,773438035;97;0,102546337;Axolotl;Ambystoma mexicanum;-0,217822074;4;C1QTNF7-AS1;15066309;0,827567745;hg38
4626;cg01181227;2381;;0;1;ReprPC1;-0,022370949;0,827819297;0,773438035;97;0,102546489;Axolotl;Ambystoma mexicanum;-0,217499243;4;NKX1-1;1405347;0,827819297;hg38
4627;cg13155053;2382;;0;0;EnhWk8;-0,022369934;0,827826989;0,773438035;97;0,102546494;Axolotl;Ambystoma mexicanum;-0,217489372;5;ARRDC3;91741999;0,827826989;hg38
4628;cg05460366;;2246;0;0;TxWk2;0,022363447;0,82787615;0,773438035;97;0,102546524;Axolotl;Ambystoma mexicanum;0,217426284;11;NRXN2;64626501;0,82787615;hg38
4629;cg23976192;;2247;0;0;TSS1;0,022353025;0,827955126;0,773438035;97;0,102546571;Axolotl;Ambystoma mexicanum;0,217324935;14;RNASE11;20613814;0,827955126;hg38
4630;cg06846902;2383;;0;0;EnhWk4;-0,02227855;0,828519554;0,773438035;97;0,102546912;Axolotl;Ambystoma mexicanum;-0,216600682;11;PKNOX2;125251303;0,828519554;hg38
4631;cg02052649;;2248;0;0;EnhA10;0,022217812;0,828979941;0,773438035;97;0,10254719;Axolotl;Ambystoma mexicanum;0,216010015;3;FOXP1;71228500;0,828979941;hg38
4632;cg26875368;2384;;0;0;ReprPC3;-0,022173039;0,829319348;0,773438035;97;0,102547394;Axolotl;Ambystoma mexicanum;-0,215574611;10;SLF2;100864741;0,829319348;hg38
4633;cg04952588;;2249;0;0;ReprPC9;0,022157644;0,829436061;0,773438035;97;0,102547464;Axolotl;Ambystoma mexicanum;0,215424897;17;MRM1;36701746;0,829436061;hg38
4634;cg06431538;2385;;0;0;HET1;-0,022155157;0,82945492;0,773438035;97;0,102547475;Axolotl;Ambystoma mexicanum;-0,215400705;12;MIR3974;17695867;0,82945492;hg38
4635;cg13020851;;2250;0;0;BivProm3;0,022146082;0,829523721;0,773438035;97;0,102547516;Axolotl;Ambystoma mexicanum;0,215312453;14;NPAS3;32941541;0,829523721;hg38
4636;cg04490547;;2251;0;0;TxEx1;0,022144872;0,829532894;0,773438035;97;0,102547522;Axolotl;Ambystoma mexicanum;0,215300687;19;ILF3;10678641;0,829532894;hg38
4637;cg05784086;2386;;1;1;BivProm1;-0,022144842;0,829533122;0,773438035;97;0,102547522;Axolotl;Ambystoma mexicanum;-0,215300395;12;HOXC5;54009536;0,829533122;hg38
4638;cg00220825;2387;;0;0;EnhA2;-0,022090354;0,829946244;0,773438035;97;0,102547769;Axolotl;Ambystoma mexicanum;-0,214770513;7;FOXP2;114412647;0,829946244;hg38
4639;cg15761219;;2252;0;0;TSS1;0,022063688;0,830148436;0,773438035;97;0,10254789;Axolotl;Ambystoma mexicanum;0,214511198;12;DUSP6;89352587;0,830148436;hg38
4640;cg03839639;;2253;0;0;ReprPC4;0,022062637;0,830156408;0,773438035;97;0,102547895;Axolotl;Ambystoma mexicanum;0,214500973;18;ST8SIA3;57356974;0,830156408;hg38
4641;cg20696319;;2254;0;0;BivProm4;0,022062082;0,830160619;0,773438035;97;0,102547897;Axolotl;Ambystoma mexicanum;0,214495573;2;FIGN;163718119;0,830160619;hg38
4642;cg02931428;;2255;0;0;EnhA2;0,022042826;0,83030663;0,773438035;97;0,102547984;Axolotl;Ambystoma mexicanum;0,214308321;15;LINC01197;95296195;0,83030663;hg38
4643;cg25245209;;2256;0;1;BivProm2;0,022041866;0,830313913;0,773438035;97;0,102547989;Axolotl;Ambystoma mexicanum;0,21429898;1;LINC02609;90835260;0,830313913;hg38
4644;cg05520117;;2257;0;1;PromF5;0,022014029;0,83052501;0,773438035;97;0,102548115;Axolotl;Ambystoma mexicanum;0,214028272;1;VAV3-AS1;107964714;0,83052501;hg38
4645;cg11422297;;2258;0;0;PromF2;0,021985661;0,830740145;0,773438035;97;0,102548243;Axolotl;Ambystoma mexicanum;0,213752401;6;BACH2;90218725;0,830740145;hg38
4646;cg16702516;2388;;0;0;TxEnh5;-0,021983282;0,830758185;0,773438035;97;0,102548253;Axolotl;Ambystoma mexicanum;-0,213729269;9;DENND1A;123422850;0,830758185;hg38
4647;cg19827223;2389;;0;1;BivProm4;-0,021969443;0,830863145;0,773438035;97;0,102548316;Axolotl;Ambystoma mexicanum;-0,213594685;1;PBX1;164321038;0,830863145;hg38
4648;cg22622940;;2259;0;0;TxEx1;0,02194602;0,831040788;0,773438035;97;0,102548421;Axolotl;Ambystoma mexicanum;0,213366911;15;CLK3;74622189;0,831040788;hg38
4649;cg23160268;2390;;0;0;TxEnh7;-0,021914204;0,831282108;0,773438035;97;0,102548564;Axolotl;Ambystoma mexicanum;-0,213057507;8;TNKS;9679754;0,831282108;hg38
4650;cg27605062;2391;;0;0;Acet4;-0,021899687;0,831392224;0,773438035;97;0,10254863;Axolotl;Ambystoma mexicanum;-0,212916331;2;LINC01828;67054990;0,831392224;hg38
4651;cg07187989;2392;;0;0;EnhWk3;-0,021821173;0,831987818;0,773825697;97;0,102548982;Axolotl;Ambystoma mexicanum;-0,212152814;12;BEST3;69694438;0,831987818;hg38
4652;cg14054874;2393;;0;0;ReprPC1;-0,021778913;0,83230844;0,773957499;97;0,102549171;Axolotl;Ambystoma mexicanum;-0,211741845;4;PITX2;110641744;0,83230844;hg38
4653;cg20109907;2394;;0;0;EnhA19;-0,021743438;0,8325776;0,7740414;97;0,102549329;Axolotl;Ambystoma mexicanum;-0,211396869;17;SMG6;2195165;0,8325776;hg38
4654;cg14752229;;2260;0;0;EnhA2;0,021707975;0,832846691;0,7741252;97;0,102549487;Axolotl;Ambystoma mexicanum;0,211052005;17;LOC101927855;61381042;0,832846691;hg38
4655;cg10945567;;2261;0;0;EnhWk2;0,02155967;0,833972232;0,774433703;97;0,102550146;Axolotl;Ambystoma mexicanum;0,209609798;18;ZNF521;25286004;0,833972232;hg38
4656;cg23208122;2395;;0;0;TxEnh7;-0,021496987;0,834448056;0,774433703;97;0,102550423;Axolotl;Ambystoma mexicanum;-0,209000234;2;ZEB2;144489752;0,834448056;hg38
4657;cg07414561;2396;;0;1;ReprPC2;-0,021478487;0,834588499;0,774433703;97;0,102550504;Axolotl;Ambystoma mexicanum;-0,208820331;9;DMRT3;969337;0,834588499;hg38
4658;cg08271353;2397;;0;0;EnhA17;-0,021453677;0,834776857;0,774433703;97;0,102550614;Axolotl;Ambystoma mexicanum;-0,208579063;2;LINC01114;104702713;0,834776857;hg38
4659;cg17834893;2398;;0;0;Tx5;-0,021412026;0,835093087;0,774433703;97;0,102550797;Axolotl;Ambystoma mexicanum;-0,208174027;19;LOC100507373;14151417;0,835093087;hg38
4660;cg03308445;2399;;0;0;PromF4;-0,021400988;0,8351769;0,774433703;97;0,102550845;Axolotl;Ambystoma mexicanum;-0,208066684;12;SMARCC2;56190397;0,8351769;hg38
4661;cg00658736;2400;;0;0;Acet2;-0,021369095;0,835419065;0,774433703;97;0,102550985;Axolotl;Ambystoma mexicanum;-0,207756544;1;ELAVL4;50201119;0,835419065;hg38
4662;cg16232431;2401;;1;0;TxEx3;-0,021347482;0,835583191;0,774433703;97;0,10255108;Axolotl;Ambystoma mexicanum;-0,20754636;11;LRP4;46886546;0,835583191;hg38
4663;cg24449120;;2262;0;0;EnhA2;0,02129095;0,836012496;0,774433703;97;0,102551327;Axolotl;Ambystoma mexicanum;0,206996622;21;MIR99AHG;16309479;0,836012496;hg38
4664;cg15569409;2402;;0;0;TxEnh4;-0,021283223;0,836071184;0,774433703;97;0,102551361;Axolotl;Ambystoma mexicanum;-0,206921476;17;CSNK1D;82244785;0,836071184;hg38
4665;cg13549145;2403;;0;0;TxEnh7;-0,021246438;0,836350559;0,774433703;97;0,102551521;Axolotl;Ambystoma mexicanum;-0,206563768;6;ARID1B;157051078;0,836350559;hg38
4666;cg17030869;2404;;0;0;TxEx2;-0,021230443;0,836472046;0,774433703;97;0,102551591;Axolotl;Ambystoma mexicanum;-0,206408225;7;MKLN1;131437911;0,836472046;hg38
4667;cg04723117;;2263;0;0;Tx2;0,021214102;0,836596171;0,774433703;97;0,102551662;Axolotl;Ambystoma mexicanum;0,206249312;2;MEIS1;66512220;0,836596171;hg38
4668;cg19657406;2405;;0;0;Tx8;-0,02120989;0,836628167;0,774433703;97;0,102551681;Axolotl;Ambystoma mexicanum;-0,206208349;5;MCTP1;94870977;0,836628167;hg38
4669;cg03915476;2406;;0;0;EnhWk8;-0,021197772;0,836720207;0,774433703;97;0,102551733;Axolotl;Ambystoma mexicanum;-0,206090516;23;POLA1;24898567;0,836720207;hg38
4670;cg02391262;;2264;0;0;PromF4;0,021164434;0,836973452;0,774433703;97;0,102551878;Axolotl;Ambystoma mexicanum;0,205766318;10;TRIM8;102645038;0,836973452;hg38
4671;cg23245779;2407;;0;0;PromF5;-0,021128401;0,837247186;0,774433703;97;0,102552035;Axolotl;Ambystoma mexicanum;-0,205415916;16;ZFHX3;72787356;0,837247186;hg38
4672;cg00437193;2408;;0;1;ReprPC1;-0,021114557;0,83735236;0,774433703;97;0,102552095;Axolotl;Ambystoma mexicanum;-0,205281292;6;TFAP2D;50715124;0,83735236;hg38
4673;cg08634813;;2265;0;0;ReprPC4;0,021113067;0,837363679;0,774433703;97;0,102552101;Axolotl;Ambystoma mexicanum;0,205266803;3;SLITRK3;165187929;0,837363679;hg38
4674;cg23001868;;2266;0;0;ReprPC4;0,021107982;0,837402308;0,774433703;97;0,102552123;Axolotl;Ambystoma mexicanum;0,205217359;11;CADM1;115619819;0,837402308;hg38
4675;cg04556535;2409;;0;0;EnhWk8;-0,021103205;0,837438604;0,774433703;97;0,102552144;Axolotl;Ambystoma mexicanum;-0,2051709;2;LOC100132215;63011125;0,837438604;hg38
4676;cg23816206;;2267;0;0;Tx7;0,021089317;0,837544114;0,774433703;97;0,102552204;Axolotl;Ambystoma mexicanum;0,205035853;8;RAB2A;60584766;0,837544114;hg38
4677;cg26776127;;2268;0;0;BivProm2;0,021087218;0,837560065;0,774433703;97;0,102552213;Axolotl;Ambystoma mexicanum;0,205015436;10;PAX2;100654684;0,837560065;hg38
4678;cg17568431;2410;;0;0;TxEx2;-0,021044426;0,837885197;0,774433703;97;0,102552398;Axolotl;Ambystoma mexicanum;-0,204599307;6;MAP3K7;90544605;0,837885197;hg38
4679;cg23414644;2411;;0;0;EnhWk4;-0,021042517;0,837899703;0,774433703;97;0,102552406;Axolotl;Ambystoma mexicanum;-0,204580742;10;MGMT;129649197;0,837899703;hg38
4680;cg26091579;2412;;0;0;PromF5;-0,021028698;0,8380047;0,774433703;97;0,102552466;Axolotl;Ambystoma mexicanum;-0,204446366;14;BCL11B;99272249;0,8380047;hg38
4681;cg11132800;;2269;0;0;EnhWk5;0,021027705;0,838012249;0,774433703;97;0,10255247;Axolotl;Ambystoma mexicanum;0,204436706;2;HECW2;196217066;0,838012249;hg38
4682;cg20610175;2413;;0;0;EnhA2;-0,020999134;0,838229347;0,774468881;97;0,102552593;Axolotl;Ambystoma mexicanum;-0,204158875;8;LINC01605;37380881;0,838229347;hg38
4683;cg27447914;;2270;0;0;EnhWk4;0,020875692;0,839167487;0,775170097;97;0,102553124;Axolotl;Ambystoma mexicanum;0,202958477;2;GALNT5;157005244;0,839167487;hg38
4684;cg22151044;;2271;0;0;Tx8;0,020818385;0,839603087;0,775406897;97;0,102553369;Axolotl;Ambystoma mexicanum;0,202401205;3;TBC1D5;17506495;0,839603087;hg38
4685;cg20677048;2414;;0;0;EnhA6;-0,020783413;0,83986894;0,775486863;97;0,102553518;Axolotl;Ambystoma mexicanum;-0,202061124;18;ZNF521;25068862;0,83986894;hg38
4686;cg02600036;2415;;0;0;TxEx2;-0,020733853;0,840245717;0,775669193;97;0,102553729;Axolotl;Ambystoma mexicanum;-0,201579188;11;AMBRA1;46508299;0,840245717;hg38
4687;cg13782795;2416;;0;0;TxWk2;-0,02071007;0,840426545;0,775670594;97;0,10255383;Axolotl;Ambystoma mexicanum;-0,201347907;2;VSNL1;17655255;0,840426545;hg38
4688;cg20483635;2417;;0;0;TxEx2;-0,020605004;0,841225461;0,776143312;97;0,102554276;Axolotl;Ambystoma mexicanum;-0,200326216;7;DMTF1;87185920;0,841225461;hg38
4689;cg21163085;;2272;0;0;Tx8;0,020568851;0,8415004;0,776143312;97;0,102554428;Axolotl;Ambystoma mexicanum;0,199974659;2;ARHGAP15;143390280;0,8415004;hg38
4690;cg01507502;;2273;0;0;EnhA6;0,020556514;0,841594226;0,776143312;97;0,10255448;Axolotl;Ambystoma mexicanum;0,199854692;6;LOC101927314;97461441;0,841594226;hg38
4691;cg24557791;2418;;0;0;Acet2;-0,020543778;0,84169109;0,776143312;97;0,102554534;Axolotl;Ambystoma mexicanum;-0,199730843;6;ADGRB3;68936590;0,84169109;hg38
4692;cg13194536;2419;;0;0;EnhA15;-0,020524749;0,841835824;0,776143312;97;0,102554614;Axolotl;Ambystoma mexicanum;-0,199545795;15;LINC02490;53059428;0,841835824;hg38
4693;cg08380206;;2274;0;0;TxEnh1;0,020486568;0,842126234;0,77624562;97;0,102554775;Axolotl;Ambystoma mexicanum;0,199174515;9;PBX3;125910525;0,842126234;hg38
4694;cg21003308;2420;;0;0;EnhWk8;-0,020459925;0,842328899;0,776265486;97;0,102554887;Axolotl;Ambystoma mexicanum;-0,19891543;6;ZDHHC14;157628476;0,842328899;hg38
4695;cg09680988;;2275;0;0;EnhWk8;0,020436554;0,842506682;0,776265486;97;0,102554985;Axolotl;Ambystoma mexicanum;0,198688165;2;TMEM182;102932665;0,842506682;hg38
4696;cg23977950;;2276;0;1;ReprPC1;0,020394903;0,842823537;0,776287407;97;0,102555159;Axolotl;Ambystoma mexicanum;0,198283147;7;UNCX;1238058;0,842823537;hg38
4697;cg00900456;;2277;0;1;BivProm1;0,020370684;0,843007796;0,776287407;97;0,102555261;Axolotl;Ambystoma mexicanum;0,198047633;5;PITX1;135031343;0,843007796;hg38
4698;cg22336104;2421;;0;1;ReprPC1;-0,02035276;0,843144163;0,776287407;97;0,102555336;Axolotl;Ambystoma mexicanum;-0,19787334;4;PHOX2B;41749278;0,843144163;hg38
4699;cg21668347;;2278;0;0;Tx8;0,020324338;0,843360415;0,776287407;97;0,102555454;Axolotl;Ambystoma mexicanum;0,197596958;21;MIR99AHG;16539833;0,843360415;hg38
4700;cg26033442;2422;;0;0;ReprPC3;-0,020311804;0,84345579;0,776287407;97;0,102555506;Axolotl;Ambystoma mexicanum;-0,197475068;10;DRGX;49389905;0,84345579;hg38
4701;cg01796610;2423;;0;0;TxEnh8;-0,020241683;0,843989368;0,776287407;97;0,102555798;Axolotl;Ambystoma mexicanum;-0,196793206;16;CMIP;81704028;0,843989368;hg38
4702;cg20589055;2424;;0;0;PromF3;-0,020224494;0,844120183;0,776287407;97;0,10255587;Axolotl;Ambystoma mexicanum;-0,196626051;1;ID3;23559957;0,844120183;hg38
4703;cg06048014;2425;;0;0;EnhA7;-0,02020834;0,844243121;0,776287407;97;0,102555937;Axolotl;Ambystoma mexicanum;-0,196468966;4;GALNTL6;172813583;0,844243121;hg38
4704;cg01648756;2426;;0;0;TxWk1;-0,020167913;0,844550794;0,776287407;97;0,102556104;Axolotl;Ambystoma mexicanum;-0,196075856;4;LRBA;150490965;0,844550794;hg38
4705;cg05977952;2427;;0;0;Tx7;-0,020146293;0,844715347;0,776287407;97;0,102556194;Axolotl;Ambystoma mexicanum;-0,195865621;3;SATB1;18394548;0,844715347;hg38
4706;cg14768660;;2279;0;0;TxEx1;0,02009366;0,845115978;0,776287407;97;0,102556411;Axolotl;Ambystoma mexicanum;0,195353805;20;ADNP;50894196;0,845115978;hg38
4707;cg16931675;2428;;0;0;BivProm4;-0,020076552;0,845246206;0,776287407;97;0,102556481;Axolotl;Ambystoma mexicanum;-0,195187446;8;LOC101927040;79827588;0,845246206;hg38
4708;cg20219756;2429;;0;0;Tx6;-0,020058112;0,845386581;0,776287407;97;0,102556557;Axolotl;Ambystoma mexicanum;-0,195008133;10;RSU1;16752991;0,845386581;hg38
4709;cg25354760;2430;;1;1;PromF3;-0,020028519;0,845611866;0,776287407;97;0,102556679;Axolotl;Ambystoma mexicanum;-0,194720368;19;ERCC1;45478601;0,845611866;hg38
4710;cg05968078;;2280;0;0;PromF2;0,020026152;0,845629886;0,776287407;97;0,102556689;Axolotl;Ambystoma mexicanum;0,194697351;2;ZEB2;144510943;0,845629886;hg38
4711;cg11352219;;2281;0;0;ReprPC9;0,020017894;0,845692754;0,776287407;97;0,102556723;Axolotl;Ambystoma mexicanum;0,19461705;13;DACH1;71682182;0,845692754;hg38
4712;cg20254607;2431;;0;0;EnhWk8;-0,020002895;0,84580695;0,776287407;97;0,102556784;Axolotl;Ambystoma mexicanum;-0,194471193;23;POLA1;24990523;0,84580695;hg38
4713;cg08731014;;2282;0;0;ReprPC6;0,020001528;0,845817352;0,776287407;97;0,10255679;Axolotl;Ambystoma mexicanum;0,194457907;10;HIF1AN;100628381;0,845817352;hg38
4714;cg15264681;;2283;0;1;BivProm1;0,019956553;0,846159779;0,776287407;97;0,102556974;Axolotl;Ambystoma mexicanum;0,194020565;4;LINC00682;41882652;0,846159779;hg38
4715;cg11694987;;2284;0;1;BivProm2;0,019914816;0,846477578;0,776287407;97;0,102557145;Axolotl;Ambystoma mexicanum;0,193614712;7;MICALL2;1404221;0,846477578;hg38
4716;cg08819465;2432;;0;0;TxEnh5;-0,019912462;0,846495507;0,776287407;97;0,102557155;Axolotl;Ambystoma mexicanum;-0,193591815;13;MBNL2;97356823;0,846495507;hg38
4717;cg25549238;;2285;0;0;TxEnh4;0,019880723;0,846737196;0,776287407;97;0,102557284;Axolotl;Ambystoma mexicanum;0,193283183;6;SNX9;157940936;0,846737196;hg38
4718;cg08329571;2433;;0;0;HET2;-0,019875755;0,846775022;0,776287407;97;0,102557304;Axolotl;Ambystoma mexicanum;-0,193234881;18;SALL3;78528862;0,846775022;hg38
4719;cg14980868;2434;;0;0;BivProm2;-0,019852289;0,846953729;0,776287407;97;0,1025574;Axolotl;Ambystoma mexicanum;-0,19300669;1;RRAGC;38783780;0,846953729;hg38
4720;cg10861899;;2286;0;1;BivProm2;0,019844008;0,847016791;0,776287407;97;0,102557434;Axolotl;Ambystoma mexicanum;0,192926168;2;HOXD10;176119157;0,847016791;hg38
4721;cg22330399;;2287;0;0;EnhWk8;0,01979767;0,847369698;0,776396946;97;0,102557622;Axolotl;Ambystoma mexicanum;0,192475576;15;MEIS2;37361790;0,847369698;hg38
4722;cg10336036;2435;;0;0;TxEnh5;-0,019781183;0,847495267;0,776396946;97;0,102557689;Axolotl;Ambystoma mexicanum;-0,192315259;12;BICDL1;120090979;0,847495267;hg38
4723;cg10859824;;2288;0;0;TxEx4;0,019741697;0,847796023;0,776474811;97;0,102557849;Axolotl;Ambystoma mexicanum;0,191931295;16;C16orf72;9102988;0,847796023;hg38
4724;cg16774573;2436;;0;0;Tx8;-0,019712964;0,848014889;0,776474811;97;0,102557966;Axolotl;Ambystoma mexicanum;-0,191651895;18;TMEM241;23214035;0,848014889;hg38
4725;cg07975023;;2289;0;0;EnhA5;0,019695406;0,848148643;0,776474811;97;0,102558037;Axolotl;Ambystoma mexicanum;0,191481156;4;RAPGEF2;159238819;0,848148643;hg38
4726;cg01814663;2437;;0;0;Tx8;-0,019655058;0,848456014;0,776474811;97;0,102558199;Axolotl;Ambystoma mexicanum;-0,19108881;2;ZEB2;144500243;0,848456014;hg38
4727;cg16080654;2438;;0;0;TxEnh4;-0,019645495;0,84852887;0,776474811;97;0,102558238;Axolotl;Ambystoma mexicanum;-0,190995817;17;NMT1;45099484;0,84852887;hg38
4728;cg05141362;2439;;0;0;TxEx2;-0,019623849;0,848693776;0,776474811;97;0,102558325;Axolotl;Ambystoma mexicanum;-0,190785338;5;NIPBL;37064610;0,848693776;hg38
4729;cg09727511;2440;;0;1;BivProm1;-0,019522189;0,849468369;0,776474811;97;0,102558734;Axolotl;Ambystoma mexicanum;-0,189796793;1;LINC01930;98046117;0,849468369;hg38
4730;cg19908097;;2290;0;0;EnhA4;0,01950737;0,84958129;0,776474811;97;0,102558793;Axolotl;Ambystoma mexicanum;0,189652698;2;HECW2;196292692;0,84958129;hg38
4731;cg16731519;2441;;0;0;EnhWk4;-0,019506337;0,849589164;0,776474811;97;0,102558797;Axolotl;Ambystoma mexicanum;-0,18964265;2;ARHGAP15;143776734;0,849589164;hg38
4732;cg03751003;2442;;0;0;TxEx2;-0,019497969;0,849652932;0,776474811;97;0,102558831;Axolotl;Ambystoma mexicanum;-0,189561279;2;EPC2;148784911;0,849652932;hg38
4733;cg18386876;2443;;0;0;Tx5;-0,019464928;0,849904724;0,776474811;97;0,102558963;Axolotl;Ambystoma mexicanum;-0,189239993;14;FLRT2;85623450;0,849904724;hg38
4734;cg18678822;2444;;0;0;Quies1;-0,019457561;0,84996087;0,776474811;97;0,102558992;Axolotl;Ambystoma mexicanum;-0,189168354;2;GALNT13;154259087;0,84996087;hg38
4735;cg23231910;;2291;0;0;PromF5;0,019431551;0,850159093;0,776474811;97;0,102559096;Axolotl;Ambystoma mexicanum;0,188915439;2;FZD7;202034827;0,850159093;hg38
4736;cg12128839;;2292;0;1;BivProm4;0,019393834;0,850446562;0,776474811;97;0,102559246;Axolotl;Ambystoma mexicanum;0,188548676;7;HOXA-AS3;27143817;0,850446562;hg38
4737;cg17344908;;2293;0;0;ReprPC4;0,01936796;0,850643769;0,776474811;97;0,102559349;Axolotl;Ambystoma mexicanum;0,188297087;1;LINC01739;62978835;0,850643769;hg38
4738;cg16464310;;2294;0;0;TxEnh6;0,019304937;0,851124172;0,776474811;97;0,102559599;Axolotl;Ambystoma mexicanum;0,187684257;3;SATB1;18402893;0,851124172;hg38
4739;cg07443440;2445;;0;0;EnhWk6;-0,019267832;0,851407037;0,776474811;97;0,102559746;Axolotl;Ambystoma mexicanum;-0,187323452;7;IKZF1;50391826;0,851407037;hg38
4740;cg11703808;;2295;0;0;TxEnh4;0,019246744;0,851567809;0,776474811;97;0,102559829;Axolotl;Ambystoma mexicanum;0,187118391;22;EWSR1;29291565;0,851567809;hg38
4741;cg00516349;;2296;0;0;EnhWk3;0,019220134;0,851770686;0,776474811;97;0,102559934;Axolotl;Ambystoma mexicanum;0,186859638;8;VPS13B;99283476;0,851770686;hg38
4742;cg16960327;2446;;0;0;TxEx1;-0,019203239;0,851899497;0,776474811;97;0,102560001;Axolotl;Ambystoma mexicanum;-0,186695356;1;ZNF326;90007481;0,851899497;hg38
4743;cg05959258;2447;;0;0;EnhWk4;-0,019123382;0,852508415;0,776474811;97;0,102560315;Axolotl;Ambystoma mexicanum;-0,185918831;8;CYP7B1;64607517;0,852508415;hg38
4744;cg13733512;;2297;0;0;EnhA18;0,019046067;0,853098021;0,776474811;97;0,102560618;Axolotl;Ambystoma mexicanum;0,185167039;1;ESRRG;216857116;0,853098021;hg38
4745;cg02231183;;2298;0;0;Tx3;0,019027481;0,853239775;0,776474811;97;0,10256069;Axolotl;Ambystoma mexicanum;0,184986308;9;ELAVL2;23765033;0,853239775;hg38
4746;cg07209386;2448;;0;0;TxWk2;-0,019026713;0,853245633;0,776474811;97;0,102560693;Axolotl;Ambystoma mexicanum;-0,18497884;10;EBF3;129873505;0,853245633;hg38
4747;cg10751387;;2299;0;0;TxEx4;0,019023253;0,853272022;0,776474811;97;0,102560707;Axolotl;Ambystoma mexicanum;0,184945195;3;MBNL1;152300338;0,853272022;hg38
4748;cg03603034;;2300;0;0;Tx6;0,018989072;0,853532724;0,776474811;97;0,10256084;Axolotl;Ambystoma mexicanum;0,184612828;1;PUM1;30931647;0,853532724;hg38
4749;cg11355954;;2301;0;0;TxWk1;0,018985446;0,853560377;0,776474811;97;0,102560854;Axolotl;Ambystoma mexicanum;0,184577574;2;OLA1;174081855;0,853560377;hg38
4750;cg05885555;2449;;0;0;Acet3;-0,018979247;0,853607666;0,776474811;97;0,102560878;Axolotl;Ambystoma mexicanum;-0,184517289;1;PKN2-AS1;88099947;0,853607666;hg38
4751;cg19251730;;2302;0;0;TxEx1;0,018934532;0,85394874;0,776474811;97;0,102561052;Axolotl;Ambystoma mexicanum;0,184082493;19;DDX39A;14411534;0,85394874;hg38
4752;cg06186992;;2303;0;0;EnhA17;0,018931577;0,853971279;0,776474811;97;0,102561064;Axolotl;Ambystoma mexicanum;0,184053762;16;ZNF423;49491228;0,853971279;hg38
4753;cg07839933;2450;;0;0;TxEnh6;-0,018916264;0,854088093;0,776474811;97;0,102561123;Axolotl;Ambystoma mexicanum;-0,183904859;13;KLF12;73715454;0,854088093;hg38
4754;cg21800177;2451;;0;0;EnhA18;-0,018907484;0,854155069;0,776474811;97;0,102561157;Axolotl;Ambystoma mexicanum;-0,183819486;7;LINC01162;21030679;0,854155069;hg38
4755;cg18723875;2452;;0;0;Quies2;-0,018906794;0,854160336;0,776474811;97;0,10256116;Axolotl;Ambystoma mexicanum;-0,183812772;16;RBFOX1;7595581;0,854160336;hg38
4756;cg23001333;;2304;0;0;TxEnh5;0,018887738;0,854305709;0,776474811;97;0,102561234;Axolotl;Ambystoma mexicanum;0,183627473;2;EPHA4;221563865;0,854305709;hg38
4757;cg17679682;;2305;0;1;BivProm1;0,018857001;0,854540195;0,776474811;97;0,102561353;Axolotl;Ambystoma mexicanum;0,1833286;2;HOXD-AS2;176130783;0,854540195;hg38
4758;cg11645949;;2306;0;0;Tx8;0,018856897;0,854540992;0,776474811;97;0,102561353;Axolotl;Ambystoma mexicanum;0,183327584;9;DENND1A;123757752;0,854540992;hg38
4759;cg12186160;;2307;0;0;TxWk2;0,018847222;0,854614806;0,776474811;97;0,102561391;Axolotl;Ambystoma mexicanum;0,183233506;2;VSNL1;17655266;0,854614806;hg38
4760;cg01745451;;2308;0;0;EnhWk4;0,01883033;0,854743677;0,776474811;97;0,102561456;Axolotl;Ambystoma mexicanum;0,183069258;5;EBF1;158914939;0,854743677;hg38
4761;cg17040006;;2309;0;0;EnhWk4;0,018827882;0,854762359;0,776474811;97;0,102561465;Axolotl;Ambystoma mexicanum;0,183045448;12;SOX5;24139199;0,854762359;hg38
4762;cg20700930;2453;;0;0;EnhWk4;-0,018808991;0,854906492;0,776474811;97;0,102561538;Axolotl;Ambystoma mexicanum;-0,182861755;2;LOC101928386;143957548;0,854906492;hg38
4763;cg24707416;2454;;0;1;ReprPC1;-0,018804651;0,854939599;0,776474811;97;0,102561555;Axolotl;Ambystoma mexicanum;-0,182819562;7;UNCX;1238067;0,854939599;hg38
4764;cg04345867;;2310;0;0;Tx8;0,018767239;0,85522506;0,77657103;97;0,102561699;Axolotl;Ambystoma mexicanum;0,182455772;4;LRBA;150680832;0,85522506;hg38
4765;cg02004484;2455;;0;0;TSS2;-0,018713485;0,855635245;0,776780439;97;0,102561906;Axolotl;Ambystoma mexicanum;-0,181933078;18;KLHL14;32730645;0,855635245;hg38
4766;cg11767291;2456;;0;1;BivProm4;-0,018660891;0,856036607;0,776831596;97;0,102562108;Axolotl;Ambystoma mexicanum;-0,181421674;1;PBX1;164320930;0,856036607;hg38
4767;cg24786875;;2311;0;0;TxEnh8;0,018625254;0,856308593;0,776831596;97;0,102562244;Axolotl;Ambystoma mexicanum;0,181075146;5;SLF1;94692148;0,856308593;hg38
4768;cg12204071;;2312;0;0;EnhWk3;0,018593579;0,856550349;0,776831596;97;0,102562365;Axolotl;Ambystoma mexicanum;0,18076715;10;EBF3;129885003;0,856550349;hg38
4769;cg11201460;2457;;0;0;BivProm3;-0,018579234;0,856659843;0,776831596;97;0,10256242;Axolotl;Ambystoma mexicanum;-0,18062766;9;PAX5;36865042;0,856659843;hg38
4770;cg03843323;;2313;0;0;EnhWk4;0,018575441;0,856688795;0,776831596;97;0,102562434;Axolotl;Ambystoma mexicanum;0,180590778;15;LINC00924;95497818;0,856688795;hg38
4771;cg00873201;2458;;0;0;EnhA6;-0,018551787;0,856869346;0,776831596;97;0,102562524;Axolotl;Ambystoma mexicanum;-0,180360776;8;LINC01605;37380834;0,856869346;hg38
4772;cg23510032;2459;;0;0;PromF2;-0,018514628;0,857153;0,776831596;97;0,102562666;Axolotl;Ambystoma mexicanum;-0,179999451;9;SMARCA2;2159889;0,857153;hg38
4773;cg11074487;;2314;0;0;ReprPC3;0,018483833;0,857388085;0,776831596;97;0,102562782;Axolotl;Ambystoma mexicanum;0,17970001;18;SMIM21;75363306;0,857388085;hg38
4774;cg18325442;2460;;0;0;TxEnh4;-0,01848259;0,857397568;0,776831596;97;0,102562787;Axolotl;Ambystoma mexicanum;-0,179687932;4;C1QTNF7-AS1;15066210;0,857397568;hg38
4775;cg06384413;2461;;0;1;TSS2;-0,018470826;0,857487381;0,776831596;97;0,102562832;Axolotl;Ambystoma mexicanum;-0,179573538;17;HOXB5;48593853;0,857487381;hg38
4776;cg02774962;;2315;0;0;EnhA17;0,01839579;0,858060266;0,777004689;97;0,102563116;Axolotl;Ambystoma mexicanum;0,17884391;10;LINC02667;128908391;0,858060266;hg38
4777;cg11015311;;2316;0;0;TxEnh5;0,018390975;0,858097024;0,777004689;97;0,102563134;Axolotl;Ambystoma mexicanum;0,178797097;13;DOCK9;98846025;0,858097024;hg38
4778;cg05934936;;2317;0;0;EnhA1;0,018368035;0,858272187;0,777004689;97;0,10256322;Axolotl;Ambystoma mexicanum;0,178574031;2;ZEB2;144504618;0,858272187;hg38
4779;cg25732658;2462;;0;0;Tx5;-0,018351699;0,85839692;0,777004689;97;0,102563282;Axolotl;Ambystoma mexicanum;-0,178415191;1;ADGRL2;81952996;0,85839692;hg38
4780;cg11015424;;2318;0;0;TxEx3;0,018296524;0,858818249;0,777143263;97;0,102563489;Axolotl;Ambystoma mexicanum;0,177878688;14;RALGAPA1;35688597;0,858818249;hg38
4781;cg15713442;;2319;0;0;EnhA2;0,0182846;0,85890931;0,777143263;97;0,102563534;Axolotl;Ambystoma mexicanum;0,177762741;7;AUTS2;70630991;0,85890931;hg38
4782;cg03034177;2463;;0;0;EnhWk8;-0,018245948;0,859204493;0,777247775;97;0,102563679;Axolotl;Ambystoma mexicanum;-0,177386905;15;ONECUT1;52753273;0,859204493;hg38
4783;cg02041553;2464;;0;0;TxEx1;-0,018196147;0,859584851;0,777429277;97;0,102563865;Axolotl;Ambystoma mexicanum;-0,176902658;6;SYNCRIP;85614958;0,859584851;hg38
4784;cg20665157.1;;2320;0;0;EnhA18;0,018140459;0,860010205;0,777651392;97;0,102564073;Axolotl;Ambystoma mexicanum;0,176361174;7;CADPS2;122329367;0,860010205;hg38
4785;cg01635604;2465;;0;0;BivProm4;-0,018116189;0,860195594;0,777656473;97;0,102564163;Axolotl;Ambystoma mexicanum;-0,176125187;10;BTRC;101486241;0,860195594;hg38
4786;cg22756866;2466;;0;1;ReprPC1;-0,018043758;0,860748922;0,777877216;97;0,102564432;Axolotl;Ambystoma mexicanum;-0,175420896;7;UNCX;1239495;0,860748922;hg38
4787;cg06892314;;2321;0;0;EnhWk6;0,018029603;0,860857063;0,777877216;97;0,102564484;Axolotl;Ambystoma mexicanum;0,175283263;17;THRA1/BTR;48296312;0,860857063;hg38
4788;cg03932150;2467;;0;0;BivProm4;-0,01801131;0,860996823;0,777877216;97;0,102564552;Axolotl;Ambystoma mexicanum;-0,17510539;5;TMEM161B-AS1;88397268;0,860996823;hg38
4789;cg01361776;2468;;0;0;Tx6;-0,017971818;0,861298562;0,777877216;97;0,102564698;Axolotl;Ambystoma mexicanum;-0,174721386;1;RPS6KC1;213242584;0,861298562;hg38
4790;cg23220346;2469;;0;0;BivProm3;-0,017966543;0,861338867;0,777877216;97;0,102564717;Axolotl;Ambystoma mexicanum;-0,174670095;3;ARPP21;35744538;0,861338867;hg38
4791;cg17899961;;2322;0;1;BivProm2;0,017921334;0,861684319;0,777885963;97;0,102564883;Axolotl;Ambystoma mexicanum;0,174230497;9;MIR4475;36819314;0,861684319;hg38
4792;cg23200871;2470;;0;0;EnhA18;-0,017918209;0,861708198;0,777885963;97;0,102564895;Axolotl;Ambystoma mexicanum;-0,174200112;2;OLA1;174125323;0,861708198;hg38
4793;cg02321644;2471;;0;0;EnhWk8;-0,017885906;0,861955043;0,777946454;97;0,102565014;Axolotl;Ambystoma mexicanum;-0,173886016;11;DCDC1;31247297;0,861955043;hg38
4794;cg13273246;;2323;0;0;EnhWk6;0,017841302;0,862295916;0,778091766;97;0,102565177;Axolotl;Ambystoma mexicanum;0,173452303;14;LINC00618;96965030;0,862295916;hg38
4795;cg16581950;;2324;0;0;TxEnh4;0,017764966;0,862879339;0,778156553;97;0,102565456;Axolotl;Ambystoma mexicanum;0,172710056;12;TAOK3;118181564;0,862879339;hg38
4796;cg01067793;2472;;0;0;TxEnh5;-0,017670848;0,863598774;0,778156553;97;0,102565798;Axolotl;Ambystoma mexicanum;-0,171794902;2;LOC100132215;62967112;0,863598774;hg38
4797;cg02779952;;2325;0;0;Quies2;0,017663868;0,863652135;0,778156553;97;0,102565823;Axolotl;Ambystoma mexicanum;0,171727029;1;LINC02790;96008561;0,863652135;hg38
4798;cg15152195;2473;;0;0;TxEnh5;-0,017658819;0,863690734;0,778156553;97;0,102565842;Axolotl;Ambystoma mexicanum;-0,171677935;17;ACACA;37109920;0,863690734;hg38
4799;cg26081366;;2326;0;0;TxEx4;0,017637878;0,863850822;0,778156553;97;0,102565918;Axolotl;Ambystoma mexicanum;0,171474319;5;HNRNPH1;179619396;0,863850822;hg38
4800;cg23145858;2474;;0;0;Quies1;-0,017629848;0,863912212;0,778156553;97;0,102565947;Axolotl;Ambystoma mexicanum;-0,171396239;14;NOVA1;26445872;0,863912212;hg38
4801;cg15143618;2475;;0;0;TxEx1;-0,017627376;0,863931106;0,778156553;97;0,102565956;Axolotl;Ambystoma mexicanum;-0,171372208;1;CSDE1;114737478;0,863931106;hg38
4802;cg19913858;;2327;0;0;EnhA6;0,017610022;0,864063786;0,778156553;97;0,102566018;Axolotl;Ambystoma mexicanum;0,171203461;2;FIGN;163612379;0,864063786;hg38
4803;cg26177197;;2328;0;1;BivProm4;0,017599189;0,864146606;0,778156553;97;0,102566057;Axolotl;Ambystoma mexicanum;0,17109813;1;PBX1;164321022;0,864146606;hg38
4804;cg00823568;2476;;0;0;Acet1;-0,017596579;0,864166563;0,778156553;97;0,102566067;Axolotl;Ambystoma mexicanum;-0,171072749;2;ARHGAP15;143691385;0,864166563;hg38
4805;cg16370362;2477;;0;0;TxEnh1;-0,017491525;0,864969818;0,778520237;97;0,102566445;Axolotl;Ambystoma mexicanum;-0,170051268;9;PBX3;125856526;0,864969818;hg38
4806;cg21904140;;2329;0;0;EnhA17;0,017475959;0,865088851;0,778520237;97;0,102566501;Axolotl;Ambystoma mexicanum;0,169899911;7;GLI3;42153272;0,865088851;hg38
4807;cg26465231;;2330;0;0;Tx6;0,017465976;0,86516519;0,778520237;97;0,102566537;Axolotl;Ambystoma mexicanum;0,169802844;15;NPTN;73561929;0,86516519;hg38
4808;cg25318312;;2331;0;0;TxEnh8;0,017441365;0,865353399;0,778520237;97;0,102566625;Axolotl;Ambystoma mexicanum;0,169563538;6;ARID1B;157150742;0,865353399;hg38
4809;cg22007666;;2332;0;0;BivProm1;0,01742608;0,86547029;0,778520237;97;0,10256668;Axolotl;Ambystoma mexicanum;0,169414919;1;ESRRG;216723510;0,86547029;hg38
4810;cg25047559;;2333;0;0;Tx3;0,017350372;0,866049313;0,778721272;97;0,10256695;Axolotl;Ambystoma mexicanum;0,168678777;2;ZEB2;144465940;0,866049313;hg38
4811;cg03586368;;2334;0;0;Quies2;0,017349784;0,866053808;0,778721272;97;0,102566952;Axolotl;Ambystoma mexicanum;0,168673063;12;MIR3974;17672307;0,866053808;hg38
4812;cg19973689;;2335;0;0;BivProm1;0,017251867;0,866802789;0,779224558;97;0,102567299;Axolotl;Ambystoma mexicanum;0,167720982;7;POU6F2;39085905;0,866802789;hg38
4813;cg27218009;;2336;0;0;EnhWk4;0,017220901;0,867039679;0,779224558;97;0,102567409;Axolotl;Ambystoma mexicanum;0,167419887;23;NLGN3;71148851;0,867039679;hg38
4814;cg18856868;;2337;0;0;Tx2;0,017205966;0,867153931;0,779224558;97;0,102567462;Axolotl;Ambystoma mexicanum;0,167274673;3;FOXP1;71003851;0,867153931;hg38
4815;cg24434315;2478;;0;0;ReprPC4;-0,017102084;0,867948735;0,779532656;97;0,102567827;Axolotl;Ambystoma mexicanum;-0,166264586;1;USH2A;215963874;0,867948735;hg38
4816;cg26069710;2479;;0;0;EnhWk3;-0,017092928;0,868018792;0,779532656;97;0,102567859;Axolotl;Ambystoma mexicanum;-0,166175561;7;AUTS2;70071665;0,868018792;hg38
4817;cg05109207;2480;;0;1;BivProm2;-0,017050816;0,868341031;0,779532656;97;0,102568007;Axolotl;Ambystoma mexicanum;-0,165766093;4;HELT;185018301;0,868341031;hg38
4818;cg15723222;2481;;0;0;EnhA10;-0,017003621;0,868702189;0,779532656;97;0,102568172;Axolotl;Ambystoma mexicanum;-0,165307204;17;BCAS3;61145115;0,868702189;hg38
4819;cg08284222;;2338;0;0;TSS1;0,016990433;0,868803118;0,779532656;97;0,102568218;Axolotl;Ambystoma mexicanum;0,16517897;16;MOSMO;22008313;0,868803118;hg38
4820;cg17425418;2482;;0;0;TxEx2;-0,016913137;0,869394693;0,779532656;97;0,102568487;Axolotl;Ambystoma mexicanum;-0,164427403;10;KAT6B;74975634;0,869394693;hg38
4821;cg14270451;2483;;0;0;PromF5;-0,016885499;0,869606234;0,779532656;97;0,102568583;Axolotl;Ambystoma mexicanum;-0,164158673;18;TCF4;55321670;0,869606234;hg38
4822;cg15582951;;2339;0;0;TxEnh6;0,0168696;0,869727927;0,779532656;97;0,102568638;Axolotl;Ambystoma mexicanum;0,164004086;8;ZBTB10;80499680;0,869727927;hg38
4823;cg22873312;;2340;0;0;Acet3;0,016810089;0,870183473;0,779532656;97;0,102568843;Axolotl;Ambystoma mexicanum;0,163425442;1;USH2A;215718524;0,870183473;hg38
4824;cg26380556;;2341;0;0;TxEx1;0,016793016;0,870314172;0,779532656;97;0,102568902;Axolotl;Ambystoma mexicanum;0,163259435;4;HNRNPDL;82425672;0,870314172;hg38
4825;cg03653554;;2342;0;0;Quies3;0,016785311;0,870373153;0,779532656;97;0,102568929;Axolotl;Ambystoma mexicanum;0,163184521;1;CAMTA1;7140793;0,870373153;hg38
4826;cg21411075;;2343;0;0;PromF4;0,016775496;0,870448294;0,779532656;97;0,102568962;Axolotl;Ambystoma mexicanum;0,163089085;15;GABPB1;50354899;0,870448294;hg38
4827;cg20462091;;2344;0;0;Tx7;0,016744425;0,870686166;0,779532656;97;0,102569069;Axolotl;Ambystoma mexicanum;0,162786972;14;PPP4R3A;91475887;0,870686166;hg38
4828;cg14862397;2484;;0;0;Acet3;-0,016719817;0,870874564;0,779532656;97;0,102569154;Axolotl;Ambystoma mexicanum;-0,162547706;8;ZFPM2;105491500;0,870874564;hg38
4829;cg14044498;;2345;0;0;EnhA11;0,016669165;0,871262377;0,779532656;97;0,102569327;Axolotl;Ambystoma mexicanum;0,16205521;16;MMP2-AS1;55444131;0,871262377;hg38
4830;cg02478218;2485;;0;0;ReprPC3;-0,016668237;0,871269489;0,779532656;97;0,10256933;Axolotl;Ambystoma mexicanum;-0,162046179;3;SHOX2;158058706;0,871269489;hg38
4831;cg05087350;;2346;0;1;ReprPC1;0,016663313;0,871307185;0,779532656;97;0,102569347;Axolotl;Ambystoma mexicanum;0,16199831;4;PHOX2B;41748473;0,871307185;hg38
4832;cg19662683;2486;;0;0;Tx2;-0,016639304;0,871491023;0,779532656;97;0,102569429;Axolotl;Ambystoma mexicanum;-0,161764863;6;DST;56735283;0,871491023;hg38
4833;cg25420088;2487;;0;1;BivProm2;-0,016607436;0,871735051;0,779532656;97;0,102569538;Axolotl;Ambystoma mexicanum;-0,161455;13;SOX1-OT;112105354;0,871735051;hg38
4834;cg00922630;2488;;0;0;ReprPC2;-0,016606395;0,871743024;0,779532656;97;0,102569542;Axolotl;Ambystoma mexicanum;-0,161444877;8;LOC401463;64584639;0,871743024;hg38
4835;cg15359021;;2347;0;0;ReprPC2;0,016596196;0,871821121;0,779532656;97;0,102569576;Axolotl;Ambystoma mexicanum;0,161345713;6;LINC01276;41467221;0,871821121;hg38
4836;cg04721110;;2348;0;0;EnhWk4;0,016545657;0,872208146;0,779532656;97;0,102569748;Axolotl;Ambystoma mexicanum;0,160854314;14;NPAS3;33241634;0,872208146;hg38
4837;cg00953859;2489;;0;1;BivProm2;-0,01653555;0,872285552;0,779532656;97;0,102569782;Axolotl;Ambystoma mexicanum;-0,160756038;11;PAX6;31804203;0,872285552;hg38
4838;cg16656380;;2349;0;0;EnhA2;0,016513804;0,872452092;0,779532656;97;0,102569856;Axolotl;Ambystoma mexicanum;0,1605446;1;PROX1;214030096;0,872452092;hg38
4839;cg25249359;;2350;0;0;EnhWk4;0,016509966;0,872481481;0,779532656;97;0,102569869;Axolotl;Ambystoma mexicanum;0,160507288;2;GALNT5;157043737;0,872481481;hg38
4840;cg18498870;2490;;0;0;TSS2;-0,016497201;0,87257925;0,779532656;97;0,102569912;Axolotl;Ambystoma mexicanum;-0,160383166;11;SPI1;47355490;0,87257925;hg38
4841;cg00777340;;2351;0;1;BivProm2;0,016471256;0,872777957;0,779532656;97;0,10257;Axolotl;Ambystoma mexicanum;0,160130905;11;PAX6;31804196;0,872777957;hg38
4842;cg15349127;;2352;0;0;TxEnh5;0,016437768;0,873034454;0,779532656;97;0,102570113;Axolotl;Ambystoma mexicanum;0,159805294;6;RNF217;125076756;0,873034454;hg38
4843;cg01107215;2491;;0;0;Quies3;-0,016395951;0,873354766;0,779532656;97;0,102570254;Axolotl;Ambystoma mexicanum;-0,159398697;1;ATG4C;62904033;0,873354766;hg38
4844;cg17333501;2492;;0;0;EnhWk6;-0,016368114;0,873568002;0,779532656;97;0,102570348;Axolotl;Ambystoma mexicanum;-0,159128033;2;MYO3B;170651906;0,873568002;hg38
4845;cg05136263;;2353;0;1;BivProm1;0,016331144;0,873851208;0,779532656;97;0,102570472;Axolotl;Ambystoma mexicanum;0,158768575;2;SIX2;45008880;0,873851208;hg38
4846;cg03616753;2493;;0;0;EnhA4;-0,016320123;0,87393564;0,779532656;97;0,102570509;Axolotl;Ambystoma mexicanum;-0,158661415;8;LINC01605;37521022;0,87393564;hg38
4847;cg05649080;2494;;0;0;EnhWk4;-0,016263527;0,874369238;0,779532656;97;0,102570698;Axolotl;Ambystoma mexicanum;-0,158111121;18;ZNF521;25176316;0,874369238;hg38
4848;cg20417315;2495;;0;0;TxWk2;-0,016242538;0,874530049;0,779532656;97;0,102570768;Axolotl;Ambystoma mexicanum;-0,157907042;11;NCAM1;113246355;0,874530049;hg38
4849;cg08350690;2496;;0;0;BivProm3;-0,016214841;0,874742263;0,779532656;97;0,10257086;Axolotl;Ambystoma mexicanum;-0,15763774;7;RAPGEF5;22052409;0,874742263;hg38
4850;cg11199584;2497;;0;0;EnhA4;-0,016196012;0,874886534;0,779532656;97;0,102570923;Axolotl;Ambystoma mexicanum;-0,157454666;8;LINC01605;37520994;0,874886534;hg38
4851;cg24150369;;2354;0;0;TxEx1;0,016188866;0,874941288;0,779532656;97;0,102570946;Axolotl;Ambystoma mexicanum;0,157385186;1;SPEN;15873105;0,874941288;hg38
4852;cg25374009;;2355;0;0;ReprPC4;0,01615258;0,875219336;0,779532656;97;0,102571067;Axolotl;Ambystoma mexicanum;0,157032371;5;PRDM6;123185480;0,875219336;hg38
4853;cg14882356;2498;;0;0;TxEnh8;-0,0161503;0,875236807;0,779532656;97;0,102571074;Axolotl;Ambystoma mexicanum;-0,157010203;2;HECW2;196292668;0,875236807;hg38
4854;cg24630153;;2356;0;1;BivProm1;0,016142739;0,875294744;0,779532656;97;0,102571099;Axolotl;Ambystoma mexicanum;0,156936689;4;LINC00682;41882643;0,875294744;hg38
4855;cg07592240;;2357;0;0;TxWk2;0,016055954;0,875959819;0,779532656;97;0,102571386;Axolotl;Ambystoma mexicanum;0,156092869;15;MEIS2;36995044;0,875959819;hg38
4856;cg08711810;2499;;0;0;EnhWk8;-0,016051125;0,875996826;0,779532656;97;0,102571402;Axolotl;Ambystoma mexicanum;-0,156045919;16;CDH8;61727153;0,875996826;hg38
4857;cg20843173;;2358;0;0;EnhA2;0,016026855;0,876182836;0,779532656;97;0,102571482;Axolotl;Ambystoma mexicanum;0,155809939;13;DACH1;71525166;0,876182836;hg38
4858;cg10342649;;2359;0;0;EnhA2;0,016009604;0,87631505;0,779532656;97;0,102571539;Axolotl;Ambystoma mexicanum;0,155642213;18;ZNF521;25285274;0,87631505;hg38
4859;cg20632713;2500;;0;0;Acet3;-0,016006411;0,876339523;0,779532656;97;0,102571549;Axolotl;Ambystoma mexicanum;-0,155611165;10;MGMT;129607739;0,876339523;hg38
4860;cg00777947;;2360;0;0;Tx7;0,015992655;0,876444955;0,779532656;97;0,102571594;Axolotl;Ambystoma mexicanum;0,155477419;6;REPS1;138926459;0,876444955;hg38
4861;cg12364345;2501;;0;0;BivProm3;-0,015924251;0,876969276;0,779532656;97;0,102571818;Axolotl;Ambystoma mexicanum;-0,154812323;7;RAPGEF5;22052221;0,876969276;hg38
4862;cg05142376;2502;;0;0;EnhA2;-0,015923989;0,876971284;0,779532656;97;0,102571819;Axolotl;Ambystoma mexicanum;-0,154809776;15;LINC01197;95304575;0,876971284;hg38
4863;cg10587537;;2361;0;0;TxEx4;0,015919156;0,877008334;0,779532656;97;0,102571835;Axolotl;Ambystoma mexicanum;0,154762781;17;METTL23;76734560;0,877008334;hg38
4864;cg02571413;2503;;0;1;BivProm2;-0,01584316;0,877590912;0,779532656;97;0,102572083;Axolotl;Ambystoma mexicanum;-0,154023873;10;ZNF503-AS2;75405391;0,877590912;hg38
4865;cg16317419;;2362;0;0;TxEx1;0,015835895;0,877646608;0,779532656;97;0,102572106;Axolotl;Ambystoma mexicanum;0,153953236;21;DYRK1A;37513544;0,877646608;hg38
4866;cg03404298;2504;;0;0;TxEx3;-0,01582316;0,877744248;0,779532656;97;0,102572148;Axolotl;Ambystoma mexicanum;-0,153829406;16;ZFHX3;72959436;0,877744248;hg38
4867;cg22234098;2505;;0;0;TxEx4;-0,01579425;0,877965888;0,779532656;97;0,102572241;Axolotl;Ambystoma mexicanum;-0,15354832;3;CCNL1;157157093;0,877965888;hg38
4868;cg00809089;;2363;0;0;EnhA17;0,015791583;0,877986334;0,779532656;97;0,10257225;Axolotl;Ambystoma mexicanum;0,153522391;23;POLA1;24877013;0,877986334;hg38
4869;cg02366398;2506;;0;0;TxEx1;-0,015746952;0,878328535;0,779532656;97;0,102572394;Axolotl;Ambystoma mexicanum;-0,153088436;1;SERBP1;67425125;0,878328535;hg38
4870;cg15517120;2507;;0;1;BivProm1;-0,01574443;0,878347868;0,779532656;97;0,102572403;Axolotl;Ambystoma mexicanum;-0,153063921;7;HOXA7;27156498;0,878347868;hg38
4871;cg00122272;;2364;0;0;EnhWk6;0,015735809;0,878413975;0,779532656;97;0,10257243;Axolotl;Ambystoma mexicanum;0,152980092;1;KANK4;62271468;0,878413975;hg38
4872;cg22715479;;2365;0;0;TxWk2;0,015682025;0,878826377;0,779532656;97;0,102572604;Axolotl;Ambystoma mexicanum;0,152457159;10;EBF3;129873566;0,878826377;hg38
4873;cg08781477;;2366;0;0;EnhA6;0,015680009;0,878841836;0,779532656;97;0,10257261;Axolotl;Ambystoma mexicanum;0,152437559;2;VRK2;57869862;0,878841836;hg38
4874;cg23383461;;2367;0;0;BivProm4;0,015657025;0,879018091;0,779532656;97;0,102572684;Axolotl;Ambystoma mexicanum;0,152214078;2;ZEB2;144431547;0,879018091;hg38
4875;cg14799760.1;2508;;0;0;TxEnh4;-0,015651918;0,879057252;0,779532656;97;0,102572701;Axolotl;Ambystoma mexicanum;-0,152164425;19;DAZAP1;1425868;0,879057252;hg38
4876;cg16632407;;2368;0;0;EnhA2;0,015646745;0,879096921;0,779532656;97;0,102572717;Axolotl;Ambystoma mexicanum;0,152114128;13;PCDH9;67225398;0,879096921;hg38
4877;cg24473684;;2369;0;0;EnhWk4;0,015584151;0,879576945;0,779532656;97;0,102572918;Axolotl;Ambystoma mexicanum;0,151505535;18;TSHZ1;75297481;0,879576945;hg38
4878;cg26709300;;2370;0;0;PromF2;0,015577367;0,879628975;0,779532656;97;0,102572939;Axolotl;Ambystoma mexicanum;0,151439573;16;YPEL3;30095361;0,879628975;hg38
4879;cg14911328;;2371;0;0;Quies1;0,015575042;0,879646809;0,779532656;97;0,102572947;Axolotl;Ambystoma mexicanum;0,151416964;6;PKHD1;51651366;0,879646809;hg38
4880;cg12645831;2509;;0;0;EnhWk8;-0,015556485;0,879789131;0,779532656;97;0,102573006;Axolotl;Ambystoma mexicanum;-0,151236535;23;POLA1;24898274;0,879789131;hg38
4881;cg23398076;2510;;0;1;PromF5;-0,015505337;0,88018143;0,779532656;97;0,102573169;Axolotl;Ambystoma mexicanum;-0,150739224;2;MEIS1;66437828;0,88018143;hg38
4882;cg16937191;;2372;0;0;EnhWk3;0,015497954;0,88023806;0,779532656;97;0,102573193;Axolotl;Ambystoma mexicanum;0,150667438;5;EBF1;158801506;0,88023806;hg38
4883;cg21880016;2511;;0;0;TxEx3;-0,01546059;0,880524652;0,779532656;97;0,102573311;Axolotl;Ambystoma mexicanum;-0,150304158;8;FGFR1;38421806;0,880524652;hg38
4884;cg20983335;;2373;0;0;EnhA17;0,015450822;0,880599583;0,779532656;97;0,102573342;Axolotl;Ambystoma mexicanum;0,150209181;9;TLE1;81113026;0,880599583;hg38
4885;cg09851167;2512;;0;1;BivProm3;-0,015446044;0,880636234;0,779532656;97;0,102573357;Axolotl;Ambystoma mexicanum;-0,150162725;7;UNCX;1230063;0,880636234;hg38
4886;cg04903706;;2374;0;0;TxEnh5;0,015409372;0,880917548;0,779532656;97;0,102573473;Axolotl;Ambystoma mexicanum;0,149806162;17;MSI2;57674952;0,880917548;hg38
4887;cg03611818;2513;;0;0;TxEnh7;-0,015403917;0,880959388;0,779532656;97;0,102573491;Axolotl;Ambystoma mexicanum;-0,149753131;15;TCF12;57133512;0,880959388;hg38
4888;cg23525349;;2375;0;0;Tx8;0,015395066;0,881027293;0,779532656;97;0,102573519;Axolotl;Ambystoma mexicanum;0,149667066;15;DENND4A;65732765;0,881027293;hg38
4889;cg20273254;;2376;0;0;EnhA17;0,015390402;0,881063072;0,779532656;97;0,102573533;Axolotl;Ambystoma mexicanum;0,149621718;2;AGAP1;236054659;0,881063072;hg38
4890;cg12695436;;2377;0;0;EnhA20;0,015344431;0,881415744;0,779532656;97;0,102573678;Axolotl;Ambystoma mexicanum;0,14917475;7;LOC441204;26485641;0,881415744;hg38
4891;cg14884775;2514;;0;0;Quies2;-0,015327463;0,881545923;0,779532656;97;0,102573732;Axolotl;Ambystoma mexicanum;-0,149009771;18;LINC01029;77833044;0,881545923;hg38
4892;cg03734252;2515;;0;0;Tx1;-0,01532137;0,881592665;0,779532656;97;0,102573751;Axolotl;Ambystoma mexicanum;-0,148950534;2;PUM2;20327323;0,881592665;hg38
4893;cg26270728;2516;;0;0;EnhWk4;-0,015299216;0,881762638;0,779532656;97;0,102573821;Axolotl;Ambystoma mexicanum;-0,148735132;7;AUTS2;70426563;0,881762638;hg38
4894;cg21540320;2517;;0;0;Tx3;-0,015258123;0,882077927;0,779532656;97;0,102573949;Axolotl;Ambystoma mexicanum;-0,148335593;2;ZEB2;144465943;0,882077927;hg38
4895;cg14333067;2518;;0;0;TxEx3;-0,015250467;0,882136671;0,779532656;97;0,102573973;Axolotl;Ambystoma mexicanum;-0,148261154;17;RHOT1;32211111;0,882136671;hg38
4896;cg14618517;2519;;0;0;Tx5;-0,015173926;0,882724003;0,779532656;97;0,102574212;Axolotl;Ambystoma mexicanum;-0,147516949;5;AP3B1;78128052;0,882724003;hg38
4897;cg16957078;2520;;0;0;TxWk2;-0,01514856;0,882918657;0,779532656;97;0,102574291;Axolotl;Ambystoma mexicanum;-0,147270322;10;LDB3;86699324;0,882918657;hg38
4898;cg18419637;;2378;0;0;Tx3;0,015145385;0,882943022;0,779532656;97;0,102574301;Axolotl;Ambystoma mexicanum;0,147239452;2;MEIS1;66512232;0,882943022;hg38
4899;cg01689298;;2379;0;0;EnhA5;0,015140178;0,882982983;0,779532656;97;0,102574317;Axolotl;Ambystoma mexicanum;0,147188822;2;TEX41;145655172;0,882982983;hg38
4900;cg25033328;;2380;0;0;TxEnh3;0,015119294;0,883143249;0,779532656;97;0,102574382;Axolotl;Ambystoma mexicanum;0,146985774;3;MBNL1;152446541;0,883143249;hg38
4901;cg14678919;;2381;0;0;EnhWk5;0,015115229;0,883174449;0,779532656;97;0,102574395;Axolotl;Ambystoma mexicanum;0,146946246;5;PPP2R2B;146698078;0,883174449;hg38
4902;cg04901692;;2382;0;0;Quies3;0,015030367;0,883825754;0,779796182;97;0,102574657;Axolotl;Ambystoma mexicanum;0,146121145;2;LINC01122;58881227;0,883825754;hg38
4903;cg18056436;2521;;0;0;PromF5;-0,015029352;0,883833539;0,779796182;97;0,10257466;Axolotl;Ambystoma mexicanum;-0,146111284;10;SKIDA1;21518240;0,883833539;hg38
4904;cg15411708;;2383;0;0;TxEnh2;0,015005538;0,884016321;0,779798403;97;0,102574734;Axolotl;Ambystoma mexicanum;0,145879746;7;UBE2H;129858901;0,884016321;hg38
4905;cg05730868;2522;;0;0;TxEx2;-0,014937241;0,884540566;0,779876267;97;0,102574943;Axolotl;Ambystoma mexicanum;-0,145215706;1;MAST2;46032354;0,884540566;hg38
4906;cg04539724;;2384;0;0;TxEnh4;0,014883705;0,884951544;0,779876267;97;0,102575107;Axolotl;Ambystoma mexicanum;0,144695181;12;ATF7;53552577;0,884951544;hg38
4907;cg00090184;;2385;0;1;ReprPC1;0,014867876;0,885073063;0,779876267;97;0,102575156;Axolotl;Ambystoma mexicanum;0,144541278;7;UNCX;1238565;0,885073063;hg38
4908;cg23235972;2523;;0;0;TxEx3;-0,01484053;0,885282999;0,779876267;97;0,102575239;Axolotl;Ambystoma mexicanum;-0,144275405;3;ZBTB20;114350358;0,885282999;hg38
4909;cg06920520;2524;;0;0;TxEnh5;-0,014810781;0,885511401;0,779876267;97;0,102575329;Axolotl;Ambystoma mexicanum;-0,143986157;17;SLC43A2;1591388;0,885511401;hg38
4910;cg19895272;;2386;0;0;EnhWk3;0,014790857;0,885664374;0,779876267;97;0,10257539;Axolotl;Ambystoma mexicanum;0,143792439;1;CASZ1;10672723;0,885664374;hg38
4911;cg21676597;2525;;0;0;BivProm4;-0,014777729;0,885765168;0,779876267;97;0,10257543;Axolotl;Ambystoma mexicanum;-0,143664801;9;NFIB;14307102;0,885765168;hg38
4912;cg19998594;2526;;0;0;BivProm3;-0,014768921;0,885832793;0,779876267;97;0,102575456;Axolotl;Ambystoma mexicanum;-0,143579166;11;LMO1;8283334;0,885832793;hg38
4913;cg12757529;2527;;0;0;Tx8;-0,014759541;0,885904819;0,779876267;97;0,102575485;Axolotl;Ambystoma mexicanum;-0,143487961;6;MYB;135192367;0,885904819;hg38
4914;cg22012277;;2387;0;0;EnhA2;0,014757483;0,885920617;0,779876267;97;0,102575491;Axolotl;Ambystoma mexicanum;0,143467956;18;LINC01416;55864183;0,885920617;hg38
4915;cg09424904;2528;;0;0;ReprPC9;-0,014735723;0,886087697;0,779876267;97;0,102575557;Axolotl;Ambystoma mexicanum;-0,143256389;13;DACH1;71682134;0,886087697;hg38
4916;cg00920372;;2388;0;0;ReprPC5;0,014687809;0,886455615;0,780041378;97;0,102575702;Axolotl;Ambystoma mexicanum;0,142790532;10;BTRC;101322920;0,886455615;hg38
4917;cg17890936;2529;;0;0;EnhA15;-0,01459397;0,887176249;0,780455314;97;0,102575984;Axolotl;Ambystoma mexicanum;-0,141878156;10;SLIT1;97001323;0,887176249;hg38
4918;cg23800888;;2389;0;0;Tx7;0,014579568;0,887286854;0,780455314;97;0,102576027;Axolotl;Ambystoma mexicanum;0,141738133;7;SRPK2;105126253;0,887286854;hg38
4919;cg05531691;;2390;0;0;ReprPC3;0,014537356;0,887611053;0,78058176;97;0,102576153;Axolotl;Ambystoma mexicanum;0,141327719;13;LINC00331;78784480;0,887611053;hg38
4920;cg11245422;;2391;0;0;TxEx3;0,014507489;0,887840454;0,780594342;97;0,102576242;Axolotl;Ambystoma mexicanum;0,141037327;1;PBX1;164821613;0,887840454;hg38
4921;cg05046128;;2392;0;0;EnhA17;0,014488507;0,887986257;0,780594342;97;0,102576298;Axolotl;Ambystoma mexicanum;0,140852766;3;SOX2-OT;181056604;0,887986257;hg38
4922;cg10260749;2530;;0;0;EnhA2;-0,014435713;0,888391779;0,780792156;97;0,102576455;Axolotl;Ambystoma mexicanum;-0,140339471;1;PROX1;213996746;0,888391779;hg38
4923;cg02496796;;2393;0;0;BivProm4;0,01438455;0,888784807;0,780826011;97;0,102576606;Axolotl;Ambystoma mexicanum;0,139842026;4;CXXC4;104425187;0,888784807;hg38
4924;cg11610869;2531;;0;0;EnhWk4;-0,014356162;0,889002894;0,780826011;97;0,10257669;Axolotl;Ambystoma mexicanum;-0,139566015;16;CRNDE;54890798;0,889002894;hg38
4925;cg17106054;;2394;0;0;TxEx3;0,01431542;0,889315893;0,780826011;97;0,10257681;Axolotl;Ambystoma mexicanum;0,1391699;8;ZC3H3;143439435;0,889315893;hg38
4926;cg13384781;2532;;0;0;BivProm2;-0,014301083;0,889426048;0,780826011;97;0,102576852;Axolotl;Ambystoma mexicanum;-0,1390305;10;PAX2;100654669;0,889426048;hg38
4927;cg20407544;2533;;0;0;EnhWk4;-0,014294815;0,889474202;0,780826011;97;0,10257687;Axolotl;Ambystoma mexicanum;-0,138969561;13;NBEA;35530262;0,889474202;hg38
4928;cg01092932;2534;;0;0;TxEnh5;-0,014216936;0,890072579;0,780826011;97;0,102577098;Axolotl;Ambystoma mexicanum;-0,13821237;1;MIR181A1HG;198858931;0,890072579;hg38
4929;cg02545439;2535;;0;0;BivProm1;-0,014214482;0,890091431;0,780826011;97;0,102577105;Axolotl;Ambystoma mexicanum;-0,138188515;14;GALNT16;69260317;0,890091431;hg38
4930;cg00539598;2536;;0;0;EnhWk1;-0,014198217;0,890216413;0,780826011;97;0,102577153;Axolotl;Ambystoma mexicanum;-0,138030373;7;AUTS2;70271923;0,890216413;hg38
4931;cg20217707;2537;;0;0;EnhWk4;-0,014196914;0,890226427;0,780826011;97;0,102577156;Axolotl;Ambystoma mexicanum;-0,138017702;2;LOC101928386;143957596;0,890226427;hg38
4932;cg05881418;;2395;0;0;EnhA18;0,014162304;0,890492374;0,780826011;97;0,102577257;Axolotl;Ambystoma mexicanum;0,137681205;6;LOC101927314;98044471;0,890492374;hg38
4933;cg14507657;2538;;0;0;ReprPC3;-0,014095067;0,89100907;0,780826011;97;0,102577452;Axolotl;Ambystoma mexicanum;-0,137027486;2;CDCA7;173513659;0,89100907;hg38
4934;cg02977776;2539;;0;0;Tx7;-0,014092951;0,891025335;0,780826011;97;0,102577458;Axolotl;Ambystoma mexicanum;-0,137006908;12;MAPKAPK5;111866184;0,891025335;hg38
4935;cg11367480;;2396;0;0;EnhWk8;0,014069057;0,891208963;0,780826011;97;0,102577527;Axolotl;Ambystoma mexicanum;0,136774597;14;NRXN3;79692232;0,891208963;hg38
4936;cg01621700;2540;;0;0;TxEx2;-0,014065872;0,891233444;0,780826011;97;0,102577536;Axolotl;Ambystoma mexicanum;-0,136743627;3;FOXP1;70972633;0,891233444;hg38
4937;cg27145074;2541;;0;1;ReprPC1;-0,014032838;0,891487327;0,780826011;97;0,102577632;Axolotl;Ambystoma mexicanum;-0,13642245;7;UNCX;1228788;0,891487327;hg38
4938;cg21017059;2542;;0;0;EnhWk4;-0,014023278;0,891560801;0,780826011;97;0,102577659;Axolotl;Ambystoma mexicanum;-0,136329504;9;CNTLN;17323877;0,891560801;hg38
4939;cg00645382;2543;;0;0;EnhA2;-0,014000896;0,891732827;0,780826011;97;0,102577723;Axolotl;Ambystoma mexicanum;-0,136111892;7;AUTS2;70631133;0,891732827;hg38
4940;cg17095500;;2397;0;0;EnhWk8;0,013987143;0,891838528;0,780826011;97;0,102577763;Axolotl;Ambystoma mexicanum;0,135978183;14;NRXN3;79861390;0,891838528;hg38
4941;cg02095204;;2398;0;0;Acet3;0,013984371;0,891859836;0,780826011;97;0,102577771;Axolotl;Ambystoma mexicanum;0,13595123;3;STXBP5L;121282316;0,891859836;hg38
4942;cg07475235;2544;;0;1;ReprPC2;-0,013894022;0,892554314;0,781101199;97;0,102578029;Axolotl;Ambystoma mexicanum;-0,135072802;16;IRX3;54290065;0,892554314;hg38
4943;cg02697105;2545;;0;0;EnhWk4;-0,013881405;0,892651303;0,781101199;97;0,102578065;Axolotl;Ambystoma mexicanum;-0,134950131;8;ST18;52225654;0,892651303;hg38
4944;cg14272342;2546;;0;0;TxEnh4;-0,013862955;0,892793137;0,781101199;97;0,102578118;Axolotl;Ambystoma mexicanum;-0,134770744;6;QKI;163563519;0,892793137;hg38
4945;cg00883967;2547;;0;0;Acet2;-0,01384952;0,892896418;0,781101199;97;0,102578156;Axolotl;Ambystoma mexicanum;-0,134640122;5;NR2F1-AS1;92468420;0,892896418;hg38
4946;cg03260249;2548;;0;1;PromF5;-0,013638913;0,894515677;0,782359506;97;0,10257875;Axolotl;Ambystoma mexicanum;-0,132592484;17;HOXB-AS1;48544792;0,894515677;hg38
4947;cg25707373;;2399;0;1;PromF1;0,013505228;0,895543738;0,783006398;97;0,102579122;Axolotl;Ambystoma mexicanum;0,131292736;6;TMEM63B;44151909;0,895543738;hg38
4948;cg22537546;;2400;0;0;EnhA17;0,013476759;0,895762697;0,783006398;97;0,102579201;Axolotl;Ambystoma mexicanum;0,13101594;7;AUTS2;70132403;0,895762697;hg38
4949;cg23697306;;2401;0;0;Quies1;0,013458355;0,895904243;0,783006398;97;0,102579252;Axolotl;Ambystoma mexicanum;0,130837012;2;LINC01122;59075263;0,895904243;hg38
4950;cg21827311;2549;;0;1;BivProm1;-0,013426268;0,896151041;0,783006398;97;0,10257934;Axolotl;Ambystoma mexicanum;-0,130525044;5;TBCA;77844458;0,896151041;hg38
4951;cg24721437;2550;;0;0;TxEx2;-0,01342506;0,896160334;0,783006398;97;0,102579344;Axolotl;Ambystoma mexicanum;-0,130513298;2;HAT1;171966438;0,896160334;hg38
4952;cg01169651;2551;;0;0;EnhWk1;-0,013396559;0,896379554;0,78303978;97;0,102579422;Axolotl;Ambystoma mexicanum;-0,130236202;1;ITGB3BP;63449096;0,896379554;hg38
4953;cg24231456;2552;;0;0;EnhA6;-0,013369123;0,896590599;0,783066008;97;0,102579498;Axolotl;Ambystoma mexicanum;-0,129969448;13;ENOX1;43326432;0,896590599;hg38
4954;cg08722723;2553;;0;0;TxEx2;-0,013281068;0,897267967;0,783499423;97;0,102579738;Axolotl;Ambystoma mexicanum;-0,12911334;17;DDX42;63799574;0,897267967;hg38
4955;cg03093554;2554;;0;0;TxEnh7;-0,013255993;0,897460872;0,783509712;97;0,102579807;Axolotl;Ambystoma mexicanum;-0,128869549;2;ZEB2;144503439;0,897460872;hg38
4956;cg16169211;2555;;0;0;Quies3;-0,013186377;0,897996467;0,783659427;97;0,102579995;Axolotl;Ambystoma mexicanum;-0,128192713;9;PTPRD;8527369;0,897996467;hg38
4957;cg11942953;2556;;0;0;Tx7;-0,013164895;0,898161753;0,783659427;97;0,102580054;Axolotl;Ambystoma mexicanum;-0,127983851;16;CHD9;53238344;0,898161753;hg38
4958;cg12870762;2557;;0;1;BivProm2;-0,013163065;0,898175832;0,783659427;97;0,102580058;Axolotl;Ambystoma mexicanum;-0,127966061;4;PITX2;110618190;0,898175832;hg38
4959;cg19736749;2558;;0;0;TxEx3;-0,013125588;0,898464189;0,78368942;97;0,10258016;Axolotl;Ambystoma mexicanum;-0,127601696;8;CYHR1;144453436;0,898464189;hg38
4960;cg20943712;;2402;0;0;EnhWk2;0,013109347;0,898589159;0,78368942;97;0,102580203;Axolotl;Ambystoma mexicanum;0,12744379;1;PROX1;213997757;0,898589159;hg38
4961;cg05362744;;2403;0;0;TxEx4;0,01307512;0,89885253;0,78368942;97;0,102580295;Axolotl;Ambystoma mexicanum;0,127111019;10;HNRNPH3;68337891;0,89885253;hg38
4962;cg07992814;2559;;0;0;TxEnh1;-0,01306442;0,898934864;0,78368942;97;0,102580324;Axolotl;Ambystoma mexicanum;-0,127006993;17;GPATCH8;44467092;0,898934864;hg38
4963;cg02925560;2560;;0;0;EnhA5;-0,012823345;0,900790224;0,784993389;97;0,102580964;Axolotl;Ambystoma mexicanum;-0,12466316;4;LRBA;150569542;0,900790224;hg38
4964;cg03275826;2561;;0;0;ReprPC7;-0,012822917;0,900793518;0,784993389;97;0,102580965;Axolotl;Ambystoma mexicanum;-0,124659;5;TENM2;168162702;0,900793518;hg38
4965;cg27450153;2562;;0;0;TxEnh5;-0,012688582;0,901827614;0,785564044;97;0,102581317;Axolotl;Ambystoma mexicanum;-0,123352949;7;GLI3;41967842;0,901827614;hg38
4966;cg16492083;;2404;0;0;ReprPC2;0,012671643;0,901958021;0,785564044;97;0,102581361;Axolotl;Ambystoma mexicanum;0,123188261;10;HIF1AN;100622935;0,901958021;hg38
4967;cg25276326;;2405;0;0;Quies2;0,01265569;0,90208084;0,785564044;97;0,102581402;Axolotl;Ambystoma mexicanum;0,123033159;18;LINC01029;78197244;0,90208084;hg38
4968;cg01326399;2563;;0;0;Acet3;-0,012643493;0,902174743;0,785564044;97;0,102581434;Axolotl;Ambystoma mexicanum;-0,122914576;3;RSRC1;158308261;0,902174743;hg38
4969;cg14349785;2564;;0;0;TxWk1;-0,012556274;0,902846272;0,785852158;97;0,10258166;Axolotl;Ambystoma mexicanum;-0,122066601;3;DLG1;197069218;0,902846272;hg38
4970;cg22948726;2565;;0;0;EnhWk8;-0,012536952;0,902995048;0,785852158;97;0,102581709;Axolotl;Ambystoma mexicanum;-0,121878747;23;POLA1;24990309;0,902995048;hg38
4971;cg02529685;2566;;0;0;TxEnh5;-0,012514673;0,903166592;0,785852158;97;0,102581767;Axolotl;Ambystoma mexicanum;-0,121662148;8;ZFHX4;76704785;0,903166592;hg38
4972;cg09710440;2567;;0;1;BivProm2;-0,012506142;0,90323228;0,785852158;97;0,102581789;Axolotl;Ambystoma mexicanum;-0,121579209;7;LHFPL3;104328932;0,90323228;hg38
4973;cg04347491;;2406;0;0;Quies3;0,012448928;0,903672855;0,786077377;97;0,102581935;Axolotl;Ambystoma mexicanum;0,121022952;9;PBX3;125973231;0,903672855;hg38
4974;cg07906609;;2407;0;0;Acet2;0,012385955;0,904157805;0,786341098;97;0,102582095;Axolotl;Ambystoma mexicanum;0,120410713;8;RIMS2;103910576;0,904157805;hg38
4975;cg05766129;;2408;0;0;TxWk2;0,012316723;0,904691006;0,786646668;97;0,102582271;Axolotl;Ambystoma mexicanum;0,119737611;3;KALRN;124269166;0,904691006;hg38
4976;cg22773167;2568;;0;0;PromF4;-0,012263463;0,905101215;0,786845193;97;0,102582405;Axolotl;Ambystoma mexicanum;-0,119219807;2;RHOB;20447534;0,905101215;hg38
4977;cg10604788;;2409;0;0;TxEx1;0,012214921;0,905475115;0,786995109;97;0,102582527;Axolotl;Ambystoma mexicanum;0,118747864;16;CNOT1;58588831;0,905475115;hg38
4978;cg06053079;;2410;0;0;EnhA5;0,012172942;0,90579847;0,786995109;97;0,102582632;Axolotl;Ambystoma mexicanum;0,118339741;16;LINC02140;54459987;0,90579847;hg38
4979;cg15671915;2569;;0;0;TxEnh8;-0,012085824;0,906469582;0,786995109;97;0,102582849;Axolotl;Ambystoma mexicanum;-0,117492758;18;MIR133A1HG;21825747;0,906469582;hg38
4980;cg10209107;;2411;0;0;EnhA2;0,012050372;0,906742711;0,786995109;97;0,102582937;Axolotl;Ambystoma mexicanum;0,117148078;8;PEX2;77130777;0,906742711;hg38
4981;cg02162827;2570;;0;0;EnhA18;-0,011974022;0,907330948;0,786995109;97;0,102583125;Axolotl;Ambystoma mexicanum;-0,116405788;11;PKNOX2;125240352;0,907330948;hg38
4982;cg20558605;;2412;0;0;EnhWk4;0,0119599;0,90743976;0,786995109;97;0,10258316;Axolotl;Ambystoma mexicanum;0,116268487;6;ADGRB3;68975248;0,90743976;hg38
4983;cg09530596;;2413;0;0;TxWk1;0,011958148;0,907453254;0,786995109;97;0,102583164;Axolotl;Ambystoma mexicanum;0,11625146;1;MACO1;25454363;0,907453254;hg38
4984;cg03630310;;2414;0;0;EnhA18;0,011924573;0,907711952;0,786995109;97;0,102583246;Axolotl;Ambystoma mexicanum;0,115925038;17;ASIC2;33023954;0,907711952;hg38
4985;cg06523030;2571;;0;1;BivProm2;-0,011909401;0,907828856;0,786995109;97;0,102583283;Axolotl;Ambystoma mexicanum;-0,115777533;8;CSMD3;113436934;0,907828856;hg38
4986;cg05207218;;2415;0;0;ReprPC2;0,011899616;0,907904255;0,786995109;97;0,102583307;Axolotl;Ambystoma mexicanum;0,1156824;10;C10orf67;23206168;0,907904255;hg38
4987;cg21056360;2572;;0;0;EnhWk5;-0,011829063;0,908447926;0,786995109;97;0,102583479;Axolotl;Ambystoma mexicanum;-0,114996462;14;LINC01550;98178960;0,908447926;hg38
4988;cg13085897;2573;;1;0;EnhA3;-0,011791159;0,908740022;0,786995109;97;0,102583571;Axolotl;Ambystoma mexicanum;-0,114627954;2;ZEB2;144455135;0,908740022;hg38
4989;cg11488826;2574;;0;0;EnhA17;-0,011758095;0,908994826;0,786995109;97;0,102583651;Axolotl;Ambystoma mexicanum;-0,114306505;7;AUTS2;70355914;0,908994826;hg38
4990;cg27589326;;2416;0;0;EnhWk6;0,011747579;0,909075876;0,786995109;97;0,102583676;Axolotl;Ambystoma mexicanum;0,114204258;3;FOXP1;71136344;0,909075876;hg38
4991;cg22010676;;2417;0;0;TxEx1;0,011715919;0,909319875;0,786995109;97;0,102583752;Axolotl;Ambystoma mexicanum;0,113896456;1;PUM1;31005937;0,909319875;hg38
4992;cg05320089;;2418;0;0;Tx4;0,011689674;0,909522148;0,786995109;97;0,102583815;Axolotl;Ambystoma mexicanum;0,113641298;13;ANKRD10;110900690;0,909522148;hg38
4993;cg18945204;;2419;0;0;EnhWk8;0,011678694;0,909606776;0,786995109;97;0,102583842;Axolotl;Ambystoma mexicanum;0,113534547;7;HGF;81752250;0,909606776;hg38
4994;cg25302115;2575;;0;0;Tx7;-0,011646118;0,909857851;0,786995109;97;0,10258392;Axolotl;Ambystoma mexicanum;-0,113217842;1;RCOR3;211312815;0,909857851;hg38
4995;cg23115029;2576;;0;1;BivProm4;-0,011605062;0,910174299;0,786995109;97;0,102584018;Axolotl;Ambystoma mexicanum;-0,112818692;12;HOXC5;54002477;0,910174299;hg38
4996;cg23274069;2577;;0;0;TxEnh4;-0,011599328;0,910218501;0,786995109;97;0,102584031;Axolotl;Ambystoma mexicanum;-0,112762939;3;MKRN2;12576647;0,910218501;hg38
4997;cg20424997;2578;;0;0;TxEx1;-0,011556668;0,910547327;0,786995109;97;0,102584133;Axolotl;Ambystoma mexicanum;-0,112348198;16;CNOT1;58588863;0,910547327;hg38
4998;cg10349289;;2420;0;0;EnhA17;0,011543112;0,910651828;0,786995109;97;0,102584165;Axolotl;Ambystoma mexicanum;0,112216397;17;ACACA;37132148;0,910651828;hg38
4999;cg19899882;;2421;0;1;BivProm1;0,011515224;0,910866804;0,786995109;97;0,102584231;Axolotl;Ambystoma mexicanum;0,111945268;6;FOXQ1;1313260;0,910866804;hg38
5000;cg24824630;2579;;0;0;TxEnh6;-0,011496457;0,911011471;0,786995109;97;0,102584275;Axolotl;Ambystoma mexicanum;-0,111762817;3;SATB1;18415483;0,911011471;hg38
5001;cg08379111;2580;;0;0;EnhA5;-0,011468838;0,91122439;0,786995109;97;0,10258434;Axolotl;Ambystoma mexicanum;-0,111494294;7;FOXP2;114653944;0,91122439;hg38
5002;cg26452091;2581;;0;1;BivProm1;-0,011443255;0,911421613;0,786995109;97;0,1025844;Axolotl;Ambystoma mexicanum;-0,111245574;4;POU4F2;146654847;0,911421613;hg38
5003;cg26353121;;2422;0;0;TxEx1;0,011415856;0,911632841;0,786995109;97;0,102584464;Axolotl;Ambystoma mexicanum;0,110979199;6;SYNCRIP;85614969;0,911632841;hg38
5004;cg23011375;2582;;0;0;EnhA17;-0,011403922;0,911724849;0,786995109;97;0,102584492;Axolotl;Ambystoma mexicanum;-0,110863173;12;POLR3B;106493622;0,911724849;hg38
5005;cg09658327;;2423;0;0;TxEnh3;0,01139867;0,911765335;0,786995109;97;0,102584505;Axolotl;Ambystoma mexicanum;0,110812119;14;ARID4A;58301634;0,911765335;hg38
5006;cg23195996;;2424;0;1;BivProm2;0,011344347;0,912184163;0,786995109;97;0,102584631;Axolotl;Ambystoma mexicanum;0,110283978;2;CAMKMT;44768952;0,912184163;hg38
5007;cg22987615;;2425;0;0;BivProm1;0,011327932;0,912310723;0,786995109;97;0,10258467;Axolotl;Ambystoma mexicanum;0,110124393;23;NDP;43973564;0,912310723;hg38
5008;cg06582962;2583;;0;0;EnhA2;-0,011298623;0,912536709;0,786995109;97;0,102584738;Axolotl;Ambystoma mexicanum;-0,109839444;8;LOC101929268;48582544;0,912536709;hg38
5009;cg18063694.1;;2426;0;0;Acet8;0,011259879;0,912835444;0,786995109;97;0,102584827;Axolotl;Ambystoma mexicanum;0,109462777;1;HCRTR1;31620884;0,912835444;hg38
5010;cg17282895;;2427;0;0;Tx1;0,01125701;0,912857569;0,786995109;97;0,102584834;Axolotl;Ambystoma mexicanum;0,10943488;5;TBCA;77725577;0,912857569;hg38
5011;cg17482929;2584;;0;0;ReprPC3;-0,011218209;0,91315676;0,786995109;97;0,102584923;Axolotl;Ambystoma mexicanum;-0,109057656;1;LINC01739;62999367;0,91315676;hg38
5012;cg09397298;;2428;0;1;ReprPC1;0,011215723;0,913175936;0,786995109;97;0,102584929;Axolotl;Ambystoma mexicanum;0,10903348;7;UNCX;1239566;0,913175936;hg38
5013;cg15872386;;2429;0;0;TxWk1;0,011211924;0,91320523;0,786995109;97;0,102584938;Axolotl;Ambystoma mexicanum;0,108996546;13;TRPC4;37692009;0,91320523;hg38
5014;cg09683967;;2430;0;0;Tx4;0,011197445;0,913316875;0,786995109;97;0,102584971;Axolotl;Ambystoma mexicanum;0,108855787;7;MIOS;7573190;0,913316875;hg38
5015;cg08989499;2585;;0;0;EnhA17;-0,011192582;0,913354376;0,786995109;97;0,102584982;Axolotl;Ambystoma mexicanum;-0,108808508;7;LINC01162;21045078;0,913354376;hg38
5016;cg02928412;2586;;0;0;TxEx2;-0,011187942;0,913390156;0,786995109;97;0,102584993;Axolotl;Ambystoma mexicanum;-0,108763398;5;APC;112819104;0,913390156;hg38
5017;cg00726571;2587;;0;0;BivProm3;-0,011182975;0,913428464;0,786995109;97;0,102585004;Axolotl;Ambystoma mexicanum;-0,108715101;18;KLHL14;32773146;0,913428464;hg38
5018;cg25341423;;2431;0;1;BivProm2;0,011176783;0,913476212;0,786995109;97;0,102585019;Axolotl;Ambystoma mexicanum;0,108654903;2;PANTR1;104852028;0,913476212;hg38
5019;cg05373428;;2432;0;1;BivProm2;0,011154714;0,913646395;0,786995109;97;0,102585069;Axolotl;Ambystoma mexicanum;0,10844035;5;TLX3;171310325;0,913646395;hg38
5020;cg23344477;;2433;0;1;TSS2;0,011135967;0,913790965;0,786995109;97;0,102585112;Axolotl;Ambystoma mexicanum;0,108258092;19;LOC100505585;41928629;0,913790965;hg38
5021;cg11381764;;2434;0;0;EnhA17;0,011129159;0,913843467;0,786995109;97;0,102585128;Axolotl;Ambystoma mexicanum;0,108191904;7;GLI3;42153337;0,913843467;hg38
5022;cg12368664;;2435;0;0;TxEx1;0,011120932;0,913906918;0,786995109;97;0,102585146;Axolotl;Ambystoma mexicanum;0,108111913;14;PPP4R3A;91473279;0,913906918;hg38
5023;cg08656982;2588;;0;0;ReprPC5;-0,011106831;0,914015662;0,786995109;97;0,102585179;Axolotl;Ambystoma mexicanum;-0,107974826;14;UNC79;93474183;0,914015662;hg38
5024;cg09841954;2589;;0;0;BivProm1;-0,011083563;0,914195109;0,786995109;97;0,102585232;Axolotl;Ambystoma mexicanum;-0,107748609;5;GABRB2;161546740;0,914195109;hg38
5025;cg08640766;2590;;0;0;TxEx1;-0,011074578;0,914264404;0,786995109;97;0,102585252;Axolotl;Ambystoma mexicanum;-0,107661256;20;RBM12;35655147;0,914264404;hg38
5026;cg14620758;;2436;0;0;TxEnh4;0,011060878;0,914370061;0,786995109;97;0,102585283;Axolotl;Ambystoma mexicanum;0,107528066;1;ZBTB18;244054089;0,914370061;hg38
5027;cg16839343;2591;;0;0;EnhWk4;-0,011034441;0,914573956;0,787014012;97;0,102585343;Axolotl;Ambystoma mexicanum;-0,107271043;11;SOX6;16453881;0,914573956;hg38
5028;cg27193252;2592;;0;1;BivProm1;-0,011004152;0,914807564;0,787042252;97;0,102585411;Axolotl;Ambystoma mexicanum;-0,106976574;1;FOXD3-AS1;63323553;0,914807564;hg38
5029;cg17799518;;2437;0;0;TxEnh1;0,010971093;0,915062545;0,787042252;97;0,102585486;Axolotl;Ambystoma mexicanum;0,106655175;19;TSHZ3;31315797;0,915062545;hg38
5030;cg17706566;2593;;0;0;Quies1;-0,010959419;0,91515259;0,787042252;97;0,102585512;Axolotl;Ambystoma mexicanum;-0,106541677;6;PKHD1;51651374;0,91515259;hg38
5031;cg25275715;;2438;0;1;ReprPC1;0,010910432;0,915530447;0,787078601;97;0,102585622;Axolotl;Ambystoma mexicanum;0,10606542;2;EN1;118850151;0,915530447;hg38
5032;cg19546940;2594;;0;0;EnhA17;-0,010906762;0,915558751;0,787078601;97;0,10258563;Axolotl;Ambystoma mexicanum;-0,106029747;1;RNF220;44536820;0,915558751;hg38
5033;cg04611908;2595;;0;0;HET2;-0,010874162;0,915810221;0,787091327;97;0,102585703;Axolotl;Ambystoma mexicanum;-0,105712804;10;LINC02667;128709687;0,915810221;hg38
5034;cg16818481;;2439;0;0;Tx7;0,010810233;0,916303373;0,787091327;97;0,102585846;Axolotl;Ambystoma mexicanum;0,105091287;12;ATP2B1;89591291;0,916303373;hg38
5035;cg26705452;2596;;0;0;Quies1;-0,010805945;0,916336456;0,787091327;97;0,102585855;Axolotl;Ambystoma mexicanum;-0,105049594;18;MIR4527HG;47511512;0,916336456;hg38
5036;cg23432345;2597;;0;1;BivProm1;-0,010793086;0,916435657;0,787091327;97;0,102585884;Axolotl;Ambystoma mexicanum;-0,104924578;7;HOXA7;27156534;0,916435657;hg38
5037;cg20120100;;2440;0;0;EnhA11;0,010786909;0,916483305;0,787091327;97;0,102585897;Axolotl;Ambystoma mexicanum;0,104864529;5;TBCA;77875364;0,916483305;hg38
5038;cg13463879;2598;;0;0;TxEnh5;-0,010704867;0,917116245;0,787478568;97;0,102586078;Axolotl;Ambystoma mexicanum;-0,104066917;5;MEF2C-AS2;88722282;0,917116245;hg38
5039;cg08201223;2599;;0;0;EnhA18;-0,010640069;0,917616193;0,787739887;97;0,10258622;Axolotl;Ambystoma mexicanum;-0,103436943;7;CADPS2;122328890;0,917616193;hg38
5040;cg20672142;;2441;0;0;BivProm3;0,010618218;0,917784783;0,787739887;97;0,102586268;Axolotl;Ambystoma mexicanum;0,103224515;12;MGST1;16600831;0,917784783;hg38
5041;cg07936137;;2442;0;0;TxEx2;0,010591343;0,917992151;0,78776157;97;0,102586326;Axolotl;Ambystoma mexicanum;0,102963233;11;MARK2;63902659;0,917992151;hg38
5042;cg03164843;2600;;0;0;ReprPC7;-0,010501507;0,918685357;0,788055084;97;0,102586521;Axolotl;Ambystoma mexicanum;-0,10208985;1;EPHB2;22824782;0,918685357;hg38
5043;cg03881351;;2443;0;0;TxEnh5;0,0104998;0,918698535;0,788055084;97;0,102586524;Axolotl;Ambystoma mexicanum;0,102073249;22;ATXN10;45844187;0,918698535;hg38
5044;cg26448677;;2444;0;0;EnhA18;0,010438072;0,919174886;0,788075652;97;0,102586657;Axolotl;Ambystoma mexicanum;0,10147313;17;LHX1-DT;36837803;0,919174886;hg38
5045;cg09829700;;2445;0;0;TSS1;0,010434512;0,919202353;0,788075652;97;0,102586664;Axolotl;Ambystoma mexicanum;0,101438528;18;SPIRE1;12657750;0,919202353;hg38
5046;cg05548785;;2446;0;0;Acet2;0,010405094;0,919429383;0,788075652;97;0,102586727;Axolotl;Ambystoma mexicanum;0,101152525;15;LOC440311;94971016;0,919429383;hg38
5047;cg14443903;;2447;0;0;EnhWk4;0,010393262;0,919520701;0,788075652;97;0,102586753;Axolotl;Ambystoma mexicanum;0,101037488;19;ZNF536;30718448;0,919520701;hg38
5048;cg07493901;;2448;0;0;PromF4;0,010378659;0,919633401;0,788075652;97;0,102586784;Axolotl;Ambystoma mexicanum;0,100895518;17;MED13;62065181;0,919633401;hg38
5049;cg12938618;2601;;0;0;EnhWk6;-0,010324955;0,920047873;0,788166697;97;0,102586898;Axolotl;Ambystoma mexicanum;-0,100373418;14;BCL11B;99199346;0,920047873;hg38
5050;cg08772487;;2449;0;0;Tx7;0,010311178;0,920154208;0,788166697;97;0,102586927;Axolotl;Ambystoma mexicanum;0,100239474;15;RFX7;56093269;0,920154208;hg38
5051;cg18818686;;2450;0;0;TxWk2;0,010294071;0,920286242;0,788166697;97;0,102586963;Axolotl;Ambystoma mexicanum;0,100073163;6;FOXP4;41593521;0,920286242;hg38
5052;cg19553300;;2451;0;0;TxEnh1;0,010234205;0,920748314;0,788228071;97;0,102587089;Axolotl;Ambystoma mexicanum;0,09949115;2;ZEB2;144439611;0,920748314;hg38
5053;cg03275335;2602;;0;1;BivProm4;-0,010223192;0,920833326;0,788228071;97;0,102587112;Axolotl;Ambystoma mexicanum;-0,099384076;9;GAS1;86903143;0,920833326;hg38
5054;cg15512887;2603;;0;0;EnhWk8;-0,010168708;0,921253885;0,788228071;97;0,102587226;Axolotl;Ambystoma mexicanum;-0,098854388;8;VPS13B;99780153;0,921253885;hg38
5055;cg02481736;2604;;0;1;BivProm2;-0,010152981;0,921375284;0,788228071;97;0,102587259;Axolotl;Ambystoma mexicanum;-0,098701492;6;PRDM13;99604209;0,921375284;hg38
5056;cg17888556;2605;;0;0;ReprPC3;-0,010121337;0,921619558;0,788228071;97;0,102587325;Axolotl;Ambystoma mexicanum;-0,09839385;10;HIF1AN;100614116;0,921619558;hg38
5057;cg13061698;;2452;0;0;TxEx1;0,010112535;0,921687504;0,788228071;97;0,102587343;Axolotl;Ambystoma mexicanum;0,09830828;6;SYNCRIP;85614934;0,921687504;hg38
5058;cg23047311;;2453;0;0;EnhA8;0,010082023;0,92192305;0,788228071;97;0,102587406;Axolotl;Ambystoma mexicanum;0,098011641;14;LINC01550;98137670;0,92192305;hg38
5059;cg17011097;2606;;0;0;TxEx2;-0,010019445;0,922406152;0,788228071;97;0,102587535;Axolotl;Ambystoma mexicanum;-0,097403264;1;POU2F1;167398065;0,922406152;hg38
5060;cg16531937;2607;;0;0;Tx6;-0,010009412;0,92248361;0,788228071;97;0,102587556;Axolotl;Ambystoma mexicanum;-0,097305725;1;PTBP2;96806426;0,92248361;hg38
5061;cg17437489;;2454;0;0;EnhA1;0,010007545;0,922498023;0,788228071;97;0,10258756;Axolotl;Ambystoma mexicanum;0,097287575;9;PBX3;125763666;0,922498023;hg38
5062;cg11591224;;2455;0;0;Tx6;0,010004861;0,922518748;0,788228071;97;0,102587565;Axolotl;Ambystoma mexicanum;0,097261477;1;DOCK7;62543701;0,922518748;hg38
5063;cg08330824;;2456;0;0;TSS1;0,01000153;0,922544459;0,788228071;97;0,102587572;Axolotl;Ambystoma mexicanum;0,0972291;2;XPO1;61538278;0,922544459;hg38
5064;cg17483317;;2457;0;0;TxWk2;0,009936722;0,923044821;0,788453783;97;0,102587705;Axolotl;Ambystoma mexicanum;0,096599038;14;SPTB;64804982;0,923044821;hg38
5065;cg07252888;2608;;0;0;TxEnh6;-0,009902932;0,923305708;0,788453783;97;0,102587774;Axolotl;Ambystoma mexicanum;-0,09627054;5;CYFIP2;157309766;0,923305708;hg38
5066;cg15528897;2609;;0;1;ReprPC1;-0,009880408;0,923479623;0,788453783;97;0,102587819;Axolotl;Ambystoma mexicanum;-0,09605156;7;UNCX;1230786;0,923479623;hg38
5067;cg17179933;2610;;0;0;EnhA6;-0,00985374;0,923685531;0,788453783;97;0,102587873;Axolotl;Ambystoma mexicanum;-0,095792302;3;SOX2-OT;181561372;0,923685531;hg38
5068;cg26272345;2611;;0;0;EnhWk4;-0,009830686;0,923863542;0,788453783;97;0,10258792;Axolotl;Ambystoma mexicanum;-0,095568175;8;ZFHX4;76866525;0,923863542;hg38
5069;cg08303653;2612;;0;0;BivProm4;-0,009761149;0,924400502;0,788453783;97;0,10258806;Axolotl;Ambystoma mexicanum;-0,094892137;9;NFIB;14307309;0,924400502;hg38
5070;cg13087967;2613;;0;0;EnhWk5;-0,009751975;0,92447134;0,788453783;97;0,102588078;Axolotl;Ambystoma mexicanum;-0,094802955;5;RANBP17;171202709;0,92447134;hg38
5071;cg15479466;2614;;0;0;ReprPC6;-0,009742927;0,924541215;0,788453783;97;0,102588096;Axolotl;Ambystoma mexicanum;-0,094714985;1;MIR4425;25090092;0,924541215;hg38
5072;cg09351648;2615;;0;0;EnhWk4;-0,009731597;0,924628709;0,788453783;97;0,102588119;Axolotl;Ambystoma mexicanum;-0,094604836;2;LINC01876;155866930;0,924628709;hg38
5073;cg13166871;2616;;0;0;EnhA16;-0,009731263;0,924631285;0,788453783;97;0,102588119;Axolotl;Ambystoma mexicanum;-0,094601592;2;LINC01122;58906425;0,924631285;hg38
5074;cg19977232;;2458;0;0;TxEnh8;0,009652023;0,925243221;0,788505428;97;0,102588277;Axolotl;Ambystoma mexicanum;0,093831233;4;PDGFRA;53459312;0,925243221;hg38
5075;cg26509633;;2459;0;0;EnhWk6;0,009590114;0,925721347;0,788505428;97;0,102588399;Axolotl;Ambystoma mexicanum;0,093229363;14;LINC00618;96965028;0,925721347;hg38
5076;cg15208491;;2460;0;0;EnhA13;0,009555876;0,925985783;0,788505428;97;0,102588467;Axolotl;Ambystoma mexicanum;0,092896504;3;MECOM;169052763;0,925985783;hg38
5077;cg23547813;;2461;0;1;BivProm4;0,009553337;0,926005394;0,788505428;97;0,102588471;Axolotl;Ambystoma mexicanum;0,092871819;19;NFIX;13025463;0,926005394;hg38
5078;cg04317399;2617;;0;1;PromF5;-0,009538463;0,926120275;0,788505428;97;0,102588501;Axolotl;Ambystoma mexicanum;-0,092727216;7;HOXA-AS3;27130694;0,926120275;hg38
5079;cg22400231;2618;;1;1;ReprPC1;-0,00949363;0,926466553;0,788505428;97;0,102588588;Axolotl;Ambystoma mexicanum;-0,09229136;2;EVX2;176075741;0,926466553;hg38
5080;cg01692291;;2462;0;0;Tx7;0,009472974;0,926626103;0,788505428;97;0,102588628;Axolotl;Ambystoma mexicanum;0,092090542;3;U2SURP;143023982;0,926626103;hg38
5081;cg26590628;2619;;0;1;BivProm1;-0,009427565;0,926976852;0,788505428;97;0,102588716;Axolotl;Ambystoma mexicanum;-0,091649085;5;TBCA;77844604;0,926976852;hg38
5082;cg12780058;2620;;0;0;EnhA17;-0,00941349;0,927085575;0,788505428;97;0,102588744;Axolotl;Ambystoma mexicanum;-0,091512247;9;DENND1A;123789431;0,927085575;hg38
5083;cg18953741;2621;;0;0;Tx6;-0,009407371;0,927132836;0,788505428;97;0,102588755;Axolotl;Ambystoma mexicanum;-0,091452767;10;TCF7L2;113145585;0,927132836;hg38
5084;cg13991371;2622;;0;0;Quies1;-0,00939741;0,927209781;0,788505428;97;0,102588775;Axolotl;Ambystoma mexicanum;-0,091355926;12;LMO3;16717023;0,927209781;hg38
5085;cg19405706;;2463;0;0;EnhA1;0,009392494;0,927247759;0,788505428;97;0,102588784;Axolotl;Ambystoma mexicanum;0,09130813;9;S1PR3;89001417;0,927247759;hg38
5086;cg04365202;;2464;0;1;BivProm2;0,009370316;0,927419077;0,788505428;97;0,102588827;Axolotl;Ambystoma mexicanum;0,091092518;1;LHX9;197920118;0,927419077;hg38
5087;cg22838106;;2465;0;1;BivProm4;0,009363511;0,927471642;0,788505428;97;0,10258884;Axolotl;Ambystoma mexicanum;0,091026364;12;HOXC5;53990429;0,927471642;hg38
5088;cg09882658;;2466;0;0;BivProm3;0,009315777;0,927840383;0,788505428;97;0,102588931;Axolotl;Ambystoma mexicanum;0,090562307;14;SIX1;60655179;0,927840383;hg38
5089;cg18275891;2623;;0;0;TxEnh5;-0,009230209;0,928501435;0,788505428;97;0,102589094;Axolotl;Ambystoma mexicanum;-0,089730428;1;SDCCAG8;243415883;0,928501435;hg38
5090;cg16297620;2624;;0;0;TxEx2;-0,009228195;0,928516996;0,788505428;97;0,102589098;Axolotl;Ambystoma mexicanum;-0,089710847;11;FNBP4;47732523;0,928516996;hg38
5091;cg18174316;;2467;0;0;TxEnh8;0,009210625;0,928652734;0,788505428;97;0,102589131;Axolotl;Ambystoma mexicanum;0,08954004;12;CDK2;55971104;0,928652734;hg38
5092;cg03847760;2625;;0;0;EnhA6;-0,009206236;0,928686646;0,788505428;97;0,10258914;Axolotl;Ambystoma mexicanum;-0,089497367;18;WDR7;56861247;0,928686646;hg38
5093;cg05487364;;2468;0;0;Quies3;0,009179748;0,928891289;0,788505428;97;0,10258919;Axolotl;Ambystoma mexicanum;0,089239858;2;GALNT5;157089263;0,928891289;hg38
5094;cg03745994;2626;;0;0;BivProm3;-0,009174016;0,928935578;0,788505428;97;0,1025892;Axolotl;Ambystoma mexicanum;-0,08918413;12;MGST1;16608365;0,928935578;hg38
5095;cg13299972;2627;;0;0;EnhA2;-0,009115238;0,92938971;0,788505428;97;0,102589311;Axolotl;Ambystoma mexicanum;-0,088612706;18;ZNF521;25285339;0,92938971;hg38
5096;cg23536970;2628;;0;0;TxEx3;-0,009089732;0,929586784;0,788505428;97;0,102589358;Axolotl;Ambystoma mexicanum;-0,088364742;12;IKZF4;56035199;0,929586784;hg38
5097;cg03839241;;2469;0;0;TxEnh2;0,00907795;0,929677818;0,788505428;97;0,10258938;Axolotl;Ambystoma mexicanum;0,088250201;15;USP3;63532652;0,929677818;hg38
5098;cg13321925;;2470;0;0;EnhA5;0,00907623;0,929691108;0,788505428;97;0,102589383;Axolotl;Ambystoma mexicanum;0,08823348;17;BCAS3;61126718;0,929691108;hg38
5099;cg19182173;2629;;0;0;TxEnh4;-0,009067014;0,92976232;0,788505428;97;0,102589401;Axolotl;Ambystoma mexicanum;-0,088143881;3;MBNL1;152446686;0,92976232;hg38
5100;cg10876801;;2471;0;0;EnhA1;0,009055324;0,929852651;0,788505428;97;0,102589422;Axolotl;Ambystoma mexicanum;0,088030228;10;TCF7L2;112956804;0,929852651;hg38
5101;cg08664578;2630;;0;0;TxEnh4;-0,009050816;0,929887478;0,788505428;97;0,102589431;Axolotl;Ambystoma mexicanum;-0,087986409;4;C1QTNF7-AS1;15066300;0,929887478;hg38
5102;cg17933425;2631;;0;0;TxEx2;-0,009033381;0,930022202;0,788505428;97;0,102589463;Axolotl;Ambystoma mexicanum;-0,087816904;16;CNOT1;58586709;0,930022202;hg38
5103;cg05839622;2632;;0;0;TxEnh4;-0,009014574;0,930167523;0,788505428;97;0,102589498;Axolotl;Ambystoma mexicanum;-0,087634069;11;KMT2A;118476949;0,930167523;hg38
5104;cg02000659;2633;;0;1;ReprPC1;-0,008984519;0,930399762;0,788505428;97;0,102589553;Axolotl;Ambystoma mexicanum;-0,087341884;7;UNCX;1239391;0,930399762;hg38
5105;cg06603975;2634;;0;1;BivProm2;-0,008968349;0,930524718;0,788505428;97;0,102589583;Axolotl;Ambystoma mexicanum;-0,087184678;2;DLX1;172083960;0,930524718;hg38
5106;cg22926123;2635;;0;0;ReprPC4;-0,008881738;0,931194022;0,788918042;97;0,102589742;Axolotl;Ambystoma mexicanum;-0,086342667;7;YAE1;39498449;0,931194022;hg38
5107;cg03197661;;2472;0;0;TxEx3;0,008796903;0,931849642;0,789181384;97;0,102589896;Axolotl;Ambystoma mexicanum;0,085517929;23;RBM10;47175027;0,931849642;hg38
5108;cg22751608;2636;;0;1;PromF4;-0,008785842;0,931935129;0,789181384;97;0,102589916;Axolotl;Ambystoma mexicanum;-0,085410395;2;EPC2;148645080;0,931935129;hg38
5109;cg22040285;;2473;0;1;ReprPC1;0,0087707;0,932052155;0,789181384;97;0,102589943;Axolotl;Ambystoma mexicanum;0,08526319;7;UNCX;1229321;0,932052155;hg38
5110;cg05124292;2637;;0;0;EnhA6;-0,008727792;0,932383785;0,789270775;97;0,10259002;Axolotl;Ambystoma mexicanum;-0,084846047;3;SLC7A14-AS1;170480312;0,932383785;hg38
5111;cg20889526;2638;;0;0;EnhA19;-0,008706561;0,932547882;0,789270775;97;0,102590058;Axolotl;Ambystoma mexicanum;-0,084639643;9;PTCH1;95496148;0,932547882;hg38
5112;cg10478876;2639;;0;0;PromF4;-0,008674601;0,932794903;0,789270775;97;0,102590115;Axolotl;Ambystoma mexicanum;-0,084328941;11;OSBP;59615342;0,932794903;hg38
5113;cg20715798;2640;;0;0;TxWk2;-0,008662615;0,932887546;0,789270775;97;0,102590136;Axolotl;Ambystoma mexicanum;-0,084212417;11;TENM4;78863068;0,932887546;hg38
5114;cg01328691;;2474;0;0;Acet3;0,008625438;0,933174911;0,789359518;97;0,102590202;Axolotl;Ambystoma mexicanum;0,083850985;1;DAB1;57291065;0,933174911;hg38
5115;cg27593991;2641;;0;0;PromF5;-0,008521259;0,933980199;0,789886244;97;0,102590385;Axolotl;Ambystoma mexicanum;-0,082838195;18;TCF4;55587081;0,933980199;hg38
5116;cg06444388;;2475;0;0;TxWk1;0,008489742;0,934223842;0,789937863;97;0,10259044;Axolotl;Ambystoma mexicanum;0,082531787;3;CACNA1D;53762607;0,934223842;hg38
5117;cg15054697;2642;;0;0;Tx5;-0,008449315;0,934536359;0,790047686;97;0,102590511;Axolotl;Ambystoma mexicanum;-0,082138775;2;BCL11A;60462168;0,934536359;hg38
5118;cg19362114;;2476;0;0;ReprPC5;0,008385629;0,935028713;0,79030947;97;0,102590621;Axolotl;Ambystoma mexicanum;0,081519631;10;BTRC;101322988;0,935028713;hg38
5119;cg20766695;2643;;0;1;BivProm2;-0,0083504;0,935301068;0,790385238;97;0,102590681;Axolotl;Ambystoma mexicanum;-0,081177154;9;PAX5;37026581;0,935301068;hg38
5120;cg04129576;;2477;0;0;TxEnh1;0,008270278;0,935920533;0,790754248;97;0,102590818;Axolotl;Ambystoma mexicanum;0,080398233;9;PBX3;125762722;0,935920533;hg38
5121;cg24280720;;2478;0;0;EnhA16;0,008129735;0,937007237;0,791368613;97;0,102591054;Axolotl;Ambystoma mexicanum;0,079031916;23;GRIA3;123465665;0,937007237;hg38
5122;cg00284078;;2479;0;0;EnhA5;0,008101597;0,937224815;0,791368613;97;0,102591101;Axolotl;Ambystoma mexicanum;0,078758373;2;TEX41;145655043;0,937224815;hg38
5123;cg07241980;;2480;0;0;TxEx1;0,008087765;0,937331774;0,791368613;97;0,102591124;Axolotl;Ambystoma mexicanum;0,078623904;1;ZNF644;90944071;0,937331774;hg38
5124;cg22237674;2644;;0;0;PromF6;-0,008081602;0,937379438;0,791368613;97;0,102591134;Axolotl;Ambystoma mexicanum;-0,078563981;14;EIF5;103335726;0,937379438;hg38
5125;cg13509434;;2481;0;0;Quies2;0,007999287;0,938015987;0,791751492;97;0,10259127;Axolotl;Ambystoma mexicanum;0,077763744;6;GRIK2;101924652;0,938015987;hg38
5126;cg08943377;;2482;0;0;TxWk1;0,00794271;0,938453521;0,791856116;97;0,102591363;Axolotl;Ambystoma mexicanum;0,077213728;15;SEMA6D;47760352;0,938453521;hg38
5127;cg07776022;;2483;0;0;EnhA5;0,007889534;0,938864777;0,791856116;97;0,102591449;Axolotl;Ambystoma mexicanum;0,076696766;18;ZNF521;25287482;0,938864777;hg38
5128;cg06202504;;2484;0;0;Quies1;0,007861923;0,939078324;0,791856116;97;0,102591494;Axolotl;Ambystoma mexicanum;0,07642834;14;NRXN3;78808674;0,939078324;hg38
5129;cg18377384;;2485;0;0;Tx2;0,007860106;0,939092376;0,791856116;97;0,102591497;Axolotl;Ambystoma mexicanum;0,076410676;2;PSMD14;161382309;0,939092376;hg38
5130;cg08695077;2645;;0;0;PromF5;-0,007843395;0,939221621;0,791856116;97;0,102591524;Axolotl;Ambystoma mexicanum;-0,076248219;2;LOC101929512;161238653;0,939221621;hg38
5131;cg04245317;2646;;0;0;Tx8;-0,007841245;0,939238249;0,791856116;97;0,102591527;Axolotl;Ambystoma mexicanum;-0,076227318;7;GLCCI1;8084992;0,939238249;hg38
5132;cg14858768;2647;;0;0;PromF3;-0,007812428;0,939461128;0,791889687;97;0,102591573;Axolotl;Ambystoma mexicanum;-0,075947171;5;ADAMTS6;65480447;0,939461128;hg38
5133;cg03930257;2648;;0;0;EnhWk8;-0,007698448;0,940342728;0,79217858;97;0,102591755;Axolotl;Ambystoma mexicanum;-0,074839105;5;LOC101927023;112234705;0,940342728;hg38
5134;cg23867746;;2486;0;1;BivProm1;0,007654289;0,940684305;0,79217858;97;0,102591824;Axolotl;Ambystoma mexicanum;0,074409808;7;DYNC1I1;96076104;0,940684305;hg38
5135;cg16433344;2649;;0;0;ReprPC6;-0,007651724;0,940704149;0,79217858;97;0,102591828;Axolotl;Ambystoma mexicanum;-0,074384868;12;PRMT8;3569504;0,940704149;hg38
5136;cg26589958;2650;;0;0;BivProm4;-0,007622776;0,940928072;0,79217858;97;0,102591874;Axolotl;Ambystoma mexicanum;-0,074103448;3;MECOM;169242628;0,940928072;hg38
5137;cg03273505;2651;;0;0;Tx8;-0,007561316;0,9414035;0,79217858;97;0,102591969;Axolotl;Ambystoma mexicanum;-0,073505962;2;ZEB2;144500269;0,9414035;hg38
5138;cg23177112;2652;;0;1;ReprPC1;-0,007506442;0,941828007;0,79217858;97;0,102592054;Axolotl;Ambystoma mexicanum;-0,072972493;2;DLX1;172093853;0,941828007;hg38
5139;cg24706083;2653;;0;0;TxWk1;-0,007477605;0,942051088;0,79217858;97;0,102592098;Axolotl;Ambystoma mexicanum;-0,072692159;17;USP32;60219702;0,942051088;hg38
5140;cg11674963;2654;;0;0;Tx8;-0,007465828;0,942142205;0,79217858;97;0,102592117;Axolotl;Ambystoma mexicanum;-0,07257766;23;POLA1;24842709;0,942142205;hg38
5141;cg11040495;;2487;0;0;Tx6;0,007425814;0,942451764;0,79217858;97;0,102592178;Axolotl;Ambystoma mexicanum;0,072188667;1;DOCK7;62543713;0,942451764;hg38
5142;cg10153335;;2488;0;1;TSS2;0,007402144;0,942634891;0,79217858;97;0,102592214;Axolotl;Ambystoma mexicanum;0,071958554;17;HOXB5;48593931;0,942634891;hg38
5143;cg24092893;2655;;0;0;BivProm3;-0,007393686;0,942700327;0,79217858;97;0,102592227;Axolotl;Ambystoma mexicanum;-0,071876331;1;LINC00466;63200008;0,942700327;hg38
5144;cg21050524;2656;;0;0;EnhWk8;-0,007356186;0,942990454;0,79217858;97;0,102592283;Axolotl;Ambystoma mexicanum;-0,071511774;23;POLA1;24898539;0,942990454;hg38
5145;cg13055846;2657;;0;1;BivProm2;-0,007352022;0,943022674;0,79217858;97;0,10259229;Axolotl;Ambystoma mexicanum;-0,071471289;6;PRDM13;99602797;0,943022674;hg38
5146;cg12767263;;2489;0;1;BivProm2;0,007292843;0,943480549;0,79217858;97;0,102592378;Axolotl;Ambystoma mexicanum;0,070895972;12;HOXC12;53954970;0,943480549;hg38
5147;cg10455019;2658;;0;0;TxWk1;-0,007280758;0,943574053;0,79217858;97;0,102592397;Axolotl;Ambystoma mexicanum;-0,070778488;8;PLAG1;56168196;0,943574053;hg38
5148;cg23567910;2659;;0;1;BivProm2;-0,007256771;0,943759648;0,79217858;97;0,102592432;Axolotl;Ambystoma mexicanum;-0,070545297;19;ZNF536;30224550;0,943759648;hg38
5149;cg13457709;2660;;0;0;TxWk1;-0,007249549;0,943815526;0,79217858;97;0,102592443;Axolotl;Ambystoma mexicanum;-0,07047509;23;ARHGEF9;63638093;0,943815526;hg38
5150;cg21525047;2661;;0;0;ReprPC7;-0,007239859;0,943890503;0,79217858;97;0,102592457;Axolotl;Ambystoma mexicanum;-0,070380888;7;POU6F2;39464378;0,943890503;hg38
5151;cg10861326;2662;;0;1;BivProm4;-0,007231997;0,943951334;0,79217858;97;0,102592469;Axolotl;Ambystoma mexicanum;-0,070304458;17;HOXB3;48555543;0,943951334;hg38
5152;cg17894145;;2490;0;0;Quies4;0,007226601;0,943993087;0,79217858;97;0,102592477;Axolotl;Ambystoma mexicanum;0,070251999;13;RBM26;79269249;0,943993087;hg38
5153;cg03425039;;2491;0;0;PromF1;0,00720403;0,944167734;0,79217858;97;0,102592511;Axolotl;Ambystoma mexicanum;0,070032572;1;UTP11;38029371;0,944167734;hg38
5154;cg08492177;;2492;0;0;EnhWk4;0,007203463;0,944172121;0,79217858;97;0,102592511;Axolotl;Ambystoma mexicanum;0,070027061;3;TBC1D5;17567587;0,944172121;hg38
5155;cg18725352;;2493;0;0;TxWk1;0,007190541;0,944272106;0,79217858;97;0,102592531;Axolotl;Ambystoma mexicanum;0,069901441;1;MAGI3;113682240;0,944272106;hg38
5156;cg25242595;2663;;0;0;BivProm3;-0,007159964;0,944508706;0,79217858;97;0,102592576;Axolotl;Ambystoma mexicanum;-0,069604185;14;PAPOLA;96614677;0,944508706;hg38
5157;cg26718996;;2494;0;1;BivProm1;0,007109185;0,944901637;0,79217858;97;0,10259265;Axolotl;Ambystoma mexicanum;0,069110532;7;TMEM178B;141074661;0,944901637;hg38
5158;cg24987599;2664;;0;0;EnhWk8;-0,007100742;0,944966973;0,79217858;97;0,102592662;Axolotl;Ambystoma mexicanum;-0,069028451;23;POLA1;24898299;0,944966973;hg38
5159;cg04888180;;2495;0;0;Tx6;0,007052534;0,94534002;0,79217858;97;0,102592732;Axolotl;Ambystoma mexicanum;0,068559798;12;ATP2B1;89604252;0,94534002;hg38
5160;cg22302289;;2496;0;0;ReprPC7;0,007046542;0,945386387;0,79217858;97;0,102592741;Axolotl;Ambystoma mexicanum;0,068501549;10;EBF3;129854809;0,945386387;hg38
5161;cg15444277;2665;;0;0;ReprPC2;-0,007035026;0,945475508;0,79217858;97;0,102592757;Axolotl;Ambystoma mexicanum;-0,068389591;17;MRM1;36705452;0,945475508;hg38
5162;cg16270526;;2497;0;1;BivProm1;0,007024334;0,945558245;0,79217858;97;0,102592773;Axolotl;Ambystoma mexicanum;0,068285653;5;ISL1;51389864;0,945558245;hg38
5163;cg05219494;2666;;0;1;ReprPC1;-0,006993571;0,945796311;0,79217858;97;0,102592817;Axolotl;Ambystoma mexicanum;-0,067986588;2;DLX1;172094010;0,945796311;hg38
5164;cg05001302;2667;;0;1;BivProm1;-0,006964032;0,946024911;0,79217858;97;0,102592859;Axolotl;Ambystoma mexicanum;-0,06769942;12;HOXC4;54053936;0,946024911;hg38
5165;cg10589081;2668;;0;0;TxEx1;-0,006942425;0,94619212;0,79217858;97;0,10259289;Axolotl;Ambystoma mexicanum;-0,067489375;4;ANKRD17;73161234;0,94619212;hg38
5166;cg10974737;2669;;0;0;PromF6;-0,006903526;0,946493164;0,79217858;97;0,102592946;Axolotl;Ambystoma mexicanum;-0,067111217;20;RBM39;35740503;0,946493164;hg38
5167;cg04954408;2670;;0;0;EnhA6;-0,006890717;0,946592297;0,79217858;97;0,102592964;Axolotl;Ambystoma mexicanum;-0,066986692;18;ZNF521;25187787;0,946592297;hg38
5168;cg21948411;2671;;0;0;BivProm3;-0,006861654;0,946817231;0,79217858;97;0,102593005;Axolotl;Ambystoma mexicanum;-0,066704149;10;PAX2;100656646;0,946817231;hg38
5169;cg13364157;;2498;0;0;TxEx3;0,006859149;0,946836615;0,79217858;97;0,102593008;Axolotl;Ambystoma mexicanum;0,066679801;15;PRC1-AS1;90969493;0,946836615;hg38
5170;cg11067405;;2499;0;0;BivProm3;0,006856798;0,946854813;0,79217858;97;0,102593012;Axolotl;Ambystoma mexicanum;0,066656943;14;PAPOLA;96614647;0,946854813;hg38
5171;cg04976865;;2500;0;0;TxEnh4;0,006845044;0,94694578;0,79217858;97;0,102593028;Axolotl;Ambystoma mexicanum;0,066542679;1;NIT1;161122335;0,94694578;hg38
5172;cg15719056;2672;;0;0;EnhA20;-0,006805089;0,947255018;0,792190983;97;0,102593084;Axolotl;Ambystoma mexicanum;-0,066154252;11;CLPB;72369854;0,947255018;hg38
5173;cg06419952;;2501;0;0;Tx6;0,006779404;0,947453814;0,792190983;97;0,10259312;Axolotl;Ambystoma mexicanum;0,065904555;23;MED14;40682901;0,947453814;hg38
5174;cg25653550;2673;;0;0;Tx3;-0,006741744;0,947745295;0,792190983;97;0,102593172;Axolotl;Ambystoma mexicanum;-0,065538449;10;GRK5;119326530;0,947745295;hg38
5175;cg25991548;;2502;0;0;EnhA6;0,006739996;0,947758822;0,792190983;97;0,102593174;Axolotl;Ambystoma mexicanum;0,065521457;8;ZFPM2;105143689;0,947758822;hg38
5176;cg13411623;2674;;0;0;TxEx1;-0,006711978;0,947975687;0,792190983;97;0,102593213;Axolotl;Ambystoma mexicanum;-0,065249076;15;CLK3;74622213;0,947975687;hg38
5177;cg24358591;;2503;0;0;Acet1;0,006694756;0,948108986;0,792190983;97;0,102593237;Axolotl;Ambystoma mexicanum;0,065081656;3;ATP2B2;10372023;0,948108986;hg38
5178;cg12390411;;2504;0;0;TxEnh4;0,006639877;0,948533769;0,792190983;97;0,102593312;Axolotl;Ambystoma mexicanum;0,064548149;12;DYRK2;67658258;0,948533769;hg38
5179;cg20379577;2675;;0;0;TxEx2;-0,006616925;0,94871143;0,792190983;97;0,102593343;Axolotl;Ambystoma mexicanum;-0,064325022;17;MED13;61946535;0,94871143;hg38
5180;cg14254904;;2505;0;0;Tx3;0,006598437;0,948854542;0,792190983;97;0,102593368;Axolotl;Ambystoma mexicanum;0,064145287;19;TSHZ3;31337119;0,948854542;hg38
5181;cg21487207;;2506;0;1;BivProm4;0,006591057;0,948911666;0,792190983;97;0,102593378;Axolotl;Ambystoma mexicanum;0,064073546;12;HOXC5;54016792;0,948911666;hg38
5182;cg07288873;2676;;0;0;EnhA17;-0,006553638;0,949201322;0,792190983;97;0,102593429;Axolotl;Ambystoma mexicanum;-0,063709774;9;TLE4;79651739;0,949201322;hg38
5183;cg04456854;2677;;0;0;Tx5;-0,006533829;0,949354667;0,792190983;97;0,102593455;Axolotl;Ambystoma mexicanum;-0,063517196;2;BAZ2B;159386588;0,949354667;hg38
5184;cg25331358;;2507;0;0;Quies1;0,00651973;0,949463804;0,792190983;97;0,102593474;Axolotl;Ambystoma mexicanum;0,063380136;2;NRXN1;50055026;0,949463804;hg38
5185;cg14880855;2678;;0;0;ReprPC2;-0,0065119;0,949524414;0,792190983;97;0,102593485;Axolotl;Ambystoma mexicanum;-0,06330402;1;CASZ1;10864125;0,949524414;hg38
5186;cg23110632;2679;;0;0;EnhWk3;-0,00638132;0,950535286;0,792881438;97;0,102593657;Axolotl;Ambystoma mexicanum;-0,06203459;7;AUTS2;70098410;0,950535286;hg38
5187;cg03617050;;2508;0;0;TxWk1;0,006342134;0,950838655;0,792954256;97;0,102593708;Axolotl;Ambystoma mexicanum;0,061653645;3;CACNA1D;53762604;0,950838655;hg38
5188;cg12144888;2680;;0;0;EnhA18;-0,00632269;0,950989194;0,792954256;97;0,102593734;Axolotl;Ambystoma mexicanum;-0,061464615;14;LINC00618;97025948;0,950989194;hg38
5189;cg20277230;2681;;0;0;ReprPC6;-0,006298531;0,951176229;0,792957365;97;0,102593765;Axolotl;Ambystoma mexicanum;-0,06122976;11;IGSF9B;133918283;0,951176229;hg38
5190;cg23712728;2682;;0;0;ReprPC5;-0,006274556;0,951361848;0,792959293;97;0,102593796;Axolotl;Ambystoma mexicanum;-0,060996687;7;UNCX;1269055;0,951361848;hg38
5191;cg01468418;2683;;0;0;Quies3;-0,006225983;0,951737919;0,793119931;97;0,102593858;Axolotl;Ambystoma mexicanum;-0,06052448;16;LINC02168;50815285;0,951737919;hg38
5192;cg19497322;2684;;0;0;TxEx2;-0,006185129;0,952054227;0,793230713;97;0,10259391;Axolotl;Ambystoma mexicanum;-0,060127326;22;TNRC6B;40281250;0,952054227;hg38
5193;cg18874836;2685;;0;0;Quies3;-0,0061189;0,952567023;0,793505132;97;0,102593994;Axolotl;Ambystoma mexicanum;-0,05948348;15;TRPM1;31030982;0,952567023;hg38
5194;cg05992809;2686;;0;0;EnhA1;-0,006079995;0,952868267;0,793603251;97;0,102594043;Axolotl;Ambystoma mexicanum;-0,059105263;11;TEAD1;12864739;0,952868267;hg38
5195;cg18775299;2687;;0;0;HET2;-0,006025275;0,953291973;0,793803307;97;0,102594111;Axolotl;Ambystoma mexicanum;-0,058573306;13;LINC00354;111977206;0,953291973;hg38
5196;cg03566885;2688;;0;0;TxEnh4;-0,005876281;0,954445725;0,794464806;97;0,102594292;Axolotl;Ambystoma mexicanum;-0,05712487;9;SPTAN1;128629135;0,954445725;hg38
5197;cg03151903;;2509;0;0;Tx1;0,00585736;0,954592248;0,794464806;97;0,102594315;Axolotl;Ambystoma mexicanum;0,056940932;2;HAT1;171964372;0,954592248;hg38
5198;cg27092966;2689;;0;0;EnhWk8;-0,005851537;0,954637342;0,794464806;97;0,102594322;Axolotl;Ambystoma mexicanum;-0,056884323;5;AP3B1;78211217;0,954637342;hg38
5199;cg09722747;2690;;0;0;EnhA6;-0,005805237;0,954995894;0,7944971;97;0,102594378;Axolotl;Ambystoma mexicanum;-0,056434224;19;ZNF536;30341309;0,954995894;hg38
5200;cg15428926;2691;;0;0;EnhWk3;-0,005799093;0,955043472;0,7944971;97;0,102594385;Axolotl;Ambystoma mexicanum;-0,056374499;9;BNC2;16449263;0,955043472;hg38
5201;cg04680480;;2510;0;1;BivProm1;0,005717647;0,955674228;0,794741986;97;0,102594481;Axolotl;Ambystoma mexicanum;0,055582723;8;MAFA;143429571;0,955674228;hg38
5202;cg25402449;;2511;0;0;Quies1;0,005677552;0,955984749;0,794741986;97;0,102594528;Axolotl;Ambystoma mexicanum;0,055192945;2;LRP1B;140269288;0,955984749;hg38
5203;cg02979539;;2512;0;0;EnhA17;0,005650643;0,956193151;0,794741986;97;0,102594559;Axolotl;Ambystoma mexicanum;0,054931356;8;RUNX1T1;92273118;0,956193151;hg38
5204;cg04601228;;2513;0;0;EnhA2;0,005649486;0,956202114;0,794741986;97;0,102594561;Axolotl;Ambystoma mexicanum;0,054920106;7;AUTS2;70631043;0,956202114;hg38
5205;cg23234941;2692;;0;0;ReprPC9;-0,005629641;0,956355817;0,794741986;97;0,102594584;Axolotl;Ambystoma mexicanum;-0,054727178;13;DACH1;71682470;0,956355817;hg38
5206;cg15283949;;2514;0;0;TxEnh5;0,005618751;0,956440155;0,794741986;97;0,102594596;Axolotl;Ambystoma mexicanum;0,054621318;9;DENND1A;123422821;0,956440155;hg38
5207;cg04105396;2693;;0;0;EnhWk4;-0,005555476;0,956930229;0,794818134;97;0,102594669;Axolotl;Ambystoma mexicanum;-0,054006194;11;SOX6;16290968;0,956930229;hg38
5208;cg22612014;2694;;0;0;EnhA6;-0,005517919;0,957221121;0,794818134;97;0,102594711;Axolotl;Ambystoma mexicanum;-0,053641087;19;ZNF536;30402155;0,957221121;hg38
5209;cg09387107;;2515;0;0;TxEnh3;0,005513719;0,957253654;0,794818134;97;0,102594716;Axolotl;Ambystoma mexicanum;0,053600254;15;NPTN;73597204;0,957253654;hg38
5210;cg05204259;;2516;0;0;EnhA19;0,005512029;0,957266742;0,794818134;97;0,102594718;Axolotl;Ambystoma mexicanum;0,053583827;7;LINC02860;26658259;0,957266742;hg38
5211;cg12236455;2695;;0;0;EnhA17;-0,005473316;0,957566595;0,794874484;97;0,102594762;Axolotl;Ambystoma mexicanum;-0,053207481;1;SDCCAG8;243476183;0,957566595;hg38
5212;cg01950392;2696;;0;0;TxEnh5;-0,00545582;0,957702108;0,794874484;97;0,102594781;Axolotl;Ambystoma mexicanum;-0,053037401;9;DENND1A;123422825;0,957702108;hg38
5213;cg26011419;;2517;0;0;EnhA6;0,0053914;0,958201095;0,795111976;97;0,102594853;Axolotl;Ambystoma mexicanum;0,052411144;8;ZFPM2;105143683;0,958201095;hg38
5214;cg05972494;2697;;0;0;EnhA17;-0,00537142;0,958355859;0,795111976;97;0,102594875;Axolotl;Ambystoma mexicanum;-0,052216911;21;HLCS;36888151;0,958355859;hg38
5215;cg03278971;2698;;0;0;DNase1;-0,005316547;0,958780909;0,795312091;97;0,102594935;Axolotl;Ambystoma mexicanum;-0,051683469;23;EDA;70033536;0,958780909;hg38
5216;cg09216733;;2518;0;0;TxEnh8;0,005264187;0,9591865;0,795378939;97;0,102594992;Axolotl;Ambystoma mexicanum;0,051174463;17;TANC2;63354879;0,9591865;hg38
5217;cg15353998;2699;;0;0;Tx1;-0,005258671;0,95922923;0,795378939;97;0,102594998;Axolotl;Ambystoma mexicanum;-0,05112084;1;PRRC2C;171512085;0,95922923;hg38
5218;cg03625494;;2519;0;0;EnhWk4;0,005176742;0,959863905;0,795694237;97;0,102595086;Axolotl;Ambystoma mexicanum;0,050324369;19;ZNF536;30741727;0,959863905;hg38
5219;cg01090774;;2520;0;0;Quies2;0,00513966;0,960151164;0,795694237;97;0,102595125;Axolotl;Ambystoma mexicanum;0,049963889;16;RBFOX1;7710682;0,960151164;hg38
5220;cg14703363;2700;;0;0;EnhA2;-0,005138352;0,960161297;0,795694237;97;0,102595126;Axolotl;Ambystoma mexicanum;-0,049951174;13;DACH1;71525243;0,960161297;hg38
5221;cg24005685;;2521;0;1;ReprPC1;0,005038253;0,960936772;0,796089941;97;0,102595231;Axolotl;Ambystoma mexicanum;0,048978071;4;PITX2;110628724;0,960936772;hg38
5222;cg10727440;2701;;0;0;HET9;-0,005001919;0,961218263;0,796089941;97;0,102595268;Axolotl;Ambystoma mexicanum;-0,048624853;16;ZNF267;31982082;0,961218263;hg38
5223;cg00117839;2702;;0;0;EnhA2;-0,004984274;0,961354968;0,796089941;97;0,102595286;Axolotl;Ambystoma mexicanum;-0,048453317;3;ROBO1;78765830;0,961354968;hg38
5224;cg07863286;;2522;0;0;EnhA20;0,004959367;0,961547934;0,796089941;97;0,102595312;Axolotl;Ambystoma mexicanum;0,048211188;18;KLHL14;32698557;0,961547934;hg38
5225;cg23867085;;2523;0;0;TxWk1;0,004957946;0,961558943;0,796089941;97;0,102595313;Axolotl;Ambystoma mexicanum;0,048197374;6;FOXP4;41593734;0,961558943;hg38
5226;cg14079717;;2524;0;0;ReprPC4;0,004896989;0,962031211;0,796212913;97;0,102595375;Axolotl;Ambystoma mexicanum;0,047604795;5;PRDM6;123159591;0,962031211;hg38
5227;cg17014614;;2525;0;0;EnhA17;0,004891031;0,962077372;0,796212913;97;0,102595381;Axolotl;Ambystoma mexicanum;0,047546874;16;TOX3;52467173;0,962077372;hg38
5228;cg14009779;;2526;0;0;ReprPC4;0,004826766;0,96257529;0,796212913;97;0,102595445;Axolotl;Ambystoma mexicanum;0,046922131;10;GPR26;123451020;0,96257529;hg38
5229;cg10227148;2703;;0;0;BivProm3;-0,004811899;0,962690479;0,796212913;97;0,10259546;Axolotl;Ambystoma mexicanum;-0,046777604;6;ADGRB3;69233341;0,962690479;hg38
5230;cg15330117;2704;;0;1;BivProm1;-0,004800485;0,962778914;0,796212913;97;0,102595471;Axolotl;Ambystoma mexicanum;-0,046666646;10;GATA3;8054706;0,962778914;hg38
5231;cg00116289;2705;;0;0;TxEx1;-0,004725325;0,96336127;0,796212913;97;0,102595544;Axolotl;Ambystoma mexicanum;-0,045935989;5;ZFR;32380137;0,96336127;hg38
5232;cg14272076;2706;;0;0;HET2;-0,004708459;0,963491954;0,796212913;97;0,102595561;Axolotl;Ambystoma mexicanum;-0,045772028;3;CASR;122284402;0,963491954;hg38
5233;cg13993270;2707;;0;0;BivProm1;-0,004700799;0,963551304;0,796212913;97;0,102595568;Axolotl;Ambystoma mexicanum;-0,045697566;1;LINC01763;90851912;0,963551304;hg38
5234;cg25493231;2708;;0;0;Tx6;-0,004690307;0,963632605;0,796212913;97;0,102595578;Axolotl;Ambystoma mexicanum;-0,045595564;2;CIR1;174351694;0,963632605;hg38
5235;cg21886546;;2527;0;0;TxEx2;0,004685151;0,963672558;0,796212913;97;0,102595583;Axolotl;Ambystoma mexicanum;0,045545439;11;PPFIA1;70330242;0,963672558;hg38
5236;cg05762667;2709;;0;0;Quies1;-0,0046467;0,963970497;0,796212913;97;0,10259562;Axolotl;Ambystoma mexicanum;-0,045171642;2;LINC01876;155803147;0,963970497;hg38
5237;cg26307512;2710;;0;0;TxEnh5;-0,004646041;0,963975597;0,796212913;97;0,102595621;Axolotl;Ambystoma mexicanum;-0,045165244;9;RFX3;3262957;0,963975597;hg38
5238;cg23156254;2711;;0;0;EnhWk4;-0,004629956;0,96410024;0,796212913;97;0,102595636;Axolotl;Ambystoma mexicanum;-0,045008869;18;ZNF521;25068945;0,96410024;hg38
5239;cg19790367;2712;;0;0;BivProm3;-0,004544728;0,964760647;0,796422036;97;0,102595716;Axolotl;Ambystoma mexicanum;-0,044180347;1;LHX9;197929047;0,964760647;hg38
5240;cg11499678;;2528;1;0;PromF4;0,004511249;0,965020082;0,796422036;97;0,102595747;Axolotl;Ambystoma mexicanum;0,043854879;2;KLF7;207165517;0,965020082;hg38
5241;cg16641813;;2529;0;0;TxEx3;0,004507138;0,965051933;0,796422036;97;0,102595751;Axolotl;Ambystoma mexicanum;0,043814921;5;RAPGEF6;131710612;0,965051933;hg38
5242;cg26806175;2713;;0;0;TxEx1;-0,004498809;0,965116476;0,796422036;97;0,102595759;Axolotl;Ambystoma mexicanum;-0,043733951;16;CNOT1;58599350;0,965116476;hg38
5243;cg26228774;;2530;0;0;Quies1;0,004478482;0,965273994;0,796422036;97;0,102595777;Axolotl;Ambystoma mexicanum;0,043536344;2;NRXN1;50054961;0,965273994;hg38
5244;cg15944174;2714;;0;0;TSS2;-0,004452696;0,965473816;0,796434999;97;0,102595801;Axolotl;Ambystoma mexicanum;-0,043285668;17;KPNA2;68019897;0,965473816;hg38
5245;cg03062698;;2531;0;0;PromF2;0,004327629;0,966443016;0,796979261;97;0,102595914;Axolotl;Ambystoma mexicanum;0,042069849;2;ZEB2;144452596;0,966443016;hg38
5246;cg00282490;2715;;0;0;TxEnh2;-0,004287916;0,966750772;0,796979261;97;0,102595949;Axolotl;Ambystoma mexicanum;-0,041683796;9;MAPKAP1;125633969;0,966750772;hg38
5247;cg15168457;;2532;0;0;TxEx3;0,00426836;0,96690233;0,796979261;97;0,102595966;Axolotl;Ambystoma mexicanum;0,041493681;12;ATXN2;111516347;0,96690233;hg38
5248;cg01369215;2716;;0;0;TxEnh4;-0,004241491;0,96711056;0,796979261;97;0,102595989;Axolotl;Ambystoma mexicanum;-0,041232481;15;IQGAP1;90482100;0,96711056;hg38
5249;cg18527971;;2533;0;0;EnhA18;0,004222434;0,967258254;0,796979261;97;0,102596006;Axolotl;Ambystoma mexicanum;0,041047217;2;LINC01117;176746055;0,967258254;hg38
5250;cg23844872;2717;;0;1;PromF5;-0,004218943;0,967285305;0,796979261;97;0,102596009;Axolotl;Ambystoma mexicanum;-0,041013285;4;CXXC4;104490817;0,967285305;hg38
5251;cg12934154;;2534;0;0;TxEx2;0,004201144;0,967423246;0,796979261;97;0,102596024;Axolotl;Ambystoma mexicanum;0,040840257;1;HIPK1;113963476;0,967423246;hg38
5252;cg01933423;;2535;0;0;TxEx1;0,00414471;0,96786062;0,797118622;97;0,102596073;Axolotl;Ambystoma mexicanum;0,040291638;14;PPP2R5E;63539596;0,96786062;hg38
5253;cg21799207;2718;;0;0;TxEnh8;-0,004131765;0,967960947;0,797118622;97;0,102596084;Axolotl;Ambystoma mexicanum;-0,040165795;9;MAPKAP1;125545983;0,967960947;hg38
5254;cg25231972;2719;;1;1;TSS2;-0,004075688;0,96839556;0,797324742;97;0,102596131;Axolotl;Ambystoma mexicanum;-0,039620655;10;ZEB1-AS1;31319207;0,96839556;hg38
5255;cg18023545;2720;;0;0;ReprPC4;-0,00402923;0,968755627;0,797383573;97;0,10259617;Axolotl;Ambystoma mexicanum;-0,039169027;1;PROX1;214067167;0,968755627;hg38
5256;cg13165311;2721;;0;0;Acet3;-0,004018902;0,968835673;0,797383573;97;0,102596178;Axolotl;Ambystoma mexicanum;-0,039068629;11;GRIA4;105971907;0,968835673;hg38
5257;cg12174936;2722;;0;0;TxEnh8;-0,003910058;0,969679296;0,79792609;97;0,102596267;Axolotl;Ambystoma mexicanum;-0,038010518;1;PHC2;33334128;0,969679296;hg38
5258;cg20546446;2723;;0;0;BivProm2;-0,003885989;0,969865849;0,797927816;97;0,102596286;Axolotl;Ambystoma mexicanum;-0,037776541;13;SLITRK1;83881462;0,969865849;hg38
5259;cg02358291;;2536;0;0;TxEx2;0,00379547;0,97056747;0,798173349;97;0,102596357;Axolotl;Ambystoma mexicanum;0,036896575;2;MTIF2;55254055;0,97056747;hg38
5260;cg11485089;;2537;0;0;EnhA6;0,003779403;0,970692007;0,798173349;97;0,10259637;Axolotl;Ambystoma mexicanum;0,036740386;18;MIR4527;47594763;0,970692007;hg38
5261;cg27251994;;2538;0;0;TxEx2;0,003776072;0,970717825;0,798173349;97;0,102596372;Axolotl;Ambystoma mexicanum;0,036708006;20;ASXL1;32433819;0,970717825;hg38
5262;cg06121619;2724;;0;0;EnhA6;-0,003696521;0,971334457;0,798528592;97;0,102596433;Axolotl;Ambystoma mexicanum;-0,035934663;11;ELP4;31764449;0,971334457;hg38
5263;cg14372254;2725;;0;0;EnhA17;-0,003642026;0,971756876;0,798639719;97;0,102596474;Axolotl;Ambystoma mexicanum;-0,035404902;23;POLA1;24877147;0,971756876;hg38
5264;cg03760813;2726;;0;0;EnhWk3;-0,003626679;0,971875838;0,798639719;97;0,102596486;Axolotl;Ambystoma mexicanum;-0,035255713;19;THEG5;31718264;0,971875838;hg38
5265;cg10614259;2727;;0;0;ReprPC6;-0,003607631;0,972023492;0,798639719;97;0,1025965;Axolotl;Ambystoma mexicanum;-0,03507054;10;HIF1AN;100628259;0,972023492;hg38
5266;cg15101414;;2539;0;0;Tx5;0,003517134;0,972725005;0,798778619;97;0,102596566;Axolotl;Ambystoma mexicanum;0,034190797;17;RHOT1;32224648;0,972725005;hg38
5267;cg15743846;;2540;0;0;BivProm4;0,003516793;0,972727649;0,798778619;97;0,102596566;Axolotl;Ambystoma mexicanum;0,034187481;18;TSHZ1;75213838;0,972727649;hg38
5268;cg26329250;;2541;0;0;BivProm4;0,003498276;0,972871191;0,798778619;97;0,10259658;Axolotl;Ambystoma mexicanum;0,034007474;2;MEIS1;66442932;0,972871191;hg38
5269;cg24580106;;2542;0;0;TSS1;0,003490541;0,972931154;0,798778619;97;0,102596585;Axolotl;Ambystoma mexicanum;0,033932278;2;XPO1;61538345;0,972931154;hg38
5270;cg04695476;;2543;0;0;TxEx3;0,003459419;0,973172414;0,798825085;97;0,102596607;Axolotl;Ambystoma mexicanum;0,033629731;12;HECTD4;112250225;0,973172414;hg38
5271;cg11082332;;2544;0;0;EnhWk4;0,003347953;0,974036519;0,799023317;97;0,102596685;Axolotl;Ambystoma mexicanum;0,032546142;1;LINC01364;87356944;0,974036519;hg38
5272;cg23760002;;2545;0;0;ReprPC4;0,003340314;0,974095736;0,799023317;97;0,10259669;Axolotl;Ambystoma mexicanum;0,032471886;1;USH2A;215963832;0,974095736;hg38
5273;cg09755662;;2546;0;0;TxEnh4;0,00330262;0,974387962;0,799023317;97;0,102596716;Axolotl;Ambystoma mexicanum;0,032105444;5;NDST1;150521740;0,974387962;hg38
5274;cg15190612;;2547;0;0;Tx6;0,00327791;0,974579521;0,799023317;97;0,102596733;Axolotl;Ambystoma mexicanum;0,031865237;14;PPP2R5E;63396613;0,974579521;hg38
5275;cg16178942;;2548;0;0;TxEx2;0,003267524;0,974660041;0,799023317;97;0,10259674;Axolotl;Ambystoma mexicanum;0,03176427;13;ARHGEF7;111292210;0,974660041;hg38
5276;cg23167070;;2549;0;0;Tx6;0,003246816;0,974820582;0,799023317;97;0,102596754;Axolotl;Ambystoma mexicanum;0,03156296;4;FRYL;48567295;0,974820582;hg38
5277;cg15933701;2728;;0;0;ReprPC9;-0,003240253;0,97487146;0,799023317;97;0,102596758;Axolotl;Ambystoma mexicanum;-0,031499163;9;DMRTA1;22357329;0,97487146;hg38
5278;cg23452206;;2550;0;0;EnhA12;0,003237658;0,97489158;0,799023317;97;0,10259676;Axolotl;Ambystoma mexicanum;0,031473934;2;GTDC1;144004927;0,97489158;hg38
5279;cg21308727;2729;;0;0;ReprPC6;-0,003209643;0,975108772;0,799049936;97;0,102596778;Axolotl;Ambystoma mexicanum;-0,03120159;15;ACAN;88868274;0,975108772;hg38
5280;cg24439128;;2551;0;0;EnhWk2;0,00317645;0,975366101;0,799109428;97;0,1025968;Axolotl;Ambystoma mexicanum;0,030878921;16;ZNF423;49586542;0,975366101;hg38
5281;cg16111936;;2552;0;1;BivProm1;0,003143858;0,975618785;0,799165093;97;0,102596821;Axolotl;Ambystoma mexicanum;0,030562079;5;OTP;77645392;0,975618785;hg38
5282;cg24026327;2730;;0;0;EnhA1;-0,003043209;0,976399104;0,799374565;97;0,102596885;Axolotl;Ambystoma mexicanum;-0,029583652;6;LINC02523;125611954;0,976399104;hg38
5283;cg01523865;;2553;0;0;BivProm2;0,003039998;0,976424002;0,799374565;97;0,102596887;Axolotl;Ambystoma mexicanum;0,029552432;23;ZIC3;137569020;0,976424002;hg38
5284;cg25602724;;2554;0;0;ReprPC3;0,003013998;0,976625583;0,799374565;97;0,102596903;Axolotl;Ambystoma mexicanum;0,029299679;10;DRGX;49389907;0,976625583;hg38
5285;cg03483643;2731;;0;0;TxEx2;-0,003005897;0,976688389;0,799374565;97;0,102596908;Axolotl;Ambystoma mexicanum;-0,02922093;10;LCOR;96955478;0,976688389;hg38
5286;cg18611872;;2555;0;0;TSS2;0,002991701;0,976798456;0,799374565;97;0,102596917;Axolotl;Ambystoma mexicanum;0,029082923;11;PHF21A;46121841;0,976798456;hg38
5287;cg13672945;2732;;0;0;TxEx2;-0,002934161;0,977244574;0,799496604;97;0,102596952;Axolotl;Ambystoma mexicanum;-0,028523565;16;SRCAP;30733755;0,977244574;hg38
5288;cg20059946;2733;;0;0;TxEx1;-0,002924791;0,977317218;0,799496604;97;0,102596958;Axolotl;Ambystoma mexicanum;-0,028432481;19;ILF3;10678689;0,977317218;hg38
5289;cg11272860;;2556;0;1;BivProm4;0,002874127;0,97771004;0,79966673;97;0,102596988;Axolotl;Ambystoma mexicanum;0,027939957;1;PBX1;164320886;0,97771004;hg38
5290;cg24727294;;2557;0;0;Quies3;0,00276524;0,978554289;0,799947661;97;0,102597051;Axolotl;Ambystoma mexicanum;0,02688145;13;DACH1;72197580;0,978554289;hg38
5291;cg11791324;;2558;0;0;ReprPC2;0,002739938;0,978750475;0,799947661;97;0,102597065;Axolotl;Ambystoma mexicanum;0,026635479;7;GPR85;113083679;0,978750475;hg38
5292;cg25403836;;2559;0;0;Tx1;0,002717591;0,978923746;0,799947661;97;0,102597077;Axolotl;Ambystoma mexicanum;0,02641824;2;OLA1;174142446;0,978923746;hg38
5293;cg21820842;;2560;0;1;BivProm1;0,002712957;0,978959678;0,799947661;97;0,10259708;Axolotl;Ambystoma mexicanum;0,026373189;12;HOXC4;54053961;0,978959678;hg38
5294;cg12469092;2734;;0;0;ReprPC6;-0,002710577;0,978978131;0,799947661;97;0,102597081;Axolotl;Ambystoma mexicanum;-0,026350055;5;TBCA;77875162;0,978978131;hg38
5295;cg07537139;2735;;0;0;Acet1;-0,002665365;0,979328695;0,800000444;97;0,102597106;Axolotl;Ambystoma mexicanum;-0,025910537;9;BRINP1;119208842;0,979328695;hg38
5296;cg07852201;;2561;0;0;TxEx1;0,002654545;0,979412595;0,800000444;97;0,102597112;Axolotl;Ambystoma mexicanum;0,02580535;2;AMMECR1L;127871321;0,979412595;hg38
5297;cg13300299;2736;;0;0;TxEnh3;-0,002606435;0,97978563;0,800154059;97;0,102597138;Axolotl;Ambystoma mexicanum;-0,025337666;4;HNRNPD;82359523;0,97978563;hg38
5298;cg01592346;;2562;0;0;EnhA17;0,002535477;0,980335839;0,800257003;97;0,102597176;Axolotl;Ambystoma mexicanum;0,024647866;5;NR2F1-AS1;93407230;0,980335839;hg38
5299;cg10886038;2737;;0;0;EnhWk4;-0,002530615;0,980373536;0,800257003;97;0,102597178;Axolotl;Ambystoma mexicanum;-0,024600606;2;PABPC1P2;146315795;0,980373536;hg38
5300;cg16253950;2738;;0;0;Quies3;-0,002498587;0,980621889;0,800257003;97;0,102597195;Axolotl;Ambystoma mexicanum;-0,024289248;9;MAPKAP1;125669892;0,980621889;hg38
5301;cg05577345;;2563;0;0;PromF5;0,002444156;0,981043955;0,800257003;97;0,102597222;Axolotl;Ambystoma mexicanum;0,023760115;2;THORLNC;118309942;0,981043955;hg38
5302;cg08714699;;2564;0;0;TxWk2;0,002426761;0,981178842;0,800257003;97;0,102597231;Axolotl;Ambystoma mexicanum;0,023591012;10;LDB3;86699309;0,981178842;hg38
5303;cg21846632;2739;;0;0;PromF4;-0,00242403;0,981200016;0,800257003;97;0,102597232;Axolotl;Ambystoma mexicanum;-0,023564466;6;QKI;163415262;0,981200016;hg38
5304;cg20604162;;2565;0;1;ReprPC1;0,00240526;0,981345564;0,800257003;97;0,102597242;Axolotl;Ambystoma mexicanum;0,023381999;7;UNCX;1239388;0,981345564;hg38
5305;cg25661986;2740;;0;0;EnhA2;-0,002399319;0,981391635;0,800257003;97;0,102597245;Axolotl;Ambystoma mexicanum;-0,023324242;8;TRPS1;115419831;0,981391635;hg38
5306;cg02354041;;2566;0;0;TxEnh1;0,002338257;0,981865128;0,80049221;97;0,102597274;Axolotl;Ambystoma mexicanum;0,022730649;9;PBX3;125762660;0,981865128;hg38
5307;cg02126096;;2567;0;0;EnhA13;0,002213236;0,982834605;0,800807641;97;0,102597333;Axolotl;Ambystoma mexicanum;0,021515292;3;LINC01206;182105124;0,982834605;hg38
5308;cg01700051;;2568;0;0;PromF2;0,002212965;0,982836708;0,800807641;97;0,102597333;Axolotl;Ambystoma mexicanum;0,021512655;3;FOXP1;71542622;0,982836708;hg38
5309;cg13889775;2741;;0;0;EnhA2;-0,002166593;0,983196307;0,800807641;97;0,102597354;Axolotl;Ambystoma mexicanum;-0,021061863;11;ZBTB16;114229231;0,983196307;hg38
5310;cg26973693;2742;;0;1;ReprPC1;-0,002157807;0,983264443;0,800807641;97;0,102597357;Axolotl;Ambystoma mexicanum;-0,020976448;7;UNCX;1232388;0,983264443;hg38
5311;cg23998570;;2569;1;1;ReprPC1;0,002149161;0,983331488;0,800807641;97;0,102597361;Axolotl;Ambystoma mexicanum;0,020892401;2;EVX2;176075839;0,983331488;hg38
5312;cg18891224;;2570;0;0;ReprPC4;0,002145129;0,983362754;0,800807641;97;0,102597363;Axolotl;Ambystoma mexicanum;0,020853207;1;USH2A;215889936;0,983362754;hg38
5313;cg22691636;;2571;0;0;TxEx1;0,002073244;0,983920206;0,80083508;97;0,102597394;Axolotl;Ambystoma mexicanum;0,020154398;8;YTHDF3;63209915;0,983920206;hg38
5314;cg10158574;2743;;0;0;BivProm4;-0,002056574;0,984049478;0,80083508;97;0,102597401;Axolotl;Ambystoma mexicanum;-0,019992346;10;BTRC;101486312;0,984049478;hg38
5315;cg02581097;;2572;0;1;BivProm2;0,00195848;0,984810194;0,80083508;97;0,102597442;Axolotl;Ambystoma mexicanum;0,019038749;2;HOXD-AS2;176123684;0,984810194;hg38
5316;cg05265270;;2573;0;0;ReprPC5;0,001953213;0,984851033;0,80083508;97;0,102597444;Axolotl;Ambystoma mexicanum;0,018987555;10;PAX2;100808277;0,984851033;hg38
5317;cg00523349;2744;;0;0;HET2;-0,001936293;0,984982248;0,80083508;97;0,102597451;Axolotl;Ambystoma mexicanum;-0,018823072;10;MGMT;129366838;0,984982248;hg38
5318;cg07092263;;2574;0;0;TxEx3;0,00190601;0,985217096;0,80083508;97;0,102597462;Axolotl;Ambystoma mexicanum;0,018528682;15;TJP1;29704185;0,985217096;hg38
5319;cg14144054;;2575;0;0;TxEnh5;0,001874764;0,985459416;0,80083508;97;0,102597475;Axolotl;Ambystoma mexicanum;0,018224928;2;SLC8A1-AS1;40115392;0,985459416;hg38
5320;cg02075352;2745;;0;0;EnhWk5;-0,001859328;0,985579124;0,80083508;97;0,102597481;Axolotl;Ambystoma mexicanum;-0,018074872;11;WT1;32392019;0,985579124;hg38
5321;cg17793776;2746;;0;1;BivProm1;-0,001855042;0,985612362;0,80083508;97;0,102597482;Axolotl;Ambystoma mexicanum;-0,018033207;5;TBCA;77844557;0,985612362;hg38
5322;cg12205654;2747;;0;1;ReprPC1;-0,001818403;0,985896502;0,80083508;97;0,102597496;Axolotl;Ambystoma mexicanum;-0,017677034;7;SP8;20793689;0,985896502;hg38
5323;cg04630359;2748;;0;0;TxEnh4;-0,001785723;0,986149945;0,80083508;97;0,102597508;Axolotl;Ambystoma mexicanum;-0,017359342;1;AGO4;35850863;0,986149945;hg38
5324;cg02897291;2749;;0;0;EnhA17;-0,001780785;0,986188235;0,80083508;97;0,10259751;Axolotl;Ambystoma mexicanum;-0,017311344;1;CASZ1;10734578;0,986188235;hg38
5325;cg10817504;;2576;0;0;TxEx1;0,001766375;0,986299986;0,80083508;97;0,102597515;Axolotl;Ambystoma mexicanum;0,017171265;7;CALU;128754409;0,986299986;hg38
5326;cg01449601;2750;;0;0;TxEx3;-0,001738984;0,986512416;0,80083508;97;0,102597525;Axolotl;Ambystoma mexicanum;-0,016904985;16;ZFHX3;72959205;0,986512416;hg38
5327;cg14032896;2751;;0;0;Tx6;-0,001727098;0,986604591;0,80083508;97;0,102597529;Axolotl;Ambystoma mexicanum;-0,016789445;1;FAF1;50565521;0,986604591;hg38
5328;cg01236822;;2577;0;0;TxEnh7;0,001707944;0,986753141;0,80083508;97;0,102597536;Axolotl;Ambystoma mexicanum;0,016603238;1;AHDC1;27589786;0,986753141;hg38
5329;cg18327385;;2578;0;0;TxEx1;0,001686751;0,986917495;0,80083508;97;0,102597543;Axolotl;Ambystoma mexicanum;0,016397223;1;PUM1;31005918;0,986917495;hg38
5330;cg10355276;;2579;0;0;EnhWk8;0,001650279;0,987200354;0,80083508;97;0,102597556;Axolotl;Ambystoma mexicanum;0,016042665;23;POLA1;24990735;0,987200354;hg38
5331;cg03844863;2752;;0;0;EnhWk2;-0,001646355;0,987230781;0,80083508;97;0,102597557;Axolotl;Ambystoma mexicanum;-0,016004526;5;PDZD2;31983207;0,987230781;hg38
5332;cg27655494;;2580;0;0;Quies2;0,001645604;0,98723661;0,80083508;97;0,102597557;Axolotl;Ambystoma mexicanum;0,015997219;1;RGS7;240868818;0,98723661;hg38
5333;cg02123319;2753;;0;0;TxWk1;-0,001620072;0,987434619;0,80083508;97;0,102597566;Axolotl;Ambystoma mexicanum;-0,01574902;1;ASTN1;176868868;0,987434619;hg38
5334;cg27484097;2754;;0;0;Tx3;-0,001598641;0,987600824;0,80083508;97;0,102597573;Axolotl;Ambystoma mexicanum;-0,015540688;8;PTK2;140890634;0,987600824;hg38
5335;cg05141473;;2581;0;0;EnhA1;0,001591736;0,987654378;0,80083508;97;0,102597575;Axolotl;Ambystoma mexicanum;0,01547356;10;CELF2;11329024;0,987654378;hg38
5336;cg02374131;;2582;0;0;TxEx1;0,001551793;0,987964155;0,800853207;97;0,102597588;Axolotl;Ambystoma mexicanum;0,015085267;21;U2AF1L5;6493037;0,987964155;hg38
5337;cg09168055;;2583;0;1;BivProm2;0,001541112;0,988046996;0,800853207;97;0,102597592;Axolotl;Ambystoma mexicanum;0,01498143;10;PAX2;100655442;0,988046996;hg38
5338;cg11252518;2755;;0;0;Tx6;-0,001453675;0,988725117;0,801024602;97;0,102597618;Axolotl;Ambystoma mexicanum;-0,014131441;12;C2CD5;22493322;0,988725117;hg38
5339;cg26075628;2756;;0;0;TxEx1;-0,001442476;0,988811973;0,801024602;97;0,102597622;Axolotl;Ambystoma mexicanum;-0,014022572;1;PTBP2;96806333;0,988811973;hg38
5340;cg21538469;;2584;0;0;EnhA18;0,001396976;0,989164857;0,801024602;97;0,102597635;Axolotl;Ambystoma mexicanum;0,013580256;8;RIMS2;103652663;0,989164857;hg38
5341;cg01939220;;2585;0;0;TxWk2;0,001395789;0,989174062;0,801024602;97;0,102597635;Axolotl;Ambystoma mexicanum;0,013568718;3;MAGI1;65359064;0,989174062;hg38
5342;cg06249235;;2586;0;0;TxEx3;0,001394467;0,989184309;0,801024602;97;0,102597636;Axolotl;Ambystoma mexicanum;0,013555873;17;RHOT1;32211123;0,989184309;hg38
5343;cg18161408;;2587;0;0;ReprPC3;0,001251917;0,990289896;0,8017698;97;0,102597674;Axolotl;Ambystoma mexicanum;0,012170111;1;LINC01739;62999195;0,990289896;hg38
5344;cg06283343;;2588;0;0;EnhWk7;0,001170081;0,990924599;0,802133547;97;0,102597695;Axolotl;Ambystoma mexicanum;0,011374574;18;KLHL14;32868648;0,990924599;hg38
5345;cg12776790;2757;;0;0;Acet3;-0,001115516;0,991347801;0,802282099;97;0,102597708;Axolotl;Ambystoma mexicanum;-0,010844135;11;GRIA4;105971956;0,991347801;hg38
5346;cg07379873;;2589;0;0;Tx7;0,001078617;0,991633993;0,802282099;97;0,102597716;Axolotl;Ambystoma mexicanum;0,010485427;1;SRSF11;70231868;0,991633993;hg38
5347;cg01340118;2758;;0;0;EnhA18;-0,001074683;0,9916645;0,802282099;97;0,102597717;Axolotl;Ambystoma mexicanum;-0,01044719;9;BNC2;16803830;0,9916645;hg38
5348;cg08502797;;2590;0;0;BivProm1;0,000968205;0,992490346;0,802633644;97;0,102597739;Axolotl;Ambystoma mexicanum;0,009412095;1;ESRRG;216723251;0,992490346;hg38
5349;cg09885336;;2591;0;0;ReprPC6;0,000963932;0,992523487;0,802633644;97;0,10259774;Axolotl;Ambystoma mexicanum;0,009370557;7;LOC101927870;103482942;0,992523487;hg38
5350;cg21406820;;2592;0;0;Quies3;0,000926311;0,992815274;0,802633644;97;0,102597747;Axolotl;Ambystoma mexicanum;0,00900484;5;ARRDC3;92023251;0,992815274;hg38
5351;cg09019938.1;;2593;0;0;PromF5;0,000899697;0,993021699;0,802633644;97;0,102597752;Axolotl;Ambystoma mexicanum;0,008746114;10;PRKG1;51074738;0,993021699;hg38
5352;cg14235386;2759;;0;0;ReprPC6;-0,000874667;0,993215835;0,802633644;97;0,102597757;Axolotl;Ambystoma mexicanum;-0,008502792;14;ESRRB;76462601;0,993215835;hg38
5353;cg15043910;2760;;0;0;TxEx3;-0,000863456;0,993302783;0,802633644;97;0,102597759;Axolotl;Ambystoma mexicanum;-0,008393815;20;KIF16B;16504499;0,993302783;hg38
5354;cg12545961;2761;;0;0;PromF6;-0,000849102;0,99341412;0,802633644;97;0,102597761;Axolotl;Ambystoma mexicanum;-0,00825427;6;SOX4;21598127;0,99341412;hg38
5355;cg09071556;;2594;0;0;Quies3;0,000823097;0,993615811;0,802633644;97;0,102597766;Axolotl;Ambystoma mexicanum;0,008001479;10;PRKG1-AS1;52297457;0,993615811;hg38
5356;cg20586522;2762;;0;0;Acet5;-0,000803358;0,993768917;0,802633644;97;0,102597769;Axolotl;Ambystoma mexicanum;-0,007809583;5;NR2F1-AS1;93280001;0,993768917;hg38
5357;cg02877097;2763;;0;0;TxEx1;-0,000771669;0,994014698;0,802672718;97;0,102597774;Axolotl;Ambystoma mexicanum;-0,007501534;1;YTHDF2;28743543;0,994014698;hg38
5358;cg16602661;2764;;0;1;BivProm2;-0,000702895;0,994548122;0,802672718;97;0,102597785;Axolotl;Ambystoma mexicanum;-0,006832969;16;IRX5;54938729;0,994548122;hg38
5359;cg13940770;2765;;0;0;BivProm1;-0,000692583;0,994628106;0,802672718;97;0,102597786;Axolotl;Ambystoma mexicanum;-0,006732722;5;PPP2R2B;146878023;0,994628106;hg38
5360;cg22332421;;2595;0;0;EnhA6;0,000677171;0,994747643;0,802672718;97;0,102597788;Axolotl;Ambystoma mexicanum;0,0065829;8;LOC102724710;92475900;0,994747643;hg38
5361;cg08805206;;2596;0;0;TxEnh1;0,000672362;0,994784939;0,802672718;97;0,102597789;Axolotl;Ambystoma mexicanum;0,006536157;17;AATF;36978992;0,994784939;hg38
5362;cg12997253;2766;;0;1;BivProm2;-0,000483722;0,996248086;0,802672718;97;0,102597811;Axolotl;Ambystoma mexicanum;-0,004702345;2;HOXD10;176119091;0,996248086;hg38
5363;cg15647640;;2597;0;0;EnhWk8;0,000474121;0,996322549;0,802672718;97;0,102597812;Axolotl;Ambystoma mexicanum;0,004609017;2;ARHGAP15;143347644;0,996322549;hg38
5364;cg15061481;;2598;0;0;TxWk2;0,000470423;0,996351232;0,802672718;97;0,102597813;Axolotl;Ambystoma mexicanum;0,004573068;11;NRXN2;64626527;0,996351232;hg38
5365;cg19169532;2767;;0;0;EnhA18;-0,000455331;0,996468295;0,802672718;97;0,102597814;Axolotl;Ambystoma mexicanum;-0,00442635;18;CCDC178;32937898;0,996468295;hg38
5366;cg08079261;;2599;0;0;Acet3;0,000454045;0,996478267;0,802672718;97;0,102597814;Axolotl;Ambystoma mexicanum;0,004413852;3;RSRC1;158308281;0,996478267;hg38
5367;cg13978957;;2600;0;0;TSS2;0,000447737;0,99652719;0,802672718;97;0,102597815;Axolotl;Ambystoma mexicanum;0,004352536;2;BCL11A;60553260;0,99652719;hg38
5368;cg06116392;;2601;0;0;EnhA7;0,000446724;0,99653505;0,802672718;97;0,102597815;Axolotl;Ambystoma mexicanum;0,004342684;1;RNF220;44473291;0,99653505;hg38
5369;cg15030317;;2602;0;0;Acet3;0,000422085;0,996726154;0,802672718;97;0,102597817;Axolotl;Ambystoma mexicanum;0,004103168;3;RSRC1;158234032;0,996726154;hg38
5370;cg25408698;2768;;0;0;ReprPC5;-0,000414171;0,996787538;0,802672718;97;0,102597818;Axolotl;Ambystoma mexicanum;-0,004026235;17;RBFOX3;79103211;0,996787538;hg38
5371;cg00877778;;2603;0;0;ReprPC5;0,000405195;0,99685716;0,802672718;97;0,102597818;Axolotl;Ambystoma mexicanum;0,003938975;4;FAM53A;1568109;0,99685716;hg38
5372;cg16767192;;2604;0;0;TxWk2;0,000372419;0,997111387;0,802672718;97;0,102597821;Axolotl;Ambystoma mexicanum;0,003620347;2;SLC4A5;74232566;0,997111387;hg38
5373;cg02797566;;2605;0;1;BivProm2;0,000369283;0,997135707;0,802672718;97;0,102597821;Axolotl;Ambystoma mexicanum;0,003589866;18;ONECUT2;57436920;0,997135707;hg38
5374;cg21535076;;2606;0;0;Acet2;0,00035591;0,997239433;0,802672718;97;0,102597822;Axolotl;Ambystoma mexicanum;0,003459865;13;LINC00331;79034528;0,997239433;hg38
5375;cg10710448;2769;;0;1;BivProm1;-0,000333657;0,997412036;0,802672718;97;0,102597824;Axolotl;Ambystoma mexicanum;-0,003243538;3;LOC440982;147410944;0,997412036;hg38
5376;cg01655437;;2607;0;0;Tx5;0,000318662;0,997528338;0,802672718;97;0,102597825;Axolotl;Ambystoma mexicanum;0,003097774;23;AMMECR1;110198629;0,997528338;hg38
5377;cg17413263;;2608;0;0;EnhA15;0,000231461;0,998204705;0,802781207;97;0,10259783;Axolotl;Ambystoma mexicanum;0,002250071;14;OTX2-AS1;56952853;0,998204705;hg38
5378;cg12480541;2770;;0;0;Acet6;-0,000228067;0,998231024;0,802781207;97;0,10259783;Axolotl;Ambystoma mexicanum;-0,002217085;17;TANC2;63354825;0,998231024;hg38
5379;cg16106100;2771;;0;0;TxEx1;-0,000222375;0,99827518;0,802781207;97;0,10259783;Axolotl;Ambystoma mexicanum;-0,002161743;5;BRD9;886763;0,99827518;hg38
5380;cg05536251;2772;;0;0;Tx7;-0,000205576;0,998405473;0,802781207;97;0,102597831;Axolotl;Ambystoma mexicanum;-0,001998445;5;MAP3K1;56865862;0,998405473;hg38
5381;cg15167520;;2609;0;0;TxEx2;0,000134213;0,998958994;0,802926084;97;0,102597833;Axolotl;Ambystoma mexicanum;0,001304708;1;ZMYM4;35419597;0,998958994;hg38
5382;cg13932426;;2610;0;0;Acet5;0,000123596;0,999041342;0,802926084;97;0,102597834;Axolotl;Ambystoma mexicanum;0,0012015;1;ESRRG;216533934;0,999041342;hg38
5383;cg01332968;2773;;0;0;Quies3;-0,000110556;0,999142487;0,802926084;97;0,102597834;Axolotl;Ambystoma mexicanum;-0,001074734;2;NRXN1;50528739;0,999142487;hg38
5384;cg14674903;2774;;0;0;EnhA17;-6,96948E-05;0,999459421;0,802931826;97;0,102597835;Axolotl;Ambystoma mexicanum;-0,000677515;2;CAMKMT;44706966;0,999459421;hg38
5385;cg26870711;;2611;0;0;Tx6;6,17743E-05;0,999520855;0,802931826;97;0,102597835;Axolotl;Ambystoma mexicanum;0,000600519;6;SRPK1;35870442;0,999520855;hg38
5386;cg09364634;;2612;0;0;EnhWk4;8,83801E-06;0,999931449;0,803112524;97;0,102597835;Axolotl;Ambystoma mexicanum;8,59159E-05;18;ZNF521;25176130;0,999931449;hg38
